ticker,company_name,sector,ceo_name,appointment_date,resignation_date,tenure_years,photo_path,photo_acquired,github_uploaded,source,notes
1301,極洋,水産・農林業,極洋,,（現在）,,photos_1/1301_極洋/current/photo_01.jpg,✓,✓,current,
1301,極洋,水産・農林業,二村雄三,,2004-06-29,,photos_1/1301_極洋/history/01_二村雄三/photo_01.jpg,✓,✓,history,
1301,極洋,水産・農林業,福井清計,2004-06-29,2011-04-01,6.75,photos_1/1301_極洋/history/02_福井清計/photo_01.jpg,✓,✓,history,
1301,極洋,水産・農林業,多田久樹,2011-04-01,2016-06-24,5.23,photos_1/1301_極洋/history/03_多田久樹/photo_01.jpg,✓,✓,history,
1301,極洋,水産・農林業,今井賢司,2016-06-24,2018-06-26,2.0,photos_1/1301_極洋/history/04_今井賢司/photo_01.jpg,✓,✓,history,
1301,極洋,水産・農林業,井上誠,2018-06-26,,,photos_1/1301_極洋/history/05_井上誠/photo_01.jpg,✓,✓,history,
1332,ニッスイ,水産・農林業,"氏名
地位",,（現在）,,photos_1/1332_ニッスイ/current/photo_01.jpg,✓,✓,current,
1332,ニッスイ,水産・農林業,垣添直也,1999-06-29,2012-06-01,12.93,photos_1/1332_ニッスイ/history/01_垣添直也/photo_01.jpg,✓,✓,history,
1332,ニッスイ,水産・農林業,細見典男,2012-06-01,2017-06-28,5.07,photos_1/1332_ニッスイ/history/02_細見典男/photo_01.jpg,✓,✓,history,
1332,ニッスイ,水産・農林業,大木伸介,2017-06-28,2018-03-15,0.71,photos_1/1332_ニッスイ/history/03_大木伸介/photo_01.jpg,✓,✓,history,
1332,ニッスイ,水産・農林業,的埜明世,2018-03-15,2021-06-25,3.28,photos_1/1332_ニッスイ/history/04_的埜明世/photo_01.jpg,✓,✓,history,
1332,ニッスイ,水産・農林業,浜田晋吾,2021-06-25,2025-05-14,3.89,photos_1/1332_ニッスイ/history/05_浜田晋吾/photo_01.jpg,✓,✓,history,
1332,ニッスイ,水産・農林業,田中輝,2025-05-14,,,photos_1/1332_ニッスイ/history/06_田中輝/photo_01.jpg,✓,✓,history,
1333,マルハニチロ,水産・農林業,,,,,,,,missing,要調査
1375,ユキグニファクトリー,水産・農林業,体制,,（現在）,,photos_1/1375_ユキグニファクトリー/current/photo_01.jpg,✓,✓,current,
1376,カネコ種苗,水産・農林業,,,,,,,,missing,要調査
1377,サカタのタネ,水産・農林業,会長 坂田,2025年8月,（現在）,,photos_1/1377_サカタのタネ/current/photo_01.jpg,✓,✓,current,
1377,サカタのタネ,水産・農林業,高橋英夫,1999-01-01,2007-01-01,8.0,photos_1/1377_サカタのタネ/history/01_高橋英夫/photo_01.jpg,✓,✓,history,
1377,サカタのタネ,水産・農林業,坂田宏,2007-01-01,2025-01-01,18.0,photos_1/1377_サカタのタネ/history/02_坂田宏/photo_01.jpg,✓,✓,history,
1377,サカタのタネ,水産・農林業,加々美勉,2025-01-01,,,photos_1/1377_サカタのタネ/history/03_加々美勉/photo_01.jpg,✓,✓,history,
1379,ホクト,水産・農林業,食品包装,,（現在）,,photos_1/1379_ホクト/current/photo_01.jpg,✓,✓,current,
1380,秋川牧園,水産・農林業,,,,,,,,missing,要調査
1381,アクシーズ,水産・農林業,,,,,,,,missing,要調査
1382,ホーブ,水産・農林業,,,,,,,,missing,要調査
1383,ベルグアース,水産・農林業,,,,,,,,missing,要調査
1384,ホクリヨウ,水産・農林業,,,,,,,,missing,要調査
1401,エムビーエス,建設業,,,,,,,,missing,要調査
1407,ウエストホールディングス,建設業,,,,,,,,missing,要調査
1414,ショーボンドホールディングス,建設業,,,,,,,,missing,要調査
1417,ミライト・ワン,建設業,日本語,2025年12月,（現在）,,photos_1/1417_ミライト・ワン/current/photo_01.jpg,✓,✓,current,
1418,インターライフホールディングス,建設業,,,,,,,,missing,要調査
1419,タマホーム,建設業,"家
保証",2025年5月,（現在）,,,,,current,
1420,サンヨーホームズ,建設業,,,,,,,,missing,要調査
1429,日本アクア,建設業,中村文隆,2004年11月,（現在）,,photos_1/1429_日本アクア/current/photo_01.jpg,✓,✓,current,
1430,ファーストコーポレーション,建設業,,,,,,,,missing,要調査
1431,Lib　Work,建設業,,,,,,,,missing,要調査
1433,ベステラ,建設業,,,,,,,,missing,要調査
1434,JESCOホールディングス,建設業,,,,,,,,missing,要調査
1435,robot　home,不動産業,古木 大咲,,,,photos_1/1435_robot_home/history/01_古木_大咲/photo_01.jpg,✓,✓,history,
1436,グリーンエナジー&カンパニー,建設業,,,,,,,,missing,要調査
1438,岐阜造園,建設業,,,,,,,,missing,要調査
1443,技研ホールディングス,建設業,神子柴 寿昭,,,,photos_1/1443_技研ホールディングス/history/01_神子柴_寿昭/photo_01.jpg,✓,✓,history,
1443,技研ホールディングス,建設業,三部 敏宏,,,,photos_1/1443_技研ホールディングス/history/02_三部_敏宏/photo_01.jpg,✓,✓,history,
1443,技研ホールディングス,建設業,倉石 誠司,,,,photos_1/1443_技研ホールディングス/history/03_倉石_誠司/photo_01.jpg,✓,✓,history,
1443,技研ホールディングス,建設業,竹内 弘平,,,,,,,history,
1443,技研ホールディングス,建設業,鈴木 麻子,,,,photos_1/1443_技研ホールディングス/history/05_鈴木_麻子/photo_01.jpg,✓,✓,history,
1443,技研ホールディングス,建設業,貝原 典也,,,,photos_1/1443_技研ホールディングス/history/06_貝原_典也/photo_01.jpg,✓,✓,history,
1444,ニッソウ,建設業,台市　神奈川,,,,photos_1/1444_ニッソウ/history/01_台市_神奈川/photo_01.jpg,✓,✓,history,
1446,キャンディル,建設業,林 晃生,,（現在）,,photos_1/1446_キャンディル/current/photo_01.jpg,✓,✓,current,
1447,SAAFホールディングス,建設業,奈田 直幸,,（現在）,,photos_1/1447_SAAFホールディングス/current/photo_01.jpg,✓,✓,current,
1450,TANAKEN,建設業,,,,,,,,missing,要調査
1491,中外鉱業,非鉄金属,,,,,,,,missing,要調査
1514,住石ホールディングス,鉱業,"役会
取締",,（現在）,,photos_1/1514_住石ホールディングス/current/photo_01.jpg,✓,✓,current,
1514,住石ホールディングス,鉱業,長森　省輔,,,,photos_1/1514_住石ホールディングス/history/01_長森_省輔/photo_01.jpg,✓,✓,history,
1515,日鉄鉱業,鉱業,小山　博司,2014年頃,,,photos_1/1515_日鉄鉱業/history/01_小山_博司/photo_01.jpg,✓,✓,history,
1518,三井松島ホールディングス,その他製品,社会,,（現在）,,photos_1/1518_三井松島ホールディングス/current/photo_01.jpg,✓,✓,current,
1605,INPEX,鉱業,上田,,（現在）,,photos_1/1605_INPEX/current/photo_01.jpg,✓,✓,current,
1662,石油資源開発,鉱業,,,,,,,,missing,要調査
1663,K&Oエナジーグループ,鉱業,未来,,（現在）,,photos_1/1663_K&Oエナジーグループ/current/photo_01.jpg,✓,,current,
1711,SDSホールディングス,建設業,渡辺 悠介,2020年10月,（現在）,,photos_1/1711_SDSホールディングス/current/photo_01.jpg,✓,✓,current,
1712,ダイセキ環境ソリューション,建設業,,,,,,,,missing,要調査
1716,第一カッター興業,建設業,,,,,,,,missing,要調査
1717,明豊ファシリティワークス,サービス業,,,,,,,,missing,要調査
1718,美樹工業,建設業,,,,,,,,missing,要調査
1719,安藤・間,建設業,国谷一彦,,（現在）,,,,,current,
1720,東急建設,建設業,寺田　光宏,,（現在）,,photos_1/1720_東急建設/current/photo_01.jpg,✓,✓,current,
1720,東急建設,建設業,竹田政智,,,,photos_1/1720_東急建設/history/01_竹田政智/photo_01.jpg,✓,✓,history,
1720,東急建設,建設業,市原求,,,,photos_1/1720_東急建設/history/02_市原求/photo_01.jpg,✓,✓,history,
1720,東急建設,建設業,矢野恒太,,,,photos_1/1720_東急建設/history/03_矢野恒太/photo_01.jpg,✓,✓,history,
1720,東急建設,建設業,五島慶太,,,,photos_1/1720_東急建設/history/04_五島慶太/photo_01.jpg,✓,✓,history,
1720,東急建設,建設業,篠原三千郎,,,,photos_1/1720_東急建設/history/05_篠原三千郎/photo_01.jpg,✓,✓,history,
1720,東急建設,建設業,平山孝,,,,photos_1/1720_東急建設/history/06_平山孝/photo_01.jpg,✓,✓,history,
1721,コムシスホールディングス,建設業,田辺　博,,（現在）,,photos_1/1721_コムシスホールディングス/current/photo_01.jpg,✓,✓,current,
1723,日本電技,建設業,"体制
当社",,（現在）,,photos_1/1723_日本電技/current/photo_01.jpg,✓,✓,current,
1724,シンクレイヤ,建設業,,,,,,,,missing,要調査
1726,ビーアールホールディングス,建設業,,,,,,,,missing,要調査
1736,オーテック,建設業,,,,,,,,missing,要調査
1758,太洋基礎工業,建設業,,,,,,,,missing,要調査
1762,高松コンストラクショングループ,建設業,髙松 浩孝,,（現在）,,photos_1/1762_高松コンストラクショングループ/current/photo_01.jpg,✓,✓,current,
1762,高松コンストラクショングループ,建設業,高松 孝之,2013年3月31日,,,photos_1/1762_高松コンストラクショングループ/history/01_高松_孝之/photo_01.jpg,✓,✓,history,
1764,工藤建設,建設業,会長　工藤,,（現在）,,photos_1/1764_工藤建設/current/photo_01.jpg,✓,✓,current,
1764,工藤建設,建設業,逮捕　服役中,2021年8月24日,2023年1月26日,,photos_1/1764_工藤建設/history/01_逮捕_服役中/photo_01.jpg,✓,✓,history,
1764,工藤建設,建設業,事件　工藤会,2020年7月24日,2019年12月5日,,photos_1/1764_工藤建設/history/02_事件_工藤会/photo_01.jpg,✓,✓,history,
1766,東建コーポレーション,建設業,,,,,,,,missing,要調査
1768,ソネック,建設業,山本　貴弘,,（現在）,,photos_1/1768_ソネック/current/photo_01.jpg,✓,✓,current,
1770,藤田エンジニアリング,建設業,,,,,,,,missing,要調査
1776,三井住建道路,建設業,"役会
取締",,（現在）,,photos_1/1776_三井住建道路/current/photo_01.jpg,✓,✓,current,
1780,ヤマウラ,建設業,山浦 正貴,2025年6月,（現在）,,photos_1/1780_ヤマウラ/current/photo_01.jpg,✓,✓,current,
1783,fantasista,不動産業,田野 大地,2002年頃,,,photos_1/1783_fantasista/history/01_田野_大地/photo_01.jpg,✓,✓,history,
1786,オリエンタル白石,建設業,,,,,,,,missing,要調査
1787,ナカボーテック,建設業,宮地 誠,2025年6月,（現在）,,photos_1/1787_ナカボーテック/current/photo_01.jpg,✓,✓,current,
1788,三東工業社,建設業,杉本　修啓,2024年7月,（現在）,,photos_1/1788_三東工業社/current/photo_01.jpg,✓,✓,current,
1793,大本組,建設業,三宅 啓一,,（現在）,,photos_1/1793_大本組/current/photo_01.jpg,✓,✓,current,
1795,マサル,建設業,,,,,,,,missing,要調査
1798,守谷商会,建設業,,,,,,,,missing,要調査
1799,第一建設工業,建設業,提訴 毎日新,2012年12月6日,2014年6月23日,,photos_1/1799_第一建設工業/history/01_提訴_毎日新/photo_01.jpg,✓,✓,history,
1801,大成建設,建設業,月 相川善,2025年3月,（現在）,,photos_1/1801_大成建設/current/photo_01.jpg,✓,✓,current,
1802,大林組,建設業,佐藤 俊美,2011年1月,（現在）,,photos_1/1802_大林組/current/photo_01.jpg,✓,✓,current,
1803,清水建設,建設業,原点回帰,2025年9月,（現在）,,photos_1/1803_清水建設/current/photo_01.jpg,✓,✓,current,
1807,佐藤渡辺,建設業,,,,,,,,missing,要調査
1808,長谷工コーポレーション,建設業,熊野 聡,2025年4月,（現在）,,photos_1/1808_長谷工コーポレーション/current/photo_01.jpg,✓,✓,current,
1810,松井建設,建設業,,,,,,,,missing,要調査
1811,錢高組,建設業,社会,,（現在）,,photos_1/1811_錢高組/current/photo_01.jpg,✓,✓,current,
1812,鹿島建設,建設業,,,,,,,,missing,要調査
1813,不動テトラ,建設業,"社名

株",2025年3月,（現在）,,photos_1/1813_不動テトラ/current/photo_01.jpg,✓,✓,current,
1814,大末建設,建設業,当社,,（現在）,,photos_1/1814_大末建設/current/photo_01.jpg,✓,✓,current,
1815,鉄建建設,建設業,,,,,,,,missing,要調査
1820,西松建設,建設業,"区分
業績連",2024年6月,（現在）,,photos_1/1820_西松建設/current/photo_01.jpg,✓,✓,current,
1822,大豊建設,建設業,,,,,,,,missing,要調査
1826,佐田建設,建設業,,,,,,,,missing,要調査
1827,ナカノフドー建設,建設業,,,,,,,,missing,要調査
1828,田辺工業,建設業,,,,,,,,missing,要調査
1833,奥村組,建設業,,,,,,,,missing,要調査
1835,東鉄工業,建設業,,,,,,,,missing,要調査
1840,土屋ホールディングス,建設業,,,,,,,,missing,要調査
1841,サンユー建設,建設業,,,,,,,,missing,要調査
1844,大盛工業,建設業,,,,,,,,missing,要調査
1847,イチケン,建設業,谷川 博之,,（現在）,,,,,current,
1847,イチケン,建設業,王洲 銀河劇,,,,photos_1/1847_イチケン/history/01_王洲_銀河劇/photo_01.jpg,✓,✓,history,
1848,富士ピー・エス,建設業,減災　国土強,2021年５月,（現在）,,photos_1/1848_富士ピー・エス/current/photo_01.jpg,✓,✓,current,
1850,南海辰村建設,建設業,"貢献
当社",,（現在）,,photos_1/1850_南海辰村建設/current/photo_01.jpg,✓,✓,current,
1852,淺沼組,建設業,,,,,,,,missing,要調査
1853,森組,建設業,平素,2024年6月,（現在）,,photos_1/1853_森組/current/photo_01.jpg,✓,✓,current,
1860,戸田建設,建設業,,,,,,,,missing,要調査
1861,熊谷組,建設業,株主,,（現在）,,photos_1/1861_熊谷組/current/photo_01.jpg,✓,✓,current,
1866,北野建設,建設業,,,,,,,,missing,要調査
1867,植木組,建設業,下部 久夫,,（現在）,,photos_1/1867_植木組/current/photo_01.jpg,✓,✓,current,
1870,矢作建設工業,建設業,,,,,,,,missing,要調査
1871,ピーエス・コンストラクション,建設業,,,,,,,,missing,要調査
1873,日本ハウスホールディングス,建設業,,,,,,,,missing,要調査
1878,大東建託,不動産業,竹内,,（現在）,,photos_1/1878_大東建託/current/photo_01.jpg,✓,✓,current,
1879,新日本建設,建設業,,,,,,,,missing,要調査
1882,東亜道路工業,建設業,企業,,（現在）,,photos_1/1882_東亜道路工業/current/photo_01.jpg,✓,✓,current,
1885,東亜建設工業,建設業,,,,,,,,missing,要調査
1887,日本国土開発,建設業,,,,,,,,missing,要調査
1888,若築建設,建設業,,,,,,,,missing,要調査
1893,五洋建設,建設業,,,,,,,,missing,要調査
1897,金下建設,建設業,,,,,,,,missing,要調査
1898,世紀東急工業,建設業,"理念

豊",2025年3月,（現在）,,photos_1/1898_世紀東急工業/current/photo_01.jpg,✓,✓,current,
1898,世紀東急工業,建設業,竹田政智,,,,photos_1/1898_世紀東急工業/history/01_竹田政智/photo_01.jpg,✓,✓,history,
1898,世紀東急工業,建設業,市原求,,,,photos_1/1898_世紀東急工業/history/02_市原求/photo_01.jpg,✓,✓,history,
1898,世紀東急工業,建設業,矢野恒太,,,,photos_1/1898_世紀東急工業/history/03_矢野恒太/photo_01.jpg,✓,✓,history,
1898,世紀東急工業,建設業,五島慶太,,,,photos_1/1898_世紀東急工業/history/04_五島慶太/photo_01.jpg,✓,✓,history,
1898,世紀東急工業,建設業,篠原三千郎,,,,photos_1/1898_世紀東急工業/history/05_篠原三千郎/photo_01.jpg,✓,✓,history,
1898,世紀東急工業,建設業,平山孝,,,,photos_1/1898_世紀東急工業/history/06_平山孝/photo_01.jpg,✓,✓,history,
1899,福田組,建設業,"締役
執行役",2003年3月,（現在）,,photos_1/1899_福田組/current/photo_01.jpg,✓,✓,current,
1904,大成温調,建設業,当社 執行役,2003年4月,（現在）,,photos_1/1904_大成温調/current/photo_01.jpg,✓,✓,current,
1905,テノックス,建設業,,,,,,,,missing,要調査
1909,日本ドライケミカル,機械,,,,,,,,missing,要調査
1911,住友林業,建設業,住友林業,,（現在）,,photos_1/1911_住友林業/current/photo_01.jpg,✓,✓,current,
1914,日本基礎技術,建設業,,,,,,,,missing,要調査
1921,巴コーポレーション,建設業,,,,,,,,missing,要調査
1925,大和ハウス工業,建設業,,,,,,,,missing,要調査
1926,ライト工業,建設業,"一覧
組織図",,（現在）,,photos_1/1926_ライト工業/current/photo_01.jpg,✓,✓,current,
1926,ライト工業,建設業,提訴 毎日新,2012年12月6日,2014年6月23日,,photos_1/1926_ライト工業/history/01_提訴_毎日新/photo_01.jpg,✓,✓,history,
1928,積水ハウス,建設業,,,,,,,,missing,要調査
1929,日特建設,建設業,"方針
私",,（現在）,,photos_1/1929_日特建設/current/photo_01.jpg,✓,✓,current,
1930,北陸電気工事,建設業,,,,,,,,missing,要調査
1934,ユアテック,建設業,,,,,,,,missing,要調査
1938,日本リーテック,建設業,娼館 望郷,,,,photos_1/1938_日本リーテック/history/01_娼館_望郷/photo_01.jpg,✓,✓,history,
1938,日本リーテック,建設業,七号 君想,,,,photos_1/1938_日本リーテック/history/02_七号_君想/photo_01.jpg,✓,✓,history,
1939,四電工,建設業,,,,,,,,missing,要調査
1941,中電工,建設業,,,,,,,,missing,要調査
1942,関電工,建設業,,,,,,,,missing,要調査
1944,きんでん,建設業,,,,,,,,missing,要調査
1945,東京エネシス,建設業,,,,,,,,missing,要調査
1946,トーエネック,建設業,,,,,,,,missing,要調査
1948,弘電社,建設業,,,,,,,,missing,要調査
1949,住友電設,建設業,,,,,,,,missing,要調査
1950,日本電設工業,建設業,安田 一成,,（現在）,,photos_1/1950_日本電設工業/current/photo_01.jpg,✓,✓,current,
1951,エクシオグループ,建設業,進士仁一,,,,photos_1/1951_エクシオグループ/history/01_進士仁一/photo_01.jpg,✓,✓,history,
1951,エクシオグループ,建設業,手塚卓志,,,,photos_1/1951_エクシオグループ/history/02_手塚卓志/photo_01.jpg,✓,✓,history,
1952,新日本空調,建設業,持続可能,2025年3月,（現在）,,photos_1/1952_新日本空調/current/photo_01.jpg,✓,✓,current,
1959,九電工,建設業,,,,,,,,missing,要調査
1960,サンテック,建設業,,,,,,,,missing,要調査
1961,三機工業,建設業,石田 博一,,（現在）,,photos_1/1961_三機工業/current/photo_01.jpg,✓,✓,current,
1963,日揮ホールディングス,建設業,佐藤 雅之,,（現在）,,photos_1/1963_日揮ホールディングス/current/photo_01.jpg,✓,✓,current,
1964,中外炉工業,建設業,,,,,,,,missing,要調査
1965,テクノ菱和,建設業,"会長
黒田",2003年10月,（現在）,,photos_1/1965_テクノ菱和/current/photo_01.jpg,✓,✓,current,
1966,高田工業所,建設業,髙田 寿一郎,,（現在）,,photos_1/1966_高田工業所/current/photo_01.jpg,✓,✓,current,
1967,ヤマト,建設業,,,,,,,,missing,要調査
1968,太平電業,建設業,,,,,,,,missing,要調査
1969,高砂熱学工業,建設業,環境革新,2023年11月,（現在）,,photos_1/1969_高砂熱学工業/current/photo_01.jpg,✓,✓,current,
1972,三晃金属工業,建設業,青木　栄一,,（現在）,,photos_1/1972_三晃金属工業/current/photo_01.jpg,✓,✓,current,
1975,朝日工業社,建設業,平素,,（現在）,,photos_1/1975_朝日工業社/current/photo_01.jpg,✓,✓,current,
1976,明星工業,建設業,栁瀬 徹次,2008年4月,（現在）,,photos_1/1976_明星工業/current/photo_01.jpg,✓,✓,current,
1976,明星工業,建設業,行口　再信託,2025年3月31日,,,photos_1/1976_明星工業/history/01_行口_再信託/photo_01.jpg,✓,✓,history,
1979,大氣社,建設業,,,,,,,,missing,要調査
1980,ダイダン,建設業,,,,,,,,missing,要調査
1981,協和日成,建設業,川野　茂,,（現在）,,,,,current,
1982,日比谷総合設備,建設業,中北　英孝,2025年6月,（現在）,,photos_1/1982_日比谷総合設備/current/photo_01.jpg,✓,✓,current,
1982,日比谷総合設備,建設業,広瀬政之,2024年4月,,,photos_1/1982_日比谷総合設備/history/01_広瀬政之/photo_01.jpg,✓,✓,history,
1982,日比谷総合設備,建設業,北野嘉久,2019年4月,2024年4月,,photos_1/1982_日比谷総合設備/history/02_北野嘉久/photo_01.jpg,✓,✓,history,
1982,日比谷総合設備,建設業,柿木厚司,2015年4月,2019年4月,,photos_1/1982_日比谷総合設備/history/03_柿木厚司/photo_01.jpg,✓,✓,history,
1982,日比谷総合設備,建設業,林田英治,2010年4月,2015年4月,,photos_1/1982_日比谷総合設備/history/04_林田英治/photo_01.jpg,✓,✓,history,
1982,日比谷総合設備,建設業,馬田一,2005年4月,2010年4月,,photos_1/1982_日比谷総合設備/history/05_馬田一/photo_01.jpg,✓,✓,history,
1982,日比谷総合設備,建設業,數土文夫,2003年4月,2005年4月,,photos_1/1982_日比谷総合設備/history/06_數土文夫/photo_01.jpg,✓,✓,history,
1992,神田通信機,建設業,,,,,,,,missing,要調査
1994,高橋カーテンウォール工業,建設業,高橋 武治,,（現在）,,photos_1/1994_高橋カーテンウォール工業/current/photo_01.jpg,✓,✓,current,
1997,暁飯島工業,建設業,,,,,,,,missing,要調査
2001,ニップン,食料品,,,,,,,,missing,要調査
2002,日清製粉グループ本社,食料品,,,,,,,,missing,要調査
2003,日東富士製粉,食料品,,,,,,,,missing,要調査
2004,昭和産業,食料品,"日
昭和産",2026年２月,（現在）,,photos_1/2004_昭和産業/current/photo_01.jpg,✓,✓,current,
2009,鳥越製粉,食料品,,,,,,,,missing,要調査
2053,中部飼料,食料品,藤田 京一,,（現在）,,photos_1/2053_中部飼料/current/photo_01.jpg,✓,✓,current,
2055,日和産業,食料品,,,,,,,,missing,要調査
2060,フィード・ワン,食料品,日本配合,2014年10月,（現在）,,photos_1/2060_フィード・ワン/current/photo_01.jpg,✓,✓,current,
2108,日本甜菜製糖,食料品,"月
日本甜",2025年7月,（現在）,,photos_1/2108_日本甜菜製糖/current/photo_01.jpg,✓,✓,current,
2109,DM三井製糖,食料品,,,,,,,,missing,要調査
2112,塩水港精糖,食料品,,,,,,,,missing,要調査
2114,フジ日本,食料品,植村甲午郎,,,,photos_1/2114_フジ日本/history/01_植村甲午郎/photo_01.jpg,✓,✓,history,
2114,フジ日本,食料品,水野成夫,,,,photos_1/2114_フジ日本/history/02_水野成夫/photo_01.jpg,✓,✓,history,
2114,フジ日本,食料品,鹿内信隆,,,,,,,history,
2114,フジ日本,食料品,浅野賢澄,,,,photos_1/2114_フジ日本/history/04_浅野賢澄/photo_01.jpg,✓,✓,history,
2114,フジ日本,食料品,鹿内春雄,,,,photos_1/2114_フジ日本/history/05_鹿内春雄/photo_01.jpg,✓,✓,history,
2114,フジ日本,食料品,鹿内宏明,,,,photos_1/2114_フジ日本/history/06_鹿内宏明/photo_01.jpg,✓,✓,history,
2114,フジ日本,食料品,日枝久,,,,photos_1/2114_フジ日本/history/07_日枝久/photo_01.jpg,✓,✓,history,
2114,フジ日本,食料品,嘉納修治,,,,photos_1/2114_フジ日本/history/08_嘉納修治/photo_01.jpg,✓,✓,history,
2117,ウェルネオシュガー,食料品,,,,,,,,missing,要調査
2120,LIFULL,サービス業,"理念

社名",2025年12月,（現在）,,photos_1/2120_LIFULL/current/photo_01.jpg,✓,✓,current,
2121,MIXI,サービス業,木村 弘毅,,（現在）,,photos_1/2121_MIXI/current/photo_01.jpg,✓,✓,current,
2122,インタースペース,サービス業,,,,,,,,missing,要調査
2124,ジェイエイシーリクルートメント,サービス業,,,,,,,,missing,要調査
2127,日本M&Aセンターホールディングス,サービス業,院前 伊集院,,,,photos_1/2127_日本M&Aセンターホールディングス/history/01_院前_伊集院/photo_01.jpg,✓,✓,history,
2130,メンバーズ,サービス業,締役 兼,,（現在）,,photos_1/2130_メンバーズ/current/photo_01.jpg,✓,✓,current,
2134,北浜キャピタルパートナーズ,サービス業,,,,,,,,missing,要調査
2136,ヒップ,サービス業,進士仁一,,,,photos_1/2136_ヒップ/history/01_進士仁一/photo_01.jpg,✓,✓,history,
2136,ヒップ,サービス業,手塚卓志,,,,photos_1/2136_ヒップ/history/02_手塚卓志/photo_01.jpg,✓,✓,history,
2138,クルーズ,情報・通信業,小渕 宏二,,（現在）,,photos_1/2138_クルーズ/current/photo_01.jpg,✓,✓,current,
2139,中広,サービス業,社員 月月火,,,,photos_1/2139_中広/history/01_社員_月月火/photo_01.jpg,✓,✓,history,
2146,UTグループ,サービス業,外村　学,,（現在）,,photos_1/2146_UTグループ/current/photo_01.jpg,✓,✓,current,
2148,アイティメディア,サービス業,,,,,,,,missing,要調査
2152,幼児活動研究会,サービス業,,,,,,,,missing,要調査
2153,E・Jホールディングス,サービス業,小谷 裕司,2007年6月,（現在）,,photos_1/2153_E・Jホールディングス/current/photo_01.jpg,✓,✓,current,
2154,オープンアップグループ,サービス業,西田 穣,,（現在）,,photos_1/2154_オープンアップグループ/current/photo_01.jpg,✓,✓,current,
2156,セーラー広告,サービス業,,,,,,,,missing,要調査
2157,コシダカホールディングス,サービス業,,,,,,,,missing,要調査
2158,FRONTEO,サービス業,守本 正宏,2020年2月,（現在）,,photos_1/2158_FRONTEO/current/photo_01.jpg,✓,✓,current,
2160,ジーエヌアイグループ,医薬品,上海,,（現在）,,photos_1/2160_ジーエヌアイグループ/current/photo_01.jpg,✓,✓,current,
2162,nms　ホールディングス,サービス業,小野文明,2018年頃,,,photos_1/2162_nms_ホールディングス/history/01_小野文明/photo_01.jpg,✓,✓,history,
2163,アルトナー,サービス業,関口 相三,,（現在）,,photos_1/2163_アルトナー/current/photo_01.jpg,✓,✓,current,
2163,アルトナー,サービス業,相三 生出演,2018年7月3日,,,photos_1/2163_アルトナー/history/01_相三_生出演/photo_01.jpg,✓,✓,history,
2164,地域新聞社,サービス業,,,,,,,,missing,要調査
2168,パソナグループ,サービス業,表者 時田宗,,,,photos_1/2168_パソナグループ/history/01_表者_時田宗/photo_01.jpg,✓,✓,history,
2169,CDS,サービス業,,,,,,,,missing,要調査
2170,リンクアンドモチベーション,サービス業,"会長
小笹",,（現在）,,photos_1/2170_リンクアンドモチベーション/current/photo_01.jpg,✓,✓,current,
2173,博展,サービス業,,,,,,,,missing,要調査
2175,エス・エム・エス,サービス業,髙畑 正樹,,（現在）,,photos_1/2175_エス・エム・エス/current/photo_01.jpg,✓,✓,current,
2179,成学社,サービス業,,,,,,,,missing,要調査
2180,サニーサイドアップグループ,サービス業,,,,,,,,missing,要調査
2181,パーソルホールディングス,サービス業,,,,,,,,missing,要調査
2183,リニカル,サービス業,秦野 和浩資,2005年6月7日,2023年3月,,photos_1/2183_リニカル/history/01_秦野_和浩資/photo_01.jpg,✓,✓,history,
2185,シイエム・シイ,サービス業,幸恭,,（現在）,,photos_1/2185_シイエム・シイ/current/photo_01.jpg,✓,✓,current,
2186,ソーバル,サービス業,,,,,,,,missing,要調査
2193,クックパッド,サービス業,理人 三菱,2019年12月31日,,,photos_1/2193_クックパッド/history/01_理人_三菱/photo_01.jpg,✓,✓,history,
2195,アミタホールディングス,サービス業,会長 兼,2025年3月,（現在）,,photos_1/2195_アミタホールディングス/current/photo_01.jpg,✓,✓,current,
2196,エスクリ,サービス業,"提供
業界団",,（現在）,,photos_1/2196_エスクリ/current/photo_01.jpg,✓,✓,current,
2198,アイ・ケイ・ケイホールディングス,サービス業,,,,,,,,missing,要調査
2201,森永製菓,食料品,推進体制,2021年4月,（現在）,,photos_1/2201_森永製菓/current/photo_01.jpg,✓,✓,current,
2204,中村屋,食料品,,,,,,,,missing,要調査
2206,江崎グリコ,食料品,,,,,,,,missing,要調査
2207,名糖産業,食料品,,,,,,,,missing,要調査
2208,ブルボン,食料品,会長　吉田康,2024年11月,（現在）,,photos_1/2208_ブルボン/current/photo_01.jpg,✓,✓,current,
2209,井村屋グループ,食料品,,,,,,,,missing,要調査
2211,不二家,食料品,推進体制,2024年3月,（現在）,,photos_1/2211_不二家/current/photo_01.jpg,✓,✓,current,
2211,不二家,食料品,休止 日本経,2022年9月15日,2007年1月11日,,photos_1/2211_不二家/history/01_休止_日本経/photo_01.jpg,✓,✓,history,
2211,不二家,食料品,両省 日本経,2022年9月15日,2007年1月17日,,photos_1/2211_不二家/history/02_両省_日本経/photo_01.jpg,✓,✓,history,
2212,山崎製パン,食料品,"体制
当社",,（現在）,,photos_1/2212_山崎製パン/current/photo_01.jpg,✓,✓,current,
2215,第一屋製パン,食料品,"社名
第一屋",2024年12月,（現在）,,photos_1/2215_第一屋製パン/current/photo_01.jpg,✓,✓,current,
2216,カンロ,食料品,,,,,,,,missing,要調査
2217,モロゾフ,食料品,,,,,,,,missing,要調査
2220,亀田製菓,食料品,,,,,,,,missing,要調査
2221,岩塚製菓,食料品,,,,,,,,missing,要調査
2222,寿スピリッツ,食料品,河越　誠剛,,（現在）,,photos_1/2222_寿スピリッツ/current/photo_01.jpg,✓,✓,current,
2224,コモ,食料品,,,,,,,,missing,要調査
2226,湖池屋,食料品,,,,,,,,missing,要調査
2229,カルビー,食料品,,,,,,,,missing,要調査
2264,森永乳業,食料品,変化,2025年5月,（現在）,,photos_1/2264_森永乳業/current/photo_01.jpg,✓,✓,current,
2266,六甲バター,食料品,,,,,,,,missing,要調査
2267,ヤクルト本社,食料品,,,,,,,,missing,要調査
2268,B-R　サーティワン　アイスクリーム,食料品,休止 日本経,2022年9月15日,2007年1月11日,,photos_1/2268_B-R_サーティワン_アイスクリーム/history/01_休止_日本経/photo_01.jpg,✓,✓,history,
2268,B-R　サーティワン　アイスクリーム,食料品,両省 日本経,2022年9月15日,2007年1月17日,,photos_1/2268_B-R_サーティワン_アイスクリーム/history/02_両省_日本経/photo_01.jpg,✓,✓,history,
2269,明治ホールディングス,食料品,松田 克也,,（現在）,,photos_1/2269_明治ホールディングス/current/photo_01.jpg,✓,✓,current,
2270,雪印メグミルク,食料品,佐藤　雅俊,2025年５月,（現在）,,photos_1/2270_雪印メグミルク/current/photo_01.jpg,✓,✓,current,
2270,雪印メグミルク,食料品,中野吉晴,2000年頃,,,photos_1/2270_雪印メグミルク/history/01_中野吉晴/photo_01.jpg,✓,✓,history,
2281,プリマハム,食料品,,,,,,,,missing,要調査
2282,日本ハム,食料品,,,,,,,,missing,要調査
2286,林兼産業,食料品,,,,,,,,missing,要調査
2288,丸大食品,食料品,佐藤 勇二,,（現在）,,photos_1/2288_丸大食品/current/photo_01.jpg,✓,✓,current,
2291,福留ハム,食料品,食品,,（現在）,,photos_1/2291_福留ハム/current/photo_01.jpg,✓,✓,current,
2292,S　Foods,食料品,,,,,,,,missing,要調査
2293,滝沢ハム,食料品,滝沢,,（現在）,,photos_1/2293_滝沢ハム/current/photo_01.jpg,✓,✓,current,
2294,柿安本店,食料品,,,,,,,,missing,要調査
2296,伊藤ハム米久ホールディングス,食料品,,,,,,,,missing,要調査
2300,きょくとう,サービス業,,,,,,,,missing,要調査
2301,学情,サービス業,,,,,,,,missing,要調査
2303,ドーン,情報・通信業,,,,,,,,missing,要調査
2304,CSSホールディングス,サービス業,,,,,,,,missing,要調査
2305,スタジオアリス,サービス業,,,,,,,,missing,要調査
2307,クロスキャット,情報・通信業,海空 地球征,,,,photos_1/2307_クロスキャット/history/01_海空_地球征/photo_01.jpg,✓,✓,history,
2311,エプコ,サービス業,一木 裕佳,2022年8月,（現在）,,photos_1/2311_エプコ/current/photo_01.jpg,✓,✓,current,
2315,CAICA　DIGITAL,情報・通信業,石原 直樹,,,,photos_1/2315_CAICA_DIGITAL/history/01_石原_直樹/photo_01.jpg,✓,✓,history,
2315,CAICA　DIGITAL,情報・通信業,大内 英史,,,,,,,history,
2317,システナ,情報・通信業,植田和磨,2002年12月4日,,,photos_1/2317_システナ/history/01_植田和磨/photo_01.jpg,✓,✓,history,
2317,システナ,情報・通信業,平生翔大,2002年10月11日,,,photos_1/2317_システナ/history/02_平生翔大/photo_01.jpg,✓,✓,history,
2317,システナ,情報・通信業,小村真也,2002年5月28日,,,photos_1/2317_システナ/history/03_小村真也/photo_01.jpg,✓,✓,history,
2317,システナ,情報・通信業,古畑翔,,,,photos_1/2317_システナ/history/04_古畑翔/photo_01.jpg,✓,✓,history,
2317,システナ,情報・通信業,池田悠希,,,,photos_1/2317_システナ/history/05_池田悠希/photo_01.jpg,✓,✓,history,
2317,システナ,情報・通信業,祝原涼介,,,,photos_1/2317_システナ/history/06_祝原涼介/photo_01.jpg,✓,✓,history,
2321,ソフトフロントホールディングス,情報・通信業,,,,,,,,missing,要調査
2323,fonfun,情報・通信業,水口　翼,2004年05月,（現在）,,photos_1/2323_fonfun/current/photo_01.jpg,✓,✓,current,
2325,NJS,サービス業,,,,,,,,missing,要調査
2326,デジタルアーツ,情報・通信業,,,,,,,,missing,要調査
2327,日鉄ソリューションズ,情報・通信業,"体制
当社",,（現在）,,photos_1/2327_日鉄ソリューションズ/current/photo_01.jpg,✓,✓,current,
2329,東北新社,情報・通信業,小坂 恵一,2001年11月,（現在）,,photos_1/2329_東北新社/current/photo_01.jpg,✓,✓,current,
2329,東北新社,情報・通信業,済面 東北,2025年4月4日,2021年1月28日,,photos_1/2329_東北新社/history/01_済面_東北/photo_01.jpg,✓,✓,history,
2329,東北新社,情報・通信業,山氏　東北電,2019年12月12日,2025年2月12日,,photos_1/2329_東北新社/history/02_山氏_東北電/photo_01.jpg,✓,✓,history,
2330,フォーサイド,情報・通信業,締役　大島正,2024年2月,（現在）,,photos_1/2330_フォーサイド/current/photo_01.jpg,✓,✓,current,
2331,綜合警備保障,サービス業,,,,,,,,missing,要調査
2332,クエスト,情報・通信業,,,,,,,,missing,要調査
2334,イオレ,サービス業,瀧野 諭吾,2025年6月,（現在）,,photos_1/2334_イオレ/current/photo_01.jpg,✓,✓,current,
2335,キューブシステム,情報・通信業,"金融
流通",2025年3月,（現在）,,photos_1/2335_キューブシステム/current/photo_01.jpg,✓,✓,current,
2337,いちご,不動産業,年当社,2019年3月,（現在）,,photos_1/2337_いちご/current/photo_01.jpg,✓,✓,current,
2338,クオンタムソリューションズ,情報・通信業,土門 義隆,,,,photos_1/2338_クオンタムソリューションズ/history/01_土門_義隆/photo_01.jpg,✓,✓,history,
2340,極楽湯ホールディングス,サービス業,,,,,,,,missing,要調査
2341,アルバイトタイムス,サービス業,,,,,,,,missing,要調査
2342,トランスジェニックグループ,サービス業,"理念
企業概",,（現在）,,photos_1/2342_トランスジェニックグループ/current/photo_01.jpg,✓,✓,current,
2344,平安レイサービス,サービス業,神子柴 寿昭,,,,photos_1/2344_平安レイサービス/history/01_神子柴_寿昭/photo_01.jpg,✓,✓,history,
2344,平安レイサービス,サービス業,三部 敏宏,,,,photos_1/2344_平安レイサービス/history/02_三部_敏宏/photo_01.jpg,✓,✓,history,
2344,平安レイサービス,サービス業,倉石 誠司,,,,photos_1/2344_平安レイサービス/history/03_倉石_誠司/photo_01.jpg,✓,✓,history,
2344,平安レイサービス,サービス業,竹内 弘平,,,,photos_1/2344_平安レイサービス/history/04_竹内_弘平/photo_01.jpg,✓,✓,history,
2344,平安レイサービス,サービス業,鈴木 麻子,,,,photos_1/2344_平安レイサービス/history/05_鈴木_麻子/photo_01.jpg,✓,✓,history,
2344,平安レイサービス,サービス業,貝原 典也,,,,photos_1/2344_平安レイサービス/history/06_貝原_典也/photo_01.jpg,✓,✓,history,
2345,クシム,情報・通信業,伝説 大地,2018年6月4日,2020年6月28日,,photos_1/2345_クシム/history/01_伝説_大地/photo_01.jpg,✓,✓,history,
2345,クシム,情報・通信業,天堂　直面,2017年3月10日,2015年7月13日,,photos_1/2345_クシム/history/02_天堂_直面/photo_01.jpg,✓,✓,history,
2345,クシム,情報・通信業,田聡 講演内,2016年10月6日,2011年10月28日,,photos_1/2345_クシム/history/03_田聡_講演内/photo_01.jpg,✓,✓,history,
2349,エヌアイデイ,情報・通信業,,,,,,,,missing,要調査
2351,ASJ,情報・通信業,,,,,,,,missing,要調査
2353,日本駐車場開発,不動産業,,,,,,,,missing,要調査
2354,YE　DIGITAL,情報・通信業,,,,,,,,missing,要調査
2359,コア,情報・通信業,,,,,,,,missing,要調査
2370,メディネット,サービス業,締役 会長,2002年9月,（現在）,,,,,current,
2371,カカクコム,サービス業,,,,,,,,missing,要調査
2373,ケア21,サービス業,依田 雅,2023年５月,（現在）,,photos_1/2373_ケア21/current/photo_01.jpg,✓,✓,current,
2374,セントケア・ホールディング,サービス業,,,,,,,,missing,要調査
2375,ギグワークス,サービス業,,,,,,,,missing,要調査
2376,サイネックス,サービス業,村田 吉優,令和2年11月,（現在）,,photos_1/2376_サイネックス/current/photo_01.jpg,✓,✓,current,
2376,サイネックス,サービス業,村田 吉優,2020年頃,2018年頃,,photos_1/2376_サイネックス/history/01_村田_吉優/photo_01.jpg,✓,✓,history,
2376,サイネックス,サービス業,村田吉優,2018年頃,2020年頃,,photos_1/2376_サイネックス/history/02_村田吉優/photo_01.jpg,✓,✓,history,
2378,ルネサンス,サービス業,望月　美佐緒,,（現在）,,photos_1/2378_ルネサンス/current/photo_01.jpg,✓,✓,current,
2379,ディップ,サービス業,表者 時田宗,,,,photos_1/2379_ディップ/history/01_表者_時田宗/photo_01.jpg,✓,✓,history,
2384,SBSホールディングス,陸運業,"役職
氏名",,（現在）,,photos_1/2384_SBSホールディングス/current/photo_01.jpg,✓,✓,current,
2385,総医研ホールディングス,サービス業,,,,,,,,missing,要調査
2388,ウェッジホールディングス,その他金融業,金子 眞吾,,,,photos_1/2388_ウェッジホールディングス/history/01_金子_眞吾/photo_01.jpg,✓,✓,history,
2391,プラネット,サービス業,"氏名
坂田",,（現在）,,photos_1/2391_プラネット/current/photo_01.jpg,✓,✓,current,
2393,日本ケアサプライ,サービス業,,,,,,,,missing,要調査
2395,新日本科学,サービス業,,,,,,,,missing,要調査
2404,鉄人化ホールディングス,サービス業,,,,,,,,missing,要調査
2408,KG情報,サービス業,,,,,,,,missing,要調査
2410,キャリアデザインセンター,サービス業,"会長
多田",,（現在）,,photos_1/2410_キャリアデザインセンター/current/photo_01.jpg,✓,✓,current,
2411,ゲンダイエージェンシー,情報・通信業,,,,,,,,missing,要調査
2413,エムスリー,サービス業,,,,,,,,missing,要調査
2415,ヒューマンホールディングス,サービス業,金子 眞吾,,,,photos_1/2415_ヒューマンホールディングス/history/01_金子_眞吾/photo_01.jpg,✓,✓,history,
2418,ツカダ・グローバルホールディング,サービス業,塚田 正由記,,（現在）,,photos_1/2418_ツカダ・グローバルホールディング/current/photo_01.jpg,✓,✓,current,
2424,ブラス,サービス業,河合達明,2014年頃,,,photos_1/2424_ブラス/history/01_河合達明/photo_01.jpg,✓,✓,history,
2425,ケアサービス,サービス業,会長　福原,,（現在）,,photos_1/2425_ケアサービス/current/photo_01.jpg,✓,✓,current,
2425,ケアサービス,サービス業,福原　敏雄,2014年頃,,,photos_1/2425_ケアサービス/history/01_福原_敏雄/photo_01.jpg,✓,✓,history,
2428,ウェルネット,サービス業,,,,,,,,missing,要調査
2429,ワールドホールディングス,サービス業,,,,,,,,missing,要調査
2432,ディー・エヌ・エー,サービス業,,,,,,,,missing,要調査
2433,博報堂DYホールディングス,サービス業,企業,,（現在）,,photos_1/2433_博報堂DYホールディングス/current/photo_01.jpg,✓,✓,current,
2435,シダー,サービス業,"社名
株",2025年3月,（現在）,,photos_1/2435_シダー/current/photo_01.jpg,✓,✓,current,
2436,共同ピーアール,サービス業,会長　谷,,（現在）,,photos_1/2436_共同ピーアール/current/photo_01.jpg,✓,✓,current,
2437,Shinwa　Wise　Holdings,サービス業,,,,,,,,missing,要調査
2438,アスカネット,サービス業,,,,,,,,missing,要調査
2440,ぐるなび,サービス業,,,,,,,,missing,要調査
2445,タカミヤ,サービス業,,,,,,,,missing,要調査
2449,プラップジャパン,サービス業,締役  鈴木,2025年8月,（現在）,,photos_1/2449_プラップジャパン/current/photo_01.jpg,✓,✓,current,
2449,プラップジャパン,サービス業,鈴木 勇夫,,,,photos_1/2449_プラップジャパン/history/01_鈴木_勇夫/photo_01.jpg,✓,✓,history,
2454,オールアバウト,サービス業,江幡 哲也,,,,,,,history,
2459,アウンコンサルティング,サービス業,,,,,,,,missing,要調査
2461,ファンコミュニケーションズ,サービス業,二宮　幸司,2004年4月,（現在）,,photos_1/2461_ファンコミュニケーションズ/current/photo_01.jpg,✓,✓,current,
2462,ライク,サービス業,"体制
当社",2023年12月,（現在）,,photos_1/2462_ライク/current/photo_01.jpg,✓,✓,current,
2462,ライク,サービス業,植田和磨,2002年12月4日,,,photos_1/2462_ライク/history/01_植田和磨/photo_01.jpg,✓,✓,history,
2462,ライク,サービス業,平生翔大,2002年10月11日,,,photos_1/2462_ライク/history/02_平生翔大/photo_01.jpg,✓,✓,history,
2462,ライク,サービス業,小村真也,2002年5月28日,,,photos_1/2462_ライク/history/03_小村真也/photo_01.jpg,✓,✓,history,
2462,ライク,サービス業,古畑翔,,,,photos_1/2462_ライク/history/04_古畑翔/photo_01.jpg,✓,✓,history,
2462,ライク,サービス業,池田悠希,,,,photos_1/2462_ライク/history/05_池田悠希/photo_01.jpg,✓,✓,history,
2462,ライク,サービス業,祝原涼介,,,,photos_1/2462_ライク/history/06_祝原涼介/photo_01.jpg,✓,✓,history,
2464,Aoba-BBT,サービス業,椿 進株,,（現在）,,photos_1/2464_Aoba-BBT/current/photo_01.jpg,✓,✓,current,
2469,ヒビノ,サービス業,比野　晃久,,（現在）,,photos_1/2469_ヒビノ/current/photo_01.jpg,✓,✓,current,
2469,ヒビノ,サービス業,比野 晃久,,,,photos_1/2469_ヒビノ/history/01_比野_晃久/photo_01.jpg,✓,✓,history,
2471,エスプール,サービス業,"会長
浦上",,（現在）,,photos_1/2471_エスプール/current/photo_01.jpg,✓,✓,current,
2475,WDBホールディングス,サービス業,中野 敏光,,（現在）,,photos_1/2475_WDBホールディングス/current/photo_01.jpg,✓,✓,current,
2477,手間いらず,情報・通信業,伝説 怪奇,,,,photos_1/2477_手間いらず/history/01_伝説_怪奇/photo_01.jpg,✓,✓,history,
2477,手間いらず,情報・通信業,伝説 哲也,,,,photos_1/2477_手間いらず/history/02_伝説_哲也/photo_01.jpg,✓,✓,history,
2477,手間いらず,情報・通信業,子屋 銭天堂,,,,photos_1/2477_手間いらず/history/03_子屋_銭天堂/photo_01.jpg,✓,✓,history,
2477,手間いらず,情報・通信業,界編 序奏,,,,photos_1/2477_手間いらず/history/04_界編_序奏/photo_01.jpg,✓,✓,history,
2477,手間いらず,情報・通信業,皇子 天上編,,,,photos_1/2477_手間いらず/history/05_皇子_天上編/photo_01.jpg,✓,✓,history,
2479,ジェイテック,サービス業,広瀬政之,2024年4月,,,photos_1/2479_ジェイテック/history/01_広瀬政之/photo_01.jpg,✓,✓,history,
2479,ジェイテック,サービス業,北野嘉久,2019年4月,2024年4月,,photos_1/2479_ジェイテック/history/02_北野嘉久/photo_01.jpg,✓,✓,history,
2479,ジェイテック,サービス業,柿木厚司,2015年4月,2019年4月,,photos_1/2479_ジェイテック/history/03_柿木厚司/photo_01.jpg,✓,✓,history,
2479,ジェイテック,サービス業,林田英治,2010年4月,2015年4月,,photos_1/2479_ジェイテック/history/04_林田英治/photo_01.jpg,✓,✓,history,
2479,ジェイテック,サービス業,馬田一,2005年4月,2010年4月,,photos_1/2479_ジェイテック/history/05_馬田一/photo_01.jpg,✓,✓,history,
2479,ジェイテック,サービス業,數土文夫,2003年4月,2005年4月,,photos_1/2479_ジェイテック/history/06_數土文夫/photo_01.jpg,✓,✓,history,
2480,システム・ロケーション,情報・通信業,千村 岳彦,,（現在）,,photos_1/2480_システム・ロケーション/current/photo_01.jpg,✓,✓,current,
2481,タウンニュース社,サービス業,,,,,,,,missing,要調査
2483,翻訳センター,サービス業,"月
 二宮",2018年7月,（現在）,,photos_1/2483_翻訳センター/current/photo_01.jpg,✓,✓,current,
2484,出前館,情報・通信業,前館 安全,,（現在）,,,,,current,
2485,ティア,サービス業,,,,,,,,missing,要調査
2488,JTP,サービス業,森　豊,2024年3月,（現在）,,photos_1/2488_JTP/current/photo_01.jpg,✓,✓,current,
2489,アドウェイズ,サービス業,山田 翔,2009年10月,（現在）,,photos_1/2489_アドウェイズ/current/photo_01.jpg,✓,✓,current,
2491,バリューコマース,サービス業,,,,,,,,missing,要調査
2492,インフォマート,サービス業,木村　慎,,（現在）,,photos_1/2492_インフォマート/current/photo_01.jpg,✓,✓,current,
2493,イーサポートリンク,サービス業,進士仁一,,,,photos_1/2493_イーサポートリンク/history/01_進士仁一/photo_01.jpg,✓,✓,history,
2493,イーサポートリンク,サービス業,手塚卓志,,,,photos_1/2493_イーサポートリンク/history/02_手塚卓志/photo_01.jpg,✓,✓,history,
2497,ユナイテッド,サービス業,兼 執行役,2012年12月,（現在）,,photos_1/2497_ユナイテッド/current/photo_01.jpg,✓,✓,current,
2497,ユナイテッド,サービス業,早川,2022年頃,,,photos_1/2497_ユナイテッド/history/01_早川/photo_01.jpg,✓,✓,history,
2497,ユナイテッド,サービス業,金子,2016年頃,2022年頃,,photos_1/2497_ユナイテッド/history/02_金子/photo_01.jpg,✓,✓,history,
2497,ユナイテッド,サービス業,金子 陽三,2000年頃,2016年頃,,photos_1/2497_ユナイテッド/history/03_金子_陽三/photo_01.jpg,✓,✓,history,
2498,オリエンタルコンサルタンツホールディングス,サービス業,,,,,,,,missing,要調査
2499,日本和装ホールディングス,サービス業,鶴野　尚史,,（現在）,,,,,current,
2501,サッポロホールディングス,食料品,江崎,,（現在）,,photos_1/2501_サッポロホールディングス/current/photo_01.jpg,✓,✓,current,
2501,サッポロホールディングス,食料品,当社,2022年頃,,,photos_1/2501_サッポロホールディングス/history/01_当社/photo_01.jpg,✓,✓,history,
2502,アサヒグループホールディングス,食料品,,,,,,,,missing,要調査
2503,キリンホールディングス,食料品,"任者
南方",2026年2月,（現在）,,photos_1/2503_キリンホールディングス/current/photo_01.jpg,✓,✓,current,
2531,宝ホールディングス,食料品,木村 睦,,（現在）,,photos_1/2531_宝ホールディングス/current/photo_01.jpg,✓,✓,current,
2533,オエノンホールディングス,食料品,,,,,,,,missing,要調査
2540,養命酒製造,食料品,,,,,,,,missing,要調査
2573,北海道コカ・コーラボトリング,食料品,酒寄 正太,,（現在）,,photos_1/2573_北海道コカ・コーラボトリング/current/photo_01.jpg,✓,✓,current,
2579,コカ・コーラ　ボトラーズジャパンホールディングス,食料品,,,,,,,,missing,要調査
2585,ライフドリンク　カンパニー,食料品,,,,,,,,missing,要調査
2586,フルッタフルッタ,食料品,弘道　長野県,,,,photos_1/2586_フルッタフルッタ/history/01_弘道_長野県/photo_01.jpg,✓,✓,history,
2586,フルッタフルッタ,食料品,中知　焼成冷,,,,photos_1/2586_フルッタフルッタ/history/02_中知_焼成冷/photo_01.jpg,✓,✓,history,
2587,サントリー食品インターナショナル,食料品,,,,,,,,missing,要調査
2588,プレミアムウォーターホールディングス,食料品,,,,,,,,missing,要調査
2590,ダイドーグループホールディングス,食料品,,,,,,,,missing,要調査
2593,伊藤園,食料品,人生 岡田茂,2011年6月7日,,,photos_1/2593_伊藤園/history/01_人生_岡田茂/photo_01.jpg,✓,✓,history,
2593,伊藤園,食料品,設置 鹿内春,,,,photos_1/2593_伊藤園/history/02_設置_鹿内春/photo_01.jpg,✓,✓,history,
2594,キーコーヒー,食料品,,,,,,,,missing,要調査
2597,ユニカフェ,食料品,進士仁一,,,,,,,history,
2597,ユニカフェ,食料品,手塚卓志,,,,photos_1/2597_ユニカフェ/history/02_手塚卓志/photo_01.jpg,✓,✓,history,
2602,日清オイリオグループ,食料品,日清,,（現在）,,photos_1/2602_日清オイリオグループ/current/photo_01.jpg,✓,✓,current,
2607,不二製油,食料品,,,,,,,,missing,要調査
2612,かどや製油,食料品,,,,,,,,missing,要調査
2613,J-オイルミルズ,食料品,春山 裕一郎,2025年12月18日,2026年1月１日,,photos_1/2613_J-オイルミルズ/history/01_春山_裕一郎/photo_01.jpg,✓,✓,history,
2652,まんだらけ,小売業,,,,,,,,missing,要調査
2653,イオン九州,小売業,中川　伊正,,（現在）,,photos_1/2653_イオン九州/current/photo_01.jpg,✓,✓,current,
2653,イオン九州,小売業,古澤康之,2025年3月,,,photos_1/2653_イオン九州/history/01_古澤康之/photo_01.jpg,✓,✓,history,
2653,イオン九州,小売業,井出武美,2019年3月,2025年2月,,photos_1/2653_イオン九州/history/02_井出武美/photo_01.jpg,✓,✓,history,
2653,イオン九州,小売業,岡崎双一,2015年2月,2019年3月,,photos_1/2653_イオン九州/history/03_岡崎双一/photo_01.jpg,✓,✓,history,
2653,イオン九州,小売業,梅本和典,2013年3月,2015年2月,,photos_1/2653_イオン九州/history/04_梅本和典/photo_01.jpg,✓,✓,history,
2653,イオン九州,小売業,村井正平,2008年4月,2013年3月,,photos_1/2653_イオン九州/history/05_村井正平/photo_01.jpg,✓,✓,history,
2654,アスモ,小売業,,,,,,,,missing,要調査
2656,ベクターホールディングス,小売業,,,,,,,,missing,要調査
2659,サンエー,小売業,,,,,,,,missing,要調査
2664,カワチ薬品,小売業,,,,,,,,missing,要調査
2666,オートウェーブ,小売業,,,,,,,,missing,要調査
2667,イメージ　ワン,卸売業,"月
株",2026年2月,（現在）,,photos_1/2667_イメージ_ワン/current/photo_01.jpg,✓,✓,current,
2668,タビオ,卸売業,,,,,,,,missing,要調査
2669,カネ美食品,小売業,,,,,,,,missing,要調査
2670,エービーシー・マート,小売業,,,,,,,,missing,要調査
2673,夢みつけ隊,小売業,,,,,,,,missing,要調査
2674,ハードオフコーポレーション,小売業,,,,,,,,missing,要調査
2676,高千穂交易,卸売業,必要,,（現在）,,photos_1/2676_高千穂交易/current/photo_01.jpg,✓,✓,current,
2678,アスクル,小売業,,,,,,,,missing,要調査
2681,ゲオホールディングス,小売業,,,,,,,,missing,要調査
2683,魚喜,小売業,娼館 望郷,,,,photos_1/2683_魚喜/history/01_娼館_望郷/photo_01.jpg,✓,✓,history,
2683,魚喜,小売業,七号 君想,,,,photos_1/2683_魚喜/history/02_七号_君想/photo_01.jpg,✓,✓,history,
2685,アダストリア,小売業,,,,,,,,missing,要調査
2686,ジーフット,小売業,,,,,,,,missing,要調査
2687,シー・ヴイ・エス・ベイエリア,小売業,,,,,,,,missing,要調査
2689,オルバヘルスケアホールディングス,卸売業,理念,,（現在）,,,,,current,
2692,伊藤忠食品,卸売業,伊藤忠食,,（現在）,,photos_1/2692_伊藤忠食品/current/photo_01.jpg,✓,✓,current,
2693,YKT,卸売業,,,,,,,,missing,要調査
2694,焼肉坂井ホールディングス,小売業,髙橋 仁志,,（現在）,,photos_1/2694_焼肉坂井ホールディングス/current/photo_01.jpg,✓,✓,current,
2695,くら寿司,小売業,,,,,,,,missing,要調査
2698,キャンドゥ,小売業,感動,,（現在）,,photos_1/2698_キャンドゥ/current/photo_01.jpg,✓,✓,current,
2700,木徳神糧,卸売業,,,,,,,,missing,要調査
2702,日本マクドナルドホールディングス,小売業,,,,,,,,missing,要調査
2705,大戸屋ホールディングス,小売業,,,,,,,,missing,要調査
2708,久世,卸売業,,,,,,,,missing,要調査
2721,ジェイホールディングス,卸売業,,,,,,,,missing,要調査
2722,IKホールディングス,小売業,,,,,,,,missing,要調査
2726,パルグループホールディングス,小売業,児島  宏文,,（現在）,,photos_1/2726_パルグループホールディングス/current/photo_01.jpg,✓,✓,current,
2730,エディオン,小売業,,,,,,,,missing,要調査
2733,あらた,卸売業,皆様,,（現在）,,photos_1/2733_あらた/current/photo_01.jpg,✓,✓,current,
2734,サーラコーポレーション,小売業,進士仁一,,,,photos_1/2734_サーラコーポレーション/history/01_進士仁一/photo_01.jpg,✓,✓,history,
2734,サーラコーポレーション,小売業,手塚卓志,,,,photos_1/2734_サーラコーポレーション/history/02_手塚卓志/photo_01.jpg,✓,✓,history,
2735,ワッツ,小売業,平岡 満子,2022年8月31日,,,photos_1/2735_ワッツ/history/01_平岡_満子/photo_01.jpg,✓,✓,history,
2736,フェスタリアホールディングス,小売業,植村甲午郎,,,,photos_1/2736_フェスタリアホールディングス/history/01_植村甲午郎/photo_01.jpg,✓,✓,history,
2736,フェスタリアホールディングス,小売業,水野成夫,,,,photos_1/2736_フェスタリアホールディングス/history/02_水野成夫/photo_01.jpg,✓,✓,history,
2736,フェスタリアホールディングス,小売業,鹿内信隆,,,,,,,history,
2736,フェスタリアホールディングス,小売業,浅野賢澄,,,,photos_1/2736_フェスタリアホールディングス/history/04_浅野賢澄/photo_01.jpg,✓,✓,history,
2736,フェスタリアホールディングス,小売業,鹿内春雄,,,,photos_1/2736_フェスタリアホールディングス/history/05_鹿内春雄/photo_01.jpg,✓,✓,history,
2736,フェスタリアホールディングス,小売業,鹿内宏明,,,,photos_1/2736_フェスタリアホールディングス/history/06_鹿内宏明/photo_01.jpg,✓,✓,history,
2736,フェスタリアホールディングス,小売業,日枝久,,,,photos_1/2736_フェスタリアホールディングス/history/07_日枝久/photo_01.jpg,✓,✓,history,
2736,フェスタリアホールディングス,小売業,嘉納修治,,,,photos_1/2736_フェスタリアホールディングス/history/08_嘉納修治/photo_01.jpg,✓,✓,history,
2737,トーメンデバイス,卸売業,中尾 清隆,,,,photos_1/2737_トーメンデバイス/history/01_中尾_清隆/photo_01.jpg,✓,✓,history,
2742,ハローズ,小売業,"変更
小",2025年5月,（現在）,,photos_1/2742_ハローズ/current/photo_01.jpg,✓,✓,current,
2742,ハローズ,小売業,佐藤 利行,,,,photos_1/2742_ハローズ/history/01_佐藤_利行/photo_01.jpg,✓,✓,history,
2743,ピクセルカンパニーズ,卸売業,,,,,,,,missing,要調査
2747,北雄ラッキー,小売業,"挨拶

北雄",,（現在）,,photos_1/2747_北雄ラッキー/current/photo_01.jpg,✓,✓,current,
2749,JPホールディングス,サービス業,,,,,,,,missing,要調査
2750,石光商事,卸売業,石光商,,（現在）,,photos_1/2750_石光商事/current/photo_01.jpg,✓,✓,current,
2751,テンポスホールディングス,卸売業,演劇,,（現在）,,photos_1/2751_テンポスホールディングス/current/photo_01.jpg,✓,✓,current,
2752,フジオフードグループ本社,小売業,,,,,,,,missing,要調査
2753,あみやき亭,小売業,,,,,,,,missing,要調査
2760,東京エレクトロン　デバイス,卸売業,,,,,,,,missing,要調査
2762,SANKO　MARKETING　FOODS,小売業,,,,,,,,missing,要調査
2763,エフティグループ,卸売業,生堂 企業情,,,,photos_1/2763_エフティグループ/history/01_生堂_企業情/photo_01.jpg,✓,✓,history,
2764,ひらまつ,小売業,,,,,,,,missing,要調査
2767,円谷フィールズホールディングス,卸売業,,,,,,,,missing,要調査
2768,双日,卸売業,植村 幸祐,,（現在）,,photos_1/2768_双日/current/photo_01.jpg,✓,✓,current,
2769,ヴィレッジヴァンガードコーポレーション,小売業,,,,,,,,missing,要調査
2776,新都ホールディングス,卸売業,,,,,,,,missing,要調査
2778,パレモ・ホールディングス,小売業,福井 正弘,,,,photos_1/2778_パレモ・ホールディングス/history/01_福井_正弘/photo_01.jpg,✓,✓,history,
2778,パレモ・ホールディングス,小売業,香西 雅弘,,,,photos_1/2778_パレモ・ホールディングス/history/02_香西_雅弘/photo_01.jpg,✓,✓,history,
2780,コメ兵ホールディングス,小売業,石原 卓児,2020年10月,（現在）,,photos_1/2780_コメ兵ホールディングス/current/photo_01.jpg,✓,✓,current,
2780,コメ兵ホールディングス,小売業,植村甲午郎,,,,photos_1/2780_コメ兵ホールディングス/history/01_植村甲午郎/photo_01.jpg,✓,✓,history,
2780,コメ兵ホールディングス,小売業,水野成夫,,,,photos_1/2780_コメ兵ホールディングス/history/02_水野成夫/photo_01.jpg,✓,✓,history,
2780,コメ兵ホールディングス,小売業,鹿内信隆,,,,,,,history,
2780,コメ兵ホールディングス,小売業,浅野賢澄,,,,photos_1/2780_コメ兵ホールディングス/history/04_浅野賢澄/photo_01.jpg,✓,✓,history,
2780,コメ兵ホールディングス,小売業,鹿内春雄,,,,photos_1/2780_コメ兵ホールディングス/history/05_鹿内春雄/photo_01.jpg,✓,✓,history,
2780,コメ兵ホールディングス,小売業,鹿内宏明,,,,photos_1/2780_コメ兵ホールディングス/history/06_鹿内宏明/photo_01.jpg,✓,✓,history,
2780,コメ兵ホールディングス,小売業,日枝久,,,,photos_1/2780_コメ兵ホールディングス/history/07_日枝久/photo_01.jpg,✓,✓,history,
2780,コメ兵ホールディングス,小売業,嘉納修治,,,,photos_1/2780_コメ兵ホールディングス/history/08_嘉納修治/photo_01.jpg,✓,✓,history,
2782,セリア,小売業,植田和磨,2002年12月4日,,,photos_1/2782_セリア/history/01_植田和磨/photo_01.jpg,✓,✓,history,
2782,セリア,小売業,平生翔大,2002年10月11日,,,photos_1/2782_セリア/history/02_平生翔大/photo_01.jpg,✓,✓,history,
2782,セリア,小売業,小村真也,2002年5月28日,,,photos_1/2782_セリア/history/03_小村真也/photo_01.jpg,✓,✓,history,
2782,セリア,小売業,古畑翔,,,,photos_1/2782_セリア/history/04_古畑翔/photo_01.jpg,✓,✓,history,
2782,セリア,小売業,池田悠希,,,,photos_1/2782_セリア/history/05_池田悠希/photo_01.jpg,✓,✓,history,
2782,セリア,小売業,祝原涼介,,,,photos_1/2782_セリア/history/06_祝原涼介/photo_01.jpg,✓,✓,history,
2784,アルフレッサ　ホールディングス,卸売業,表者 時田宗,,,,photos_1/2784_アルフレッサ_ホールディングス/history/01_表者_時田宗/photo_01.jpg,✓,✓,history,
2784,アルフレッサ　ホールディングス,卸売業,荒川 隆治,,,,photos_1/2784_アルフレッサ_ホールディングス/history/02_荒川_隆治/photo_01.jpg,✓,✓,history,
2788,アップルインターナショナル,卸売業,,,,,,,,missing,要調査
2789,カルラ,小売業,井上 善行,,（現在）,,photos_1/2789_カルラ/current/photo_01.jpg,✓,✓,current,
2790,ナフコ,小売業,石田 卓巳,,（現在）,,photos_1/2790_ナフコ/current/photo_01.jpg,✓,✓,current,
2791,大黒天物産,小売業,,,,,,,,missing,要調査
2792,ハニーズホールディングス,小売業,院前 伊集院,,,,photos_1/2792_ハニーズホールディングス/history/01_院前_伊集院/photo_01.jpg,✓,✓,history,
2795,日本プリメックス,卸売業,"方針
世界的",,（現在）,,photos_1/2795_日本プリメックス/current/photo_01.jpg,✓,✓,current,
2796,ファーマライズホールディングス,小売業,院前 伊集院,,,,photos_1/2796_ファーマライズホールディングス/history/01_院前_伊集院/photo_01.jpg,✓,✓,history,
2798,ワイズテーブルコーポレーション,小売業,,,,,,,,missing,要調査
2801,キッコーマン,食料品,,,,,,,,missing,要調査
2802,味の素,食料品,,,,,,,,missing,要調査
2804,ブルドックソース,食料品,明治,,（現在）,,photos_1/2804_ブルドックソース/current/photo_01.jpg,✓,✓,current,
2805,ヱスビー食品,食料品,王洲 銀河劇,,,,photos_1/2805_ヱスビー食品/history/01_王洲_銀河劇/photo_01.jpg,✓,✓,history,
2806,ユタカフーズ,食料品,伊藤 輝夫,,,,photos_1/2806_ユタカフーズ/history/01_伊藤_輝夫/photo_01.jpg,✓,✓,history,
2809,キユーピー,食料品,始者 中島董,,（現在）,,photos_1/2809_キユーピー/current/photo_01.jpg,✓,✓,current,
2809,キユーピー,食料品,樽井 史朗,,,,photos_1/2809_キユーピー/history/01_樽井_史朗/photo_01.jpg,✓,✓,history,
2810,ハウス食品グループ本社,食料品,浦上 博史,,（現在）,,photos_1/2810_ハウス食品グループ本社/current/photo_01.jpg,✓,✓,current,
2811,カゴメ,食料品,,,,,,,,missing,要調査
2813,和弘食品,食料品,,,,,,,,missing,要調査
2814,佐藤食品工業,食料品,,,,,,,,missing,要調査
2815,アリアケジャパン,食料品,神子柴 寿昭,,,,photos_1/2815_アリアケジャパン/history/01_神子柴_寿昭/photo_01.jpg,✓,✓,history,
2815,アリアケジャパン,食料品,三部 敏宏,,,,photos_1/2815_アリアケジャパン/history/02_三部_敏宏/photo_01.jpg,✓,✓,history,
2815,アリアケジャパン,食料品,倉石 誠司,,,,photos_1/2815_アリアケジャパン/history/03_倉石_誠司/photo_01.jpg,✓,✓,history,
2815,アリアケジャパン,食料品,竹内 弘平,,,,photos_1/2815_アリアケジャパン/history/04_竹内_弘平/photo_01.jpg,✓,✓,history,
2815,アリアケジャパン,食料品,鈴木 麻子,,,,photos_1/2815_アリアケジャパン/history/05_鈴木_麻子/photo_01.jpg,✓,✓,history,
2815,アリアケジャパン,食料品,貝原 典也,,,,photos_1/2815_アリアケジャパン/history/06_貝原_典也/photo_01.jpg,✓,✓,history,
2816,ダイショー,食料品,進士仁一,,,,photos_1/2816_ダイショー/history/01_進士仁一/photo_01.jpg,✓,✓,history,
2816,ダイショー,食料品,手塚卓志,,,,photos_1/2816_ダイショー/history/02_手塚卓志/photo_01.jpg,✓,✓,history,
2818,ピエトロ,食料品,,,,,,,,missing,要調査
2819,エバラ食品工業,食料品,森村　剛士,,（現在）,,photos_1/2819_エバラ食品工業/current/photo_01.jpg,✓,✓,current,
2820,やまみ,食料品,"社名
株",2025年6月,（現在）,,photos_1/2820_やまみ/current/photo_01.jpg,✓,✓,current,
2830,アヲハタ,食料品,最高品質,,（現在）,,photos_1/2830_アヲハタ/current/photo_01.jpg,✓,✓,current,
2830,アヲハタ,食料品,上田 敏哉,,,,photos_1/2830_アヲハタ/history/01_上田_敏哉/photo_01.jpg,✓,✓,history,
2831,はごろもフーズ,食料品,,,,,,,,missing,要調査
2871,ニチレイ,食料品,"一覧
 各拠点",,（現在）,,photos_1/2871_ニチレイ/current/photo_01.jpg,✓,✓,current,
2871,ニチレイ,食料品,七澤　正市取,2026年4月1日,,,photos_1/2871_ニチレイ/history/01_七澤_正市取/photo_01.jpg,✓,✓,history,
2871,ニチレイ,食料品,本田　実執行,2026年4月1日,,,photos_1/2871_ニチレイ/history/02_本田_実執行/photo_01.jpg,✓,✓,history,
2871,ニチレイ,食料品,箕輪　巧執行,2026年4月1日,,,photos_1/2871_ニチレイ/history/03_箕輪_巧執行/photo_01.jpg,✓,✓,history,
2871,ニチレイ,食料品,大櫛 顕也,2026年2月17日,,,photos_1/2871_ニチレイ/history/04_大櫛_顕也/photo_01.jpg,✓,✓,history,
2871,ニチレイ,食料品,上野　直之常,,,,photos_1/2871_ニチレイ/history/05_上野_直之常/photo_01.jpg,✓,✓,history,
2872,セイヒョー,食料品,周一　資本金,2022年6月,2022年2月,,photos_1/2872_セイヒョー/history/01_周一_資本金/photo_01.jpg,✓,✓,history,
2874,横浜冷凍,卸売業,古瀬 健児,2001年10月,（現在）,,photos_1/2874_横浜冷凍/current/photo_01.jpg,✓,✓,current,
2875,東洋水産,食料品,住本 憲,,（現在）,,photos_1/2875_東洋水産/current/photo_01.jpg,✓,✓,current,
2876,デルソーレ,食料品,,,,,,,,missing,要調査
2877,日東ベスト,食料品,日東,,（現在）,,photos_1/2877_日東ベスト/current/photo_01.jpg,✓,✓,current,
2882,イートアンドホールディングス,食料品,文野 直樹,,（現在）,,photos_1/2882_イートアンドホールディングス/current/photo_01.jpg,✓,✓,current,
2882,イートアンドホールディングス,食料品,院前 伊集院,,,,photos_1/2882_イートアンドホールディングス/history/01_院前_伊集院/photo_01.jpg,✓,✓,history,
2883,大冷,食料品,,,,,,,,missing,要調査
2884,ヨシムラ・フード・ホールディングス,食料品,吉村 元久,,（現在）,,photos_1/2884_ヨシムラ・フード・ホールディングス/current/photo_01.jpg,✓,✓,current,
2884,ヨシムラ・フード・ホールディングス,食料品,彦氏　寺畠正,2020年1月9日,2024年1月20日,,photos_1/2884_ヨシムラ・フード・ホールディングス/history/01_彦氏_寺畠正/photo_01.jpg,✓,✓,history,
2892,日本食品化工,食料品,当社,,（現在）,,photos_1/2892_日本食品化工/current/photo_01.jpg,✓,✓,current,
2892,日本食品化工,食料品,兼務 来年,2019年9月11日,2020年9月30日,,photos_1/2892_日本食品化工/history/01_兼務_来年/photo_01.jpg,✓,✓,history,
2894,石井食品,食料品,,,,,,,,missing,要調査
2897,日清食品ホールディングス,食料品,,,,,,,,missing,要調査
2901,ウェルディッシュ,食料品,月期 決算説,2026年01月,（現在）,,,,,current,
2901,ウェルディッシュ,食料品,小松 周平,,,,photos_1/2901_ウェルディッシュ/history/01_小松_周平/photo_01.jpg,✓,✓,history,
2903,シノブフーズ,食料品,,,,,,,,missing,要調査
2904,一正蒲鉾,食料品,,,,,,,,missing,要調査
2907,あじかん,食料品,,,,,,,,missing,要調査
2908,フジッコ,食料品,,,,,,,,missing,要調査
2910,ロック・フィールド,食料品,古塚　孝志,,（現在）,,photos_1/2910_ロック・フィールド/current/photo_01.jpg,✓,✓,current,
2911,旭松食品,食料品,務用 調味料,,,,photos_1/2911_旭松食品/history/01_務用_調味料/photo_01.jpg,✓,✓,history,
2914,日本たばこ産業,食料品,彦氏　寺畠正,2020年1月9日,2024年1月20日,,photos_1/2914_日本たばこ産業/history/01_彦氏_寺畠正/photo_01.jpg,✓,✓,history,
2915,ケンコーマヨネーズ,食料品,,,,,,,,missing,要調査
2916,仙波糖化工業,食料品,小林 光夫資,2020年3月,2020年3月,,photos_1/2916_仙波糖化工業/history/01_小林_光夫資/photo_01.jpg,✓,✓,history,
2917,大森屋,食料品,楠瀬 好房,2008年9月30日,,,photos_1/2917_大森屋/history/01_楠瀬_好房/photo_01.jpg,✓,✓,history,
2918,わらべや日洋ホールディングス,食料品,,,,,,,,missing,要調査
2922,なとり,食料品,,,,,,,,missing,要調査
2923,サトウ食品,食料品,,,,,,,,missing,要調査
2924,イフジ産業,食料品,,,,,,,,missing,要調査
2926,篠崎屋,食料品,,,,,,,,missing,要調査
2927,AFC-HDアムスライフサイエンス,食料品,"挨拶
私",,（現在）,,photos_1/2927_AFC-HDアムスライフサイエンス/current/photo_01.jpg,✓,✓,current,
2929,ファーマフーズ,食料品,金 武祚,,（現在）,,photos_1/2929_ファーマフーズ/current/photo_01.jpg,✓,✓,current,
2930,北の達人コーポレーション,化学,木下 勝寿,2020年10月,（現在）,,,,,current,
2930,北の達人コーポレーション,化学,木下　浩子,2025年2月28日,,,photos_1/2930_北の達人コーポレーション/history/01_木下_浩子/photo_01.jpg,✓,✓,history,
2931,ユーグレナ,食料品,出雲 充,2025年8月,（現在）,,photos_1/2931_ユーグレナ/current/photo_01.jpg,✓,✓,current,
2931,ユーグレナ,食料品,南沢　典子,2021年12月31日,,,photos_1/2931_ユーグレナ/history/01_南沢_典子/photo_01.jpg,✓,✓,history,
2932,STIフードホールディングス,食料品,,,,,,,,missing,要調査
2933,紀文食品,食料品,,,,,,,,missing,要調査
2934,ジェイフロンティア,食料品,中村 篤弘,2021年3月,（現在）,,photos_1/2934_ジェイフロンティア/current/photo_01.jpg,✓,✓,current,
2935,ピックルスホールディングス,食料品,提供,,（現在）,,photos_1/2935_ピックルスホールディングス/current/photo_01.jpg,✓,✓,current,
2935,ピックルスホールディングス,食料品,荻野 芳隆,2025年8月31日,,,photos_1/2935_ピックルスホールディングス/history/01_荻野_芳隆/photo_01.jpg,✓,✓,history,
2936,ベースフード,食料品,,,,,,,,missing,要調査
2937,サンクゼール,食料品,守流 利益,,,,photos_1/2937_サンクゼール/history/01_守流_利益/photo_01.jpg,✓,✓,history,
2937,サンクゼール,食料品,奪戦 資源,,,,photos_1/2937_サンクゼール/history/02_奪戦_資源/photo_01.jpg,✓,✓,history,
2937,サンクゼール,食料品,代目 執念,,,,photos_1/2937_サンクゼール/history/03_代目_執念/photo_01.jpg,✓,✓,history,
2938,オカムラ食品工業,食料品,岡村 恒一,2025年6月,（現在）,,photos_1/2938_オカムラ食品工業/current/photo_01.jpg,✓,✓,current,
2961,日本調理機,金属製品,,,,,,,,missing,要調査
2962,テクニスコ,金属製品,関家　圭三,,（現在）,,photos_1/2962_テクニスコ/current/photo_01.jpg,✓,✓,current,
2970,グッドライフカンパニー,不動産業,,,,,,,,missing,要調査
2975,スター・マイカ・ホールディングス,不動産業,水永 政志,2019年6月,（現在）,,photos_1/2975_スター・マイカ・ホールディングス/current/photo_01.jpg,✓,✓,current,
2978,ツクルバ,不動産業,"締役
福島",2019年6月,（現在）,,photos_1/2978_ツクルバ/current/photo_01.jpg,✓,✓,current,
2980,SREホールディングス,不動産業,西山 和良,,（現在）,,photos_1/2980_SREホールディングス/current/photo_01.jpg,✓,✓,current,
2981,ランディックス,不動産業,決算説明,2020年頃,,,photos_1/2981_ランディックス/history/01_決算説明/photo_01.jpg,✓,✓,history,
2982,ADワークスグループ,不動産業,田中 秀夫,2011年2月,（現在）,,photos_1/2982_ADワークスグループ/current/photo_01.jpg,✓,✓,current,
2983,アールプランナー,不動産業,当社 梢政樹,2025年11月,（現在）,,photos_1/2983_アールプランナー/current/photo_01.jpg,✓,✓,current,
2983,アールプランナー,不動産業,伝説 怪奇,,,,photos_1/2983_アールプランナー/history/01_伝説_怪奇/photo_01.jpg,✓,✓,history,
2983,アールプランナー,不動産業,伝説 哲也,,,,photos_1/2983_アールプランナー/history/02_伝説_哲也/photo_01.jpg,✓,✓,history,
2983,アールプランナー,不動産業,子屋 銭天堂,,,,photos_1/2983_アールプランナー/history/03_子屋_銭天堂/photo_01.jpg,✓,✓,history,
2983,アールプランナー,不動産業,界編 序奏,,,,photos_1/2983_アールプランナー/history/04_界編_序奏/photo_01.jpg,✓,✓,history,
2983,アールプランナー,不動産業,皇子 天上編,,,,photos_1/2983_アールプランナー/history/05_皇子_天上編/photo_01.jpg,✓,✓,history,
2984,ヤマイチ・ユニハイムエステート,不動産業,,,,,,,,missing,要調査
2986,LAホールディングス,不動産業,,,,,,,,missing,要調査
2991,ランドネット,不動産業,,,,,,,,missing,要調査
2993,長栄,不動産業,舩井 渉,,（現在）,,photos_1/2993_長栄/current/photo_01.jpg,✓,✓,current,
2997,ストレージ王,不動産業,締役　 荒川,2022年4月,（現在）,,photos_1/2997_ストレージ王/current/photo_01.jpg,✓,✓,current,
2998,クリアル,不動産業,横田　大造,,（現在）,,photos_1/2998_クリアル/current/photo_01.jpg,✓,✓,current,
2999,ホームポジション,不動産業,,,,,,,,missing,要調査
3001,片倉工業,繊維製品,通称社名,2024年12月,（現在）,,photos_1/3001_片倉工業/current/photo_01.jpg,✓,✓,current,
3002,グンゼ,繊維製品,"環境
社会",,（現在）,,photos_1/3002_グンゼ/current/photo_01.jpg,✓,✓,current,
3003,ヒューリック,不動産業,会長 西浦,2024年12月,（現在）,,photos_1/3003_ヒューリック/current/photo_01.jpg,✓,✓,current,
3004,神栄,卸売業,,,,,,,,missing,要調査
3010,ポラリス・ホールディングス,サービス業,"会長
高倉",,（現在）,,photos_1/3010_ポラリス・ホールディングス/current/photo_01.jpg,✓,✓,current,
3011,バナーズ,小売業,,,,,,,,missing,要調査
3020,アプライド,小売業,,,,,,,,missing,要調査
3021,パシフィックネット,サービス業,,,,,,,,missing,要調査
3023,ラサ商事,卸売業,月期 第,2026年３月,（現在）,,photos_1/3023_ラサ商事/current/photo_01.jpg,✓,✓,current,
3024,クリエイト,卸売業,,,,,,,,missing,要調査
3028,アルペン,小売業,,,,,,,,missing,要調査
3030,ハブ,小売業,,,,,,,,missing,要調査
3031,ラクーンホールディングス,情報・通信業,小方 功,2013年5月,（現在）,,photos_1/3031_ラクーンホールディングス/current/photo_01.jpg,✓,✓,current,
3034,クオールホールディングス,小売業,中村 敬,,（現在）,,photos_1/3034_クオールホールディングス/current/photo_01.jpg,✓,✓,current,
3035,ケイティケイ,卸売業,青山 英生,,,,photos_1/3035_ケイティケイ/history/01_青山_英生/photo_01.jpg,✓,✓,history,
3036,アルコニックス,卸売業,代木 洋,2003年4月,（現在）,,photos_1/3036_アルコニックス/current/photo_01.jpg,✓,✓,current,
3036,アルコニックス,卸売業,斎藤 善敬,,,,photos_1/3036_アルコニックス/history/01_斎藤_善敬/photo_01.jpg,✓,✓,history,
3038,神戸物産,卸売業,沼田　博和,,（現在）,,photos_1/3038_神戸物産/current/photo_01.jpg,✓,✓,current,
3040,ソリトンシステムズ,情報・通信業,,,,,,,,missing,要調査
3041,ビューティカダンホールディングス,卸売業,,,,,,,,missing,要調査
3042,セキュアヴェイル,情報・通信業,,,,,,,,missing,要調査
3045,カワサキ,卸売業,提訴 毎日新,2012年12月6日,2014年6月23日,,photos_1/3045_カワサキ/history/01_提訴_毎日新/photo_01.jpg,✓,✓,history,
3046,ジンズホールディングス,小売業,植村甲午郎,,,,photos_1/3046_ジンズホールディングス/history/01_植村甲午郎/photo_01.jpg,✓,✓,history,
3046,ジンズホールディングス,小売業,水野成夫,,,,photos_1/3046_ジンズホールディングス/history/02_水野成夫/photo_01.jpg,✓,✓,history,
3046,ジンズホールディングス,小売業,鹿内信隆,,,,,,,history,
3046,ジンズホールディングス,小売業,浅野賢澄,,,,photos_1/3046_ジンズホールディングス/history/04_浅野賢澄/photo_01.jpg,✓,✓,history,
3046,ジンズホールディングス,小売業,鹿内春雄,,,,photos_1/3046_ジンズホールディングス/history/05_鹿内春雄/photo_01.jpg,✓,✓,history,
3046,ジンズホールディングス,小売業,鹿内宏明,,,,photos_1/3046_ジンズホールディングス/history/06_鹿内宏明/photo_01.jpg,✓,✓,history,
3046,ジンズホールディングス,小売業,日枝久,,,,photos_1/3046_ジンズホールディングス/history/07_日枝久/photo_01.jpg,✓,✓,history,
3046,ジンズホールディングス,小売業,嘉納修治,,,,photos_1/3046_ジンズホールディングス/history/08_嘉納修治/photo_01.jpg,✓,✓,history,
3048,ビックカメラ,小売業,,,,,,,,missing,要調査
3050,DCMホールディングス,小売業,,,,,,,,missing,要調査
3053,ペッパーフードサービス,小売業,,,,,,,,missing,要調査
3054,ハイパー,卸売業,,,,,,,,missing,要調査
3058,三洋堂ホールディングス,小売業,加藤 和裕,2021年3月31日,,,photos_1/3058_三洋堂ホールディングス/history/01_加藤_和裕/photo_01.jpg,✓,✓,history,
3059,ヒラキ,小売業,,,,,,,,missing,要調査
3063,ジェイグループホールディングス,小売業,松永 圭司,2017年2月,,,photos_1/3063_ジェイグループホールディングス/history/01_松永_圭司/photo_01.jpg,✓,✓,history,
3064,MonotaRO,小売業,,,,,,,,missing,要調査
3065,ライフフーズ,小売業,,,,,,,,missing,要調査
3067,東京一番フーズ,小売業,,,,,,,,missing,要調査
3068,WDI,小売業,,,,,,,,missing,要調査
3069,JFLAホールディングス,食料品,檜垣　周作,2000年頃,,,photos_1/3069_JFLAホールディングス/history/01_檜垣_周作/photo_01.jpg,✓,✓,history,
3070,ジェリービーンズグループ,卸売業,,,,,,,,missing,要調査
3071,ストリーム,小売業,,,,,,,,missing,要調査
3075,銚子丸,小売業,植村甲午郎,,,,photos_1/3075_銚子丸/history/01_植村甲午郎/photo_01.jpg,✓,✓,history,
3075,銚子丸,小売業,水野成夫,,,,photos_1/3075_銚子丸/history/02_水野成夫/photo_01.jpg,✓,✓,history,
3075,銚子丸,小売業,鹿内信隆,,,,,,,history,
3075,銚子丸,小売業,浅野賢澄,,,,photos_1/3075_銚子丸/history/04_浅野賢澄/photo_01.jpg,✓,✓,history,
3075,銚子丸,小売業,鹿内春雄,,,,photos_1/3075_銚子丸/history/05_鹿内春雄/photo_01.jpg,✓,✓,history,
3075,銚子丸,小売業,鹿内宏明,,,,photos_1/3075_銚子丸/history/06_鹿内宏明/photo_01.jpg,✓,✓,history,
3075,銚子丸,小売業,日枝久,,,,photos_1/3075_銚子丸/history/07_日枝久/photo_01.jpg,✓,✓,history,
3075,銚子丸,小売業,嘉納修治,,,,photos_1/3075_銚子丸/history/08_嘉納修治/photo_01.jpg,✓,✓,history,
3076,あい　ホールディングス,卸売業,,,,,,,,missing,要調査
3077,ホリイフードサービス,小売業,進士仁一,,,,photos_1/3077_ホリイフードサービス/history/01_進士仁一/photo_01.jpg,✓,✓,history,
3077,ホリイフードサービス,小売業,手塚卓志,,,,photos_1/3077_ホリイフードサービス/history/02_手塚卓志/photo_01.jpg,✓,✓,history,
3079,ディーブイエックス,卸売業,,,,,,,,missing,要調査
3080,ジェーソン,小売業,,,,,,,,missing,要調査
3082,きちりホールディングス,小売業,,,,,,,,missing,要調査
3083,スターシーズ,小売業,,,,,,,,missing,要調査
3086,J.フロント　リテイリング,小売業,小出 寛子,2001年4月,（現在）,,photos_1/3086_J.フロント_リテイリング/current/photo_01.jpg,✓,,current,
3087,ドトール・日レスホールディングス,小売業,彦氏　寺畠正,2020年1月9日,2024年1月20日,,photos_1/3087_ドトール・日レスホールディングス/history/01_彦氏_寺畠正/photo_01.jpg,✓,✓,history,
3088,マツキヨココカラ&カンパニー,小売業,,,,,,,,missing,要調査
3089,テクノアルファ,卸売業,,,,,,,,missing,要調査
3091,ブロンコビリー,小売業,,,,,,,,missing,要調査
3092,ZOZO,小売業,澤田 宏太郎,2005年６月,（現在）,,photos_1/3092_ZOZO/current/photo_01.jpg,✓,✓,current,
3092,ZOZO,小売業,拒否 新規参,2022年2月19日,2018年7月18日,,photos_1/3092_ZOZO/history/01_拒否_新規参/photo_01.jpg,✓,✓,history,
3092,ZOZO,小売業,澤氏 千葉,2019年12月25日,2019年12月25日,,photos_1/3092_ZOZO/history/02_澤氏_千葉/photo_01.jpg,✓,✓,history,
3092,ZOZO,小売業,落札 資金繰,2019年5月13日,2019年5月17日,,photos_1/3092_ZOZO/history/03_落札_資金繰/photo_01.jpg,✓,✓,history,
3093,トレジャー・ファクトリー,小売業,,,,,,,,missing,要調査
3094,スーパーバリュー,小売業,,,,,,,,missing,要調査
3096,オーシャンシステム,小売業,,,,,,,,missing,要調査
3097,物語コーポレーション,小売業,"社名
株",2025年6月,（現在）,,photos_1/3097_物語コーポレーション/current/photo_01.jpg,✓,✓,current,
3099,三越伊勢丹ホールディングス,小売業,,,,,,,,missing,要調査
3101,東洋紡,繊維製品,,,,,,,,missing,要調査
3103,ユニチカ,繊維製品,問合,,（現在）,,photos_1/3103_ユニチカ/current/photo_01.jpg,✓,✓,current,
3104,富士紡ホールディングス,繊維製品,,,,,,,,missing,要調査
3105,日清紡ホールディングス,電気機器,日清紡,,（現在）,,photos_1/3105_日清紡ホールディングス/current/photo_01.jpg,✓,✓,current,
3106,倉敷紡績,繊維製品,社会,,（現在）,,photos_1/3106_倉敷紡績/current/photo_01.jpg,✓,✓,current,
3107,ダイワボウホールディングス,卸売業,,,,,,,,missing,要調査
3109,シキボウ,繊維製品,,,,,,,,missing,要調査
3110,日東紡績,ガラス・土石製品,,,,,,,,missing,要調査
3111,オーミケンシ,繊維製品,俳優 亀岡拓,,,,photos_1/3111_オーミケンシ/history/01_俳優_亀岡拓/photo_01.jpg,✓,✓,history,
3113,UNIVA・Oakホールディングス,証券・商品先物取引業,,,,,,,,missing,要調査
3116,トヨタ紡織,輸送用機器,白柳 正義,,（現在）,,photos_1/3116_トヨタ紡織/current/photo_01.jpg,✓,✓,current,
3121,マーチャント・バンカーズ,サービス業,経済 研究,2013年01月10日,,,photos_1/3121_マーチャント・バンカーズ/history/01_経済_研究/photo_01.jpg,✓,✓,history,
3123,サイボー,繊維製品,,,,,,,,missing,要調査
3131,シンデン・ハイテックス,卸売業,鈴木 淳,,（現在）,,photos_1/3131_シンデン・ハイテックス/current/photo_01.jpg,✓,✓,current,
3132,マクニカホールディングス,卸売業,,,,,,,,missing,要調査
3133,海帆,小売業,,,,,,,,missing,要調査
3134,Hamee,小売業,,,,,,,,missing,要調査
3135,マーケットエンタープライズ,小売業,小林 泰士,2026年2月24日,,,photos_1/3135_マーケットエンタープライズ/history/01_小林_泰士/photo_01.jpg,✓,✓,history,
3137,ファンデリー,小売業,娼館 望郷,,,,photos_1/3137_ファンデリー/history/01_娼館_望郷/photo_01.jpg,✓,✓,history,
3137,ファンデリー,小売業,七号 君想,,,,photos_1/3137_ファンデリー/history/02_七号_君想/photo_01.jpg,✓,✓,history,
3138,富士山マガジンサービス,小売業,,,,,,,,missing,要調査
3139,ラクト・ジャパン,卸売業,,,,,,,,missing,要調査
3140,BRUNO,卸売業,,,,,,,,missing,要調査
3141,ウエルシアホールディングス,小売業,,,,,,,,missing,要調査
3143,オーウイル,卸売業,,,,,,,,missing,要調査
3148,クリエイトSDホールディングス,小売業,,,,,,,,missing,要調査
3150,グリムス,電気・ガス業,,,,,,,,missing,要調査
3151,バイタルケーエスケー・ホールディングス,卸売業,村井 泰介,2006年6月,（現在）,,photos_1/3151_バイタルケーエスケー・ホールディングス/current/photo_01.jpg,✓,✓,current,
3153,八洲電機,卸売業,,,,,,,,missing,要調査
3154,メディアスホールディングス,卸売業,,,,,,,,missing,要調査
3156,レスター,卸売業,,,,,,,,missing,要調査
3157,ジオリーブグループ,卸売業,植木 啓之,,（現在）,,photos_1/3157_ジオリーブグループ/current/photo_01.jpg,✓,✓,current,
3159,丸善CHIホールディングス,小売業,"拡大
丸善",,（現在）,,photos_1/3159_丸善CHIホールディングス/current/photo_01.jpg,✓,✓,current,
3159,丸善CHIホールディングス,小売業,万円　日本人,2011年1月11日,2012年2月8日,,photos_1/3159_丸善CHIホールディングス/history/01_万円_日本人/photo_01.jpg,✓,✓,history,
3160,大光,卸売業,,,,,,,,missing,要調査
3161,アゼアス,卸売業,斉藤　文明,,,,photos_1/3161_アゼアス/history/01_斉藤_文明/photo_01.jpg,✓,✓,history,
3166,OCHIホールディングス,卸売業,,,,,,,,missing,要調査
3167,TOKAIホールディングス,卸売業,,,,,,,,missing,要調査
3168,MERF,卸売業,,,,,,,,missing,要調査
3169,ミサワ,小売業,,,,,,,,missing,要調査
3172,ティーライフ,小売業,,,,,,,,missing,要調査
3173,Cominix,卸売業,社会,,（現在）,,photos_1/3173_Cominix/current/photo_01.jpg,✓,✓,current,
3174,ハピネス・アンド・ディ,小売業,前原　聡,,（現在）,,photos_1/3174_ハピネス・アンド・ディ/current/photo_01.jpg,✓,✓,current,
3175,エー・ピーホールディングス,小売業,院前 伊集院,,,,photos_1/3175_エー・ピーホールディングス/history/01_院前_伊集院/photo_01.jpg,✓,✓,history,
3176,三洋貿易,卸売業,新谷　正伸,,（現在）,,photos_1/3176_三洋貿易/current/photo_01.jpg,✓,✓,current,
3176,三洋貿易,卸売業,新谷　正伸,2022年頃,,,photos_1/3176_三洋貿易/history/01_新谷_正伸/photo_01.jpg,✓,✓,history,
3177,ありがとうサービス,小売業,,,,,,,,missing,要調査
3178,チムニー,小売業,茨田 篤司,,,,photos_1/3178_チムニー/history/01_茨田_篤司/photo_01.jpg,✓,✓,history,
3179,シュッピン,小売業,,,,,,,,missing,要調査
3180,ビューティガレージ,卸売業,野村 秀輝,2001年1月,（現在）,,photos_1/3180_ビューティガレージ/current/photo_01.jpg,✓,✓,current,
3181,買取王国,小売業,,,,,,,,missing,要調査
3182,オイシックス・ラ・大地,小売業,私達,2020年4月,（現在）,,photos_1/3182_オイシックス・ラ・大地/current/photo_01.jpg,✓,✓,current,
3183,ウイン・パートナーズ,卸売業,,,,,,,,missing,要調査
3184,ICDAホールディングス,小売業,向井 俊樹,2019年3月31日,,,photos_1/3184_ICDAホールディングス/history/01_向井_俊樹/photo_01.jpg,✓,✓,history,
3185,夢展望,小売業,,,,,,,,missing,要調査
3186,ネクステージ,小売業,植村甲午郎,,,,photos_1/3186_ネクステージ/history/01_植村甲午郎/photo_01.jpg,✓,✓,history,
3186,ネクステージ,小売業,水野成夫,,,,photos_1/3186_ネクステージ/history/02_水野成夫/photo_01.jpg,✓,✓,history,
3186,ネクステージ,小売業,鹿内信隆,,,,,,,history,
3186,ネクステージ,小売業,浅野賢澄,,,,photos_1/3186_ネクステージ/history/04_浅野賢澄/photo_01.jpg,✓,✓,history,
3186,ネクステージ,小売業,鹿内春雄,,,,photos_1/3186_ネクステージ/history/05_鹿内春雄/photo_01.jpg,✓,✓,history,
3186,ネクステージ,小売業,鹿内宏明,,,,photos_1/3186_ネクステージ/history/06_鹿内宏明/photo_01.jpg,✓,✓,history,
3186,ネクステージ,小売業,日枝久,,,,photos_1/3186_ネクステージ/history/07_日枝久/photo_01.jpg,✓,✓,history,
3186,ネクステージ,小売業,嘉納修治,,,,photos_1/3186_ネクステージ/history/08_嘉納修治/photo_01.jpg,✓,✓,history,
3187,ミラタップ,小売業,"状況
企業統",2025年12月,（現在）,,photos_1/3187_ミラタップ/current/photo_01.jpg,✓,✓,current,
3189,ANAPホールディングス,小売業,,,,,,,,missing,要調査
3190,ホットマン,小売業,坂本　将之資,2025年3月,,,photos_1/3190_ホットマン/history/01_坂本_将之資/photo_01.jpg,✓,✓,history,
3191,ジョイフル本田,小売業,,,,,,,,missing,要調査
3192,白鳩,小売業,,,,,,,,missing,要調査
3193,エターナルホスピタリティグループ,小売業,,,,,,,,missing,要調査
3195,ジェネレーションパス,小売業,"説明
当社",2021年１月,（現在）,,photos_1/3195_ジェネレーションパス/current/photo_01.jpg,✓,✓,current,
3196,ホットランドホールディングス,小売業,,,,,,,,missing,要調査
3197,すかいらーくホールディングス,小売業,金谷 実,,（現在）,,photos_1/3197_すかいらーくホールディングス/current/photo_01.jpg,✓,✓,current,
3197,すかいらーくホールディングス,小売業,言及　金額,2025年6月25日,2025年6月29日,,photos_1/3197_すかいらーくホールディングス/history/01_言及_金額/photo_01.jpg,✓,✓,history,
3198,SFPホールディングス,小売業,"方

当社",2025年5月,（現在）,,photos_1/3198_SFPホールディングス/current/photo_01.jpg,✓,✓,current,
3199,綿半ホールディングス,小売業,野原　勇,,（現在）,,photos_1/3199_綿半ホールディングス/current/photo_01.jpg,✓,✓,current,
3201,日本毛織,繊維製品,,,,,,,,missing,要調査
3202,ダイトウボウ,繊維製品,山内 一裕,,（現在）,,photos_1/3202_ダイトウボウ/current/photo_01.jpg,✓,✓,current,
3204,トーア紡コーポレーション,繊維製品,,,,,,,,missing,要調査
3205,ダイドーリミテッド,繊維製品,成瀬　功一郎,2024年5月,（現在）,,photos_1/3205_ダイドーリミテッド/current/photo_01.jpg,✓,✓,current,
3221,ヨシックスホールディングス,小売業,,,,,,,,missing,要調査
3222,ユナイテッド・スーパーマーケット・ホールディングス,小売業,井出 武美,,（現在）,,photos_1/3222_ユナイテッド・スーパーマーケット・ホールディングス/current/photo_01.jpg,✓,✓,current,
3223,エスエルディー,小売業,,,,,,,,missing,要調査
3224,ゼネラル・オイスター,小売業,,,,,,,,missing,要調査
3231,野村不動産ホールディングス,不動産業,野村不動,,（現在）,,photos_1/3231_野村不動産ホールディングス/current/photo_01.jpg,✓,✓,current,
3232,三重交通グループホールディングス,不動産業,"案内

日本語",2025年6月,（現在）,,,,,current,
3236,プロパスト,不動産業,,,,,,,,missing,要調査
3237,イントランス,不動産業,,,,,,,,missing,要調査
3238,セントラル総合開発,不動産業,田中 洋一,,,,photos_1/3238_セントラル総合開発/history/01_田中_洋一/photo_01.jpg,✓,✓,history,
3241,ウィル,不動産業,田中 真次,,（現在）,,photos_1/3241_ウィル/current/photo_01.jpg,✓,✓,current,
3241,ウィル,不動産業,次氏　社員,,,,photos_1/3241_ウィル/history/01_次氏_社員/photo_01.jpg,✓,✓,history,
3242,アーバネットコーポレーション,不動産業,田中,,（現在）,,photos_1/3242_アーバネットコーポレーション/current/photo_01.jpg,✓,✓,current,
3245,ディア・ライフ,不動産業,阿部 幸広,,（現在）,,photos_1/3245_ディア・ライフ/current/photo_01.jpg,✓,✓,current,
3245,ディア・ライフ,不動産業,阿部幸広,2022年頃,,,photos_1/3245_ディア・ライフ/history/01_阿部幸広/photo_01.jpg,✓,✓,history,
3246,コーセーアールイー,不動産業,進士仁一,,,,,,,history,
3246,コーセーアールイー,不動産業,手塚卓志,,,,photos_1/3246_コーセーアールイー/history/02_手塚卓志/photo_01.jpg,✓,✓,history,
3248,アールエイジ,不動産業,,,,,,,,missing,要調査
3252,地主,不動産業,西羅 曜旦,,（現在）,,photos_1/3252_地主/current/photo_01.jpg,✓,✓,current,
3252,地主,不動産業,業者 松岡,,,,photos_1/3252_地主/history/01_業者_松岡/photo_01.jpg,✓,✓,history,
3261,グランディーズ,不動産業,,,,,,,,missing,要調査
3266,ファンドクリエーショングループ,不動産業,,,,,,,,missing,要調査
3267,フィル・カンパニー,建設業,外山 晋吾,2023年8月,（現在）,,photos_1/3267_フィル・カンパニー/current/photo_01.jpg,✓,✓,current,
3271,THEグローバル社,不動産業,,,,,,,,missing,要調査
3276,JPMC,不動産業,"戦略
中長期",2022年6月,（現在）,,photos_1/3276_JPMC/current/photo_01.jpg,✓,✓,current,
3277,サンセイランディック,不動産業,,,,,,,,missing,要調査
3280,エストラスト,不動産業,"方
当社",平成17年４月,（現在）,,photos_1/3280_エストラスト/current/photo_01.jpg,✓,✓,current,
3284,フージャースホールディングス,不動産業,,,,,,,,missing,要調査
3286,トラストホールディングス,不動産業,山川 修,2001年９月,（現在）,,photos_1/3286_トラストホールディングス/current/photo_01.jpg,✓,✓,current,
3286,トラストホールディングス,不動産業,山氏　三井住,2025年12月23日,2025年12月23日,,photos_1/3286_トラストホールディングス/history/01_山氏_三井住/photo_01.jpg,✓,✓,history,
3286,トラストホールディングス,不動産業,山氏　海外,2025年7月31日,2025年12月23日,,photos_1/3286_トラストホールディングス/history/02_山氏_海外/photo_01.jpg,✓,✓,history,
3288,オープンハウスグループ,不動産業,締役 福岡,,（現在）,,photos_1/3288_オープンハウスグループ/current/photo_01.jpg,✓,✓,current,
3289,東急不動産ホールディングス,不動産業,魅力,2021年5月,（現在）,,photos_1/3289_東急不動産ホールディングス/current/photo_01.jpg,✓,✓,current,
3289,東急不動産ホールディングス,不動産業,西川 弘典,2024年頃,,,photos_1/3289_東急不動産ホールディングス/history/01_西川_弘典/photo_01.jpg,✓,✓,history,
3291,飯田グループホールディングス,不動産業,,,,,,,,missing,要調査
3293,アズマハウス,不動産業,和歌山市,2020年頃,,,photos_1/3293_アズマハウス/history/01_和歌山市/photo_01.jpg,✓,✓,history,
3294,イーグランド,不動産業,,,,,,,,missing,要調査
3297,東武住販,不動産業,荻野　利浩,2024年9月,（現在）,,photos_1/3297_東武住販/current/photo_01.jpg,✓,✓,current,
3297,東武住販,不動産業,荻野 利浩,,,,photos_1/3297_東武住販/history/01_荻野_利浩/photo_01.jpg,✓,✓,history,
3299,ムゲンエステート,不動産業,"締役
藤田",2013年3月,（現在）,,photos_1/3299_ムゲンエステート/current/photo_01.jpg,✓,✓,current,
3300,アンビション　DX　ホールディングス,不動産業,,,,,,,,missing,要調査
3302,帝国繊維,繊維製品,,,,,,,,missing,要調査
3306,日本製麻,卸売業,進士仁一,,,,photos_1/3306_日本製麻/history/01_進士仁一/photo_01.jpg,✓,✓,history,
3306,日本製麻,卸売業,手塚卓志,,,,photos_1/3306_日本製麻/history/02_手塚卓志/photo_01.jpg,✓,✓,history,
3315,日本コークス工業,石油・石炭製品,企業理念,,（現在）,,photos_1/3315_日本コークス工業/current/photo_01.jpg,✓,✓,current,
3317,フライングガーデン,小売業,,,,,,,,missing,要調査
3320,クロスプラス,卸売業,皆様,2026年1月,（現在）,,,,,current,
3321,ミタチ産業,卸売業,橘 和博,,（現在）,,photos_1/3321_ミタチ産業/current/photo_01.jpg,✓,✓,current,
3323,レカム,卸売業,,,,,,,,missing,要調査
3326,ランシステム,サービス業,月期上期,2026年3月,（現在）,,photos_1/3326_ランシステム/current/photo_01.jpg,✓,✓,current,
3329,東和フードサービス,小売業,岸野　誠人,,（現在）,,photos_1/3329_東和フードサービス/current/photo_01.jpg,✓,✓,current,
3333,あさひ,小売業,,,,,,,,missing,要調査
3349,コスモス薬品,小売業,,,,,,,,missing,要調査
3350,メタプラネット,卸売業,,,,,,,,missing,要調査
3352,バッファロー,小売業,,,,,,,,missing,要調査
3353,メディカル一光グループ,小売業,,,,,,,,missing,要調査
3355,クリヤマホールディングス,卸売業,植村甲午郎,,,,photos_1/3355_クリヤマホールディングス/history/01_植村甲午郎/photo_01.jpg,✓,✓,history,
3355,クリヤマホールディングス,卸売業,水野成夫,,,,photos_1/3355_クリヤマホールディングス/history/02_水野成夫/photo_01.jpg,✓,✓,history,
3355,クリヤマホールディングス,卸売業,鹿内信隆,,,,,,,history,
3355,クリヤマホールディングス,卸売業,浅野賢澄,,,,,,,history,
3355,クリヤマホールディングス,卸売業,鹿内春雄,,,,photos_1/3355_クリヤマホールディングス/history/05_鹿内春雄/photo_01.jpg,✓,✓,history,
3355,クリヤマホールディングス,卸売業,鹿内宏明,,,,photos_1/3355_クリヤマホールディングス/history/06_鹿内宏明/photo_01.jpg,✓,✓,history,
3355,クリヤマホールディングス,卸売業,日枝久,,,,photos_1/3355_クリヤマホールディングス/history/07_日枝久/photo_01.jpg,✓,✓,history,
3355,クリヤマホールディングス,卸売業,嘉納修治,,,,photos_1/3355_クリヤマホールディングス/history/08_嘉納修治/photo_01.jpg,✓,✓,history,
3358,ワイエスフード,小売業,,,,,,,,missing,要調査
3359,cotta,卸売業,黒須 綾希子,,（現在）,,photos_1/3359_cotta/current/photo_01.jpg,✓,✓,current,
3360,シップヘルスケアホールディングス,卸売業,締役　佐野,2007年6月,（現在）,,photos_1/3360_シップヘルスケアホールディングス/current/photo_01.jpg,✓,✓,current,
3361,トーエル,小売業,娼館 望郷,,,,photos_1/3361_トーエル/history/01_娼館_望郷/photo_01.jpg,✓,✓,history,
3361,トーエル,小売業,七号 君想,,,,photos_1/3361_トーエル/history/02_七号_君想/photo_01.jpg,✓,✓,history,
3370,フジタコーポレーション,小売業,,,,,,,,missing,要調査
3371,ソフトクリエイトホールディングス,情報・通信業,院前 伊集院,,,,photos_1/3371_ソフトクリエイトホールディングス/history/01_院前_伊集院/photo_01.jpg,✓,✓,history,
3372,関門海,小売業,,,,,,,,missing,要調査
3374,内外テック,卸売業,井田 克郎,2024年4月,（現在）,,photos_1/3374_内外テック/current/photo_01.jpg,✓,✓,current,
3374,内外テック,卸売業,神子柴 寿昭,,,,photos_1/3374_内外テック/history/01_神子柴_寿昭/photo_01.jpg,✓,✓,history,
3374,内外テック,卸売業,三部 敏宏,,,,photos_1/3374_内外テック/history/02_三部_敏宏/photo_01.jpg,✓,✓,history,
3374,内外テック,卸売業,倉石 誠司,,,,photos_1/3374_内外テック/history/03_倉石_誠司/photo_01.jpg,✓,✓,history,
3374,内外テック,卸売業,竹内 弘平,,,,photos_1/3374_内外テック/history/04_竹内_弘平/photo_01.jpg,✓,✓,history,
3374,内外テック,卸売業,鈴木 麻子,,,,photos_1/3374_内外テック/history/05_鈴木_麻子/photo_01.jpg,✓,✓,history,
3374,内外テック,卸売業,貝原 典也,,,,photos_1/3374_内外テック/history/06_貝原_典也/photo_01.jpg,✓,✓,history,
3375,ZOA,小売業,,,,,,,,missing,要調査
3377,バイク王&カンパニー,卸売業,澤　篤史,2007年7月,（現在）,,photos_1/3377_バイク王&カンパニー/current/photo_01.jpg,✓,,current,
3382,セブン&アイ・ホールディングス,小売業,締役　会長,2002年5月,（現在）,,photos_1/3382_セブン&アイ・ホールディングス/current/photo_01.jpg,✓,,current,
3382,セブン&アイ・ホールディングス,小売業,院前 伊集院,,,,photos_1/3382_セブン&アイ・ホールディングス/history/01_院前_伊集院/photo_01.jpg,✓,✓,history,
3386,コスモ・バイオ,卸売業,,,,,,,,missing,要調査
3387,クリエイト・レストランツ・ホールディングス,小売業,創業,,（現在）,,,,,current,
3387,クリエイト・レストランツ・ホールディングス,小売業,彦氏　寺畠正,2020年1月9日,2024年1月20日,,photos_1/3387_クリエイト・レストランツ・ホールディングス/history/01_彦氏_寺畠正/photo_01.jpg,✓,✓,history,
3388,明治電機工業,卸売業,,,,,,,,missing,要調査
3391,ツルハホールディングス,小売業,鶴羽 順,,（現在）,,photos_1/3391_ツルハホールディングス/current/photo_01.jpg,✓,✓,current,
3392,デリカフーズホールディングス,卸売業,持続可能,,（現在）,,photos_1/3392_デリカフーズホールディングス/current/photo_01.jpg,✓,✓,current,
3392,デリカフーズホールディングス,卸売業,阪急 大井町,,,,photos_1/3392_デリカフーズホールディングス/history/01_阪急_大井町/photo_01.jpg,✓,✓,history,
3393,スターティアホールディングス,卸売業,本郷 秀之,,（現在）,,photos_1/3393_スターティアホールディングス/current/photo_01.jpg,✓,✓,current,
3395,サンマルクホールディングス,小売業,藤川 祐樹社,2021年12月17日,2025年9月,,photos_1/3395_サンマルクホールディングス/history/01_藤川_祐樹社/photo_01.jpg,✓,✓,history,
3396,フェリシモ,小売業,,,,,,,,missing,要調査
3397,トリドールホールディングス,小売業,内容	飲食業,2016年10月,（現在）,,photos_1/3397_トリドールホールディングス/current/photo_01.jpg,✓,✓,current,
3399,丸千代山岡家,小売業,,,,,,,,missing,要調査
3401,帝人,繊維製品,,,,,,,,missing,要調査
3402,東レ,繊維製品,,,,,,,,missing,要調査
3405,クラレ,化学,,,,,,,,missing,要調査
3407,旭化成,化学,,,,,,,,missing,要調査
3409,北日本紡績,繊維製品,,,,,,,,missing,要調査
3415,TOKYO　BASE,小売業,,,,,,,,missing,要調査
3416,ピクスタ,小売業,古俣 大介,2000年9月,（現在）,,photos_1/3416_ピクスタ/current/photo_01.jpg,✓,✓,current,
3416,ピクスタ,小売業,古俣 大介資,2005年8月25日,2024年12月,,photos_1/3416_ピクスタ/history/01_古俣_大介資/photo_01.jpg,✓,✓,history,
3417,大木ヘルスケアホールディングス,卸売業,,,,,,,,missing,要調査
3418,バルニバービ,小売業,,,,,,,,missing,要調査
3420,ケー・エフ・シー,金属製品,田村 知幸,,（現在）,,photos_1/3420_ケー・エフ・シー/current/photo_01.jpg,✓,✓,current,
3421,稲葉製作所,金属製品,,,,,,,,missing,要調査
3422,J-MAX,金属製品,,,,,,,,missing,要調査
3423,エスイー,金属製品,,,,,,,,missing,要調査
3426,アトムリビンテック,金属製品,引戸,令和3年4月,（現在）,,photos_1/3426_アトムリビンテック/current/photo_01.jpg,✓,✓,current,
3426,アトムリビンテック,金属製品,植村甲午郎,,,,photos_1/3426_アトムリビンテック/history/01_植村甲午郎/photo_01.jpg,✓,✓,history,
3426,アトムリビンテック,金属製品,水野成夫,,,,photos_1/3426_アトムリビンテック/history/02_水野成夫/photo_01.jpg,✓,✓,history,
3426,アトムリビンテック,金属製品,鹿内信隆,,,,,,,history,
3426,アトムリビンテック,金属製品,浅野賢澄,,,,photos_1/3426_アトムリビンテック/history/04_浅野賢澄/photo_01.jpg,✓,✓,history,
3426,アトムリビンテック,金属製品,鹿内春雄,,,,photos_1/3426_アトムリビンテック/history/05_鹿内春雄/photo_01.jpg,✓,✓,history,
3426,アトムリビンテック,金属製品,鹿内宏明,,,,photos_1/3426_アトムリビンテック/history/06_鹿内宏明/photo_01.jpg,✓,✓,history,
3426,アトムリビンテック,金属製品,日枝久,,,,photos_1/3426_アトムリビンテック/history/07_日枝久/photo_01.jpg,✓,✓,history,
3426,アトムリビンテック,金属製品,嘉納修治,,,,photos_1/3426_アトムリビンテック/history/08_嘉納修治/photo_01.jpg,✓,✓,history,
3431,宮地エンジニアリンググループ,金属製品,橋梁,,（現在）,,,,,current,
3433,トーカロ,金属製品,小林　和也,2014年4月,（現在）,,photos_1/3433_トーカロ/current/photo_01.jpg,✓,✓,current,
3434,アルファCo,金属製品,,,,,,,,missing,要調査
3435,サンコーテクノ,金属製品,,,,,,,,missing,要調査
3436,SUMCO,金属製品,阿波 俊弘,,,,photos_1/3436_SUMCO/history/01_阿波_俊弘/photo_01.jpg,✓,✓,history,
3437,特殊電極,金属製品,,,,,,,,missing,要調査
3439,三ツ知,金属製品,,,,,,,,missing,要調査
3440,日創プロニティ,金属製品,石田 徹,2025年8月,（現在）,,photos_1/3440_日創プロニティ/current/photo_01.jpg,✓,✓,current,
3441,山王,金属製品,送検 大津,2013年6月5日,2013年6月25日,,photos_1/3441_山王/history/01_送検_大津/photo_01.jpg,✓,✓,history,
3443,川田テクノロジーズ,金属製品,言及　金額,2025年6月25日,2025年6月29日,,photos_1/3443_川田テクノロジーズ/history/01_言及_金額/photo_01.jpg,✓,✓,history,
3444,菊池製作所,金属製品,,,,,,,,missing,要調査
3445,RS　Technologies,金属製品,,,,,,,,missing,要調査
3446,ジェイテックコーポレーション,金属製品,津村 尚史,2021年5月,（現在）,,photos_1/3446_ジェイテックコーポレーション/current/photo_01.jpg,✓,✓,current,
3447,信和,金属製品,工法　受注棟,,,,photos_1/3447_信和/history/01_工法_受注棟/photo_01.jpg,✓,✓,history,
3447,信和,金属製品,戸数　近畿,,,,photos_1/3447_信和/history/02_戸数_近畿/photo_01.jpg,✓,✓,history,
3447,信和,金属製品,棟数　近畿,,,,photos_1/3447_信和/history/03_棟数_近畿/photo_01.jpg,✓,✓,history,
3447,信和,金属製品,議室　大阪研,,,,photos_1/3447_信和/history/04_議室_大阪研/photo_01.jpg,✓,✓,history,
3447,信和,金属製品,議室 大阪研,,,,photos_1/3447_信和/history/05_議室_大阪研/photo_01.jpg,✓,✓,history,
3449,テクノフレックス,金属製品,辞任 違法薬,2011年10月7日,2024年10月28日,,photos_1/3449_テクノフレックス/history/01_辞任_違法薬/photo_01.jpg,✓,✓,history,
3452,ビーロット,不動産業,,,,,,,,missing,要調査
3454,ファーストブラザーズ,不動産業,,,,,,,,missing,要調査
3457,And　Doホールディングス,不動産業,,,,,,,,missing,要調査
3461,パルマ,不動産業,,,,,,,,missing,要調査
3465,ケイアイスター不動産,不動産業,塙 圭二,,（現在）,,photos_1/3465_ケイアイスター不動産/current/photo_01.jpg,✓,✓,current,
3467,アグレ都市デザイン,不動産業,"挨拶

理想的",,（現在）,,photos_1/3467_アグレ都市デザイン/current/photo_01.jpg,✓,✓,current,
3469,デュアルタップ,不動産業,臼井 貴弘,2006年8月,（現在）,,photos_1/3469_デュアルタップ/current/photo_01.jpg,✓,✓,current,
3469,デュアルタップ,不動産業,田聡 講演内,2012年6月6日,2012年6月10日,,photos_1/3469_デュアルタップ/history/01_田聡_講演内/photo_01.jpg,✓,✓,history,
3474,G-FACTORY,不動産業,片平 雅之,,（現在）,,photos_1/3474_G-FACTORY/current/photo_01.jpg,✓,✓,current,
3474,G-FACTORY,不動産業,王洲 銀河劇,,,,photos_1/3474_G-FACTORY/history/01_王洲_銀河劇/photo_01.jpg,✓,✓,history,
3475,グッドコムアセット,不動産業,長嶋　義和,,（現在）,,photos_1/3475_グッドコムアセット/current/photo_01.jpg,✓,✓,current,
3475,グッドコムアセット,不動産業,進士仁一,,,,photos_1/3475_グッドコムアセット/history/01_進士仁一/photo_01.jpg,✓,✓,history,
3475,グッドコムアセット,不動産業,手塚卓志,,,,photos_1/3475_グッドコムアセット/history/02_手塚卓志/photo_01.jpg,✓,✓,history,
3477,フォーライフ,不動産業,,,,,,,,missing,要調査
3479,ティーケーピー,不動産業,河野 貴輝,2005年8月,（現在）,,photos_1/3479_ティーケーピー/current/photo_01.jpg,✓,✓,current,
3479,ティーケーピー,不動産業,地獄 大分,2008年12月29日,2010年5月30日,,photos_1/3479_ティーケーピー/history/01_地獄_大分/photo_01.jpg,✓,✓,history,
3480,ジェイ・エス・ビー,不動産業,森 高広,,（現在）,,photos_1/3480_ジェイ・エス・ビー/current/photo_01.jpg,✓,✓,current,
3480,ジェイ・エス・ビー,不動産業,近藤 雅彦,2022年頃,,,photos_1/3480_ジェイ・エス・ビー/history/01_近藤_雅彦/photo_01.jpg,✓,✓,history,
3482,ロードスターキャピタル,不動産業,月期　決算説,2026年2月,（現在）,,photos_1/3482_ロードスターキャピタル/current/photo_01.jpg,✓,✓,current,
3484,イノベーションホールディングス,不動産業,,,,,,,,missing,要調査
3486,グローバル・リンク・マネジメント,不動産業,金 大仲,2025年7月,（現在）,,photos_1/3486_グローバル・リンク・マネジメント/current/photo_01.jpg,✓,✓,current,
3489,フェイスネットワーク,不動産業,蜂谷 二郎,,（現在）,,,,,current,
3490,アズ企画設計,不動産業,松本 俊人,2022年12月,（現在）,,photos_1/3490_アズ企画設計/current/photo_01.jpg,✓,✓,current,
3491,GA　technologies,不動産業,神戸 肇外部,,,,photos_1/3491_GA_technologies/history/01_神戸_肇外部/photo_01.jpg,✓,✓,history,
3494,マリオン,不動産業,,,,,,,,missing,要調査
3495,香陵住販,不動産業,藤氏 日本経,2021年11月22日,2021年10月7日,,photos_1/3495_香陵住販/history/01_藤氏_日本経/photo_01.jpg,✓,✓,history,
3495,香陵住販,不動産業,昇格 小杉氏,2021年5月13日,2021年5月14日,,photos_1/3495_香陵住販/history/02_昇格_小杉氏/photo_01.jpg,✓,✓,history,
3495,香陵住販,不動産業,空席 山陽新,2021年4月14日,2021年4月13日,,photos_1/3495_香陵住販/history/03_空席_山陽新/photo_01.jpg,✓,✓,history,
3495,香陵住販,不動産業,死去 岡山経,2021年4月9日,2021年4月11日,,photos_1/3495_香陵住販/history/04_死去_岡山経/photo_01.jpg,✓,✓,history,
3495,香陵住販,不動産業,辞任 女性,2021年2月10日,2019年4月9日,,photos_1/3495_香陵住販/history/05_辞任_女性/photo_01.jpg,✓,✓,history,
3496,アズーム,不動産業,,,,,,,,missing,要調査
3498,霞ヶ関キャピタル,不動産業,,,,,,,,missing,要調査
3501,SUMINOE,繊維製品,,,,,,,,missing,要調査
3512,日本フエルト,繊維製品,,,,,,,,missing,要調査
3513,イチカワ,繊維製品,矢崎 孝信,,（現在）,,photos_2/3513_イチカワ/current/photo_01.jpg,✓,✓,current,
3521,エコナックホールディングス,サービス業,植村甲午郎,,,,photos_1/3521_エコナックホールディングス/history/01_植村甲午郎/photo_01.jpg,✓,,history,
3521,エコナックホールディングス,サービス業,水野成夫,,,,photos_1/3521_エコナックホールディングス/history/02_水野成夫/photo_01.jpg,✓,,history,
3521,エコナックホールディングス,サービス業,鹿内信隆,,,,,,,history,
3521,エコナックホールディングス,サービス業,浅野賢澄,,,,photos_1/3521_エコナックホールディングス/history/04_浅野賢澄/photo_01.jpg,✓,,history,
3521,エコナックホールディングス,サービス業,鹿内春雄,,,,photos_1/3521_エコナックホールディングス/history/05_鹿内春雄/photo_01.jpg,✓,,history,
3521,エコナックホールディングス,サービス業,鹿内宏明,,,,photos_1/3521_エコナックホールディングス/history/06_鹿内宏明/photo_01.jpg,✓,,history,
3521,エコナックホールディングス,サービス業,日枝久,,,,photos_1/3521_エコナックホールディングス/history/07_日枝久/photo_01.jpg,✓,,history,
3521,エコナックホールディングス,サービス業,嘉納修治,,,,photos_1/3521_エコナックホールディングス/history/08_嘉納修治/photo_01.jpg,✓,,history,
3524,日東製網,繊維製品,,,,,,,,missing,要調査
3529,アツギ,繊維製品,日光 信二,,（現在）,,photos_2/3529_アツギ/current/photo_01.jpg,✓,✓,current,
3536,アクサスホールディングス,小売業,,,,,,,,missing,要調査
3537,昭栄薬品,卸売業,,,,,,,,missing,要調査
3538,ウイルプラスホールディングス,小売業,,,,,,,,missing,要調査
3539,JMホールディングス,小売業,,,,,,,,missing,要調査
3541,農業総合研究所,卸売業,,,,,,,,missing,要調査
3542,ベガコーポレーション,小売業,浮城 智和,,（現在）,,photos_2/3542_ベガコーポレーション/current/photo_01.jpg,✓,✓,current,
3543,コメダホールディングス,卸売業,甘利祐一,2006年7月,（現在）,,photos_2/3543_コメダホールディングス/current/photo_01.jpg,✓,✓,current,
3543,コメダホールディングス,卸売業,植村甲午郎,,,,photos_1/3543_コメダホールディングス/history/01_植村甲午郎/photo_01.jpg,✓,,history,
3543,コメダホールディングス,卸売業,水野成夫,,,,photos_1/3543_コメダホールディングス/history/02_水野成夫/photo_01.jpg,✓,,history,
3543,コメダホールディングス,卸売業,鹿内信隆,,,,,,,history,
3543,コメダホールディングス,卸売業,浅野賢澄,,,,photos_1/3543_コメダホールディングス/history/04_浅野賢澄/photo_01.jpg,✓,,history,
3543,コメダホールディングス,卸売業,鹿内春雄,,,,photos_1/3543_コメダホールディングス/history/05_鹿内春雄/photo_01.jpg,✓,,history,
3543,コメダホールディングス,卸売業,鹿内宏明,,,,photos_1/3543_コメダホールディングス/history/06_鹿内宏明/photo_01.jpg,✓,,history,
3543,コメダホールディングス,卸売業,日枝久,,,,photos_1/3543_コメダホールディングス/history/07_日枝久/photo_01.jpg,✓,,history,
3543,コメダホールディングス,卸売業,嘉納修治,,,,photos_1/3543_コメダホールディングス/history/08_嘉納修治/photo_01.jpg,✓,,history,
3544,サツドラホールディングス,小売業,富山 浩樹,,（現在）,,photos_2/3544_サツドラホールディングス/current/photo_01.jpg,✓,✓,current,
3546,アレンザホールディングス,小売業,海空 地球征,,,,photos_1/3546_アレンザホールディングス/history/01_海空_地球征/photo_01.jpg,✓,,history,
3547,串カツ田中ホールディングス,小売業,移行 笹崎,2016年9月16日,2018年7月4日,,photos_1/3547_串カツ田中ホールディングス/history/01_移行_笹崎/photo_01.jpg,✓,,history,
3548,バロックジャパンリミテッド,小売業,王洲 銀河劇,,,,photos_1/3548_バロックジャパンリミテッド/history/01_王洲_銀河劇/photo_01.jpg,✓,,history,
3549,クスリのアオキホールディングス,小売業,,,,,,,,missing,要調査
3550,スタジオアタオ,小売業,,,,,,,,missing,要調査
3551,ダイニック,繊維製品,,,,,,,,missing,要調査
3553,共和レザー,化学,,,,,,,,missing,要調査
3556,リネットジャパングループ,小売業,黒田　武志,,（現在）,,,,,current,
3557,ユナイテッド&コレクティブ,小売業,現在,,（現在）,,,,,current,
3557,ユナイテッド&コレクティブ,小売業,配信　配信日,2017年2月15日,2017年2月15日,,photos_1/3557_ユナイテッド&コレクティブ/history/01_配信_配信日/photo_01.jpg,✓,,history,
3558,ジェイドグループ,小売業,,,,,,,,missing,要調査
3559,ピーバンドットコム,卸売業,,,,,,,,missing,要調査
3560,ほぼ日,小売業,伝説 大地,2018年6月4日,2020年6月28日,,photos_1/3560_ほぼ日/history/01_伝説_大地/photo_01.jpg,✓,,history,
3560,ほぼ日,小売業,天堂　直面,2017年3月10日,2015年7月13日,,photos_1/3560_ほぼ日/history/02_天堂_直面/photo_01.jpg,✓,,history,
3560,ほぼ日,小売業,田聡 講演内,2016年10月6日,2011年10月28日,,photos_1/3560_ほぼ日/history/03_田聡_講演内/photo_01.jpg,✓,,history,
3561,力の源ホールディングス,小売業,,,,,,,,missing,要調査
3562,No.1,卸売業,辰巳　崇之,,（現在）,,photos_2/3562_No.1/current/photo_01.jpg,✓,,current,
3563,FOOD　&　LIFE　COMPANIES,小売業,山本 雅啓,,（現在）,,photos_2/3563_FOOD_&_LIFE_COMPANIES/current/photo_01.jpg,✓,,current,
3563,FOOD　&　LIFE　COMPANIES,小売業,新居 耕平,,,,photos_1/3563_FOOD_&_LIFE_COMPANIES/history/01_新居_耕平/photo_01.jpg,✓,,history,
3566,ユニフォームネクスト,小売業,院前 伊集院,,,,photos_1/3566_ユニフォームネクスト/history/01_院前_伊集院/photo_01.jpg,✓,,history,
3569,セーレン,繊維製品,,,,,,,,missing,要調査
3571,ソトー,繊維製品,上田 康彦,,（現在）,,photos_2/3571_ソトー/current/photo_01.jpg,✓,✓,current,
3577,東海染工,繊維製品,,,,,,,,missing,要調査
3580,小松マテーレ,繊維製品,,,,,,,,missing,要調査
3583,オーベクス,繊維製品,,,,,,,,missing,要調査
3591,ワコールホールディングス,繊維製品,,,,,,,,missing,要調査
3593,ホギメディカル,繊維製品,逝去 享年,2021年7月1日,2021年7月2日,,photos_1/3593_ホギメディカル/history/01_逝去_享年/photo_01.jpg,✓,,history,
3597,自重堂,繊維製品,,,,,,,,missing,要調査
3598,山喜,繊維製品,宮本惠史,2016年頃,,,photos_1/3598_山喜/history/01_宮本惠史/photo_01.jpg,✓,,history,
3600,フジックス,繊維製品,,,,,,,,missing,要調査
3607,クラウディアホールディングス,繊維製品,,,,,,,,missing,要調査
3608,TSIホールディングス,繊維製品,下地 毅,,（現在）,,photos_2/3608_TSIホールディングス/current/photo_01.jpg,✓,✓,current,
3611,マツオカコーポレーション,繊維製品,"締役
松岡",2000年6月,（現在）,,photos_2/3611_マツオカコーポレーション/current/photo_01.jpg,✓,✓,current,
3612,ワールド,繊維製品,鈴木 信輝,,（現在）,,photos_2/3612_ワールド/current/photo_01.jpg,✓,✓,current,
3622,ネットイヤーグループ,情報・通信業,生成,2024年6月,（現在）,,photos_2/3622_ネットイヤーグループ/current/photo_01.jpg,✓,✓,current,
3623,ビリングシステム,情報・通信業,,,,,,,,missing,要調査
3624,アクセルマーク,情報・通信業,,,,,,,,missing,要調査
3625,テックファームホールディングス,情報・通信業,,,,,,,,missing,要調査
3626,TIS,情報・通信業,"月
株",2000年6月,（現在）,,photos_2/3626_TIS/current/photo_01.jpg,✓,✓,current,
3626,TIS,情報・通信業,兼務 来年,2019年9月11日,2020年9月30日,,photos_1/3626_TIS/history/01_兼務_来年/photo_01.jpg,✓,,history,
3627,テクミラホールディングス,情報・通信業,,,,,,,,missing,要調査
3628,データホライゾン,情報・通信業,,,,,,,,missing,要調査
3632,グリーホールディングス,情報・通信業,田中 良和,2000年2月,（現在）,,photos_2/3632_グリーホールディングス/current/photo_01.jpg,✓,✓,current,
3632,グリーホールディングス,情報・通信業,表者 時田宗,,,,photos_1/3632_グリーホールディングス/history/01_表者_時田宗/photo_01.jpg,✓,,history,
3633,GMOペパボ,情報・通信業,,,,,,,,missing,要調査
3634,ソケッツ,情報・通信業,,,,,,,,missing,要調査
3635,コーエーテクモホールディングス,情報・通信業,,,,,,,,missing,要調査
3636,三菱総合研究所,情報・通信業,,,,,,,,missing,要調査
3639,ボルテージ,情報・通信業,,,,,,,,missing,要調査
3640,電算,情報・通信業,,,,,,,,missing,要調査
3641,パピレス,情報・通信業,,,,,,,,missing,要調査
3645,メディカルネット,情報・通信業,,,,,,,,missing,要調査
3646,駅探,情報・通信業,,,,,,,,missing,要調査
3647,ジー・スリーホールディングス,情報・通信業,,,,,,,,missing,要調査
3648,AGS,情報・通信業,中野　真治,,（現在）,,photos_2/3648_AGS/current/photo_01.jpg,✓,✓,current,
3649,ファインデックス,情報・通信業,進士仁一,,,,,,,history,
3649,ファインデックス,情報・通信業,手塚卓志,,,,photos_1/3649_ファインデックス/history/02_手塚卓志/photo_01.jpg,✓,,history,
3652,ディジタルメディアプロフェッショナル,情報・通信業,山本 達夫,,（現在）,,photos_2/3652_ディジタルメディアプロフェッショナル/current/photo_01.jpg,✓,✓,current,
3652,ディジタルメディアプロフェッショナル,情報・通信業,田聡 講演内,2011年9月11日,2011年10月28日,,photos_1/3652_ディジタルメディアプロフェッショナル/history/01_田聡_講演内/photo_01.jpg,✓,,history,
3653,モルフォ,情報・通信業,,,,,,,,missing,要調査
3655,ブレインパッド,情報・通信業,号 六本木,2004年3月,（現在）,,photos_2/3655_ブレインパッド/current/photo_01.jpg,✓,✓,current,
3655,ブレインパッド,情報・通信業,公一　弘前大,,,,photos_1/3655_ブレインパッド/history/01_公一_弘前大/photo_01.jpg,✓,,history,
3655,ブレインパッド,情報・通信業,究所 先端工,,,,photos_1/3655_ブレインパッド/history/02_究所_先端工/photo_01.jpg,✓,,history,
3655,ブレインパッド,情報・通信業,大学 教授長,,,,photos_1/3655_ブレインパッド/history/03_大学_教授長/photo_01.jpg,✓,,history,
3655,ブレインパッド,情報・通信業,究部 室長堀,,,,photos_1/3655_ブレインパッド/history/04_究部_室長堀/photo_01.jpg,✓,,history,
3655,ブレインパッド,情報・通信業,田潔　一般社,,,,photos_1/3655_ブレインパッド/history/05_田潔_一般社/photo_01.jpg,✓,,history,
3655,ブレインパッド,情報・通信業,敬子　国立研,,,,photos_1/3655_ブレインパッド/history/06_敬子_国立研/photo_01.jpg,✓,,history,
3655,ブレインパッド,情報・通信業,将夫　国立研,,,,photos_1/3655_ブレインパッド/history/07_将夫_国立研/photo_01.jpg,✓,,history,
3655,ブレインパッド,情報・通信業,正樹　九州大,,,,photos_1/3655_ブレインパッド/history/08_正樹_九州大/photo_01.jpg,✓,,history,
3656,KLab,情報・通信業,真田 哲弥,,（現在）,,photos_2/3656_KLab/current/photo_01.jpg,✓,✓,current,
3657,ポールトゥウィンホールディングス,情報・通信業,,,,,,,,missing,要調査
3659,ネクソン,情報・通信業,,,,,,,,missing,要調査
3660,アイスタイル,情報・通信業,合同 美容部,,（現在）,,photos_2/3660_アイスタイル/current/photo_01.jpg,✓,✓,current,
3661,エムアップホールディングス,情報・通信業,進士仁一,,,,photos_1/3661_エムアップホールディングス/history/01_進士仁一/photo_01.jpg,✓,,history,
3661,エムアップホールディングス,情報・通信業,手塚卓志,,,,photos_1/3661_エムアップホールディングス/history/02_手塚卓志/photo_01.jpg,✓,,history,
3662,エイチームホールディングス,情報・通信業,,,,,,,,missing,要調査
3663,セルシス,情報・通信業,,,,,,,,missing,要調査
3664,モブキャストホールディングス,情報・通信業,,,,,,,,missing,要調査
3665,エニグモ,情報・通信業,,,,,,,,missing,要調査
3667,enish,情報・通信業,済界 電子版,2014年頃,,,photos_1/3667_enish/history/01_済界_電子版/photo_01.jpg,✓,,history,
3668,コロプラ,情報・通信業,"会長
馬場",2003年3月,（現在）,,photos_2/3668_コロプラ/current/photo_01.jpg,✓,✓,current,
3668,コロプラ,情報・通信業,進士仁一,,,,photos_1/3668_コロプラ/history/01_進士仁一/photo_01.jpg,✓,,history,
3668,コロプラ,情報・通信業,手塚卓志,,,,photos_1/3668_コロプラ/history/02_手塚卓志/photo_01.jpg,✓,,history,
3670,協立情報通信,情報・通信業,,,,,,,,missing,要調査
3671,ソフトマックス,情報・通信業,萩原 千恵子,2025年12月,（現在）,,photos_2/3671_ソフトマックス/current/photo_01.jpg,✓,✓,current,
3672,オルトプラス,情報・通信業,植村甲午郎,,,,photos_1/3672_オルトプラス/history/01_植村甲午郎/photo_01.jpg,✓,,history,
3672,オルトプラス,情報・通信業,水野成夫,,,,photos_1/3672_オルトプラス/history/02_水野成夫/photo_01.jpg,✓,,history,
3672,オルトプラス,情報・通信業,鹿内信隆,,,,,,,history,
3672,オルトプラス,情報・通信業,浅野賢澄,,,,photos_1/3672_オルトプラス/history/04_浅野賢澄/photo_01.jpg,✓,,history,
3672,オルトプラス,情報・通信業,鹿内春雄,,,,photos_1/3672_オルトプラス/history/05_鹿内春雄/photo_01.jpg,✓,,history,
3672,オルトプラス,情報・通信業,鹿内宏明,,,,photos_1/3672_オルトプラス/history/06_鹿内宏明/photo_01.jpg,✓,,history,
3672,オルトプラス,情報・通信業,日枝久,,,,photos_1/3672_オルトプラス/history/07_日枝久/photo_01.jpg,✓,,history,
3672,オルトプラス,情報・通信業,嘉納修治,,,,photos_1/3672_オルトプラス/history/08_嘉納修治/photo_01.jpg,✓,,history,
3673,ブロードリーフ,情報・通信業,植田和磨,2002年12月4日,,,photos_1/3673_ブロードリーフ/history/01_植田和磨/photo_01.jpg,✓,,history,
3673,ブロードリーフ,情報・通信業,平生翔大,2002年10月11日,,,photos_1/3673_ブロードリーフ/history/02_平生翔大/photo_01.jpg,✓,,history,
3673,ブロードリーフ,情報・通信業,小村真也,2002年5月28日,,,photos_1/3673_ブロードリーフ/history/03_小村真也/photo_01.jpg,✓,,history,
3673,ブロードリーフ,情報・通信業,古畑翔,,,,,,,history,
3673,ブロードリーフ,情報・通信業,池田悠希,,,,photos_1/3673_ブロードリーフ/history/05_池田悠希/photo_01.jpg,✓,,history,
3673,ブロードリーフ,情報・通信業,祝原涼介,,,,photos_1/3673_ブロードリーフ/history/06_祝原涼介/photo_01.jpg,✓,,history,
3674,オークファン,情報・通信業,武永 修一,2004年４月,（現在）,,,,,current,
3674,オークファン,情報・通信業,森本 太郎,,,,photos_1/3674_オークファン/history/01_森本_太郎/photo_01.jpg,✓,,history,
3675,クロス・マーケティンググループ,情報・通信業,十嵐　幹,2025年8月,（現在）,,photos_2/3675_クロス・マーケティンググループ/current/photo_01.jpg,✓,✓,current,
3675,クロス・マーケティンググループ,情報・通信業,羽佐間重彰,2003年7月,,,photos_1/3675_クロス・マーケティンググループ/history/01_羽佐間重彰/photo_01.jpg,✓,,history,
3675,クロス・マーケティンググループ,情報・通信業,日枝久,2003年7月,2025年3月,,photos_1/3675_クロス・マーケティンググループ/history/02_日枝久/photo_01.jpg,✓,,history,
3675,クロス・マーケティンググループ,情報・通信業,鹿内信隆,,,,,,,history,
3675,クロス・マーケティンググループ,情報・通信業,鹿内春雄,,,,photos_1/3675_クロス・マーケティンググループ/history/04_鹿内春雄/photo_01.jpg,✓,,history,
3675,クロス・マーケティンググループ,情報・通信業,鹿内宏明,,,,photos_1/3675_クロス・マーケティンググループ/history/05_鹿内宏明/photo_01.jpg,✓,,history,
3675,クロス・マーケティンググループ,情報・通信業,小林吉彦,,,,photos_1/3675_クロス・マーケティンググループ/history/06_小林吉彦/photo_01.jpg,✓,,history,
3676,デジタルハーツホールディングス,情報・通信業,筑紫 敏矢,,（現在）,,photos_2/3676_デジタルハーツホールディングス/current/photo_01.jpg,✓,✓,current,
3678,メディアドゥ,情報・通信業,,,,,,,,missing,要調査
3679,じげん,情報・通信業,平尾 丈,,（現在）,,photos_2/3679_じげん/current/photo_01.jpg,✓,✓,current,
3680,ホットリンク,情報・通信業,,,,,,,,missing,要調査
3681,ブイキューブ,情報・通信業,間下 直晃,2013年12月,（現在）,,photos_2/3681_ブイキューブ/current/photo_01.jpg,✓,✓,current,
3681,ブイキューブ,情報・通信業,進士仁一,,,,photos_2/3681_ブイキューブ/history/01_進士仁一/photo_01.jpg,✓,✓,history,
3681,ブイキューブ,情報・通信業,手塚卓志,,,,photos_1/3681_ブイキューブ/history/02_手塚卓志/photo_01.jpg,✓,,history,
3682,エンカレッジ・テクノロジ,情報・通信業,"挨拶

私",2025年7月,（現在）,,photos_2/3682_エンカレッジ・テクノロジ/current/photo_01.jpg,✓,✓,current,
3683,サイバーリンクス,情報・通信業,,,,,,,,missing,要調査
3686,ディー・エル・イー,情報・通信業,,,,,,,,missing,要調査
3687,フィックスターズ,情報・通信業,三木 聡,2002年8月,（現在）,,photos_2/3687_フィックスターズ/current/photo_01.jpg,✓,✓,current,
3687,フィックスターズ,情報・通信業,須賀　利幸,,,,photos_1/3687_フィックスターズ/history/01_須賀_利幸/photo_01.jpg,✓,,history,
3687,フィックスターズ,情報・通信業,松田 佳希,,,,photos_1/3687_フィックスターズ/history/02_松田_佳希/photo_01.jpg,✓,,history,
3687,フィックスターズ,情報・通信業,樺島 弘明,,,,photos_1/3687_フィックスターズ/history/03_樺島_弘明/photo_01.jpg,✓,,history,
3687,フィックスターズ,情報・通信業,野澤 俊通,,,,photos_1/3687_フィックスターズ/history/04_野澤_俊通/photo_01.jpg,✓,,history,
3690,イルグルム,情報・通信業,,,,,,,,missing,要調査
3691,デジタルプラス,情報・通信業,,,,,,,,missing,要調査
3692,FFRIセキュリティ,情報・通信業,,,,,,,,missing,要調査
3694,オプティム,情報・通信業,,,,,,,,missing,要調査
3695,GMOリサーチ&AI,情報・通信業,,,,,,,,missing,要調査
3696,セレス,情報・通信業,,,,,,,,missing,要調査
3697,SHIFT,情報・通信業,丹下 大,2005年9月,（現在）,,photos_2/3697_SHIFT/current/photo_01.jpg,✓,✓,current,
3697,SHIFT,情報・通信業,理由 従業員,2025年7月11日,2025年7月12日,,photos_1/3697_SHIFT/history/01_理由_従業員/photo_01.jpg,✓,,history,
3698,CRI・ミドルウェア,情報・通信業,押見 正雄,,（現在）,,photos_2/3698_CRI・ミドルウェア/current/photo_01.jpg,✓,✓,current,
3708,特種東海製紙,パルプ・紙,特種東海,,（現在）,,photos_2/3708_特種東海製紙/current/photo_01.jpg,✓,✓,current,
3710,ジョルダン,情報・通信業,,,,,,,,missing,要調査
3712,情報企画,情報・通信業,,,,,,,,missing,要調査
3719,AIストーム,情報・通信業,,,,,,,,missing,要調査
3723,日本ファルコム,情報・通信業,,,,,,,,missing,要調査
3726,フォーシーズHD,小売業,院前 伊集院,,,,photos_1/3726_フォーシーズHD/history/01_院前_伊集院/photo_01.jpg,✓,,history,
3727,アプリックス,情報・通信業,倉林 聡子,2022年3月,（現在）,,photos_2/3727_アプリックス/current/photo_01.jpg,✓,✓,current,
3733,ソフトウェア・サービス,情報・通信業,日 組織改,2025年11月,（現在）,,photos_2/3733_ソフトウェア・サービス/current/photo_01.jpg,✓,✓,current,
3733,ソフトウェア・サービス,情報・通信業,進士仁一,,,,photos_1/3733_ソフトウェア・サービス/history/01_進士仁一/photo_01.jpg,✓,,history,
3733,ソフトウェア・サービス,情報・通信業,手塚卓志,,,,photos_1/3733_ソフトウェア・サービス/history/02_手塚卓志/photo_01.jpg,✓,,history,
3741,セック,情報・通信業,,,,,,,,missing,要調査
3744,サイオス,情報・通信業,多様性,,（現在）,,photos_2/3744_サイオス/current/photo_01.jpg,✓,✓,current,
3747,インタートレード,情報・通信業,,,,,,,,missing,要調査
3750,サイトリ細胞研究所,情報・通信業,,,,,,,,missing,要調査
3753,フライトソリューションズ,情報・通信業,,,,,,,,missing,要調査
3758,アエリア,情報・通信業,,,,,,,,missing,要調査
3760,ケイブ,情報・通信業,,,,,,,,missing,要調査
3762,テクマトリックス,情報・通信業,,,,,,,,missing,要調査
3763,プロシップ,情報・通信業,山口 法弘,,,,photos_1/3763_プロシップ/history/01_山口_法弘/photo_01.jpg,✓,,history,
3765,ガンホー・オンライン・エンターテイメント,情報・通信業,,,,,,,,missing,要調査
3766,システムズ・デザイン,情報・通信業,,,,,,,,missing,要調査
3768,リスクモンスター,情報・通信業,進士仁一,,,,photos_2/3768_リスクモンスター/history/01_進士仁一/photo_01.jpg,✓,✓,history,
3768,リスクモンスター,情報・通信業,手塚卓志,,,,photos_1/3768_リスクモンスター/history/02_手塚卓志/photo_01.jpg,✓,,history,
3769,GMOペイメントゲートウェイ,情報・通信業,相浦 一成,,（現在）,,photos_2/3769_GMOペイメントゲートウェイ/current/photo_01.jpg,✓,✓,current,
3770,ザッパラス,情報・通信業,玉置 真理,2016年頃,,,photos_1/3770_ザッパラス/history/01_玉置_真理/photo_01.jpg,✓,,history,
3771,システムリサーチ,情報・通信業,平山 宏,2021年3月,（現在）,,photos_2/3771_システムリサーチ/current/photo_01.jpg,✓,✓,current,
3771,システムリサーチ,情報・通信業,進士仁一,,,,photos_1/3771_システムリサーチ/history/01_進士仁一/photo_01.jpg,✓,,history,
3771,システムリサーチ,情報・通信業,手塚卓志,,,,photos_1/3771_システムリサーチ/history/02_手塚卓志/photo_01.jpg,✓,,history,
3772,ウェルス・マネジメント,不動産業,山氏　三井住,2025年12月23日,2025年12月23日,,photos_1/3772_ウェルス・マネジメント/history/01_山氏_三井住/photo_01.jpg,✓,,history,
3772,ウェルス・マネジメント,不動産業,山氏　海外,2025年7月31日,2025年12月23日,,photos_1/3772_ウェルス・マネジメント/history/02_山氏_海外/photo_01.jpg,✓,,history,
3773,アドバンスト・メディア,情報・通信業,鈴木 清幸,,（現在）,,photos_2/3773_アドバンスト・メディア/current/photo_01.jpg,✓,✓,current,
3773,アドバンスト・メディア,情報・通信業,進士仁一,,,,photos_1/3773_アドバンスト・メディア/history/01_進士仁一/photo_01.jpg,✓,,history,
3773,アドバンスト・メディア,情報・通信業,手塚卓志,,,,photos_1/3773_アドバンスト・メディア/history/02_手塚卓志/photo_01.jpg,✓,,history,
3774,インターネットイニシアティブ,情報・通信業,,,,,,,,missing,要調査
3776,ブロードバンドタワー,情報・通信業,,,,,,,,missing,要調査
3777,環境フレンドリーホールディングス,情報・通信業,,,,,,,,missing,要調査
3778,さくらインターネット,情報・通信業,挨拶,,（現在）,,photos_2/3778_さくらインターネット/current/photo_01.jpg,✓,✓,current,
3778,さくらインターネット,情報・通信業,大阪 北館,,,,photos_1/3778_さくらインターネット/history/01_大阪_北館/photo_01.jpg,✓,,history,
3779,ジェイ・エスコムホールディングス,情報・通信業,金子 眞吾,,,,photos_1/3779_ジェイ・エスコムホールディングス/history/01_金子_眞吾/photo_01.jpg,✓,,history,
3787,テクノマセマティカル,情報・通信業,提訴 毎日新,2012年12月6日,2014年6月23日,,photos_1/3787_テクノマセマティカル/history/01_提訴_毎日新/photo_01.jpg,✓,,history,
3788,GMOグローバルサイン・ホールディングス,情報・通信業,,,,,,,,missing,要調査
3791,IGポート,情報・通信業,松浦裕暁,,,,photos_1/3791_IGポート/history/01_松浦裕暁/photo_01.jpg,✓,,history,
3791,IGポート,情報・通信業,國枝信吾,,,,photos_1/3791_IGポート/history/02_國枝信吾/photo_01.jpg,✓,,history,
3793,ドリコム,情報・通信業,,,,,,,,missing,要調査
3796,いい生活,情報・通信業,中村 清高,,（現在）,,photos_2/3796_いい生活/current/photo_01.jpg,✓,✓,current,
3796,いい生活,情報・通信業,中村清高,2016年頃,,,photos_1/3796_いい生活/history/01_中村清高/photo_01.jpg,✓,,history,
3798,ULSグループ,情報・通信業,"未来

創業以",,（現在）,,photos_2/3798_ULSグループ/current/photo_01.jpg,✓,✓,current,
3799,キーウェアソリューションズ,情報・通信業,,,,,,,,missing,要調査
3800,ユニリタ,情報・通信業,共感,,（現在）,,photos_2/3800_ユニリタ/current/photo_01.jpg,✓,✓,current,
3800,ユニリタ,情報・通信業,新藤 匡浩資,2009年3月,2009年3月,,photos_2/3800_ユニリタ/history/01_新藤_匡浩資/photo_01.jpg,✓,✓,history,
3802,エコミック,情報・通信業,,,,,,,,missing,要調査
3803,イメージ情報開発,情報・通信業,,,,,,,,missing,要調査
3804,システム　ディ,情報・通信業,堂山　遼,2024年4月,（現在）,,photos_2/3804_システム_ディ/current/photo_01.jpg,✓,✓,current,
3804,システム　ディ,情報・通信業,進士仁一,,,,photos_1/3804_システム_ディ/history/01_進士仁一/photo_01.jpg,✓,,history,
3804,システム　ディ,情報・通信業,手塚卓志,,,,photos_1/3804_システム_ディ/history/02_手塚卓志/photo_01.jpg,✓,,history,
3807,フィスコ,情報・通信業,,,,,,,,missing,要調査
3810,サイバーステップ,情報・通信業,,,,,,,,missing,要調査
3815,メディア工房,情報・通信業,,,,,,,,missing,要調査
3816,大和コンピューター,情報・通信業,中村　憲司,,（現在）,,photos_2/3816_大和コンピューター/current/photo_01.jpg,✓,✓,current,
3817,SRAホールディングス,情報・通信業,,,,,,,,missing,要調査
3823,THE　WHY　HOW　DO　COMPANY,情報・通信業,,,,,,,,missing,要調査
3825,リミックスポイント,小売業,進士仁一,,,,photos_1/3825_リミックスポイント/history/01_進士仁一/photo_01.jpg,✓,,history,
3825,リミックスポイント,小売業,手塚卓志,,,,photos_1/3825_リミックスポイント/history/02_手塚卓志/photo_01.jpg,✓,,history,
3826,システムインテグレータ,情報・通信業,梅田　弘之,2026年2月,（現在）,,photos_2/3826_システムインテグレータ/current/photo_01.jpg,✓,✓,current,
3834,朝日ネット,情報・通信業,,,,,,,,missing,要調査
3835,eBASE,情報・通信業,,,,,,,,missing,要調査
3836,アバントグループ,情報・通信業,,,,,,,,missing,要調査
3837,アドソル日進,情報・通信業,上田 富三,,,,photos_1/3837_アドソル日進/history/01_上田_富三/photo_01.jpg,✓,,history,
3839,ODKソリューションズ,情報・通信業,田代 正雄,,,,photos_1/3839_ODKソリューションズ/history/01_田代_正雄/photo_01.jpg,✓,,history,
3840,パス,情報・通信業,,,,,,,,missing,要調査
3841,ジーダット,情報・通信業,,,,,,,,missing,要調査
3842,ネクストジェン,情報・通信業,植村甲午郎,,,,photos_1/3842_ネクストジェン/history/01_植村甲午郎/photo_01.jpg,✓,,history,
3842,ネクストジェン,情報・通信業,水野成夫,,,,photos_1/3842_ネクストジェン/history/02_水野成夫/photo_01.jpg,✓,,history,
3842,ネクストジェン,情報・通信業,鹿内信隆,,,,,,,history,
3842,ネクストジェン,情報・通信業,浅野賢澄,,,,,,,history,
3842,ネクストジェン,情報・通信業,鹿内春雄,,,,photos_1/3842_ネクストジェン/history/05_鹿内春雄/photo_01.jpg,✓,,history,
3842,ネクストジェン,情報・通信業,鹿内宏明,,,,photos_1/3842_ネクストジェン/history/06_鹿内宏明/photo_01.jpg,✓,,history,
3842,ネクストジェン,情報・通信業,日枝久,,,,photos_1/3842_ネクストジェン/history/07_日枝久/photo_01.jpg,✓,,history,
3842,ネクストジェン,情報・通信業,嘉納修治,,,,photos_1/3842_ネクストジェン/history/08_嘉納修治/photo_01.jpg,✓,,history,
3843,フリービット,情報・通信業,,,,,,,,missing,要調査
3844,コムチュア,情報・通信業,"方
当社",,（現在）,,photos_2/3844_コムチュア/current/photo_01.jpg,✓,✓,current,
3845,アイフリークモバイル,情報・通信業,吉田 邦臣,2000年4月,（現在）,,photos_2/3845_アイフリークモバイル/current/photo_01.jpg,✓,✓,current,
3845,アイフリークモバイル,情報・通信業,吉田 邦臣,2026年1月５日,,,photos_1/3845_アイフリークモバイル/history/01_吉田_邦臣/photo_01.jpg,✓,,history,
3848,データ・アプリケーション,情報・通信業,,,,,,,,missing,要調査
3850,エヌ・ティ・ティ・データ・イントラマート,情報・通信業,,,,,,,,missing,要調査
3851,日本一ソフトウェア,情報・通信業,,,,,,,,missing,要調査
3853,アステリア,情報・通信業,平野 洋一郎,,（現在）,,photos_2/3853_アステリア/current/photo_01.jpg,✓,✓,current,
3853,アステリア,情報・通信業,配信 其原有,2017年2月26日,2020年12月1日,,photos_1/3853_アステリア/history/01_配信_其原有/photo_01.jpg,✓,,history,
3854,アイル,情報・通信業,,,,,,,,missing,要調査
3856,Abalance,電気機器,,,,,,,,missing,要調査
3858,ユビキタスAI,情報・通信業,,,,,,,,missing,要調査
3861,王子ホールディングス,パルプ・紙,,,,,,,,missing,要調査
3863,日本製紙,パルプ・紙,瀬邊　明,,（現在）,,photos_2/3863_日本製紙/current/photo_01.jpg,✓,✓,current,
3864,三菱製紙,パルプ・紙,,,,,,,,missing,要調査
3865,北越コーポレーション,パルプ・紙,昇格　岸本氏,2026年1月27日,,,photos_1/3865_北越コーポレーション/history/01_昇格_岸本氏/photo_01.jpg,✓,,history,
3877,中越パルプ工業,パルプ・紙,福本　亮治,,（現在）,,photos_2/3877_中越パルプ工業/current/photo_01.jpg,✓,✓,current,
3878,巴川コーポレーション,化学,井上 善雄,,,,photos_1/3878_巴川コーポレーション/history/01_井上_善雄/photo_01.jpg,✓,,history,
3880,大王製紙,パルプ・紙,価値創造,,（現在）,,photos_2/3880_大王製紙/current/photo_01.jpg,✓,✓,current,
3891,ニッポン高度紙工業,パルプ・紙,高知県,2021年8月,（現在）,,photos_2/3891_ニッポン高度紙工業/current/photo_01.jpg,✓,✓,current,
3892,岡山製紙,パルプ・紙,,,,,,,,missing,要調査
3895,ハビックス,パルプ・紙,衛生,,（現在）,,photos_2/3895_ハビックス/current/photo_01.jpg,✓,✓,current,
3895,ハビックス,パルプ・紙,吉村和彦,2022年頃,,,photos_1/3895_ハビックス/history/01_吉村和彦/photo_01.jpg,✓,,history,
3895,ハビックス,パルプ・紙,木村敏之,2016年頃,2022年頃,,photos_1/3895_ハビックス/history/02_木村敏之/photo_01.jpg,✓,,history,
3896,阿波製紙,パルプ・紙,号 第,,（現在）,,photos_2/3896_阿波製紙/current/photo_01.jpg,✓,✓,current,
3900,クラウドワークス,情報・通信業,吉田 浩一郎,,（現在）,,photos_2/3900_クラウドワークス/current/photo_01.jpg,✓,✓,current,
3901,マークラインズ,情報・通信業,表者 時田宗,,,,photos_1/3901_マークラインズ/history/01_表者_時田宗/photo_01.jpg,✓,,history,
3902,メディカル・データ・ビジョン,情報・通信業,社名,,（現在）,,photos_2/3902_メディカル・データ・ビジョン/current/photo_01.jpg,✓,✓,current,
3903,gumi,情報・通信業,,,,,,,,missing,要調査
3904,カヤック,情報・通信業,,,,,,,,missing,要調査
3905,データセクション,情報・通信業,日 執行役,2024年11月,（現在）,,photos_2/3905_データセクション/current/photo_01.jpg,✓,✓,current,
3907,シリコンスタジオ,情報・通信業,,,,,,,,missing,要調査
3908,コラボス,情報・通信業,,,,,,,,missing,要調査
3909,ショーケース,情報・通信業,娼館 望郷,,,,photos_1/3909_ショーケース/history/01_娼館_望郷/photo_01.jpg,✓,,history,
3909,ショーケース,情報・通信業,七号 君想,,,,photos_1/3909_ショーケース/history/02_七号_君想/photo_01.jpg,✓,,history,
3910,エムケイシステム,情報・通信業,,,,,,,,missing,要調査
3911,Aiming,情報・通信業,椎葉 忠志,2006年12月,（現在）,,,,,current,
3912,モバイルファクトリー,情報・通信業,,,,,,,,missing,要調査
3913,GreenBee,情報・通信業,"略歴
平成",平成8年7月,（現在）,,photos_2/3913_GreenBee/current/photo_01.jpg,✓,✓,current,
3914,JIG-SAW,情報・通信業,,,,,,,,missing,要調査
3915,テラスカイ,情報・通信業,佐藤 秀哉,,（現在）,,photos_2/3915_テラスカイ/current/photo_01.jpg,✓,✓,current,
3916,デジタル・インフォメーション・テクノロジー,情報・通信業,,,,,,,,missing,要調査
3917,アイリッジ,情報・通信業,,,,,,,,missing,要調査
3918,PCIホールディングス,情報・通信業,会長　戸澤,,（現在）,,photos_2/3918_PCIホールディングス/current/photo_01.jpg,✓,✓,current,
3918,PCIホールディングス,情報・通信業,原口直道,2018年頃,2022年頃,,photos_1/3918_PCIホールディングス/history/01_原口直道/photo_01.jpg,✓,,history,
3920,アイビーシー,情報・通信業,,,,,,,,missing,要調査
3921,ネオジャパン,情報・通信業,,,,,,,,missing,要調査
3922,PR　TIMES,情報・通信業,,,,,,,,missing,要調査
3923,ラクス,情報・通信業,中村 崇則,,（現在）,,photos_2/3923_ラクス/current/photo_01.jpg,✓,✓,current,
3924,ランドコンピュータ,情報・通信業,福 島,2021年1月,（現在）,,photos_2/3924_ランドコンピュータ/current/photo_01.jpg,✓,✓,current,
3924,ランドコンピュータ,情報・通信業,構成 講演,,,,photos_1/3924_ランドコンピュータ/history/01_構成_講演/photo_01.jpg,✓,,history,
3925,ダブルスタンダード,情報・通信業,竺鼠 川原,,,,photos_1/3925_ダブルスタンダード/history/01_竺鼠_川原/photo_01.jpg,✓,,history,
3926,オープンドア,情報・通信業,進士仁一,,,,photos_1/3926_オープンドア/history/01_進士仁一/photo_01.jpg,✓,,history,
3926,オープンドア,情報・通信業,手塚卓志,,,,photos_1/3926_オープンドア/history/02_手塚卓志/photo_01.jpg,✓,,history,
3927,フーバーブレイン,情報・通信業,輿水 英行,,（現在）,,photos_2/3927_フーバーブレイン/current/photo_01.jpg,✓,✓,current,
3928,マイネット,情報・通信業,,,,,,,,missing,要調査
3929,ソーシャルワイヤー,情報・通信業,矢田 峰之,,,,photos_1/3929_ソーシャルワイヤー/history/01_矢田_峰之/photo_01.jpg,✓,,history,
3930,はてな,情報・通信業,,,,,,,,missing,要調査
3931,バリューゴルフ,情報・通信業,水口 通夫,,（現在）,,photos_2/3931_バリューゴルフ/current/photo_01.jpg,✓,✓,current,
3932,アカツキ,情報・通信業,代行 森本譲,,,,photos_1/3932_アカツキ/history/01_代行_森本譲/photo_01.jpg,✓,,history,
3933,チエル,情報・通信業,出演,2020年頃,,,photos_1/3933_チエル/history/01_出演/photo_01.jpg,✓,,history,
3934,ベネフィットジャパン,情報・通信業,神子柴 寿昭,,,,photos_1/3934_ベネフィットジャパン/history/01_神子柴_寿昭/photo_01.jpg,✓,,history,
3934,ベネフィットジャパン,情報・通信業,三部 敏宏,,,,photos_1/3934_ベネフィットジャパン/history/02_三部_敏宏/photo_01.jpg,✓,,history,
3934,ベネフィットジャパン,情報・通信業,倉石 誠司,,,,photos_1/3934_ベネフィットジャパン/history/03_倉石_誠司/photo_01.jpg,✓,,history,
3934,ベネフィットジャパン,情報・通信業,竹内 弘平,,,,photos_1/3934_ベネフィットジャパン/history/04_竹内_弘平/photo_01.jpg,✓,,history,
3934,ベネフィットジャパン,情報・通信業,鈴木 麻子,,,,photos_1/3934_ベネフィットジャパン/history/05_鈴木_麻子/photo_01.jpg,✓,,history,
3934,ベネフィットジャパン,情報・通信業,貝原 典也,,,,photos_1/3934_ベネフィットジャパン/history/06_貝原_典也/photo_01.jpg,✓,,history,
3935,エディア,情報・通信業,,,,,,,,missing,要調査
3936,グローバルウェイ,情報・通信業,各務 正人,2024年10月,（現在）,,photos_2/3936_グローバルウェイ/current/photo_01.jpg,✓,✓,current,
3937,Ubicomホールディングス,情報・通信業,青木 正之,,（現在）,,photos_2/3937_Ubicomホールディングス/current/photo_01.jpg,✓,✓,current,
3939,カナミックネットワーク,情報・通信業,,,,,,,,missing,要調査
3940,ノムラシステムコーポレーション,情報・通信業,,,,,,,,missing,要調査
3941,レンゴー,パルプ・紙,表者 時田宗,,,,photos_1/3941_レンゴー/history/01_表者_時田宗/photo_01.jpg,✓,,history,
3943,大石産業,パルプ・紙,,,,,,,,missing,要調査
3944,古林紙工,パルプ・紙,,,,,,,,missing,要調査
3945,スーパーバッグ,パルプ・紙,,,,,,,,missing,要調査
3946,トーモク,パルプ・紙,,,,,,,,missing,要調査
3947,ダイナパック,パルプ・紙,進士仁一,,,,photos_1/3947_ダイナパック/history/01_進士仁一/photo_01.jpg,✓,,history,
3947,ダイナパック,パルプ・紙,手塚卓志,,,,photos_1/3947_ダイナパック/history/02_手塚卓志/photo_01.jpg,✓,,history,
3948,光ビジネスフォーム,パルプ・紙,金子 眞吾,,,,photos_1/3948_光ビジネスフォーム/history/01_金子_眞吾/photo_01.jpg,✓,,history,
3950,ザ・パック,パルプ・紙,進士仁一,,,,photos_1/3950_ザ・パック/history/01_進士仁一/photo_01.jpg,✓,,history,
3950,ザ・パック,パルプ・紙,手塚卓志,,,,photos_1/3950_ザ・パック/history/02_手塚卓志/photo_01.jpg,✓,,history,
3951,朝日印刷,パルプ・紙,朝日 重紀,,（現在）,,photos_2/3951_朝日印刷/current/photo_01.jpg,✓,✓,current,
3953,大村紙業,パルプ・紙,,,,,,,,missing,要調査
3954,昭和パックス,パルプ・紙,"社名
昭和",2025年3月,（現在）,,photos_2/3954_昭和パックス/current/photo_01.jpg,✓,✓,current,
3954,昭和パックス,パルプ・紙,広域への影響力,,,,photos_1/3954_昭和パックス/history/01_広域への影響力/photo_01.jpg,✓,,history,
3954,昭和パックス,パルプ・紙,池田芳蔵,,,,photos_1/3954_昭和パックス/history/02_池田芳蔵/photo_01.jpg,✓,,history,
3954,昭和パックス,パルプ・紙,久保亮五,,,,photos_1/3954_昭和パックス/history/03_久保亮五/photo_01.jpg,✓,,history,
3954,昭和パックス,パルプ・紙,小林與三次,,,,photos_1/3954_昭和パックス/history/04_小林與三次/photo_01.jpg,✓,,history,
3954,昭和パックス,パルプ・紙,中川順,,,,photos_1/3954_昭和パックス/history/05_中川順/photo_01.jpg,✓,,history,
3954,昭和パックス,パルプ・紙,中村元,,,,photos_1/3954_昭和パックス/history/06_中村元/photo_01.jpg,✓,,history,
3954,昭和パックス,パルプ・紙,西原春夫,,,,photos_1/3954_昭和パックス/history/07_西原春夫/photo_01.jpg,✓,,history,
3954,昭和パックス,パルプ・紙,縫田曄子,,,,photos_1/3954_昭和パックス/history/08_縫田曄子/photo_01.jpg,✓,,history,
3955,イムラ,パルプ・紙,"紹介
企業情",,（現在）,,photos_2/3955_イムラ/current/photo_01.jpg,✓,✓,current,
3955,イムラ,パルプ・紙,伝説 怪奇,,,,photos_1/3955_イムラ/history/01_伝説_怪奇/photo_01.jpg,✓,,history,
3955,イムラ,パルプ・紙,伝説 哲也,,,,photos_1/3955_イムラ/history/02_伝説_哲也/photo_01.jpg,✓,,history,
3955,イムラ,パルプ・紙,子屋 銭天堂,,,,photos_1/3955_イムラ/history/03_子屋_銭天堂/photo_01.jpg,✓,,history,
3955,イムラ,パルプ・紙,界編 序奏,,,,photos_1/3955_イムラ/history/04_界編_序奏/photo_01.jpg,✓,,history,
3955,イムラ,パルプ・紙,皇子 天上編,,,,photos_1/3955_イムラ/history/05_皇子_天上編/photo_01.jpg,✓,,history,
3955,イムラ,パルプ・紙,映画 爆釣,,,,photos_1/3955_イムラ/history/06_映画_爆釣/photo_01.jpg,✓,,history,
3958,笹徳印刷,パルプ・紙,会長　杉山卓,2025年9月,（現在）,,photos_2/3958_笹徳印刷/current/photo_01.jpg,✓,✓,current,
3958,笹徳印刷,パルプ・紙,勝島 三遺体,,,,photos_1/3958_笹徳印刷/history/01_勝島_三遺体/photo_01.jpg,✓,,history,
3961,シルバーエッグ・テクノロジー,情報・通信業,伝説 怪奇,,,,photos_1/3961_シルバーエッグ・テクノロジー/history/01_伝説_怪奇/photo_01.jpg,✓,,history,
3961,シルバーエッグ・テクノロジー,情報・通信業,伝説 哲也,,,,photos_1/3961_シルバーエッグ・テクノロジー/history/02_伝説_哲也/photo_01.jpg,✓,,history,
3961,シルバーエッグ・テクノロジー,情報・通信業,子屋 銭天堂,,,,photos_1/3961_シルバーエッグ・テクノロジー/history/03_子屋_銭天堂/photo_01.jpg,✓,,history,
3961,シルバーエッグ・テクノロジー,情報・通信業,界編 序奏,,,,photos_1/3961_シルバーエッグ・テクノロジー/history/04_界編_序奏/photo_01.jpg,✓,,history,
3961,シルバーエッグ・テクノロジー,情報・通信業,皇子 天上編,,,,photos_1/3961_シルバーエッグ・テクノロジー/history/05_皇子_天上編/photo_01.jpg,✓,,history,
3962,チェンジホールディングス,情報・通信業,福留 大士,2003年4月,（現在）,,photos_2/3962_チェンジホールディングス/current/photo_01.jpg,✓,✓,current,
3963,シンクロ・フード,情報・通信業,,,,,,,,missing,要調査
3964,オークネット,情報・通信業,,,,,,,,missing,要調査
3965,キャピタル・アセット・プランニング,情報・通信業,山氏　三井住,2025年12月23日,2025年12月23日,,,,,history,
3965,キャピタル・アセット・プランニング,情報・通信業,山氏　海外,2025年7月31日,2025年12月23日,,,,,history,
3967,エルテス,情報・通信業,石原 直樹,,,,photos_1/3967_エルテス/history/01_石原_直樹/photo_01.jpg,✓,,history,
3967,エルテス,情報・通信業,大内 英史,,,,photos_1/3967_エルテス/history/02_大内_英史/photo_01.jpg,✓,,history,
3968,セグエグループ,情報・通信業,"方針
当社",2025年4月,（現在）,,photos_2/3968_セグエグループ/current/photo_01.jpg,✓,✓,current,
3969,エイトレッド,情報・通信業,,,,,,,,missing,要調査
3970,イノベーション,情報・通信業,富田　直人,2025年８月,（現在）,,photos_2/3970_イノベーション/current/photo_01.jpg,✓,✓,current,
3974,SCAT,情報・通信業,寺尾 弘一,,,,photos_1/3974_SCAT/history/01_寺尾_弘一/photo_01.jpg,✓,,history,
3976,シャノン,情報・通信業,,,,,,,,missing,要調査
3979,うるる,情報・通信業,星 知也,2022年３月,（現在）,,photos_2/3979_うるる/current/photo_01.jpg,✓,✓,current,
3981,ビーグリー,情報・通信業,放送,2016年頃,,,photos_1/3981_ビーグリー/history/01_放送/photo_01.jpg,✓,,history,
3983,オロ,情報・通信業,川田 篤,,（現在）,,photos_2/3983_オロ/current/photo_01.jpg,✓,✓,current,
3983,オロ,情報・通信業,海空 地球征,,,,photos_1/3983_オロ/history/01_海空_地球征/photo_01.jpg,✓,,history,
3984,ユーザーローカル,情報・通信業,,,,,,,,missing,要調査
3985,テモナ,情報・通信業,,,,,,,,missing,要調査
3986,ビーブレイクシステムズ,情報・通信業,,,,,,,,missing,要調査
3987,エコモット,情報・通信業,"締役
入澤",2019年5月,（現在）,,photos_2/3987_エコモット/current/photo_01.jpg,✓,✓,current,
3988,SYSホールディングス,情報・通信業,締役 会長,2004年1月,（現在）,,,,,current,
3989,シェアリングテクノロジー,情報・通信業,,,,,,,,missing,要調査
3991,ウォンテッドリー,情報・通信業,,,,,,,,missing,要調査
3992,ニーズウェル,情報・通信業,,,,,,,,missing,要調査
3993,PKSHA　Technology,情報・通信業,水谷 健彦,,（現在）,,photos_2/3993_PKSHA_Technology/current/photo_01.jpg,✓,✓,current,
3994,マネーフォワード,情報・通信業,辻 庸介,2020年5月,（現在）,,photos_2/3994_マネーフォワード/current/photo_01.jpg,✓,✓,current,
3996,サインポスト,情報・通信業,課題,,（現在）,,photos_2/3996_サインポスト/current/photo_01.jpg,✓,✓,current,
3997,トレードワークス,情報・通信業,,,,,,,,missing,要調査
3998,すららネット,情報・通信業,野川 孝彦,2002年5月,（現在）,,photos_2/3998_すららネット/current/photo_01.jpg,✓,✓,current,
4004,レゾナック・ホールディングス,化学,,,,,,,,missing,要調査
4005,住友化学,化学,,,,,,,,missing,要調査
4008,住友精化,化学,織田 佳明,,（現在）,,photos_2/4008_住友精化/current/photo_01.jpg,✓,✓,current,
4011,ヘッドウォータース,情報・通信業,本部 本部長,2010年8月,（現在）,,photos_2/4011_ヘッドウォータース/current/photo_01.jpg,✓,✓,current,
4012,アクシス,情報・通信業,横田 佳和,,（現在）,,photos_2/4012_アクシス/current/photo_01.jpg,✓,✓,current,
4013,勤次郎,情報・通信業,鎧武 春休,2014年4月3日,2016年9月29日,,photos_1/4013_勤次郎/history/01_鎧武_春休/photo_01.jpg,✓,,history,
4013,勤次郎,情報・通信業,専科 色恋,,,,photos_1/4013_勤次郎/history/02_専科_色恋/photo_01.jpg,✓,,history,
4014,カラダノート,情報・通信業,,,,,,,,missing,要調査
4015,ペイクラウドホールディングス,情報・通信業,三浦 嚴嗣,,（現在）,,photos_2/4015_ペイクラウドホールディングス/current/photo_01.jpg,✓,✓,current,
4015,ペイクラウドホールディングス,情報・通信業,門倉 紀明,,,,photos_1/4015_ペイクラウドホールディングス/history/01_門倉_紀明/photo_01.jpg,✓,,history,
4016,MITホールディングス,情報・通信業,,,,,,,,missing,要調査
4017,クリーマ,情報・通信業,,,,,,,,missing,要調査
4019,スタメン,情報・通信業,逮捕　埼玉県,2012年10月18日,2012年10月23日,,photos_1/4019_スタメン/history/01_逮捕_埼玉県/photo_01.jpg,✓,,history,
4020,ビートレンド,情報・通信業,植村甲午郎,,,,photos_1/4020_ビートレンド/history/01_植村甲午郎/photo_01.jpg,✓,,history,
4020,ビートレンド,情報・通信業,水野成夫,,,,photos_1/4020_ビートレンド/history/02_水野成夫/photo_01.jpg,✓,,history,
4020,ビートレンド,情報・通信業,鹿内信隆,,,,,,,history,
4020,ビートレンド,情報・通信業,浅野賢澄,,,,photos_1/4020_ビートレンド/history/04_浅野賢澄/photo_01.jpg,✓,,history,
4020,ビートレンド,情報・通信業,鹿内春雄,,,,photos_1/4020_ビートレンド/history/05_鹿内春雄/photo_01.jpg,✓,,history,
4020,ビートレンド,情報・通信業,鹿内宏明,,,,photos_1/4020_ビートレンド/history/06_鹿内宏明/photo_01.jpg,✓,,history,
4020,ビートレンド,情報・通信業,日枝久,,,,photos_1/4020_ビートレンド/history/07_日枝久/photo_01.jpg,✓,,history,
4020,ビートレンド,情報・通信業,嘉納修治,,,,photos_1/4020_ビートレンド/history/08_嘉納修治/photo_01.jpg,✓,,history,
4021,日産化学,化学,締役  八木,,（現在）,,photos_2/4021_日産化学/current/photo_01.jpg,✓,✓,current,
4022,ラサ工業,化学,合会 会頭,,,,photos_1/4022_ラサ工業/history/01_合会_会頭/photo_01.jpg,✓,,history,
4023,クレハ,化学,小林 豊,2025年5月,（現在）,,photos_2/4023_クレハ/current/photo_01.jpg,✓,✓,current,
4023,クレハ,化学,岩崎俊彌,,,,photos_1/4023_クレハ/history/01_岩崎俊彌/photo_01.jpg,✓,,history,
4023,クレハ,化学,山田三次郎,,,,photos_1/4023_クレハ/history/02_山田三次郎/photo_01.jpg,✓,,history,
4023,クレハ,化学,大野政吉,,,,photos_1/4023_クレハ/history/03_大野政吉/photo_01.jpg,✓,,history,
4023,クレハ,化学,池田亀三郎,,,,photos_1/4023_クレハ/history/04_池田亀三郎/photo_01.jpg,✓,,history,
4023,クレハ,化学,森本貫一,,,,photos_1/4023_クレハ/history/05_森本貫一/photo_01.jpg,✓,,history,
4023,クレハ,化学,森規矩夫,,,,photos_1/4023_クレハ/history/06_森規矩夫/photo_01.jpg,✓,,history,
4023,クレハ,化学,桑田時一郎,,,,photos_1/4023_クレハ/history/07_桑田時一郎/photo_01.jpg,✓,,history,
4025,多木化学,化学,,,,,,,,missing,要調査
4026,神島化学工業,ガラス・土石製品,,,,,,,,missing,要調査
4027,テイカ,化学,,,,,,,,missing,要調査
4028,石原産業,化学,警察 全国,,,,photos_1/4028_石原産業/history/01_警察_全国/photo_01.jpg,✓,,history,
4031,片倉コープアグリ,化学,,,,,,,,missing,要調査
4040,南海化学,化学,,,,,,,,missing,要調査
4041,日本曹達,化学,阿賀 英司,,（現在）,,photos_2/4041_日本曹達/current/photo_01.jpg,✓,✓,current,
4042,東ソー,化学,桒田　守,,（現在）,,photos_2/4042_東ソー/current/photo_01.jpg,✓,✓,current,
4042,東ソー,化学,当社,2001年05月17日,,,photos_1/4042_東ソー/history/01_当社/photo_01.jpg,✓,,history,
4043,トクヤマ,化学,,,,,,,,missing,要調査
4044,セントラル硝子,化学,,,,,,,,missing,要調査
4045,東亞合成,化学,東亞合成,2025年１月,（現在）,,photos_2/4045_東亞合成/current/photo_01.jpg,✓,✓,current,
4046,大阪ソーダ,化学,,,,,,,,missing,要調査
4047,関東電化工業,化学,谷川 淳一,,（現在）,,photos_2/4047_関東電化工業/current/photo_01.jpg,✓,✓,current,
4051,GMOフィナンシャルゲート,情報・通信業,杉山 憲太郎,2024年９月,（現在）,,photos_2/4051_GMOフィナンシャルゲート/current/photo_01.jpg,✓,✓,current,
4052,フィーチャ,情報・通信業,奥原主一,2000年頃,,,photos_1/4052_フィーチャ/history/01_奥原主一/photo_01.jpg,✓,,history,
4053,Sun　Asterisk,情報・通信業,,,,,,,,missing,要調査
4054,日本情報クリエイト,情報・通信業,,,,,,,,missing,要調査
4055,ティアンドエスグループ,情報・通信業,,,,,,,,missing,要調査
4056,ニューラルグループ,情報・通信業,,,,,,,,missing,要調査
4057,インターファクトリー,情報・通信業,,,,,,,,missing,要調査
4058,トヨクモ,情報・通信業,山本 裕次,2000年01月,（現在）,,,,,current,
4059,まぐまぐ,情報・通信業,,,,,,,,missing,要調査
4060,rakumo,情報・通信業,清水 孝治,,（現在）,,photos_2/4060_rakumo/current/photo_01.jpg,✓,✓,current,
4061,デンカ,化学,石田 郁雄,,（現在）,,photos_2/4061_デンカ/current/photo_01.jpg,✓,✓,current,
4062,イビデン,電気機器,,,,,,,,missing,要調査
4063,信越化学工業,化学,"職名
氏名",,（現在）,,photos_2/4063_信越化学工業/current/photo_01.jpg,✓,✓,current,
4064,日本カーバイド工業,化学,,,,,,,,missing,要調査
4068,ベイシス,情報・通信業,吉村 公孝,2000年7月,（現在）,,photos_2/4068_ベイシス/current/photo_01.jpg,✓,✓,current,
4069,BlueMeme,情報・通信業,,,,,,,,missing,要調査
4071,プラスアルファ・コンサルティング,情報・通信業,三室 克哉株,,（現在）,,photos_2/4071_プラスアルファ・コンサルティング/current/photo_01.jpg,✓,✓,current,
4072,電算システムホールディングス,情報・通信業,,,,,,,,missing,要調査
4073,ジィ・シィ企画,情報・通信業,,,,,,,,missing,要調査
4074,ラキール,情報・通信業,久保 努,,（現在）,,photos_2/4074_ラキール/current/photo_01.jpg,✓,✓,current,
4075,ブレインズテクノロジー,情報・通信業,,,,,,,,missing,要調査
4076,シイエヌエス,情報・通信業,基本的,2005年10月,（現在）,,photos_2/4076_シイエヌエス/current/photo_01.jpg,✓,✓,current,
4078,堺化学工業,化学,,,,,,,,missing,要調査
4080,田中化学研究所,化学,田中化学,,（現在）,,photos_2/4080_田中化学研究所/current/photo_01.jpg,✓,✓,current,
4082,第一稀元素化学工業,化学,,,,,,,,missing,要調査
4088,エア・ウォーター,化学,,,,,,,,missing,要調査
4091,日本酸素ホールディングス,化学,濱田　敏彦,2002年7月,（現在）,,photos_2/4091_日本酸素ホールディングス/current/photo_01.jpg,✓,✓,current,
4092,日本化学工業,化学,,,,,,,,missing,要調査
4093,東邦アセチレン,化学,,,,,,,,missing,要調査
4094,日本化学産業,化学,,,,,,,,missing,要調査
4095,日本パーカライジング,化学,,,,,,,,missing,要調査
4097,高圧ガス工業,化学,,,,,,,,missing,要調査
4098,チタン工業,化学,工業株,,（現在）,,photos_2/4098_チタン工業/current/photo_01.jpg,✓,✓,current,
4099,四国化成ホールディングス,化学,当社,,（現在）,,,,,current,
4100,戸田工業,化学,微粒子,,（現在）,,photos_2/4100_戸田工業/current/photo_01.jpg,✓,✓,current,
4102,丸尾カルシウム,化学,,,,,,,,missing,要調査
4107,伊勢化学工業,化学,,,,,,,,missing,要調査
4109,ステラ　ケミファ,化学,"方
法令遵",2025年11月,（現在）,,photos_2/4109_ステラ_ケミファ/current/photo_01.jpg,✓,✓,current,
4112,保土谷化学工業,化学,,,,,,,,missing,要調査
4113,田岡化学工業,化学,,,,,,,,missing,要調査
4114,日本触媒,化学,野田　和宏,,（現在）,,photos_2/4114_日本触媒/current/photo_01.jpg,✓,✓,current,
4114,日本触媒,化学,野田 和宏代,,,,photos_1/4114_日本触媒/history/01_野田_和宏代/photo_01.jpg,✓,,history,
4116,大日精化工業,化学,神子柴 寿昭,,,,photos_2/4116_大日精化工業/history/01_神子柴_寿昭/photo_01.jpg,✓,✓,history,
4116,大日精化工業,化学,三部 敏宏,,,,photos_1/4116_大日精化工業/history/02_三部_敏宏/photo_01.jpg,✓,,history,
4116,大日精化工業,化学,倉石 誠司,,,,photos_1/4116_大日精化工業/history/03_倉石_誠司/photo_01.jpg,✓,,history,
4116,大日精化工業,化学,竹内 弘平,,,,photos_2/4116_大日精化工業/history/04_竹内_弘平/photo_01.jpg,✓,✓,history,
4116,大日精化工業,化学,鈴木 麻子,,,,photos_1/4116_大日精化工業/history/05_鈴木_麻子/photo_01.jpg,✓,,history,
4116,大日精化工業,化学,貝原 典也,,,,photos_1/4116_大日精化工業/history/06_貝原_典也/photo_01.jpg,✓,,history,
4118,カネカ,化学,,,,,,,,missing,要調査
4119,日本ピグメントホールディングス,化学,院前 伊集院,,,,photos_1/4119_日本ピグメントホールディングス/history/01_院前_伊集院/photo_01.jpg,✓,,history,
4120,スガイ化学工業,化学,,,,,,,,missing,要調査
4124,大阪油化工業,化学,謝罪　茨城,2025年7月15日,2007年12月22日,,photos_1/4124_大阪油化工業/history/01_謝罪_茨城/photo_01.jpg,✓,,history,
4125,三和油化工業,化学,謝罪　茨城,2025年7月15日,2007年12月22日,,photos_1/4125_三和油化工業/history/01_謝罪_茨城/photo_01.jpg,✓,,history,
4151,協和キリン,医薬品,宮本　昌志,,（現在）,,photos_2/4151_協和キリン/current/photo_01.jpg,✓,✓,current,
4165,プレイド,情報・通信業,,,,,,,,missing,要調査
4166,かっこ,情報・通信業,終了 大規模,2016年3月6日,2017年5月9日,,photos_1/4166_かっこ/history/01_終了_大規模/photo_01.jpg,✓,,history,
4167,ココペリ,情報・通信業,,,,,,,,missing,要調査
4168,ヤプリ,情報・通信業,,,,,,,,missing,要調査
4169,ENECHANGE,情報・通信業,日本語,2015年4月,（現在）,,photos_2/4169_ENECHANGE/current/photo_01.jpg,✓,✓,current,
4170,Kaizen　Platform,情報・通信業,,,,,,,,missing,要調査
4171,グローバルインフォメーション,情報・通信業,,,,,,,,missing,要調査
4172,東和ハイシステム,情報・通信業,,,,,,,,missing,要調査
4174,アピリッツ,情報・通信業,,,,,,,,missing,要調査
4175,coly,情報・通信業,中島 杏奈,2014年2月,（現在）,,photos_2/4175_coly/current/photo_01.jpg,✓,✓,current,
4175,coly,情報・通信業,学部 免疫学,,,,photos_1/4175_coly/history/01_学部_免疫学/photo_01.jpg,✓,,history,
4175,coly,情報・通信業,法人 石川記,,,,photos_1/4175_coly/history/02_法人_石川記/photo_01.jpg,✓,,history,
4175,coly,情報・通信業,本部 映像事,,,,photos_1/4175_coly/history/03_本部_映像事/photo_01.jpg,✓,,history,
4175,coly,情報・通信業,東京 共同代,,,,photos_1/4175_coly/history/04_東京_共同代/photo_01.jpg,✓,,history,
4175,coly,情報・通信業,本部 調理,,,,photos_1/4175_coly/history/05_本部_調理/photo_01.jpg,✓,,history,
4176,ココナラ,情報・通信業,鈴木 歩,2016年5月,（現在）,,photos_2/4176_ココナラ/current/photo_01.jpg,✓,✓,current,
4176,ココナラ,情報・通信業,守流 利益,,,,photos_1/4176_ココナラ/history/01_守流_利益/photo_01.jpg,✓,,history,
4176,ココナラ,情報・通信業,奪戦 資源,,,,photos_1/4176_ココナラ/history/02_奪戦_資源/photo_01.jpg,✓,,history,
4176,ココナラ,情報・通信業,代目 執念,,,,photos_1/4176_ココナラ/history/03_代目_執念/photo_01.jpg,✓,,history,
4177,i-plug,情報・通信業,"由来

人",2012年4月,（現在）,,photos_2/4177_i-plug/current/photo_01.jpg,✓,✓,current,
4177,i-plug,情報・通信業,田中 伸明,2014年頃,2010年頃,,photos_1/4177_i-plug/history/01_田中_伸明/photo_01.jpg,✓,,history,
4177,i-plug,情報・通信業,由来,2010年頃,2014年頃,,photos_1/4177_i-plug/history/02_由来/photo_01.jpg,✓,,history,
4178,Sharing　Innovations,情報・通信業,中村 慶郎,,,,photos_1/4178_Sharing_Innovations/history/01_中村_慶郎/photo_01.jpg,✓,,history,
4179,ジーネクスト,情報・通信業,,,,,,,,missing,要調査
4180,Appier　Group,情報・通信業,締役 監査等,,（現在）,,photos_2/4180_Appier_Group/current/photo_01.jpg,✓,✓,current,
4180,Appier　Group,情報・通信業,井上高志,2008年頃,,,photos_1/4180_Appier_Group/history/01_井上高志/photo_01.jpg,✓,,history,
4182,三菱瓦斯化学,化学,社会,,（現在）,,photos_2/4182_三菱瓦斯化学/current/photo_01.jpg,✓,✓,current,
4182,三菱瓦斯化学,化学,藤井 政志,,,,photos_1/4182_三菱瓦斯化学/history/01_藤井_政志/photo_01.jpg,✓,,history,
4183,三井化学,化学,,,,,,,,missing,要調査
4186,東京応化工業,化学,種市 順昭,,（現在）,,photos_2/4186_東京応化工業/current/photo_01.jpg,✓,✓,current,
4187,大阪有機化学工業,化学,社名,2024年11月,（現在）,,photos_2/4187_大阪有機化学工業/current/photo_01.jpg,✓,✓,current,
4188,三菱ケミカルグループ,化学,,,,,,,,missing,要調査
4189,KHネオケム,化学,,,,,,,,missing,要調査
4192,スパイダープラス,情報・通信業,新聞 電子版,2021年3月,（現在）,,photos_2/4192_スパイダープラス/current/photo_01.jpg,✓,✓,current,
4192,スパイダープラス,情報・通信業,新聞 電子版,2026年1月30日,2026年1月30日,,photos_1/4192_スパイダープラス/history/01_新聞_電子版/photo_01.jpg,✓,,history,
4192,スパイダープラス,情報・通信業,対策　転倒,2026年1月30日,,,photos_1/4192_スパイダープラス/history/02_対策_転倒/photo_01.jpg,✓,,history,
4192,スパイダープラス,情報・通信業,挨拶 企業理,,,,photos_1/4192_スパイダープラス/history/03_挨拶_企業理/photo_01.jpg,✓,,history,
4193,ファブリカホールディングス,情報・通信業,谷口 政人,,（現在）,,photos_2/4193_ファブリカホールディングス/current/photo_01.jpg,✓,✓,current,
4194,ビジョナル,情報・通信業,南 壮一郎,2020年2月,（現在）,,photos_2/4194_ビジョナル/current/photo_01.jpg,✓,✓,current,
4196,ネオマーケティング,情報・通信業,橋本 光伸,2002年頃,,,photos_1/4196_ネオマーケティング/history/01_橋本_光伸/photo_01.jpg,✓,,history,
4197,アスマーク,情報・通信業,米倉 裕之,2025年11月27日,2025年12月11日,,photos_1/4197_アスマーク/history/01_米倉_裕之/photo_01.jpg,✓,,history,
4198,テンダ,情報・通信業,議長 薗部晃,,（現在）,,photos_2/4198_テンダ/current/photo_01.jpg,✓,✓,current,
4199,ワンダープラネット,情報・通信業,常川 友樹,,（現在）,,photos_2/4199_ワンダープラネット/current/photo_01.jpg,✓,✓,current,
4199,ワンダープラネット,情報・通信業,進士仁一,,,,photos_1/4199_ワンダープラネット/history/01_進士仁一/photo_01.jpg,✓,,history,
4199,ワンダープラネット,情報・通信業,手塚卓志,,,,photos_1/4199_ワンダープラネット/history/02_手塚卓志/photo_01.jpg,✓,,history,
4202,ダイセル,化学,"会長
小河",2002年4月,（現在）,,photos_2/4202_ダイセル/current/photo_01.jpg,✓,✓,current,
4203,住友ベークライト,化学,藤原 一彦,,（現在）,,photos_2/4203_住友ベークライト/current/photo_01.jpg,✓,✓,current,
4204,積水化学工業,化学,加藤　敬太,,（現在）,,photos_2/4204_積水化学工業/current/photo_01.jpg,✓,✓,current,
4205,日本ゼオン,化学,豊嶋　哲也,,（現在）,,photos_2/4205_日本ゼオン/current/photo_01.jpg,✓,✓,current,
4206,アイカ工業,化学,健治　本社,2026年2月24日,,,photos_1/4206_アイカ工業/history/01_健治_本社/photo_01.jpg,✓,,history,
4208,UBE,化学,西田 祐樹,,（現在）,,photos_2/4208_UBE/current/photo_01.jpg,✓,✓,current,
4212,積水樹脂,化学,馬場　浩志,,（現在）,,photos_2/4212_積水樹脂/current/photo_01.jpg,✓,✓,current,
4216,旭有機材,化学,中野 賀津也,,（現在）,,photos_2/4216_旭有機材/current/photo_01.jpg,✓,✓,current,
4218,ニチバン,化学,,,,,,,,missing,要調査
4220,リケンテクノス,化学,常盤 和明,2025年4月,（現在）,,photos_2/4220_リケンテクノス/current/photo_01.jpg,✓,✓,current,
4221,大倉工業,化学,神田 進,2009年4月,（現在）,,photos_2/4221_大倉工業/current/photo_01.jpg,✓,✓,current,
4222,児玉化学工業,化学,挨拶,,（現在）,,photos_2/4222_児玉化学工業/current/photo_01.jpg,✓,✓,current,
4224,ロンシール工業,化学,,,,,,,,missing,要調査
4228,積水化成品工業,化学,"案内
企業理",2025年6月,（現在）,,photos_2/4228_積水化成品工業/current/photo_01.jpg,✓,✓,current,
4229,群栄化学工業,化学,,,,,,,,missing,要調査
4231,タイガースポリマー,化学,澤田  宏治,,（現在）,,photos_2/4231_タイガースポリマー/current/photo_01.jpg,✓,✓,current,
4234,サンエー化研,化学,"邁進
　当社",,（現在）,,photos_2/4234_サンエー化研/current/photo_01.jpg,✓,✓,current,
4235,ウルトラファブリックス・ホールディングス,化学,吉村 昇,2025年3月,（現在）,,photos_2/4235_ウルトラファブリックス・ホールディングス/current/photo_01.jpg,✓,✓,current,
4237,フジプレアム,化学,,,,,,,,missing,要調査
4238,ミライアル,化学,株主,,（現在）,,photos_2/4238_ミライアル/current/photo_01.jpg,✓,✓,current,
4238,ミライアル,化学,植村甲午郎,,,,photos_1/4238_ミライアル/history/01_植村甲午郎/photo_01.jpg,✓,,history,
4238,ミライアル,化学,水野成夫,,,,photos_1/4238_ミライアル/history/02_水野成夫/photo_01.jpg,✓,,history,
4238,ミライアル,化学,鹿内信隆,,,,,,,history,
4238,ミライアル,化学,浅野賢澄,,,,photos_1/4238_ミライアル/history/04_浅野賢澄/photo_01.jpg,✓,,history,
4238,ミライアル,化学,鹿内春雄,,,,photos_1/4238_ミライアル/history/05_鹿内春雄/photo_01.jpg,✓,,history,
4238,ミライアル,化学,鹿内宏明,,,,photos_1/4238_ミライアル/history/06_鹿内宏明/photo_01.jpg,✓,,history,
4238,ミライアル,化学,日枝久,,,,photos_1/4238_ミライアル/history/07_日枝久/photo_01.jpg,✓,,history,
4238,ミライアル,化学,嘉納修治,,,,photos_1/4238_ミライアル/history/08_嘉納修治/photo_01.jpg,✓,,history,
4240,クラスターテクノロジー,化学,,,,,,,,missing,要調査
4241,アテクト,化学,,,,,,,,missing,要調査
4242,タカギセイコー,化学,高木 章裕,,（現在）,,photos_2/4242_タカギセイコー/current/photo_01.jpg,✓,✓,current,
4243,ニックス,化学,,,,,,,,missing,要調査
4245,ダイキアクシス,化学,大亀裕貴,2025年3月1日,2024年1月,,photos_1/4245_ダイキアクシス/history/01_大亀裕貴/photo_01.jpg,✓,,history,
4246,ダイキョーニシカワ,化学,川上 博之,2012年4月,（現在）,,photos_2/4246_ダイキョーニシカワ/current/photo_01.jpg,✓,✓,current,
4247,ポバール興業,化学,松井 孝敏,,（現在）,,photos_2/4247_ポバール興業/current/photo_01.jpg,✓,✓,current,
4248,竹本容器,化学,,,,,,,,missing,要調査
4249,森六,化学,引所 市場第,,（現在）,,photos_2/4249_森六/current/photo_01.jpg,✓,✓,current,
4251,恵和,化学,,,,,,,,missing,要調査
4255,THECOO,情報・通信業,,,,,,,,missing,要調査
4256,サインド,情報・通信業,,,,,,,,missing,要調査
4258,網屋,情報・通信業,石田 晃太,,（現在）,,photos_2/4258_網屋/current/photo_01.jpg,✓,✓,current,
4258,網屋,情報・通信業,植田和磨,2002年12月4日,,,photos_1/4258_網屋/history/01_植田和磨/photo_01.jpg,✓,,history,
4258,網屋,情報・通信業,平生翔大,2002年10月11日,,,photos_1/4258_網屋/history/02_平生翔大/photo_01.jpg,✓,,history,
4258,網屋,情報・通信業,小村真也,2002年5月28日,,,photos_1/4258_網屋/history/03_小村真也/photo_01.jpg,✓,,history,
4258,網屋,情報・通信業,古畑翔,,,,photos_1/4258_網屋/history/04_古畑翔/photo_01.jpg,✓,,history,
4258,網屋,情報・通信業,池田悠希,,,,photos_1/4258_網屋/history/05_池田悠希/photo_01.jpg,✓,,history,
4258,網屋,情報・通信業,祝原涼介,,,,photos_1/4258_網屋/history/06_祝原涼介/photo_01.jpg,✓,,history,
4259,エクサウィザーズ,情報・通信業,春田 真,,（現在）,,photos_2/4259_エクサウィザーズ/current/photo_01.jpg,✓,✓,current,
4259,エクサウィザーズ,情報・通信業,洸氏 社会課,2021年9月29日,2021年10月20日,,photos_1/4259_エクサウィザーズ/history/01_洸氏_社会課/photo_01.jpg,✓,,history,
4259,エクサウィザーズ,情報・通信業,石山 洸氏,2020年05月19日,,,photos_1/4259_エクサウィザーズ/history/02_石山_洸氏/photo_01.jpg,✓,,history,
4260,ハイブリッドテクノロジーズ,情報・通信業,現　東証,2021年12月,（現在）,,,,,current,
4261,アジアクエスト,情報・通信業,,,,,,,,missing,要調査
4262,ニフティライフスタイル,情報・通信業,,,,,,,,missing,要調査
4263,サスメド,情報・通信業,,,,,,,,missing,要調査
4264,セキュア,情報・通信業,阿部 達也,,,,photos_1/4264_セキュア/history/01_阿部_達也/photo_01.jpg,✓,,history,
4264,セキュア,情報・通信業,齊藤 秀久,,,,photos_1/4264_セキュア/history/02_齊藤_秀久/photo_01.jpg,✓,,history,
4264,セキュア,情報・通信業,大澤 智憲,,,,photos_1/4264_セキュア/history/03_大澤_智憲/photo_01.jpg,✓,,history,
4265,Institution　for　a　Global　Society,情報・通信業,,,,,,,,missing,要調査
4270,BeeX,情報・通信業,広木 太,,（現在）,,photos_2/4270_BeeX/current/photo_01.jpg,✓,✓,current,
4272,日本化薬,化学,川村　茂之,,（現在）,,photos_2/4272_日本化薬/current/photo_01.jpg,✓,✓,current,
4274,細谷火工,化学,,,,,,,,missing,要調査
4275,カーリット,化学,電解化学,2024年10月,（現在）,,photos_2/4275_カーリット/current/photo_01.jpg,✓,✓,current,
4284,ソルクシーズ,情報・通信業,長尾　章取締,,（現在）,,photos_2/4284_ソルクシーズ/current/photo_01.jpg,✓,✓,current,
4286,CLホールディングス,サービス業,,,,,,,,missing,要調査
4287,ジャストプランニング,情報・通信業,,,,,,,,missing,要調査
4288,アズジェント,情報・通信業,,,,,,,,missing,要調査
4290,プレステージ・インターナショナル,サービス業,"月
株",2025年3月,（現在）,,photos_2/4290_プレステージ・インターナショナル/current/photo_01.jpg,✓,✓,current,
4293,セプテーニ・ホールディングス,サービス業,神埜 雄一,2025年5月,（現在）,,photos_2/4293_セプテーニ・ホールディングス/current/photo_01.jpg,✓,✓,current,
4299,ハイマックス,情報・通信業,,,,,,,,missing,要調査
4301,アミューズ,サービス業,俳優 亀岡拓,,,,photos_1/4301_アミューズ/history/01_俳優_亀岡拓/photo_01.jpg,✓,,history,
4307,野村総合研究所,情報・通信業,,,,,,,,missing,要調査
4308,Jストリーム,情報・通信業,石松 俊雄,2000年7月,（現在）,,photos_2/4308_Jストリーム/current/photo_01.jpg,✓,✓,current,
4310,ドリームインキュベータ,サービス業,三宅 孝之,,（現在）,,photos_2/4310_ドリームインキュベータ/current/photo_01.jpg,✓,✓,current,
4316,ビーマップ,情報・通信業,月期　第,2026年3月,（現在）,,photos_2/4316_ビーマップ/current/photo_01.jpg,✓,✓,current,
4317,レイ,サービス業,,,,,,,,missing,要調査
4318,クイック,サービス業,会長 兼,2003年6月,（現在）,,photos_2/4318_クイック/current/photo_01.jpg,✓,✓,current,
4320,CEホールディングス,情報・通信業,,,,,,,,missing,要調査
4323,日本システム技術,情報・通信業,,,,,,,,missing,要調査
4324,電通グループ,サービス業,,,,,,,,missing,要調査
4326,インテージホールディングス,情報・通信業,仁司 与志矢,,,,photos_1/4326_インテージホールディングス/history/01_仁司_与志矢/photo_01.jpg,✓,,history,
4331,テイクアンドギヴ・ニーズ,サービス業,岩瀬 賢治昨,,（現在）,,photos_2/4331_テイクアンドギヴ・ニーズ/current/photo_01.jpg,✓,✓,current,
4333,東邦システムサイエンス,情報・通信業,客様,,（現在）,,photos_2/4333_東邦システムサイエンス/current/photo_01.jpg,✓,✓,current,
4334,ユークス,情報・通信業,感動,,（現在）,,photos_2/4334_ユークス/current/photo_01.jpg,✓,✓,current,
4334,ユークス,情報・通信業,海空 地球征,,,,photos_1/4334_ユークス/history/01_海空_地球征/photo_01.jpg,✓,,history,
4335,アイ・ピー・エス,情報・通信業,院前 伊集院,,,,photos_1/4335_アイ・ピー・エス/history/01_院前_伊集院/photo_01.jpg,✓,,history,
4337,ぴあ,サービス業,娼館 望郷,,,,photos_1/4337_ぴあ/history/01_娼館_望郷/photo_01.jpg,✓,,history,
4337,ぴあ,サービス業,七号 君想,,,,photos_2/4337_ぴあ/history/02_七号_君想/photo_01.jpg,✓,✓,history,
4341,西菱電機,サービス業,西井　希伊,,（現在）,,photos_2/4341_西菱電機/current/photo_01.jpg,✓,✓,current,
4343,イオンファンタジー,サービス業,古澤康之,2025年3月,,,photos_1/4343_イオンファンタジー/history/01_古澤康之/photo_01.jpg,✓,,history,
4343,イオンファンタジー,サービス業,井出武美,2019年3月,2025年2月,,photos_1/4343_イオンファンタジー/history/02_井出武美/photo_01.jpg,✓,,history,
4343,イオンファンタジー,サービス業,岡崎双一,2015年2月,2019年3月,,photos_1/4343_イオンファンタジー/history/03_岡崎双一/photo_01.jpg,✓,,history,
4343,イオンファンタジー,サービス業,梅本和典,2013年3月,2015年2月,,photos_1/4343_イオンファンタジー/history/04_梅本和典/photo_01.jpg,✓,,history,
4343,イオンファンタジー,サービス業,村井正平,2008年4月,2013年3月,,photos_1/4343_イオンファンタジー/history/05_村井正平/photo_01.jpg,✓,,history,
4344,ソースネクスト,情報・通信業,進士仁一,,,,photos_1/4344_ソースネクスト/history/01_進士仁一/photo_01.jpg,✓,,history,
4344,ソースネクスト,情報・通信業,手塚卓志,,,,photos_1/4344_ソースネクスト/history/02_手塚卓志/photo_01.jpg,✓,,history,
4345,シーティーエス,サービス業,万円　日本人,2011年1月11日,2012年2月8日,,photos_1/4345_シーティーエス/history/01_万円_日本人/photo_01.jpg,✓,,history,
4346,NEXYZ.Group,その他金融業,近藤 太香巳,,,,photos_1/4346_NEXYZ.Group/history/01_近藤_太香巳/photo_01.jpg,✓,,history,
4347,ブロードメディア,サービス業,橋本 太郎,,（現在）,,photos_2/4347_ブロードメディア/current/photo_01.jpg,✓,✓,current,
4347,ブロードメディア,サービス業,橋本 太郎,2006年頃,,,photos_1/4347_ブロードメディア/history/01_橋本_太郎/photo_01.jpg,✓,,history,
4350,メディカルシステムネットワーク,小売業,田尻　稲雄,2000年4月,（現在）,,photos_2/4350_メディカルシステムネットワーク/current/photo_01.jpg,✓,✓,current,
4351,山田再生系債権回収総合事務所,その他金融業,,,,,,,,missing,要調査
4356,応用技術,情報・通信業,株主,2025年12月,（現在）,,photos_2/4356_応用技術/current/photo_01.jpg,✓,✓,current,
4356,応用技術,情報・通信業,船橋俊郎,2020年頃,,,photos_1/4356_応用技術/history/01_船橋俊郎/photo_01.jpg,✓,,history,
4360,マナック・ケミカル・パートナーズ,化学,,,,,,,,missing,要調査
4361,川口化学工業,化学,"挨拶
当社",,（現在）,,photos_2/4361_川口化学工業/current/photo_01.jpg,✓,✓,current,
4362,日本精化,化学,,,,,,,,missing,要調査
4365,松本油脂製薬,化学,,,,,,,,missing,要調査
4366,ダイトーケミックス,化学,神子柴 寿昭,,,,photos_1/4366_ダイトーケミックス/history/01_神子柴_寿昭/photo_01.jpg,✓,,history,
4366,ダイトーケミックス,化学,三部 敏宏,,,,photos_1/4366_ダイトーケミックス/history/02_三部_敏宏/photo_01.jpg,✓,,history,
4366,ダイトーケミックス,化学,倉石 誠司,,,,photos_1/4366_ダイトーケミックス/history/03_倉石_誠司/photo_01.jpg,✓,,history,
4366,ダイトーケミックス,化学,竹内 弘平,,,,photos_1/4366_ダイトーケミックス/history/04_竹内_弘平/photo_01.jpg,✓,,history,
4366,ダイトーケミックス,化学,鈴木 麻子,,,,photos_1/4366_ダイトーケミックス/history/05_鈴木_麻子/photo_01.jpg,✓,,history,
4366,ダイトーケミックス,化学,貝原 典也,,,,photos_1/4366_ダイトーケミックス/history/06_貝原_典也/photo_01.jpg,✓,,history,
4367,広栄化学,化学,月 佐,2025年4月,（現在）,,photos_2/4367_広栄化学/current/photo_01.jpg,✓,✓,current,
4368,扶桑化学工業,化学,赤澤 庄三,,,,photos_1/4368_扶桑化学工業/history/01_赤澤_庄三/photo_01.jpg,✓,,history,
4369,トリケミカル研究所,化学,,,,,,,,missing,要調査
4370,モビルス,情報・通信業,,,,,,,,missing,要調査
4371,コアコンセプト・テクノロジー,情報・通信業,"締役
社外取",,（現在）,,photos_2/4371_コアコンセプト・テクノロジー/current/photo_01.jpg,✓,✓,current,
4372,ユミルリンク,情報・通信業,,,,,,,,missing,要調査
4373,シンプレクス・ホールディングス,情報・通信業,金子 英樹,2021年４月,（現在）,,photos_2/4373_シンプレクス・ホールディングス/current/photo_01.jpg,✓,✓,current,
4374,ROBOT　PAYMENT,情報・通信業,清久 健也,2014年12月,（現在）,,photos_2/4374_ROBOT_PAYMENT/current/photo_01.jpg,✓,✓,current,
4375,セーフィー,情報・通信業,渡島 隆平,,（現在）,,photos_2/4375_セーフィー/current/photo_01.jpg,✓,✓,current,
4375,セーフィー,情報・通信業,渡島 隆平,2000年頃,,,photos_1/4375_セーフィー/history/01_渡島_隆平/photo_01.jpg,✓,,history,
4376,くふうカンパニーホールディングス,情報・通信業,,,,,,,,missing,要調査
4377,ワンキャリア,情報・通信業,"月
株",2021年10月,（現在）,,photos_2/4377_ワンキャリア/current/photo_01.jpg,✓,✓,current,
4377,ワンキャリア,情報・通信業,植村甲午郎,,,,photos_1/4377_ワンキャリア/history/01_植村甲午郎/photo_01.jpg,✓,,history,
4377,ワンキャリア,情報・通信業,水野成夫,,,,photos_1/4377_ワンキャリア/history/02_水野成夫/photo_01.jpg,✓,,history,
4377,ワンキャリア,情報・通信業,鹿内信隆,,,,,,,history,
4377,ワンキャリア,情報・通信業,浅野賢澄,,,,photos_1/4377_ワンキャリア/history/04_浅野賢澄/photo_01.jpg,✓,,history,
4377,ワンキャリア,情報・通信業,鹿内春雄,,,,photos_1/4377_ワンキャリア/history/05_鹿内春雄/photo_01.jpg,✓,,history,
4377,ワンキャリア,情報・通信業,鹿内宏明,,,,photos_1/4377_ワンキャリア/history/06_鹿内宏明/photo_01.jpg,✓,,history,
4377,ワンキャリア,情報・通信業,日枝久,,,,photos_1/4377_ワンキャリア/history/07_日枝久/photo_01.jpg,✓,,history,
4377,ワンキャリア,情報・通信業,嘉納修治,,,,photos_1/4377_ワンキャリア/history/08_嘉納修治/photo_01.jpg,✓,,history,
4378,CINC,情報・通信業,石松 友典,2014年4月,（現在）,,photos_2/4378_CINC/current/photo_01.jpg,✓,✓,current,
4379,Photosynth,情報・通信業,河瀬 航大,,,,photos_1/4379_Photosynth/history/01_河瀬_航大/photo_01.jpg,✓,,history,
4380,Mマート,情報・通信業,,,,,,,,missing,要調査
4381,ビープラッツ,情報・通信業,,,,,,,,missing,要調査
4382,HEROZ,情報・通信業,韓国,2025年12月,（現在）,,photos_2/4382_HEROZ/current/photo_01.jpg,✓,✓,current,
4384,ラクスル,情報・通信業,永見 世央,2014年4月,（現在）,,photos_2/4384_ラクスル/current/photo_01.jpg,✓,✓,current,
4384,ラクスル,情報・通信業,永見 世央,,,,photos_1/4384_ラクスル/history/01_永見_世央/photo_01.jpg,✓,,history,
4385,メルカリ,情報・通信業,,,,,,,,missing,要調査
4386,SIGグループ,情報・通信業,,,,,,,,missing,要調査
4387,ZUU,情報・通信業,内定 馬場功,2017年2月28日,2023年9月19日,,photos_1/4387_ZUU/history/01_内定_馬場功/photo_01.jpg,✓,,history,
4388,エーアイ,情報・通信業,,,,,,,,missing,要調査
4389,プロパティデータバンク,情報・通信業,,,,,,,,missing,要調査
4390,IPS,情報・通信業,,,,,,,,missing,要調査
4391,ロジザード,情報・通信業,金澤 茂則,2001年7月,（現在）,,photos_2/4391_ロジザード/current/photo_01.jpg,✓,✓,current,
4391,ロジザード,情報・通信業,吉武 修平,,,,photos_2/4391_ロジザード/history/01_吉武_修平/photo_01.jpg,✓,✓,history,
4392,FIG,情報・通信業,,,,,,,,missing,要調査
4393,バンク・オブ・イノベーション,情報・通信業,,,,,,,,missing,要調査
4394,エクスモーション,情報・通信業,,,,,,,,missing,要調査
4395,アクリート,情報・通信業,,,,,,,,missing,要調査
4396,システムサポートホールディングス,情報・通信業,,,,,,,,missing,要調査
4397,チームスピリット,情報・通信業,道下 和良,2013年8月,（現在）,,photos_2/4397_チームスピリット/current/photo_01.jpg,✓,✓,current,
4397,チームスピリット,情報・通信業,道下 和良,,,,photos_1/4397_チームスピリット/history/01_道下_和良/photo_01.jpg,✓,,history,
4398,ブロードバンドセキュリティ,情報・通信業,二宮 康真,,,,photos_1/4398_ブロードバンドセキュリティ/history/01_二宮_康真/photo_01.jpg,✓,,history,
4401,ADEKA,化学,,,,,,,,missing,要調査
4403,日油,化学,宮道　建臣,2004年頃,,,photos_1/4403_日油/history/01_宮道_建臣/photo_01.jpg,✓,,history,
4404,ミヨシ油脂,食料品,油脂株,,（現在）,,photos_2/4404_ミヨシ油脂/current/photo_01.jpg,✓,✓,current,
4406,新日本理化,化学,,,,,,,,missing,要調査
4409,東邦化学工業,化学,,,,,,,,missing,要調査
4410,ハリマ化成グループ,化学,,,,,,,,missing,要調査
4412,サイエンスアーツ,情報・通信業,,,,,,,,missing,要調査
4413,ボードルア,情報・通信業,,,,,,,,missing,要調査
4414,フレクト,情報・通信業,黒川 幸治,,（現在）,,photos_2/4414_フレクト/current/photo_01.jpg,✓,✓,current,
4415,ブロードエンタープライズ,情報・通信業,,,,,,,,missing,要調査
4416,True　Data,情報・通信業,,,,,,,,missing,要調査
4417,グローバルセキュリティエキスパート,情報・通信業,,,,,,,,missing,要調査
4418,JDSC,情報・通信業,大杉 慎平,2022年頃,,,photos_1/4418_JDSC/history/01_大杉_慎平/photo_01.jpg,✓,,history,
4419,Finatextホールディングス,情報・通信業,,,,,,,,missing,要調査
4420,イーソル,情報・通信業,権藤 正樹講,,,,photos_1/4420_イーソル/history/01_権藤_正樹講/photo_01.jpg,✓,,history,
4420,イーソル,情報・通信業,谷川　勝敏,,,,photos_1/4420_イーソル/history/02_谷川_勝敏/photo_01.jpg,✓,,history,
4421,ディ・アイ・システム,情報・通信業,院前 伊集院,,,,photos_1/4421_ディ・アイ・システム/history/01_院前_伊集院/photo_01.jpg,✓,,history,
4422,VALUENEX,情報・通信業,博士,2004年頃,,,photos_1/4422_VALUENEX/history/01_博士/photo_01.jpg,✓,,history,
4424,Amazia,情報・通信業,,,,,,,,missing,要調査
4425,Kudan,情報・通信業,,,,,,,,missing,要調査
4427,EduLab,情報・通信業,,,,,,,,missing,要調査
4428,シノプス,情報・通信業,,,,,,,,missing,要調査
4429,リックソフト,情報・通信業,,,,,,,,missing,要調査
4430,東海ソフト,情報・通信業,尾上　雅憲,,（現在）,,photos_2/4430_東海ソフト/current/photo_01.jpg,✓,✓,current,
4431,スマレジ,情報・通信業,締役 髙間舘,2021年1月,（現在）,,photos_2/4431_スマレジ/current/photo_01.jpg,✓,✓,current,
4432,ウイングアーク1st,情報・通信業,,,,,,,,missing,要調査
4433,ヒト・コミュニケーションズ・ホールディングス,情報・通信業,,,,,,,,missing,要調査
4434,サーバーワークス,情報・通信業,大石 良,,（現在）,,photos_2/4434_サーバーワークス/current/photo_01.jpg,✓,✓,current,
4434,サーバーワークス,情報・通信業,進士仁一,,,,photos_1/4434_サーバーワークス/history/01_進士仁一/photo_01.jpg,✓,,history,
4434,サーバーワークス,情報・通信業,手塚卓志,,,,photos_1/4434_サーバーワークス/history/02_手塚卓志/photo_01.jpg,✓,,history,
4436,ミンカブ・ジ・インフォノイド,情報・通信業,,,,,,,,missing,要調査
4437,gooddaysホールディングス,情報・通信業,小倉 博,,（現在）,,,,,current,
4438,Welby,情報・通信業,,,,,,,,missing,要調査
4439,東名,情報・通信業,"会長
山本",2005年4月,（現在）,,photos_2/4439_東名/current/photo_01.jpg,✓,✓,current,
4440,ヴィッツ,情報・通信業,組込,2019年4月,（現在）,,photos_2/4440_ヴィッツ/current/photo_01.jpg,✓,✓,current,
4441,トビラシステムズ,情報・通信業,済面 東北,2025年4月4日,2021年1月28日,,photos_1/4441_トビラシステムズ/history/01_済面_東北/photo_01.jpg,✓,,history,
4441,トビラシステムズ,情報・通信業,山氏　東北電,2019年12月12日,2025年2月12日,,photos_1/4441_トビラシステムズ/history/02_山氏_東北電/photo_01.jpg,✓,,history,
4442,バルテス・ホールディングス,情報・通信業,田中 真史,,,,photos_1/4442_バルテス・ホールディングス/history/01_田中_真史/photo_01.jpg,✓,,history,
4443,Sansan,情報・通信業,,,,,,,,missing,要調査
4444,インフォネット,情報・通信業,日下部拓也,2006年5月,2012年5月,,photos_1/4444_インフォネット/history/01_日下部拓也/photo_01.jpg,✓,,history,
4444,インフォネット,情報・通信業,西本 功二,,,,photos_1/4444_インフォネット/history/02_西本_功二/photo_01.jpg,✓,,history,
4445,リビン・テクノロジーズ,情報・通信業,植村甲午郎,,,,photos_1/4445_リビン・テクノロジーズ/history/01_植村甲午郎/photo_01.jpg,✓,,history,
4445,リビン・テクノロジーズ,情報・通信業,水野成夫,,,,photos_1/4445_リビン・テクノロジーズ/history/02_水野成夫/photo_01.jpg,✓,,history,
4445,リビン・テクノロジーズ,情報・通信業,鹿内信隆,,,,,,,history,
4445,リビン・テクノロジーズ,情報・通信業,浅野賢澄,,,,photos_1/4445_リビン・テクノロジーズ/history/04_浅野賢澄/photo_01.jpg,✓,,history,
4445,リビン・テクノロジーズ,情報・通信業,鹿内春雄,,,,photos_1/4445_リビン・テクノロジーズ/history/05_鹿内春雄/photo_01.jpg,✓,,history,
4445,リビン・テクノロジーズ,情報・通信業,鹿内宏明,,,,photos_1/4445_リビン・テクノロジーズ/history/06_鹿内宏明/photo_01.jpg,✓,,history,
4445,リビン・テクノロジーズ,情報・通信業,日枝久,,,,photos_1/4445_リビン・テクノロジーズ/history/07_日枝久/photo_01.jpg,✓,,history,
4445,リビン・テクノロジーズ,情報・通信業,嘉納修治,,,,photos_1/4445_リビン・テクノロジーズ/history/08_嘉納修治/photo_01.jpg,✓,,history,
4446,Link-Uグループ,情報・通信業,,,,,,,,missing,要調査
4447,ピー・ビーシステムズ,情報・通信業,冨田 和久,,（現在）,,photos_2/4447_ピー・ビーシステムズ/current/photo_01.jpg,✓,✓,current,
4448,kubell,情報・通信業,,,,,,,,missing,要調査
4449,ギフティ,情報・通信業,,,,,,,,missing,要調査
4450,パワーソリューションズ,情報・通信業,,,,,,,,missing,要調査
4452,花王,化学,,,,,,,,missing,要調査
4461,第一工業製薬,化学,,,,,,,,missing,要調査
4462,石原ケミカル,化学,藤本 昭彦,,（現在）,,photos_2/4462_石原ケミカル/current/photo_01.jpg,✓,✓,current,
4462,石原ケミカル,化学,表者 時田宗,,,,photos_1/4462_石原ケミカル/history/01_表者_時田宗/photo_01.jpg,✓,,history,
4463,日華化学,化学,江守 康昌,,（現在）,,photos_2/4463_日華化学/current/photo_01.jpg,✓,✓,current,
4465,ニイタカ,化学,社会,,（現在）,,photos_2/4465_ニイタカ/current/photo_01.jpg,✓,✓,current,
4471,三洋化成工業,化学,,,,,,,,missing,要調査
4475,HENNGE,情報・通信業,決定　除名要,2025年11月6日,2025年10月4日,,photos_1/4475_HENNGE/history/01_決定_除名要/photo_01.jpg,✓,,history,
4476,AI　CROSS,情報・通信業,王洲 銀河劇,,,,photos_1/4476_AI_CROSS/history/01_王洲_銀河劇/photo_01.jpg,✓,,history,
4477,BASE,情報・通信業,,,,,,,,missing,要調査
4478,フリー,情報・通信業,,,,,,,,missing,要調査
4479,マクアケ,情報・通信業,中山 亮太郎,2025年９月,（現在）,,photos_2/4479_マクアケ/current/photo_01.jpg,✓,✓,current,
4479,マクアケ,情報・通信業,実現,2004年頃,,,photos_1/4479_マクアケ/history/01_実現/photo_01.jpg,✓,,history,
4480,メドレー,情報・通信業,祭典 秘蔵映,,,,photos_1/4480_メドレー/history/01_祭典_秘蔵映/photo_01.jpg,✓,,history,
4480,メドレー,情報・通信業,爆笑 大日本,,,,photos_1/4480_メドレー/history/02_爆笑_大日本/photo_01.jpg,✓,,history,
4480,メドレー,情報・通信業,楽団 粗品,,,,photos_1/4480_メドレー/history/03_楽団_粗品/photo_01.jpg,✓,,history,
4480,メドレー,情報・通信業,手権 歌唱王,,,,photos_1/4480_メドレー/history/04_手権_歌唱王/photo_01.jpg,✓,,history,
4481,ベース,情報・通信業,,,,,,,,missing,要調査
4482,ウィルズ,情報・通信業,杉本 光生,2004年10月,（現在）,,photos_2/4482_ウィルズ/current/photo_01.jpg,✓,✓,current,
4482,ウィルズ,情報・通信業,杉本 光生,,,,,,,history,
4483,JMDC,情報・通信業,"口亮

企業情",2002年1月,（現在）,,photos_2/4483_JMDC/current/photo_01.jpg,✓,✓,current,
4484,ランサーズ,情報・通信業,秋好 陽介,2008年4月,（現在）,,photos_2/4484_ランサーズ/current/photo_01.jpg,✓,✓,current,
4486,ユナイトアンドグロウ,情報・通信業,"紹介
利用手",,（現在）,,,,,current,
4486,ユナイトアンドグロウ,情報・通信業,生堂 企業情,,,,photos_1/4486_ユナイトアンドグロウ/history/01_生堂_企業情/photo_01.jpg,✓,,history,
4487,スペースマーケット,情報・通信業,,,,,,,,missing,要調査
4488,AI　inside,情報・通信業,,,,,,,,missing,要調査
4490,ビザスク,情報・通信業,広域への影響力,,,,photos_1/4490_ビザスク/history/01_広域への影響力/photo_01.jpg,✓,,history,
4490,ビザスク,情報・通信業,池田芳蔵,,,,photos_1/4490_ビザスク/history/02_池田芳蔵/photo_01.jpg,✓,,history,
4490,ビザスク,情報・通信業,久保亮五,,,,photos_1/4490_ビザスク/history/03_久保亮五/photo_01.jpg,✓,,history,
4490,ビザスク,情報・通信業,小林與三次,,,,photos_1/4490_ビザスク/history/04_小林與三次/photo_01.jpg,✓,,history,
4490,ビザスク,情報・通信業,中川順,,,,photos_1/4490_ビザスク/history/05_中川順/photo_01.jpg,✓,,history,
4490,ビザスク,情報・通信業,中村元,,,,photos_1/4490_ビザスク/history/06_中村元/photo_01.jpg,✓,,history,
4490,ビザスク,情報・通信業,西原春夫,,,,photos_1/4490_ビザスク/history/07_西原春夫/photo_01.jpg,✓,,history,
4490,ビザスク,情報・通信業,縫田曄子,,,,photos_1/4490_ビザスク/history/08_縫田曄子/photo_01.jpg,✓,,history,
4491,コンピューターマネージメント,情報・通信業,,,,,,,,missing,要調査
4492,ゼネテック,情報・通信業,上野 憲二,2020年3月,（現在）,,photos_2/4492_ゼネテック/current/photo_01.jpg,✓,✓,current,
4493,サイバーセキュリティクラウド,情報・通信業,小池 敏弘,,（現在）,,photos_2/4493_サイバーセキュリティクラウド/current/photo_01.jpg,✓,✓,current,
4494,バリオセキュア,情報・通信業,坂巻 千弘,,,,photos_1/4494_バリオセキュア/history/01_坂巻_千弘/photo_01.jpg,✓,,history,
4495,アイキューブドシステムズ,情報・通信業,進士仁一,,,,photos_1/4495_アイキューブドシステムズ/history/01_進士仁一/photo_01.jpg,✓,,history,
4495,アイキューブドシステムズ,情報・通信業,手塚卓志,,,,photos_1/4495_アイキューブドシステムズ/history/02_手塚卓志/photo_01.jpg,✓,,history,
4496,コマースOneホールディングス,情報・通信業,,,,,,,,missing,要調査
4498,サイバートラスト,情報・通信業,北村 裕司,,（現在）,,photos_2/4498_サイバートラスト/current/photo_01.jpg,✓,✓,current,
4498,サイバートラスト,情報・通信業,眞柄 泰利,,,,photos_1/4498_サイバートラスト/history/01_眞柄_泰利/photo_01.jpg,✓,,history,
4499,Speee,情報・通信業,,,,,,,,missing,要調査
4502,武田薬品工業,医薬品,,,,,,,,missing,要調査
4503,アステラス製薬,医薬品,異動,2006年頃,,,photos_1/4503_アステラス製薬/history/01_異動/photo_01.jpg,✓,,history,
4506,住友ファーマ,医薬品,日頃,2025年5月,（現在）,,photos_2/4506_住友ファーマ/current/photo_01.jpg,✓,✓,current,
4507,塩野義製薬,医薬品,,,,,,,,missing,要調査
4512,わかもと製薬,医薬品,十嵐　新,,（現在）,,photos_2/4512_わかもと製薬/current/photo_01.jpg,✓,✓,current,
4516,日本新薬,医薬品,中井　亨,,（現在）,,photos_2/4516_日本新薬/current/photo_01.jpg,✓,✓,current,
4519,中外製薬,医薬品,,,,,,,,missing,要調査
4521,科研製薬,医薬品,"挨拶
理",,（現在）,,,,,current,
4523,エーザイ,医薬品,,,,,,,,missing,要調査
4524,森下仁丹,医薬品,"器等
仁丹",,（現在）,,photos_2/4524_森下仁丹/current/photo_01.jpg,✓,✓,current,
4526,理研ビタミン,食料品,"会長
山木",2003年4月,（現在）,,photos_2/4526_理研ビタミン/current/photo_01.jpg,✓,✓,current,
4527,ロート製薬,医薬品,山田 邦雄,2009年6月,（現在）,,photos_2/4527_ロート製薬/current/photo_01.jpg,✓,✓,current,
4528,小野薬品工業,医薬品,,,,,,,,missing,要調査
4530,久光製薬,医薬品,内定　小林製,2025年10月14日,2019年6月22日,,photos_1/4530_久光製薬/history/01_内定_小林製/photo_01.jpg,✓,,history,
4530,久光製薬,医薬品,発表 小林製,2024年6月21日,2024年6月22日,,photos_1/4530_久光製薬/history/02_発表_小林製/photo_01.jpg,✓,,history,
4531,有機合成薬品工業,化学,工業 株,2025年6月,（現在）,,,,,current,
4534,持田製薬,医薬品,持田 直幸,,（現在）,,photos_2/4534_持田製薬/current/photo_01.jpg,✓,✓,current,
4536,参天製薬,医薬品,,,,,,,,missing,要調査
4538,扶桑薬品工業,医薬品,内定　小林製,2025年10月14日,2019年6月22日,,photos_1/4538_扶桑薬品工業/history/01_内定_小林製/photo_01.jpg,✓,,history,
4538,扶桑薬品工業,医薬品,発表 小林製,2024年6月21日,2024年6月22日,,photos_1/4538_扶桑薬品工業/history/02_発表_小林製/photo_01.jpg,✓,,history,
4539,日本ケミファ,医薬品,当社,2025年6月,（現在）,,,,,current,
4540,ツムラ,医薬品,加藤 照和,2025年9月,（現在）,,photos_2/4540_ツムラ/current/photo_01.jpg,✓,✓,current,
4543,テルモ,精密機器,変更,2026年02月,（現在）,,photos_2/4543_テルモ/current/photo_01.jpg,✓,✓,current,
4543,テルモ,精密機器,辞任 違法薬,2011年10月7日,2024年10月28日,,photos_1/4543_テルモ/history/01_辞任_違法薬/photo_01.jpg,✓,,history,
4544,H.U.グループホールディングス,サービス業,竹内 成和,2000年02月,（現在）,,photos_2/4544_H.U.グループホールディングス/current/photo_01.jpg,✓,,current,
4544,H.U.グループホールディングス,サービス業,竹内 成和,2022年頃,,,photos_1/4544_H.U.グループホールディングス/history/01_竹内_成和/photo_01.jpg,✓,,history,
4547,キッセイ薬品工業,医薬品,直轄,,（現在）,,photos_2/4547_キッセイ薬品工業/current/photo_01.jpg,✓,✓,current,
4548,生化学工業,医薬品,,,,,,,,missing,要調査
4549,栄研化学,医薬品,質問,,（現在）,,photos_2/4549_栄研化学/current/photo_01.jpg,✓,✓,current,
4552,JCRファーマ,医薬品,,,,,,,,missing,要調査
4553,東和薬品,医薬品,吉田 逸郎,,（現在）,,photos_2/4553_東和薬品/current/photo_01.jpg,✓,✓,current,
4553,東和薬品,医薬品,吉田 逸郎,,,,photos_1/4553_東和薬品/history/01_吉田_逸郎/photo_01.jpg,✓,,history,
4554,富士製薬工業,医薬品,岩井　孝之,2003年2月,（現在）,,photos_2/4554_富士製薬工業/current/photo_01.jpg,✓,✓,current,
4554,富士製薬工業,医薬品,平成,2006年頃,,,photos_1/4554_富士製薬工業/history/01_平成/photo_01.jpg,✓,,history,
4556,カイノス,医薬品,,,,,,,,missing,要調査
4558,中京医薬品,医薬品,可能性,,（現在）,,photos_2/4558_中京医薬品/current/photo_01.jpg,✓,✓,current,
4559,ゼリア新薬工業,医薬品,,,,,,,,missing,要調査
4563,アンジェス,医薬品,革新的,,（現在）,,photos_2/4563_アンジェス/current/photo_01.jpg,✓,✓,current,
4564,オンコセラピー・サイエンス,医薬品,逮捕 朝日新,2012年12月27日,2009年5月19日,,photos_1/4564_オンコセラピー・サイエンス/history/01_逮捕_朝日新/photo_01.jpg,✓,,history,
4565,ネクセラファーマ,医薬品,田村 眞一,,,,photos_1/4565_ネクセラファーマ/history/01_田村_眞一/photo_01.jpg,✓,,history,
4568,第一三共,医薬品,,,,,,,,missing,要調査
4569,杏林製薬,医薬品,荻原 豊,2023年4月,（現在）,,photos_2/4569_杏林製薬/current/photo_01.jpg,✓,✓,current,
4570,免疫生物研究所,医薬品,,,,,,,,missing,要調査
4571,NANO　MRNA,医薬品,秋永士朗,2004年頃,2024年頃,,photos_1/4571_NANO_MRNA/history/01_秋永士朗/photo_01.jpg,✓,,history,
4572,カルナバイオサイエンス,医薬品,,,,,,,,missing,要調査
4574,大幸薬品,医薬品,柴田 仁,2009年3月,（現在）,,photos_2/4574_大幸薬品/current/photo_01.jpg,✓,✓,current,
4575,キャンバス,医薬品,河邊 拓己内,,（現在）,,photos_2/4575_キャンバス/current/photo_01.jpg,✓,✓,current,
4576,デ・ウエスタン・セラピテクス研究所,医薬品,株主,,（現在）,,photos_2/4576_デ・ウエスタン・セラピテクス研究所/current/photo_01.jpg,✓,✓,current,
4576,デ・ウエスタン・セラピテクス研究所,医薬品,任者 日高弘,,,,photos_1/4576_デ・ウエスタン・セラピテクス研究所/history/01_任者_日高弘/photo_01.jpg,✓,,history,
4577,ダイト,医薬品,津賀 保信,2025年6月,（現在）,,photos_2/4577_ダイト/current/photo_01.jpg,✓,✓,current,
4577,ダイト,医薬品,伝説 怪奇,,,,photos_1/4577_ダイト/history/01_伝説_怪奇/photo_01.jpg,✓,,history,
4577,ダイト,医薬品,伝説 哲也,,,,photos_1/4577_ダイト/history/02_伝説_哲也/photo_01.jpg,✓,,history,
4577,ダイト,医薬品,子屋 銭天堂,,,,photos_1/4577_ダイト/history/03_子屋_銭天堂/photo_01.jpg,✓,,history,
4577,ダイト,医薬品,界編 序奏,,,,photos_1/4577_ダイト/history/04_界編_序奏/photo_01.jpg,✓,,history,
4577,ダイト,医薬品,皇子 天上編,,,,photos_1/4577_ダイト/history/05_皇子_天上編/photo_01.jpg,✓,,history,
4577,ダイト,医薬品,映画 爆釣,,,,photos_1/4577_ダイト/history/06_映画_爆釣/photo_01.jpg,✓,,history,
4578,大塚ホールディングス,医薬品,,,,,,,,missing,要調査
4579,ラクオリア創薬,医薬品,,,,,,,,missing,要調査
4582,シンバイオ製薬,医薬品,奇跡 空白,2025年8月25日,,,photos_1/4582_シンバイオ製薬/history/01_奇跡_空白/photo_01.jpg,✓,,history,
4582,シンバイオ製薬,医薬品,吉田 文紀,,,,photos_1/4582_シンバイオ製薬/history/02_吉田_文紀/photo_01.jpg,✓,,history,
4583,カイオム・バイオサイエンス,医薬品,小池 正道博,,（現在）,,photos_2/4583_カイオム・バイオサイエンス/current/photo_01.jpg,✓,✓,current,
4583,カイオム・バイオサイエンス,医薬品,光生　筑波大,,,,photos_1/4583_カイオム・バイオサイエンス/history/01_光生_筑波大/photo_01.jpg,✓,,history,
4583,カイオム・バイオサイエンス,医薬品,安史　大阪大,,,,photos_1/4583_カイオム・バイオサイエンス/history/02_安史_大阪大/photo_01.jpg,✓,,history,
4583,カイオム・バイオサイエンス,医薬品,太郎　三菱重,,,,photos_1/4583_カイオム・バイオサイエンス/history/03_太郎_三菱重/photo_01.jpg,✓,,history,
4583,カイオム・バイオサイエンス,医薬品,彬雄　信州大,,,,photos_1/4583_カイオム・バイオサイエンス/history/04_彬雄_信州大/photo_01.jpg,✓,,history,
4583,カイオム・バイオサイエンス,医薬品,英三　国立循,,,,photos_1/4583_カイオム・バイオサイエンス/history/05_英三_国立循/photo_01.jpg,✓,,history,
4583,カイオム・バイオサイエンス,医薬品,和文　大阪大,,,,photos_1/4583_カイオム・バイオサイエンス/history/06_和文_大阪大/photo_01.jpg,✓,,history,
4583,カイオム・バイオサイエンス,医薬品,秀博　国立循,,,,photos_1/4583_カイオム・バイオサイエンス/history/07_秀博_国立循/photo_01.jpg,✓,,history,
4583,カイオム・バイオサイエンス,医薬品,田勲　九州大,,,,photos_2/4583_カイオム・バイオサイエンス/history/08_田勲_九州大/photo_01.jpg,✓,✓,history,
4584,キッズウェル・バイオ,医薬品,,,,,,,,missing,要調査
4586,メドレックス,医薬品,,,,,,,,missing,要調査
4587,ペプチドリーム,医薬品,,,,,,,,missing,要調査
4588,オンコリスバイオファーマ,医薬品,立脚,2013年12月,（現在）,,photos_2/4588_オンコリスバイオファーマ/current/photo_01.jpg,✓,✓,current,
4588,オンコリスバイオファーマ,医薬品,海空 地球征,,,,photos_1/4588_オンコリスバイオファーマ/history/01_海空_地球征/photo_01.jpg,✓,,history,
4591,リボミック,医薬品,,,,,,,,missing,要調査
4592,サンバイオ,医薬品,,,,,,,,missing,要調査
4593,ヘリオス,医薬品,再生医療,,（現在）,,photos_2/4593_ヘリオス/current/photo_01.jpg,✓,✓,current,
4594,ブライトパス・バイオ,医薬品,永井　健一,,,,photos_1/4594_ブライトパス・バイオ/history/01_永井_健一/photo_01.jpg,✓,,history,
4595,ミズホメディー,医薬品,光生　筑波大,,,,photos_1/4595_ミズホメディー/history/01_光生_筑波大/photo_01.jpg,✓,,history,
4595,ミズホメディー,医薬品,安史　大阪大,,,,photos_1/4595_ミズホメディー/history/02_安史_大阪大/photo_01.jpg,✓,,history,
4595,ミズホメディー,医薬品,太郎　三菱重,,,,photos_1/4595_ミズホメディー/history/03_太郎_三菱重/photo_01.jpg,✓,,history,
4595,ミズホメディー,医薬品,彬雄　信州大,,,,photos_1/4595_ミズホメディー/history/04_彬雄_信州大/photo_01.jpg,✓,,history,
4595,ミズホメディー,医薬品,英三　国立循,,,,photos_1/4595_ミズホメディー/history/05_英三_国立循/photo_01.jpg,✓,,history,
4595,ミズホメディー,医薬品,和文　大阪大,,,,photos_1/4595_ミズホメディー/history/06_和文_大阪大/photo_01.jpg,✓,,history,
4595,ミズホメディー,医薬品,秀博　国立循,,,,photos_1/4595_ミズホメディー/history/07_秀博_国立循/photo_01.jpg,✓,,history,
4595,ミズホメディー,医薬品,田勲　九州大,,,,photos_1/4595_ミズホメディー/history/08_田勲_九州大/photo_01.jpg,✓,,history,
4596,窪田製薬ホールディングス,医薬品,,,,,,,,missing,要調査
4597,ソレイジア・ファーマ,医薬品,,,,,,,,missing,要調査
4598,Delta-Fly　Pharma,医薬品,,,,,,,,missing,要調査
4599,ステムリム,医薬品,岡島 正恒,2019年3月,（現在）,,photos_2/4599_ステムリム/current/photo_01.jpg,✓,✓,current,
4611,大日本塗料,化学,,,,,,,,missing,要調査
4612,日本ペイントホールディングス,化学,若月 雄一郎,,（現在）,,photos_2/4612_日本ペイントホールディングス/current/photo_01.jpg,✓,✓,current,
4613,関西ペイント,化学,,,,,,,,missing,要調査
4615,神東塗料,化学,小坂 伊知郎,2022年4月,（現在）,,photos_2/4615_神東塗料/current/photo_01.jpg,✓,✓,current,
4615,神東塗料,化学,小坂 伊知郎,,,,photos_1/4615_神東塗料/history/01_小坂_伊知郎/photo_01.jpg,✓,,history,
4616,川上塗料,化学,"挨拶
当連",2025年11月,（現在）,,photos_2/4616_川上塗料/current/photo_01.jpg,✓,✓,current,
4617,中国塗料,化学,伊達 健士,,（現在）,,photos_2/4617_中国塗料/current/photo_01.jpg,✓,✓,current,
4619,日本特殊塗料,化学,食品 味噌,2025年12月,（現在）,,photos_2/4619_日本特殊塗料/current/photo_01.jpg,✓,✓,current,
4620,藤倉化成,化学,栗原 進,,（現在）,,photos_2/4620_藤倉化成/current/photo_01.jpg,✓,✓,current,
4623,アサヒペン,化学,,,,,,,,missing,要調査
4624,イサム塗料,化学,北村 倍章,,（現在）,,photos_2/4624_イサム塗料/current/photo_01.jpg,✓,✓,current,
4625,アトミクス,化学,,,,,,,,missing,要調査
4626,太陽ホールディングス,化学,,,,,,,,missing,要調査
4627,ナトコ,化学,融合,,（現在）,,photos_2/4627_ナトコ/current/photo_01.jpg,✓,✓,current,
4628,エスケー化研,化学,理　念,平成3年4月,（現在）,,photos_2/4628_エスケー化研/current/photo_01.jpg,✓,✓,current,
4629,大伸化学,化学,堀越　進,,（現在）,,photos_2/4629_大伸化学/current/photo_01.jpg,✓,✓,current,
4631,DIC,化学,,,,,,,,missing,要調査
4633,サカタインクス,化学,,,,,,,,missing,要調査
4634,artience,化学,持続的成,2027/20,（現在）,,photos_2/4634_artience/current/photo_01.jpg,✓,✓,current,
4635,東京インキ,化学,,,,,,,,missing,要調査
4641,アルプス技研,サービス業,,,,,,,,missing,要調査
4642,オリジナル設計,サービス業,進士仁一,,,,photos_1/4642_オリジナル設計/history/01_進士仁一/photo_01.jpg,✓,,history,
4642,オリジナル設計,サービス業,手塚卓志,,,,photos_1/4642_オリジナル設計/history/02_手塚卓志/photo_01.jpg,✓,,history,
4644,イマジニア,情報・通信業,,,,,,,,missing,要調査
4645,市進ホールディングス,サービス業,,,,,,,,missing,要調査
4650,SDエンターテイメント,サービス業,"告書

株主",2025年3月,（現在）,,photos_2/4650_SDエンターテイメント/current/photo_01.jpg,✓,✓,current,
4651,サニックスホールディングス,サービス業,当社創業,2025年4月,（現在）,,photos_2/4651_サニックスホールディングス/current/photo_01.jpg,✓,✓,current,
4657,環境管理センター,サービス業,梅本純正,,内閣官房副長官、武田薬品工業社長,,photos_1/4657_環境管理センター/history/01_梅本純正/photo_01.jpg,✓,,history,
4657,環境管理センター,サービス業,船後正道,,中小企業金融公庫総裁,,photos_1/4657_環境管理センター/history/02_船後正道/photo_01.jpg,✓,,history,
4657,環境管理センター,サービス業,城戸謙次,,公害防止事業団理事長,,photos_1/4657_環境管理センター/history/03_城戸謙次/photo_01.jpg,✓,,history,
4657,環境管理センター,サービス業,信澤清,,公害防止事業団理事長,,photos_1/4657_環境管理センター/history/04_信澤清/photo_01.jpg,✓,,history,
4657,環境管理センター,サービス業,上村一,,社会福祉・医療事業団理事長、医薬品副作用被害救済・研究振興基金理事長,,photos_1/4657_環境管理センター/history/05_上村一/photo_01.jpg,✓,,history,
4657,環境管理センター,サービス業,金子太郎,,丸三証券会長,,photos_1/4657_環境管理センター/history/06_金子太郎/photo_01.jpg,✓,,history,
4657,環境管理センター,サービス業,藤森昭一,,内閣官房副長官、宮内庁長官、日本赤十字社社長,,photos_1/4657_環境管理センター/history/07_藤森昭一/photo_01.jpg,✓,,history,
4658,日本空調サービス,サービス業,半期 決算補,2026年2月,（現在）,,photos_2/4658_日本空調サービス/current/photo_01.jpg,✓,✓,current,
4659,エイジス,サービス業,,,,,,,,missing,要調査
4661,オリエンタルランド,サービス業,行口 再信託,2025年3月31日,,,photos_1/4661_オリエンタルランド/history/01_行口_再信託/photo_01.jpg,✓,,history,
4661,オリエンタルランド,サービス業,上西 京一郎,2020年3月25日,2020年4月1日,,photos_1/4661_オリエンタルランド/history/02_上西_京一郎/photo_01.jpg,✓,,history,
4662,フォーカスシステムズ,情報・通信業,森 啓一,2002年4月,（現在）,,photos_2/4662_フォーカスシステムズ/current/photo_01.jpg,✓,✓,current,
4662,フォーカスシステムズ,情報・通信業,辞任 違法薬,2011年10月7日,2024年10月28日,,photos_1/4662_フォーカスシステムズ/history/01_辞任_違法薬/photo_01.jpg,✓,,history,
4664,アール・エス・シー,サービス業,金井 宏夫,,（現在）,,photos_2/4664_アール・エス・シー/current/photo_01.jpg,✓,✓,current,
4665,ダスキン,サービス業,当社,2025年4月,（現在）,,photos_2/4665_ダスキン/current/photo_01.jpg,✓,✓,current,
4666,パーク24,不動産業,,,,,,,,missing,要調査
4667,アイサンテクノロジー,情報・通信業,羽佐間重彰,2003年7月,,,photos_1/4667_アイサンテクノロジー/history/01_羽佐間重彰/photo_01.jpg,✓,,history,
4667,アイサンテクノロジー,情報・通信業,日枝久,2003年7月,2025年3月,,photos_1/4667_アイサンテクノロジー/history/02_日枝久/photo_01.jpg,✓,,history,
4667,アイサンテクノロジー,情報・通信業,鹿内信隆,,,,,,,history,
4667,アイサンテクノロジー,情報・通信業,鹿内春雄,,,,photos_1/4667_アイサンテクノロジー/history/04_鹿内春雄/photo_01.jpg,✓,,history,
4667,アイサンテクノロジー,情報・通信業,鹿内宏明,,,,photos_1/4667_アイサンテクノロジー/history/05_鹿内宏明/photo_01.jpg,✓,,history,
4667,アイサンテクノロジー,情報・通信業,小林吉彦,,,,photos_1/4667_アイサンテクノロジー/history/06_小林吉彦/photo_01.jpg,✓,,history,
4668,明光ネットワークジャパン,サービス業,,,,,,,,missing,要調査
4671,ファルコホールディングス,サービス業,院前 伊集院,,,,photos_1/4671_ファルコホールディングス/history/01_院前_伊集院/photo_01.jpg,✓,,history,
4673,川崎地質,サービス業,,,,,,,,missing,要調査
4674,クレスコ,情報・通信業,根元 浩幸,2022年04月01日,2022年04月01日,,photos_1/4674_クレスコ/history/01_根元_浩幸/photo_01.jpg,✓,,history,
4676,フジ・メディア・ホールディングス,情報・通信業,植村甲午郎,,,,photos_1/4676_フジ・メディア・ホールディングス/history/01_植村甲午郎/photo_01.jpg,✓,,history,
4676,フジ・メディア・ホールディングス,情報・通信業,水野成夫,,,,photos_1/4676_フジ・メディア・ホールディングス/history/02_水野成夫/photo_01.jpg,✓,,history,
4676,フジ・メディア・ホールディングス,情報・通信業,鹿内信隆,,,,,,,history,
4676,フジ・メディア・ホールディングス,情報・通信業,浅野賢澄,,,,photos_1/4676_フジ・メディア・ホールディングス/history/04_浅野賢澄/photo_01.jpg,✓,,history,
4676,フジ・メディア・ホールディングス,情報・通信業,鹿内春雄,,,,photos_1/4676_フジ・メディア・ホールディングス/history/05_鹿内春雄/photo_01.jpg,✓,,history,
4676,フジ・メディア・ホールディングス,情報・通信業,鹿内宏明,,,,photos_1/4676_フジ・メディア・ホールディングス/history/06_鹿内宏明/photo_01.jpg,✓,,history,
4676,フジ・メディア・ホールディングス,情報・通信業,日枝久,,,,photos_1/4676_フジ・メディア・ホールディングス/history/07_日枝久/photo_01.jpg,✓,,history,
4676,フジ・メディア・ホールディングス,情報・通信業,嘉納修治,,,,photos_1/4676_フジ・メディア・ホールディングス/history/08_嘉納修治/photo_01.jpg,✓,,history,
4678,秀英予備校,サービス業,,,,,,,,missing,要調査
4679,田谷,サービス業,体制,,（現在）,,photos_2/4679_田谷/current/photo_01.jpg,✓,✓,current,
4679,田谷,サービス業,田谷 哲哉,2021年3月31日,,,photos_1/4679_田谷/history/01_田谷_哲哉/photo_01.jpg,✓,,history,
4679,田谷,サービス業,田谷 和正,,,,photos_1/4679_田谷/history/02_田谷_和正/photo_01.jpg,✓,,history,
4680,ラウンドワン,サービス業,杉野 公彦,2010年8月,（現在）,,photos_2/4680_ラウンドワン/current/photo_01.jpg,✓,✓,current,
4681,リゾートトラスト,サービス業,伏見 有貴,,（現在）,,photos_2/4681_リゾートトラスト/current/photo_01.jpg,✓,✓,current,
4681,リゾートトラスト,サービス業,進士仁一,,,,photos_1/4681_リゾートトラスト/history/01_進士仁一/photo_01.jpg,✓,,history,
4681,リゾートトラスト,サービス業,手塚卓志,,,,photos_1/4681_リゾートトラスト/history/02_手塚卓志/photo_01.jpg,✓,,history,
4684,オービック,情報・通信業,橘　昇一,,（現在）,,photos_2/4684_オービック/current/photo_01.jpg,✓,✓,current,
4685,菱友システムズ,情報・通信業,"体制
当社",,（現在）,,photos_2/4685_菱友システムズ/current/photo_01.jpg,✓,✓,current,
4685,菱友システムズ,情報・通信業,雅弘,2022年頃,,,photos_1/4685_菱友システムズ/history/01_雅弘/photo_01.jpg,✓,,history,
4686,ジャストシステム,情報・通信業,関灘 恭太郎,,,,,,,history,
4687,TDCソフト,情報・通信業,,,,,,,,missing,要調査
4689,LINEヤフー,情報・通信業,,,,,,,,missing,要調査
4690,日本パレットプール,サービス業,浜島 和利,,（現在）,,photos_2/4690_日本パレットプール/current/photo_01.jpg,✓,✓,current,
4690,日本パレットプール,サービス業,理人 日本,2021年3月31日,,,photos_1/4690_日本パレットプール/history/01_理人_日本/photo_01.jpg,✓,,history,
4691,ワシントンホテル,サービス業,,,,,,,,missing,要調査
4694,ビー・エム・エル,サービス業,他 民間企,,（現在）,,photos_2/4694_ビー・エム・エル/current/photo_01.jpg,✓,✓,current,
4704,トレンドマイクロ,情報・通信業,,,,,,,,missing,要調査
4705,クリップコーポレーション,サービス業,,,,,,,,missing,要調査
4707,キタック,サービス業,,,,,,,,missing,要調査
4709,IDホールディングス,情報・通信業,"査役
執行役",2025年10月,（現在）,,photos_2/4709_IDホールディングス/current/photo_01.jpg,✓,✓,current,
4709,IDホールディングス,情報・通信業,院前 伊集院,,,,photos_1/4709_IDホールディングス/history/01_院前_伊集院/photo_01.jpg,✓,,history,
4712,KeyHolder,サービス業,,,,,,,,missing,要調査
4714,リソー教育,サービス業,,,,,,,,missing,要調査
4716,日本オラクル,情報・通信業,,,,,,,,missing,要調査
4718,早稲田アカデミー,サービス業,"標準
拡大",,（現在）,,photos_2/4718_早稲田アカデミー/current/photo_01.jpg,✓,✓,current,
4719,アルファシステムズ,情報・通信業,推進体制,,（現在）,,photos_2/4719_アルファシステムズ/current/photo_01.jpg,✓,✓,current,
4720,城南進学研究社,サービス業,,,,,,,,missing,要調査
4722,フューチャー,情報・通信業,金丸 恭文,2024年頃,,,photos_1/4722_フューチャー/history/01_金丸_恭文/photo_01.jpg,✓,,history,
4725,CAC　Holdings,情報・通信業,西森良太,2026年1月,2025年7月,,photos_1/4725_CAC_Holdings/history/01_西森良太/photo_01.jpg,✓,,history,
4725,CAC　Holdings,情報・通信業,西森,2020年3月,2021年1月,,photos_1/4725_CAC_Holdings/history/02_西森/photo_01.jpg,✓,,history,
4725,CAC　Holdings,情報・通信業,西森 良太,,,,photos_1/4725_CAC_Holdings/history/03_西森_良太/photo_01.jpg,✓,,history,
4725,CAC　Holdings,情報・通信業,河本 剛志,,,,photos_1/4725_CAC_Holdings/history/04_河本_剛志/photo_01.jpg,✓,,history,
4728,トーセ,情報・通信業,,,,,,,,missing,要調査
4732,ユー・エス・エス,サービス業,,,,,,,,missing,要調査
4733,オービックビジネスコンサルタント,情報・通信業,,,,,,,,missing,要調査
4735,京進,サービス業,進士仁一,,,,photos_1/4735_京進/history/01_進士仁一/photo_01.jpg,✓,,history,
4735,京進,サービス業,手塚卓志,,,,photos_1/4735_京進/history/02_手塚卓志/photo_01.jpg,✓,,history,
4736,日本ラッド,情報・通信業,海空 地球征,,,,photos_1/4736_日本ラッド/history/01_海空_地球征/photo_01.jpg,✓,,history,
4743,アイティフォー,情報・通信業,佐藤 恒徳,,,,photos_1/4743_アイティフォー/history/01_佐藤_恒徳/photo_01.jpg,✓,,history,
4745,東京個別指導学院,サービス業,松尾 茂樹,,（現在）,,photos_2/4745_東京個別指導学院/current/photo_01.jpg,✓,✓,current,
4745,東京個別指導学院,サービス業,代行 森本譲,,,,photos_1/4745_東京個別指導学院/history/01_代行_森本譲/photo_01.jpg,✓,,history,
4746,東計電算,情報・通信業,"短信
電子公",令和7年12月,（現在）,,photos_2/4746_東計電算/current/photo_01.jpg,✓,✓,current,
4750,ダイサン,サービス業,藤田 武敏,2000年６月,（現在）,,photos_2/4750_ダイサン/current/photo_01.jpg,✓,✓,current,
4750,ダイサン,サービス業,進士仁一,,,,photos_1/4750_ダイサン/history/01_進士仁一/photo_01.jpg,✓,,history,
4750,ダイサン,サービス業,手塚卓志,,,,photos_1/4750_ダイサン/history/02_手塚卓志/photo_01.jpg,✓,,history,
4751,サイバーエージェント,サービス業,会長 藤田晋,,（現在）,,photos_2/4751_サイバーエージェント/current/photo_01.jpg,✓,✓,current,
4752,昭和システムエンジニアリング,情報・通信業,福田　一美,,,,photos_1/4752_昭和システムエンジニアリング/history/01_福田_一美/photo_01.jpg,✓,,history,
4754,トスネット,サービス業,進士仁一,,,,photos_2/4754_トスネット/history/01_進士仁一/photo_01.jpg,✓,✓,history,
4754,トスネット,サービス業,手塚卓志,,,,photos_1/4754_トスネット/history/02_手塚卓志/photo_01.jpg,✓,,history,
4755,楽天グループ,サービス業,木谷 浩史,,（現在）,,photos_2/4755_楽天グループ/current/photo_01.jpg,✓,✓,current,
4760,アルファ,サービス業,,,,,,,,missing,要調査
4761,さくらケーシーエス,情報・通信業,,,,,,,,missing,要調査
4762,エックスネット,情報・通信業,植村甲午郎,,,,photos_1/4762_エックスネット/history/01_植村甲午郎/photo_01.jpg,✓,,history,
4762,エックスネット,情報・通信業,水野成夫,,,,photos_1/4762_エックスネット/history/02_水野成夫/photo_01.jpg,✓,,history,
4762,エックスネット,情報・通信業,鹿内信隆,,,,,,,history,
4762,エックスネット,情報・通信業,浅野賢澄,,,,photos_1/4762_エックスネット/history/04_浅野賢澄/photo_01.jpg,✓,,history,
4762,エックスネット,情報・通信業,鹿内春雄,,,,photos_1/4762_エックスネット/history/05_鹿内春雄/photo_01.jpg,✓,,history,
4762,エックスネット,情報・通信業,鹿内宏明,,,,photos_1/4762_エックスネット/history/06_鹿内宏明/photo_01.jpg,✓,,history,
4762,エックスネット,情報・通信業,日枝久,,,,photos_1/4762_エックスネット/history/07_日枝久/photo_01.jpg,✓,,history,
4762,エックスネット,情報・通信業,嘉納修治,,,,photos_1/4762_エックスネット/history/08_嘉納修治/photo_01.jpg,✓,,history,
4763,クリーク・アンド・リバー社,サービス業,,,,,,,,missing,要調査
4765,SBIグローバルアセットマネジメント,サービス業,山氏　三井住,2025年12月23日,2025年12月23日,,photos_1/4765_SBIグローバルアセットマネジメント/history/01_山氏_三井住/photo_01.jpg,✓,,history,
4765,SBIグローバルアセットマネジメント,サービス業,山氏　海外,2025年7月31日,2025年12月23日,,photos_1/4765_SBIグローバルアセットマネジメント/history/02_山氏_海外/photo_01.jpg,✓,,history,
4766,ピーエイ,サービス業,,,,,,,,missing,要調査
4767,テー・オー・ダブリュー,サービス業,村津 憲,,（現在）,,photos_2/4767_テー・オー・ダブリュー/current/photo_01.jpg,✓,✓,current,
4768,大塚商会,情報・通信業,若槻 絵美取,2026年3月27日,2026年3月27日,,photos_1/4768_大塚商会/history/01_若槻_絵美取/photo_01.jpg,✓,,history,
4769,IC,情報・通信業,,,,,,,,missing,要調査
4771,エフアンドエム,サービス業,,,,,,,,missing,要調査
4772,ストリームメディアコーポレーション,情報・通信業,終了 大規模,2016年3月6日,2017年5月9日,,photos_1/4772_ストリームメディアコーポレーション/history/01_終了_大規模/photo_01.jpg,✓,,history,
4776,サイボウズ,情報・通信業,,,,,,,,missing,要調査
4777,ガーラ,情報・通信業,,,,,,,,missing,要調査
4783,NCD,情報・通信業,下條 治,2000年11月,（現在）,,photos_2/4783_NCD/current/photo_01.jpg,✓,✓,current,
4783,NCD,情報・通信業,謝罪 伊東四,2023年7月15日,2023年7月18日,,photos_1/4783_NCD/history/01_謝罪_伊東四/photo_01.jpg,✓,,history,
4784,GMOインターネット,サービス業,,,,,,,,missing,要調査
4792,山田コンサルティンググループ,サービス業,,,,,,,,missing,要調査
4800,オリコン,情報・通信業,,,,,,,,missing,要調査
4801,セントラルスポーツ,サービス業,,,,,,,,missing,要調査
4809,パラカ,不動産業,締役 執行役,,（現在）,,photos_2/4809_パラカ/current/photo_01.jpg,✓,✓,current,
4811,ドリーム・アーツ,情報・通信業,"日
株",2026年1月,（現在）,,photos_2/4811_ドリーム・アーツ/current/photo_01.jpg,✓,✓,current,
4811,ドリーム・アーツ,情報・通信業,追加,2000年頃,,,photos_1/4811_ドリーム・アーツ/history/01_追加/photo_01.jpg,✓,,history,
4812,電通総研,情報・通信業,,,,,,,,missing,要調査
4813,ACCESS,情報・通信業,大石 清恭,,（現在）,,photos_2/4813_ACCESS/current/photo_01.jpg,✓,✓,current,
4814,ネクストウェア,情報・通信業,進士仁一,,,,photos_1/4814_ネクストウェア/history/01_進士仁一/photo_01.jpg,✓,,history,
4814,ネクストウェア,情報・通信業,手塚卓志,,,,photos_1/4814_ネクストウェア/history/02_手塚卓志/photo_01.jpg,✓,,history,
4816,東映アニメーション,情報・通信業,伝説 怪奇,,,,photos_1/4816_東映アニメーション/history/01_伝説_怪奇/photo_01.jpg,✓,,history,
4816,東映アニメーション,情報・通信業,伝説 哲也,,,,photos_1/4816_東映アニメーション/history/02_伝説_哲也/photo_01.jpg,✓,,history,
4816,東映アニメーション,情報・通信業,子屋 銭天堂,,,,photos_1/4816_東映アニメーション/history/03_子屋_銭天堂/photo_01.jpg,✓,,history,
4816,東映アニメーション,情報・通信業,界編 序奏,,,,photos_1/4816_東映アニメーション/history/04_界編_序奏/photo_01.jpg,✓,,history,
4816,東映アニメーション,情報・通信業,皇子 天上編,,,,photos_1/4816_東映アニメーション/history/05_皇子_天上編/photo_01.jpg,✓,,history,
4819,デジタルガレージ,情報・通信業,,,,,,,,missing,要調査
4820,EMシステムズ,情報・通信業,,,,,,,,missing,要調査
4825,ウェザーニューズ,情報・通信業,"任者
陸上気",,（現在）,,photos_2/4825_ウェザーニューズ/current/photo_01.jpg,✓,✓,current,
4825,ウェザーニューズ,情報・通信業,石橋 忍子,2024年11月30日,,,photos_1/4825_ウェザーニューズ/history/01_石橋_忍子/photo_01.jpg,✓,,history,
4826,CIJ,情報・通信業,坂元 昭彦取,2024年頃,,,photos_2/4826_CIJ/history/01_坂元_昭彦取/photo_01.jpg,✓,✓,history,
4826,CIJ,情報・通信業,坂元 昭彦,2020年頃,2024年頃,,photos_1/4826_CIJ/history/02_坂元_昭彦/photo_01.jpg,✓,,history,
4826,CIJ,情報・通信業,大西 重之,2018年頃,2020年頃,,photos_1/4826_CIJ/history/03_大西_重之/photo_01.jpg,✓,,history,
4828,ビジネスエンジニアリング,情報・通信業,,,,,,,,missing,要調査
4829,日本エンタープライズ,情報・通信業,,,,,,,,missing,要調査
4832,JFEシステムズ,情報・通信業,広瀬政之,2024年4月,,,photos_1/4832_JFEシステムズ/history/01_広瀬政之/photo_01.jpg,✓,,history,
4832,JFEシステムズ,情報・通信業,北野嘉久,2019年4月,2024年4月,,photos_1/4832_JFEシステムズ/history/02_北野嘉久/photo_01.jpg,✓,,history,
4832,JFEシステムズ,情報・通信業,柿木厚司,2015年4月,2019年4月,,photos_1/4832_JFEシステムズ/history/03_柿木厚司/photo_01.jpg,✓,,history,
4832,JFEシステムズ,情報・通信業,林田英治,2010年4月,2015年4月,,photos_1/4832_JFEシステムズ/history/04_林田英治/photo_01.jpg,✓,,history,
4832,JFEシステムズ,情報・通信業,馬田一,2005年4月,2010年4月,,photos_1/4832_JFEシステムズ/history/05_馬田一/photo_01.jpg,✓,,history,
4832,JFEシステムズ,情報・通信業,數土文夫,2003年4月,2005年4月,,photos_1/4832_JFEシステムズ/history/06_數土文夫/photo_01.jpg,✓,,history,
4833,Def　consulting,サービス業,,,,,,,,missing,要調査
4838,スペースシャワーSKIYAKIホールディングス,情報・通信業,植村甲午郎,,,,photos_1/4838_スペースシャワーSKIYAKIホールディングス/history/01_植村甲午郎/photo_01.jpg,✓,,history,
4838,スペースシャワーSKIYAKIホールディングス,情報・通信業,水野成夫,,,,photos_1/4838_スペースシャワーSKIYAKIホールディングス/history/02_水野成夫/photo_01.jpg,✓,,history,
4838,スペースシャワーSKIYAKIホールディングス,情報・通信業,鹿内信隆,,,,,,,history,
4838,スペースシャワーSKIYAKIホールディングス,情報・通信業,浅野賢澄,,,,photos_1/4838_スペースシャワーSKIYAKIホールディングス/history/04_浅野賢澄/photo_01.jpg,✓,,history,
4838,スペースシャワーSKIYAKIホールディングス,情報・通信業,鹿内春雄,,,,photos_1/4838_スペースシャワーSKIYAKIホールディングス/history/05_鹿内春雄/photo_01.jpg,✓,,history,
4838,スペースシャワーSKIYAKIホールディングス,情報・通信業,鹿内宏明,,,,photos_1/4838_スペースシャワーSKIYAKIホールディングス/history/06_鹿内宏明/photo_01.jpg,✓,,history,
4838,スペースシャワーSKIYAKIホールディングス,情報・通信業,日枝久,,,,photos_1/4838_スペースシャワーSKIYAKIホールディングス/history/07_日枝久/photo_01.jpg,✓,,history,
4839,WOWOW,情報・通信業,,,,,,,,missing,要調査
4840,トライアイズ,サービス業,郷薫　新年,2025年12月,（現在）,,photos_2/4840_トライアイズ/current/photo_01.jpg,✓,✓,current,
4845,スカラ,情報・通信業,,,,,,,,missing,要調査
4847,インテリジェント　ウェイブ,情報・通信業,川上 晃司,,（現在）,,photos_2/4847_インテリジェント_ウェイブ/current/photo_01.jpg,✓,✓,current,
4847,インテリジェント　ウェイブ,情報・通信業,万円　日本人,2011年1月11日,2012年2月8日,,photos_1/4847_インテリジェント_ウェイブ/history/01_万円_日本人/photo_01.jpg,✓,,history,
4848,フルキャストホールディングス,サービス業,,,,,,,,missing,要調査
4849,エン・ジャパン,サービス業,,,,,,,,missing,要調査
4880,セルソース,医薬品,山川 雅之,2025年7月,（現在）,,photos_2/4880_セルソース/current/photo_01.jpg,✓,✓,current,
4881,ファンペップ,医薬品,三好 稔美,2002年12月,（現在）,,photos_2/4881_ファンペップ/current/photo_01.jpg,✓,✓,current,
4882,ペルセウスプロテオミクス,医薬品,横川 拓哉,,（現在）,,photos_2/4882_ペルセウスプロテオミクス/current/photo_01.jpg,✓,✓,current,
4883,モダリス,医薬品,森田 晴彦,,（現在）,,,,,current,
4883,モダリス,医薬品,卒業 同大学,2000年頃,,,photos_1/4883_モダリス/history/01_卒業_同大学/photo_01.jpg,✓,,history,
4884,クリングルファーマ,医薬品,安達　喜一,2002年9月,（現在）,,photos_2/4884_クリングルファーマ/current/photo_01.jpg,✓,✓,current,
4884,クリングルファーマ,医薬品,安達,2022年頃,,,photos_1/4884_クリングルファーマ/history/01_安達/photo_01.jpg,✓,,history,
4884,クリングルファーマ,医薬品,選任,2020年頃,2022年頃,,,,,history,
4885,室町ケミカル,医薬品,,,,,,,,missing,要調査
4886,あすか製薬ホールディングス,医薬品,"会長
山口",2021年4月,（現在）,,photos_2/4886_あすか製薬ホールディングス/current/photo_01.jpg,✓,✓,current,
4886,あすか製薬ホールディングス,医薬品,山口 惣大資,2022年3月,2022年3月,,photos_1/4886_あすか製薬ホールディングス/history/01_山口_惣大資/photo_01.jpg,✓,,history,
4886,あすか製薬ホールディングス,医薬品,山口 隆資本,2021年4月1日,2022年3月,,photos_1/4886_あすか製薬ホールディングス/history/02_山口_隆資本/photo_01.jpg,✓,,history,
4887,サワイグループホールディングス,医薬品,,,,,,,,missing,要調査
4888,ステラファーマ,医薬品,,,,,,,,missing,要調査
4889,レナサイエンス,医薬品,伊藤　彰彦,,（現在）,,photos_2/4889_レナサイエンス/current/photo_01.jpg,✓,✓,current,
4890,坪田ラボ,医薬品,,,,,,,,missing,要調査
4891,ティムス,医薬品,,,,,,,,missing,要調査
4892,サイフューズ,医薬品,光生　筑波大,,,,photos_1/4892_サイフューズ/history/01_光生_筑波大/photo_01.jpg,✓,,history,
4892,サイフューズ,医薬品,安史　大阪大,,,,photos_1/4892_サイフューズ/history/02_安史_大阪大/photo_01.jpg,✓,,history,
4892,サイフューズ,医薬品,太郎　三菱重,,,,photos_1/4892_サイフューズ/history/03_太郎_三菱重/photo_01.jpg,✓,,history,
4892,サイフューズ,医薬品,彬雄　信州大,,,,photos_1/4892_サイフューズ/history/04_彬雄_信州大/photo_01.jpg,✓,,history,
4892,サイフューズ,医薬品,英三　国立循,,,,photos_1/4892_サイフューズ/history/05_英三_国立循/photo_01.jpg,✓,,history,
4892,サイフューズ,医薬品,和文　大阪大,,,,photos_1/4892_サイフューズ/history/06_和文_大阪大/photo_01.jpg,✓,,history,
4892,サイフューズ,医薬品,秀博　国立循,,,,photos_1/4892_サイフューズ/history/07_秀博_国立循/photo_01.jpg,✓,,history,
4892,サイフューズ,医薬品,田勲　九州大,,,,photos_1/4892_サイフューズ/history/08_田勲_九州大/photo_01.jpg,✓,,history,
4893,ノイルイミューン・バイオテック,医薬品,玉田　耕治,,（現在）,,photos_2/4893_ノイルイミューン・バイオテック/current/photo_01.jpg,✓,✓,current,
4893,ノイルイミューン・バイオテック,医薬品,究所 所長,2025年12月10日,,,photos_1/4893_ノイルイミューン・バイオテック/history/01_究所_所長/photo_01.jpg,✓,,history,
4893,ノイルイミューン・バイオテック,医薬品,大学　大学院,2025年9月25日,2025年9月25日,,photos_1/4893_ノイルイミューン・バイオテック/history/02_大学_大学院/photo_01.jpg,✓,,history,
4894,クオリプス,医薬品,,,,,,,,missing,要調査
4896,ケイファーマ,医薬品,福島　弘明,,（現在）,,photos_2/4896_ケイファーマ/current/photo_01.jpg,✓,✓,current,
4896,ケイファーマ,医薬品,北里 柴三郎,2004年頃,,,,,,history,
4901,富士フイルムホールディングス,化学,,,,,,,,missing,要調査
4902,コニカミノルタ,電気機器,,,,,,,,missing,要調査
4911,資生堂,化学,生堂 企業情,,,,photos_1/4911_資生堂/history/01_生堂_企業情/photo_01.jpg,✓,,history,
4912,ライオン,化学,"役兼 
竹森",,（現在）,,photos_2/4912_ライオン/current/photo_01.jpg,✓,✓,current,
4914,高砂香料工業,化学,,,,,,,,missing,要調査
4918,アイビー化粧品,化学,人体 神秘,,,,photos_1/4918_アイビー化粧品/history/01_人体_神秘/photo_01.jpg,✓,,history,
4918,アイビー化粧品,化学,爆笑 大日本,,,,photos_1/4918_アイビー化粧品/history/02_爆笑_大日本/photo_01.jpg,✓,,history,
4918,アイビー化粧品,化学,名作 一夜限,,,,photos_1/4918_アイビー化粧品/history/03_名作_一夜限/photo_01.jpg,✓,,history,
4919,ミルボン,化学,,,,,,,,missing,要調査
4920,日本色材工業研究所,化学,奥村 華代,,（現在）,,photos_2/4920_日本色材工業研究所/current/photo_01.jpg,✓,✓,current,
4922,コーセー,化学,小林一俊,,（現在）,,photos_2/4922_コーセー/current/photo_01.jpg,✓,,current,
4923,コタ,化学,小田 博英,2025年10月,（現在）,,,,,current,
4925,ハーバー研究所,化学,,,,,,,,missing,要調査
4926,シーボン,化学,,,,,,,,missing,要調査
4927,ポーラ・オルビスホールディングス,化学,院前 伊集院,,,,photos_1/4927_ポーラ・オルビスホールディングス/history/01_院前_伊集院/photo_01.jpg,✓,,history,
4928,ノエビアホールディングス,化学,,,,,,,,missing,要調査
4929,アジュバンホールディングス,化学,,,,,,,,missing,要調査
4931,新日本製薬,化学,,,,,,,,missing,要調査
4932,アルマード,化学,,,,,,,,missing,要調査
4933,I-ne,化学,,,,,,,,missing,要調査
4934,プレミアアンチエイジング,化学,,,,,,,,missing,要調査
4935,リベルタ,化学,植村甲午郎,,,,photos_1/4935_リベルタ/history/01_植村甲午郎/photo_01.jpg,✓,,history,
4935,リベルタ,化学,水野成夫,,,,photos_1/4935_リベルタ/history/02_水野成夫/photo_01.jpg,✓,,history,
4935,リベルタ,化学,鹿内信隆,,,,,,,history,
4935,リベルタ,化学,浅野賢澄,,,,photos_1/4935_リベルタ/history/04_浅野賢澄/photo_01.jpg,✓,,history,
4935,リベルタ,化学,鹿内春雄,,,,photos_1/4935_リベルタ/history/05_鹿内春雄/photo_01.jpg,✓,,history,
4935,リベルタ,化学,鹿内宏明,,,,photos_1/4935_リベルタ/history/06_鹿内宏明/photo_01.jpg,✓,,history,
4935,リベルタ,化学,日枝久,,,,photos_1/4935_リベルタ/history/07_日枝久/photo_01.jpg,✓,,history,
4935,リベルタ,化学,嘉納修治,,,,photos_1/4935_リベルタ/history/08_嘉納修治/photo_01.jpg,✓,,history,
4936,アクシージア,化学,,,,,,,,missing,要調査
4937,Waqoo,化学,,,,,,,,missing,要調査
4951,エステー,化学,当社,2024年4月,（現在）,,photos_2/4951_エステー/current/photo_01.jpg,✓,✓,current,
4951,エステー,化学,内定　小林製,2025年10月14日,2019年6月22日,,photos_1/4951_エステー/history/01_内定_小林製/photo_01.jpg,✓,,history,
4951,エステー,化学,発表 小林製,2024年6月21日,2024年6月22日,,photos_1/4951_エステー/history/02_発表_小林製/photo_01.jpg,✓,,history,
4956,コニシ,化学,,,,,,,,missing,要調査
4957,ヤスハラケミカル,化学,安原　禎二,,（現在）,,,,,current,
4958,長谷川香料,化学,谷川 研治,,（現在）,,photos_2/4958_長谷川香料/current/photo_01.jpg,✓,✓,current,
4960,ケミプロ化成,化学,,,,,,,,missing,要調査
4966,上村工業,化学,,,,,,,,missing,要調査
4967,小林製薬,化学,豊田　賀一,,（現在）,,photos_2/4967_小林製薬/current/photo_01.jpg,✓,✓,current,
4967,小林製薬,化学,内定　小林製,2025年10月14日,2019年6月22日,,photos_1/4967_小林製薬/history/01_内定_小林製/photo_01.jpg,✓,,history,
4967,小林製薬,化学,発表 小林製,2024年6月21日,2024年6月22日,,photos_1/4967_小林製薬/history/02_発表_小林製/photo_01.jpg,✓,,history,
4968,荒川化学工業,化学,,,,,,,,missing,要調査
4970,東洋合成工業,化学,,,,,,,,missing,要調査
4971,メック,化学,"提供
環境",2025年1月,（現在）,,photos_2/4971_メック/current/photo_01.jpg,✓,✓,current,
4972,綜研化学,化学,冨田 幸二,,（現在）,,photos_2/4972_綜研化学/current/photo_01.jpg,✓,✓,current,
4973,日本高純度化学,化学,,,,,,,,missing,要調査
4974,タカラバイオ,化学,,,,,,,,missing,要調査
4975,JCU,化学,,,,,,,,missing,要調査
4976,東洋ドライルーブ,化学,,,,,,,,missing,要調査
4977,新田ゼラチン,化学,,,,,,,,missing,要調査
4978,リプロセル,化学,横山　周史,,（現在）,,photos_2/4978_リプロセル/current/photo_01.jpg,✓,✓,current,
4979,OATアグリオ,化学,,,,,,,,missing,要調査
4980,デクセリアルズ,化学,平素,2024年7月,（現在）,,,,,current,
4985,アース製薬,化学,川端 克宜,,（現在）,,photos_2/4985_アース製薬/current/photo_01.jpg,✓,✓,current,
4985,アース製薬,化学,内定　小林製,2025年10月14日,2019年6月22日,,photos_1/4985_アース製薬/history/01_内定_小林製/photo_01.jpg,✓,,history,
4985,アース製薬,化学,発表 小林製,2024年6月21日,2024年6月22日,,photos_1/4985_アース製薬/history/02_発表_小林製/photo_01.jpg,✓,,history,
4990,昭和化学工業,化学,石橋健藏,,（現在）,,photos_2/4990_昭和化学工業/current/photo_01.jpg,✓,✓,current,
4992,北興化学工業,化学,佐野 健一,,（現在）,,photos_2/4992_北興化学工業/current/photo_01.jpg,✓,✓,current,
4994,大成ラミックグループ,化学,谷部 正,2025年4月,（現在）,,photos_2/4994_大成ラミックグループ/current/photo_01.jpg,✓,✓,current,
4996,クミアイ化学工業,化学,横山 優,2007年8月,（現在）,,photos_2/4996_クミアイ化学工業/current/photo_01.jpg,✓,✓,current,
4997,日本農薬,化学,岩田 浩幸,,,,,,,history,
4998,フマキラー,化学,,,,,,,,missing,要調査
5009,富士興産,卸売業,川崎 靖弘,,（現在）,,photos_3/5009_富士興産/current/photo_01.jpg,✓,✓,current,
5010,日本精蝋,石油・石炭製品,瀧本　丈平,,（現在）,,photos_3/5010_日本精蝋/current/photo_01.jpg,✓,✓,current,
5011,ニチレキグループ,石油・石炭製品,基本的,2022年6月,（現在）,,photos_3/5011_ニチレキグループ/current/photo_01.jpg,✓,✓,current,
5013,ユシロ,石油・石炭製品,有坂 昌規,,（現在）,,photos_3/5013_ユシロ/current/photo_01.jpg,✓,✓,current,
5015,ビーピー・カストロール,石油・石炭製品,,,,,,,,missing,要調査
5016,JX金属,非鉄金属,,,,,,,,missing,要調査
5018,MORESCO,石油・石炭製品,,,,,,,,missing,要調査
5019,出光興産,石油・石炭製品,,,,,,,,missing,要調査
5020,ENEOSホールディングス,石油・石炭製品,,,,,,,,missing,要調査
5021,コスモエネルギーホールディングス,石油・石炭製品,月大協石,2011年6月,（現在）,,photos_3/5021_コスモエネルギーホールディングス/current/photo_01.jpg,✓,✓,current,
5025,マーキュリー,情報・通信業,,,,,,,,missing,要調査
5026,トリプルアイズ,情報・通信業,,,,,,,,missing,要調査
5027,AnyMind　Group,情報・通信業,,,,,,,,missing,要調査
5028,セカンドサイトアナリティカ,情報・通信業,進士仁一,,,,photos_1/5028_セカンドサイトアナリティカ/history/01_進士仁一/photo_01.jpg,✓,,history,
5028,セカンドサイトアナリティカ,情報・通信業,手塚卓志,,,,photos_1/5028_セカンドサイトアナリティカ/history/02_手塚卓志/photo_01.jpg,✓,,history,
5029,サークレイス,情報・通信業,植田和磨,2002年12月4日,,,photos_1/5029_サークレイス/history/01_植田和磨/photo_01.jpg,✓,,history,
5029,サークレイス,情報・通信業,平生翔大,2002年10月11日,,,photos_1/5029_サークレイス/history/02_平生翔大/photo_01.jpg,✓,,history,
5029,サークレイス,情報・通信業,小村真也,2002年5月28日,,,photos_1/5029_サークレイス/history/03_小村真也/photo_01.jpg,✓,,history,
5029,サークレイス,情報・通信業,古畑翔,,,,photos_1/5029_サークレイス/history/04_古畑翔/photo_01.jpg,✓,,history,
5029,サークレイス,情報・通信業,池田悠希,,,,photos_1/5029_サークレイス/history/05_池田悠希/photo_01.jpg,✓,,history,
5029,サークレイス,情報・通信業,祝原涼介,,,,photos_1/5029_サークレイス/history/06_祝原涼介/photo_01.jpg,✓,,history,
5031,モイ,情報・通信業,,,,,,,,missing,要調査
5032,ANYCOLOR,情報・通信業,,,,,,,,missing,要調査
5033,ヌーラボ,情報・通信業,,,,,,,,missing,要調査
5034,unerry,情報・通信業,,,,,,,,missing,要調査
5035,HOUSEI,情報・通信業,管 祥紅,,（現在）,,photos_3/5035_HOUSEI/current/photo_01.jpg,✓,✓,current,
5035,HOUSEI,情報・通信業,長管 祥紅,,,,photos_1/5035_HOUSEI/history/01_長管_祥紅/photo_01.jpg,✓,,history,
5036,日本ビジネスシステムズ,情報・通信業,内部統制,,（現在）,,,,,current,
5036,日本ビジネスシステムズ,情報・通信業,藤本 誠之,2023年12月22日,,,photos_1/5036_日本ビジネスシステムズ/history/01_藤本_誠之/photo_01.jpg,✓,,history,
5036,日本ビジネスシステムズ,情報・通信業,幸弘 証券,2023年７月1日,,,photos_1/5036_日本ビジネスシステムズ/history/02_幸弘_証券/photo_01.jpg,✓,,history,
5036,日本ビジネスシステムズ,情報・通信業,牧田 幸弘,,,,photos_1/5036_日本ビジネスシステムズ/history/03_牧田_幸弘/photo_01.jpg,✓,,history,
5038,eWeLL,情報・通信業,田聡 講演内,2011年9月11日,2011年10月28日,,photos_1/5038_eWeLL/history/01_田聡_講演内/photo_01.jpg,✓,,history,
5071,ヴィス,建設業,,,,,,,,missing,要調査
5074,テスホールディングス,建設業,実現,2023年２月,（現在）,,photos_3/5074_テスホールディングス/current/photo_01.jpg,✓,✓,current,
5074,テスホールディングス,建設業,山本 一樹,,,,photos_1/5074_テスホールディングス/history/01_山本_一樹/photo_01.jpg,✓,,history,
5076,インフロニア・ホールディングス,建設業,岐部,2024年頃,,,photos_1/5076_インフロニア・ホールディングス/history/01_岐部/photo_01.jpg,✓,,history,
5078,セレコーポレーション,建設業,山口 貴載,2024年４月,（現在）,,photos_3/5078_セレコーポレーション/current/photo_01.jpg,✓,✓,current,
5079,ノバック,建設業,,,,,,,,missing,要調査
5101,横浜ゴム,ゴム製品,山石 昌孝,,（現在）,,photos_3/5101_横浜ゴム/current/photo_01.jpg,✓,✓,current,
5103,昭和ホールディングス,ゴム製品,任者 此下竜,2020年3月,2020年3月,,photos_1/5103_昭和ホールディングス/history/01_任者_此下竜/photo_01.jpg,✓,,history,
5105,TOYO　TIRE,ゴム製品,清水 隆史,,（現在）,,photos_3/5105_TOYO_TIRE/current/photo_01.jpg,✓,✓,current,
5108,ブリヂストン,ゴム製品,,,,,,,,missing,要調査
5110,住友ゴム工業,ゴム製品,住友,,（現在）,,photos_3/5110_住友ゴム工業/current/photo_01.jpg,✓,✓,current,
5121,藤倉コンポジット,ゴム製品,当社 執行役,2025年5月,（現在）,,photos_3/5121_藤倉コンポジット/current/photo_01.jpg,✓,✓,current,
5122,オカモト,ゴム製品,,,,,,,,missing,要調査
5125,ファインズ,情報・通信業,,,,,,,,missing,要調査
5126,ポーターズ,情報・通信業,,,,,,,,missing,要調査
5129,FIXER,情報・通信業,松岡 清一,2012年頃,,,photos_1/5129_FIXER/history/01_松岡_清一/photo_01.jpg,✓,,history,
5131,リンカーズ,情報・通信業,前田 佳宏,2025年7月31日,,,photos_1/5131_リンカーズ/history/01_前田_佳宏/photo_01.jpg,✓,,history,
5132,pluszero,情報・通信業,,,,,,,,missing,要調査
5133,テリロジーホールディングス,情報・通信業,植村甲午郎,,,,photos_1/5133_テリロジーホールディングス/history/01_植村甲午郎/photo_01.jpg,✓,,history,
5133,テリロジーホールディングス,情報・通信業,水野成夫,,,,photos_1/5133_テリロジーホールディングス/history/02_水野成夫/photo_01.jpg,✓,,history,
5133,テリロジーホールディングス,情報・通信業,鹿内信隆,,,,,,,history,
5133,テリロジーホールディングス,情報・通信業,浅野賢澄,,,,photos_1/5133_テリロジーホールディングス/history/04_浅野賢澄/photo_01.jpg,✓,,history,
5133,テリロジーホールディングス,情報・通信業,鹿内春雄,,,,photos_1/5133_テリロジーホールディングス/history/05_鹿内春雄/photo_01.jpg,✓,,history,
5133,テリロジーホールディングス,情報・通信業,鹿内宏明,,,,photos_1/5133_テリロジーホールディングス/history/06_鹿内宏明/photo_01.jpg,✓,,history,
5133,テリロジーホールディングス,情報・通信業,日枝久,,,,photos_1/5133_テリロジーホールディングス/history/07_日枝久/photo_01.jpg,✓,,history,
5133,テリロジーホールディングス,情報・通信業,嘉納修治,,,,photos_1/5133_テリロジーホールディングス/history/08_嘉納修治/photo_01.jpg,✓,,history,
5134,POPER,情報・通信業,,,,,,,,missing,要調査
5136,tripla,情報・通信業,,,,,,,,missing,要調査
5137,スマートドライブ,情報・通信業,進士仁一,,,,photos_1/5137_スマートドライブ/history/01_進士仁一/photo_01.jpg,✓,,history,
5137,スマートドライブ,情報・通信業,手塚卓志,,,,photos_1/5137_スマートドライブ/history/02_手塚卓志/photo_01.jpg,✓,,history,
5138,Rebase,情報・通信業,,,,,,,,missing,要調査
5139,オープンワーク,情報・通信業,,,,,,,,missing,要調査
5142,アキレス,化学,海空 地球征,,,,photos_1/5142_アキレス/history/01_海空_地球征/photo_01.jpg,✓,,history,
5161,西川ゴム工業,ゴム製品,計画 追補版,2024年12月,（現在）,,photos_3/5161_西川ゴム工業/current/photo_01.jpg,✓,✓,current,
5162,朝日ラバー,ゴム製品,,,,,,,,missing,要調査
5184,ニチリン,ゴム製品,,,,,,,,missing,要調査
5185,フコク,ゴム製品,大城郁男,2024年頃,,,photos_1/5185_フコク/history/01_大城郁男/photo_01.jpg,✓,,history,
5186,ニッタ,ゴム製品,,,,,,,,missing,要調査
5187,クリエートメディック,精密機器,,,,,,,,missing,要調査
5189,櫻護謨,ゴム製品,,,,,,,,missing,要調査
5191,住友理工,ゴム製品,,,,,,,,missing,要調査
5192,三ツ星ベルト,ゴム製品,,,,,,,,missing,要調査
5194,相模ゴム工業,ゴム製品,時代,,（現在）,,photos_3/5194_相模ゴム工業/current/photo_01.jpg,✓,✓,current,
5195,バンドー化学,ゴム製品,吉井　満隆,2025年6月,（現在）,,photos_3/5195_バンドー化学/current/photo_01.jpg,✓,✓,current,
5199,不二ラテックス,ゴム製品,,,,,,,,missing,要調査
5201,AGC,ガラス・土石製品,岩崎俊彌,,,,photos_1/5201_AGC/history/01_岩崎俊彌/photo_01.jpg,✓,,history,
5201,AGC,ガラス・土石製品,山田三次郎,,,,photos_1/5201_AGC/history/02_山田三次郎/photo_01.jpg,✓,,history,
5201,AGC,ガラス・土石製品,大野政吉,,,,photos_1/5201_AGC/history/03_大野政吉/photo_01.jpg,✓,,history,
5201,AGC,ガラス・土石製品,池田亀三郎,,,,photos_1/5201_AGC/history/04_池田亀三郎/photo_01.jpg,✓,,history,
5201,AGC,ガラス・土石製品,森本貫一,,,,photos_3/5201_AGC/history/05_森本貫一/photo_01.jpg,✓,✓,history,
5201,AGC,ガラス・土石製品,森規矩夫,,,,photos_1/5201_AGC/history/06_森規矩夫/photo_01.jpg,✓,,history,
5201,AGC,ガラス・土石製品,桑田時一郎,,,,photos_1/5201_AGC/history/07_桑田時一郎/photo_01.jpg,✓,,history,
5202,日本板硝子,ガラス・土石製品,,,,,,,,missing,要調査
5204,石塚硝子,ガラス・土石製品,石塚 久継,,（現在）,,photos_3/5204_石塚硝子/current/photo_01.jpg,✓,✓,current,
5208,有沢製作所,化学,,,,,,,,missing,要調査
5210,日本山村硝子,ガラス・土石製品,,,,,,,,missing,要調査
5214,日本電気硝子,ガラス・土石製品,,,,,,,,missing,要調査
5216,倉元製作所,ガラス・土石製品,小峰 衛,2021年3月,（現在）,,photos_3/5216_倉元製作所/current/photo_01.jpg,✓,✓,current,
5218,オハラ,ガラス・土石製品,齋藤 弘和,,（現在）,,photos_3/5218_オハラ/current/photo_01.jpg,✓,✓,current,
5232,住友大阪セメント,ガラス・土石製品,"締役

取締",2019年11月,（現在）,,photos_3/5232_住友大阪セメント/current/photo_01.jpg,✓,✓,current,
5233,太平洋セメント,ガラス・土石製品,田浦 良文,,（現在）,,photos_3/5233_太平洋セメント/current/photo_01.jpg,✓,✓,current,
5237,ノザワ,ガラス・土石製品,,,,,,,,missing,要調査
5240,monoAI　technology,情報・通信業,,,,,,,,missing,要調査
5242,アイズ,情報・通信業,広告企画,2026年1月,（現在）,,photos_3/5242_アイズ/current/photo_01.jpg,✓,✓,current,
5242,アイズ,情報・通信業,矢田 峰之,,,,photos_3/5242_アイズ/history/01_矢田_峰之/photo_01.jpg,✓,✓,history,
5243,note,情報・通信業,,,,,,,,missing,要調査
5244,jig.jp,情報・通信業,,,,,,,,missing,要調査
5246,ELEMENTS,情報・通信業,,,,,,,,missing,要調査
5247,BTM,情報・通信業,"会長
吉田",2011年8月,（現在）,,photos_3/5247_BTM/current/photo_01.jpg,✓,✓,current,
5248,テクノロジーズ,情報・通信業,"方
当社",,（現在）,,,,,current,
5250,プライム・ストラテジー,情報・通信業,,,,,,,,missing,要調査
5252,日本ナレッジ,情報・通信業,万円　日本人,2011年1月11日,2012年2月8日,,photos_1/5252_日本ナレッジ/history/01_万円_日本人/photo_01.jpg,✓,,history,
5253,カバー,情報・通信業,,,,,,,,missing,要調査
5254,Arent,情報・通信業,,,,,,,,missing,要調査
5255,モンスターラボ,情報・通信業,,,,,,,,missing,要調査
5256,Fusic,情報・通信業,,,,,,,,missing,要調査
5257,ノバシステム,情報・通信業,芳山 政安,2026年1月,（現在）,,,,,current,
5258,トランザクション・メディア・ネットワークス,情報・通信業,大高 敦,,（現在）,,photos_3/5258_トランザクション・メディア・ネットワークス/current/photo_01.jpg,✓,✓,current,
5259,BBDイニシアティブ,情報・通信業,,,,,,,,missing,要調査
5261,リソルホールディングス,サービス業,本文,2025年3月,（現在）,,,,,current,
5262,日本ヒューム,ガラス・土石製品,,,,,,,,missing,要調査
5268,旭コンクリート工業,ガラス・土石製品,狩野 堅太郎,,（現在）,,photos_3/5268_旭コンクリート工業/current/photo_01.jpg,✓,✓,current,
5269,日本コンクリート工業,ガラス・土石製品,,,,,,,,missing,要調査
5271,トーヨーアサノ,ガラス・土石製品,,,,,,,,missing,要調査
5273,三谷セキサン,ガラス・土石製品,,,,,,,,missing,要調査
5279,日本興業,ガラス・土石製品,,,,,,,,missing,要調査
5280,ヨシコン,不動産業,,,,,,,,missing,要調査
5282,ジオスター,ガラス・土石製品,,,,,,,,missing,要調査
5283,高見澤,卸売業,見澤　秀,,（現在）,,photos_3/5283_高見澤/current/photo_01.jpg,✓,✓,current,
5284,ヤマウホールディングス,ガラス・土石製品,植村甲午郎,,,,photos_1/5284_ヤマウホールディングス/history/01_植村甲午郎/photo_01.jpg,✓,,history,
5284,ヤマウホールディングス,ガラス・土石製品,水野成夫,,,,photos_1/5284_ヤマウホールディングス/history/02_水野成夫/photo_01.jpg,✓,,history,
5284,ヤマウホールディングス,ガラス・土石製品,鹿内信隆,,,,,,,history,
5284,ヤマウホールディングス,ガラス・土石製品,浅野賢澄,,,,photos_1/5284_ヤマウホールディングス/history/04_浅野賢澄/photo_01.jpg,✓,,history,
5284,ヤマウホールディングス,ガラス・土石製品,鹿内春雄,,,,photos_1/5284_ヤマウホールディングス/history/05_鹿内春雄/photo_01.jpg,✓,,history,
5284,ヤマウホールディングス,ガラス・土石製品,鹿内宏明,,,,photos_1/5284_ヤマウホールディングス/history/06_鹿内宏明/photo_01.jpg,✓,,history,
5284,ヤマウホールディングス,ガラス・土石製品,日枝久,,,,photos_1/5284_ヤマウホールディングス/history/07_日枝久/photo_01.jpg,✓,,history,
5284,ヤマウホールディングス,ガラス・土石製品,嘉納修治,,,,photos_1/5284_ヤマウホールディングス/history/08_嘉納修治/photo_01.jpg,✓,,history,
5285,ヤマックス,ガラス・土石製品,"編
海",,（現在）,,photos_3/5285_ヤマックス/current/photo_01.jpg,✓,✓,current,
5287,イトーヨーギョー,ガラス・土石製品,,,,,,,,missing,要調査
5288,アジアパイルホールディングス,ガラス・土石製品,当社,2024年6月,（現在）,,photos_3/5288_アジアパイルホールディングス/current/photo_01.jpg,✓,✓,current,
5290,ベルテクスコーポレーション,ガラス・土石製品,,,,,,,,missing,要調査
5301,東海カーボン,ガラス・土石製品,長坂 一,,（現在）,,photos_3/5301_東海カーボン/current/photo_01.jpg,✓,✓,current,
5302,日本カーボン,ガラス・土石製品,,,,,,,,missing,要調査
5304,SECカーボン,ガラス・土石製品,,,,,,,,missing,要調査
5310,東洋炭素,ガラス・土石製品,,,,,,,,missing,要調査
5331,ノリタケ,ガラス・土石製品,,,,,,,,missing,要調査
5332,TOTO,ガラス・土石製品,,,,,,,,missing,要調査
5333,日本碍子,ガラス・土石製品,大島　卓,,（現在）,,photos_3/5333_日本碍子/current/photo_01.jpg,✓,✓,current,
5334,日本特殊陶業,ガラス・土石製品,尾堂　真一,,（現在）,,photos_3/5334_日本特殊陶業/current/photo_01.jpg,✓,✓,current,
5337,ダントーホールディングス,ガラス・土石製品,院前 伊集院,,,,photos_1/5337_ダントーホールディングス/history/01_院前_伊集院/photo_01.jpg,✓,,history,
5341,ASAHI　EITOホールディングス,ガラス・土石製品,,,,,,,,missing,要調査
5344,MARUWA,ガラス・土石製品,"案内
投資家",2025年6月,（現在）,,photos_3/5344_MARUWA/current/photo_01.jpg,✓,✓,current,
5351,品川リフラクトリーズ,ガラス・土石製品,藤原　弘之,2025年10月,（現在）,,photos_3/5351_品川リフラクトリーズ/current/photo_01.jpg,✓,✓,current,
5355,日本坩堝,ガラス・土石製品,,,,,,,,missing,要調査
5356,美濃窯業,ガラス・土石製品,太田 滋俊,2020年3月31日,,,photos_1/5356_美濃窯業/history/01_太田_滋俊/photo_01.jpg,✓,,history,
5357,ヨータイ,ガラス・土石製品,進士仁一,,,,,,,history,
5357,ヨータイ,ガラス・土石製品,手塚卓志,,,,photos_1/5357_ヨータイ/history/02_手塚卓志/photo_01.jpg,✓,,history,
5363,東京窯業,ガラス・土石製品,,,,,,,,missing,要調査
5367,ニッカトー,ガラス・土石製品,,,,,,,,missing,要調査
5368,日本インシュレーション,ガラス・土石製品,娼館 望郷,,,,photos_1/5368_日本インシュレーション/history/01_娼館_望郷/photo_01.jpg,✓,,history,
5368,日本インシュレーション,ガラス・土石製品,七号 君想,,,,photos_1/5368_日本インシュレーション/history/02_七号_君想/photo_01.jpg,✓,,history,
5380,新東,ガラス・土石製品,,,,,,,,missing,要調査
5381,Mipox,ガラス・土石製品,渡邉　淳,,（現在）,,photos_3/5381_Mipox/current/photo_01.jpg,✓,✓,current,
5381,Mipox,ガラス・土石製品,中川　健二,2010年頃,,,photos_1/5381_Mipox/history/01_中川_健二/photo_01.jpg,✓,,history,
5384,フジミインコーポレーテッド,ガラス・土石製品,関 敬史,,（現在）,,photos_3/5384_フジミインコーポレーテッド/current/photo_01.jpg,✓,✓,current,
5386,鶴弥,ガラス・土石製品,,,,,,,,missing,要調査
5388,クニミネ工業,ガラス・土石製品,,,,,,,,missing,要調査
5391,エーアンドエーマテリアル,ガラス・土石製品,巻野 徹,,（現在）,,photos_3/5391_エーアンドエーマテリアル/current/photo_01.jpg,✓,✓,current,
5393,ニチアス,ガラス・土石製品,,,,,,,,missing,要調査
5401,日本製鉄,鉄鋼,今井 正,2025年6月,（現在）,,photos_3/5401_日本製鉄/current/photo_01.jpg,✓,✓,current,
5406,神戸製鋼所,鉄鋼,月 勝川,2024年4月,（現在）,,photos_3/5406_神戸製鋼所/current/photo_01.jpg,✓,✓,current,
5406,神戸製鋼所,鉄鋼,衛門 神戸製,,,,photos_1/5406_神戸製鋼所/history/01_衛門_神戸製/photo_01.jpg,✓,,history,
5408,中山製鋼所,鉄鋼,衛門 神戸製,,,,photos_1/5408_中山製鋼所/history/01_衛門_神戸製/photo_01.jpg,✓,,history,
5410,合同製鐵,鉄鋼,,,,,,,,missing,要調査
5411,JFEホールディングス,鉄鋼,北野 嘉久,,（現在）,,photos_3/5411_JFEホールディングス/current/photo_01.jpg,✓,✓,current,
5423,東京製鐵,鉄鋼,,,,,,,,missing,要調査
5440,共英製鋼,鉄鋼,,,,,,,,missing,要調査
5444,大和工業,鉄鋼,,,,,,,,missing,要調査
5445,東京鐵鋼,鉄鋼,,,,,,,,missing,要調査
5446,北越メタル,鉄鋼,"万円
 白",,（現在）,,photos_3/5446_北越メタル/current/photo_01.jpg,✓,✓,current,
5449,大阪製鐵,鉄鋼,谷　潤一,,（現在）,,photos_3/5449_大阪製鐵/current/photo_01.jpg,✓,✓,current,
5451,淀川製鋼所,鉄鋼,当社,2025年1月,（現在）,,photos_3/5451_淀川製鋼所/current/photo_01.jpg,✓,✓,current,
5458,高砂鐵工,鉄鋼,加藤 勘二,,（現在）,,photos_3/5458_高砂鐵工/current/photo_01.jpg,✓,✓,current,
5461,中部鋼鈑,鉄鋼,,,,,,,,missing,要調査
5463,丸一鋼管,鉄鋼,鈴木 博之,,（現在）,,photos_3/5463_丸一鋼管/current/photo_01.jpg,✓,✓,current,
5464,モリ工業,鉄鋼,森 宏明,,（現在）,,photos_3/5464_モリ工業/current/photo_01.jpg,✓,✓,current,
5471,大同特殊鋼,鉄鋼,"標準
拡大",2023年10月,（現在）,,photos_3/5471_大同特殊鋼/current/photo_01.jpg,✓,✓,current,
5476,日本高周波鋼業,鉄鋼,,,,,,,,missing,要調査
5480,日本冶金工業,鉄鋼,浦田 成己,,（現在）,,photos_3/5480_日本冶金工業/current/photo_01.jpg,✓,✓,current,
5482,愛知製鋼,鉄鋼,会長　藤岡,,（現在）,,photos_3/5482_愛知製鋼/current/photo_01.jpg,✓,✓,current,
5484,東北特殊鋼,鉄鋼,進化,,（現在）,,photos_3/5484_東北特殊鋼/current/photo_01.jpg,✓,✓,current,
5491,日本金属,鉄鋼,当社  下川康,,（現在）,,photos_3/5491_日本金属/current/photo_01.jpg,✓,✓,current,
5491,日本金属,鉄鋼,下川 康志,,,,photos_1/5491_日本金属/history/01_下川_康志/photo_01.jpg,✓,,history,
5527,property　technologies,不動産業,,,,,,,,missing,要調査
5532,リアルゲイト,不動産業,,,,,,,,missing,要調査
5533,エリッツホールディングス,不動産業,槇野 常美,2023年6月,（現在）,,,,,current,
5533,エリッツホールディングス,不動産業,神子柴 寿昭,,,,photos_2/5533_エリッツホールディングス/history/01_神子柴_寿昭/photo_01.jpg,✓,,history,
5533,エリッツホールディングス,不動産業,三部 敏宏,,,,photos_2/5533_エリッツホールディングス/history/02_三部_敏宏/photo_01.jpg,✓,,history,
5533,エリッツホールディングス,不動産業,倉石 誠司,,,,photos_2/5533_エリッツホールディングス/history/03_倉石_誠司/photo_01.jpg,✓,,history,
5533,エリッツホールディングス,不動産業,竹内 弘平,,,,photos_2/5533_エリッツホールディングス/history/04_竹内_弘平/photo_01.jpg,✓,,history,
5533,エリッツホールディングス,不動産業,鈴木 麻子,,,,photos_2/5533_エリッツホールディングス/history/05_鈴木_麻子/photo_01.jpg,✓,,history,
5533,エリッツホールディングス,不動産業,貝原 典也,,,,photos_2/5533_エリッツホールディングス/history/06_貝原_典也/photo_01.jpg,✓,,history,
5535,ミガロホールディングス,不動産業,中西 聖,,（現在）,,photos_3/5535_ミガロホールディングス/current/photo_01.jpg,✓,✓,current,
5541,大平洋金属,鉄鋼,,,,,,,,missing,要調査
5542,新報国マテリアル,鉄鋼,,,,,,,,missing,要調査
5563,新日本電工,鉄鋼,青木　泰,,（現在）,,photos_3/5563_新日本電工/current/photo_01.jpg,✓,✓,current,
5563,新日本電工,鉄鋼,白須　達朗,2004年頃,2024年頃,,photos_2/5563_新日本電工/history/01_白須_達朗/photo_01.jpg,✓,,history,
5570,ジェノバ,情報・通信業,,,,,,,,missing,要調査
5571,エキサイトホールディングス,情報・通信業,西條 晋一,2018年1月,（現在）,,photos_3/5571_エキサイトホールディングス/current/photo_01.jpg,✓,✓,current,
5572,Ridge-i,情報・通信業,柳原 尚史,,（現在）,,photos_3/5572_Ridge-i/current/photo_01.jpg,✓,✓,current,
5572,Ridge-i,情報・通信業,柳原 尚史,2000年頃,,,,,,history,
5574,ABEJA,情報・通信業,,,,,,,,missing,要調査
5575,Globee,情報・通信業,,,,,,,,missing,要調査
5576,オービーシステム,情報・通信業,豊田　利雄,2007年11月,（現在）,,photos_3/5576_オービーシステム/current/photo_01.jpg,✓,✓,current,
5576,オービーシステム,情報・通信業,豊田　利雄,2000年頃,,,photos_2/5576_オービーシステム/history/01_豊田_利雄/photo_01.jpg,✓,,history,
5578,ARアドバンストテクノロジ,情報・通信業,,,,,,,,missing,要調査
5580,プロディライト,情報・通信業,医療法人,,（現在）,,,,,current,
5580,プロディライト,情報・通信業,小南 秀光,2023年10月31日,2023年6月28日,,photos_2/5580_プロディライト/history/01_小南_秀光/photo_01.jpg,✓,,history,
5580,プロディライト,情報・通信業,横山 隆介様,,,,photos_2/5580_プロディライト/history/02_横山_隆介様/photo_01.jpg,✓,,history,
5582,グリッド,情報・通信業,市川弥生次,2019年（平成31年）4月1日,,,photos_2/5582_グリッド/history/01_市川弥生次/photo_01.jpg,✓,,history,
5586,Laboro.AI,情報・通信業,,,,,,,,missing,要調査
5587,インバウンドプラットフォーム,情報・通信業,,,,,,,,missing,要調査
5588,ファーストアカウンティング,情報・通信業,森 啓太郎,2023年9月,（現在）,,photos_3/5588_ファーストアカウンティング/current/photo_01.jpg,✓,✓,current,
5589,オートサーバー,情報・通信業,,,,,,,,missing,要調査
5590,ネットスターズ,情報・通信業,嶋田 貴之,,,,,,,history,
5591,AVILEN,情報・通信業,治氏　豊田章,2023年1月26日,2023年12月17日,,photos_2/5591_AVILEN/history/01_治氏_豊田章/photo_01.jpg,✓,,history,
5592,くすりの窓口,情報・通信業,,,,,,,,missing,要調査
5595,QPS研究所,情報・通信業,大西 俊輔,2026年2月,（現在）,,photos_3/5595_QPS研究所/current/photo_01.jpg,✓,✓,current,
5595,QPS研究所,情報・通信業,青木 盛博,2025年12月24日,,,photos_2/5595_QPS研究所/history/01_青木_盛博/photo_01.jpg,✓,,history,
5595,QPS研究所,情報・通信業,大西 俊輔,,,,photos_2/5595_QPS研究所/history/02_大西_俊輔/photo_01.jpg,✓,,history,
5595,QPS研究所,情報・通信業,米倉 英一,,,,photos_2/5595_QPS研究所/history/03_米倉_英一/photo_01.jpg,✓,,history,
5596,アウトルックコンサルティング,情報・通信業,議員 平野博,,,,photos_2/5596_アウトルックコンサルティング/history/01_議員_平野博/photo_01.jpg,✓,,history,
5597,ブルーイノベーション,情報・通信業,,,,,,,,missing,要調査
5599,S&J,情報・通信業,三輪 信雄,,,,photos_2/5599_S&J/history/01_三輪_信雄/photo_01.jpg,✓,,history,
5602,栗本鐵工所,鉄鋼,菊本 一高,,（現在）,,photos_3/5602_栗本鐵工所/current/photo_01.jpg,✓,✓,current,
5603,虹技,鉄鋼,,,,,,,,missing,要調査
5609,日本鋳造,鉄鋼,万円　日本人,2011年1月11日,2012年2月8日,,photos_2/5609_日本鋳造/history/01_万円_日本人/photo_01.jpg,✓,,history,
5612,日本鋳鉄管,鉄鋼,石毛,,（現在）,,photos_3/5612_日本鋳鉄管/current/photo_01.jpg,✓,✓,current,
5612,日本鋳鉄管,鉄鋼,広瀬政之,2024年4月,,,photos_2/5612_日本鋳鉄管/history/01_広瀬政之/photo_01.jpg,✓,,history,
5612,日本鋳鉄管,鉄鋼,北野嘉久,2019年4月,2024年4月,,photos_2/5612_日本鋳鉄管/history/02_北野嘉久/photo_01.jpg,✓,,history,
5612,日本鋳鉄管,鉄鋼,柿木厚司,2015年4月,2019年4月,,photos_2/5612_日本鋳鉄管/history/03_柿木厚司/photo_01.jpg,✓,,history,
5612,日本鋳鉄管,鉄鋼,林田英治,2010年4月,2015年4月,,photos_2/5612_日本鋳鉄管/history/04_林田英治/photo_01.jpg,✓,,history,
5612,日本鋳鉄管,鉄鋼,馬田一,2005年4月,2010年4月,,photos_2/5612_日本鋳鉄管/history/05_馬田一/photo_01.jpg,✓,,history,
5612,日本鋳鉄管,鉄鋼,數土文夫,2003年4月,2005年4月,,photos_2/5612_日本鋳鉄管/history/06_數土文夫/photo_01.jpg,✓,,history,
5616,雨風太陽,情報・通信業,,,,,,,,missing,要調査
5618,ナイル,情報・通信業,高橋　飛翔株,2026年2月,（現在）,,photos_3/5618_ナイル/current/photo_01.jpg,✓,✓,current,
5618,ナイル,情報・通信業,高橋飛翔,2022年頃,,,photos_2/5618_ナイル/history/01_高橋飛翔/photo_01.jpg,✓,,history,
5619,マーソ,情報・通信業,,,,,,,,missing,要調査
5621,ヒューマンテクノロジーズ,情報・通信業,進士仁一,,,,photos_3/5621_ヒューマンテクノロジーズ/history/01_進士仁一/photo_01.jpg,✓,✓,history,
5621,ヒューマンテクノロジーズ,情報・通信業,手塚卓志,,,,photos_2/5621_ヒューマンテクノロジーズ/history/02_手塚卓志/photo_01.jpg,✓,,history,
5631,日本製鋼所,機械,世界,,（現在）,,photos_3/5631_日本製鋼所/current/photo_01.jpg,✓,✓,current,
5631,日本製鋼所,機械,衛門 神戸製,,,,photos_2/5631_日本製鋼所/history/01_衛門_神戸製/photo_01.jpg,✓,,history,
5632,三菱製鋼,鉄鋼,衛門 神戸製,,,,photos_2/5632_三菱製鋼/history/01_衛門_神戸製/photo_01.jpg,✓,,history,
5644,メタルアート,鉄鋼,,,,,,,,missing,要調査
5658,日亜鋼業,鉄鋼,,,,,,,,missing,要調査
5659,日本精線,鉄鋼,,,,,,,,missing,要調査
5660,神鋼鋼線工業,鉄鋼,衛門 神戸製,,,,photos_2/5660_神鋼鋼線工業/history/01_衛門_神戸製/photo_01.jpg,✓,,history,
5695,パウダーテック,鉄鋼,,,,,,,,missing,要調査
5697,サンユウ,鉄鋼,,,,,,,,missing,要調査
5698,エンビプロ・ホールディングス,鉄鋼,佐野 富和取,,（現在）,,photos_3/5698_エンビプロ・ホールディングス/current/photo_01.jpg,✓,✓,current,
5698,エンビプロ・ホールディングス,鉄鋼,佐野 文勝,2021年6月30日,,,photos_2/5698_エンビプロ・ホールディングス/history/01_佐野_文勝/photo_01.jpg,✓,,history,
5699,イボキン,鉄鋼,,,,,,,,missing,要調査
5702,大紀アルミニウム工業所,非鉄金属,大紀,2021年4月,（現在）,,photos_3/5702_大紀アルミニウム工業所/current/photo_01.jpg,✓,✓,current,
5703,日本軽金属ホールディングス,非鉄金属,,,,,,,,missing,要調査
5704,JMC,非鉄金属,,,,,,,,missing,要調査
5706,三井金属鉱業,非鉄金属,納　武士,,（現在）,,photos_3/5706_三井金属鉱業/current/photo_01.jpg,✓,✓,current,
5707,東邦亜鉛,非鉄金属,印刷,2026年1月,（現在）,,photos_3/5707_東邦亜鉛/current/photo_01.jpg,✓,✓,current,
5711,三菱マテリアル,非鉄金属,,,,,,,,missing,要調査
5713,住友金属鉱山,非鉄金属,住友金属,2025年9月,（現在）,,photos_3/5713_住友金属鉱山/current/photo_01.jpg,✓,✓,current,
5714,DOWAホールディングス,非鉄金属,院前 伊集院,,,,photos_2/5714_DOWAホールディングス/history/01_院前_伊集院/photo_01.jpg,✓,,history,
5715,古河機械金属,非鉄金属,戸川　稔,2025年9月,（現在）,,photos_3/5715_古河機械金属/current/photo_01.jpg,✓,✓,current,
5721,エス・サイエンス,非鉄金属,,,,,,,,missing,要調査
5724,アサカ理研,非鉄金属,山田 浩太,2022年10月,（現在）,,photos_3/5724_アサカ理研/current/photo_01.jpg,✓,✓,current,
5726,大阪チタニウムテクノロジーズ,非鉄金属,,,,,,,,missing,要調査
5727,東邦チタニウム,非鉄金属,,,,,,,,missing,要調査
5729,日本精鉱,非鉄金属,"強化
既存事",2025年6月,（現在）,,photos_3/5729_日本精鉱/current/photo_01.jpg,✓,✓,current,
5741,UACJ,非鉄金属,田中 信二,2002年頃,,,photos_2/5741_UACJ/history/01_田中_信二/photo_01.jpg,✓,,history,
5742,エヌアイシ・オートテック,非鉄金属,,,,,,,,missing,要調査
5753,日本伸銅,非鉄金属,高倉　英朗,,（現在）,,photos_3/5753_日本伸銅/current/photo_01.jpg,✓,✓,current,
5757,CKサンエツ,非鉄金属,,,,,,,,missing,要調査
5801,古河電気工業,非鉄金属,"氏名
小林",2025年6月,（現在）,,photos_3/5801_古河電気工業/current/photo_01.jpg,✓,✓,current,
5801,古河電気工業,非鉄金属,敬一 出演決,,,,photos_2/5801_古河電気工業/history/01_敬一_出演決/photo_01.jpg,✓,,history,
5802,住友電気工業,非鉄金属,,,,,,,,missing,要調査
5803,フジクラ,非鉄金属,線材　増産投,2026/02/09,（現在）,,photos_3/5803_フジクラ/current/photo_01.jpg,✓,✓,current,
5805,SWCC,非鉄金属,,,,,,,,missing,要調査
5816,オーナンバ,非鉄金属,,,,,,,,missing,要調査
5817,JMACS,非鉄金属,,,,,,,,missing,要調査
5819,カナレ電気,非鉄金属,,,,,,,,missing,要調査
5820,三ッ星,非鉄金属,進士仁一,,,,photos_2/5820_三ッ星/history/01_進士仁一/photo_01.jpg,✓,,history,
5820,三ッ星,非鉄金属,手塚卓志,,,,photos_2/5820_三ッ星/history/02_手塚卓志/photo_01.jpg,✓,,history,
5821,平河ヒューテック,非鉄金属,合会 会頭,,,,photos_2/5821_平河ヒューテック/history/01_合会_会頭/photo_01.jpg,✓,,history,
5830,いよぎんホールディングス,銀行業,三好 賢治,2025年11月,（現在）,,photos_3/5830_いよぎんホールディングス/current/photo_01.jpg,✓,✓,current,
5831,しずおかフィナンシャルグループ,銀行業,平素,2022年10月,（現在）,,photos_3/5831_しずおかフィナンシャルグループ/current/photo_01.jpg,✓,✓,current,
5832,ちゅうぎんフィナンシャルグループ,銀行業,検索 検索,2022年10月,（現在）,,,,,current,
5834,SBIリーシングサービス,証券・商品先物取引業,羽佐間重彰,2003年7月,,,photos_2/5834_SBIリーシングサービス/history/01_羽佐間重彰/photo_01.jpg,✓,,history,
5834,SBIリーシングサービス,証券・商品先物取引業,日枝久,2003年7月,2025年3月,,photos_2/5834_SBIリーシングサービス/history/02_日枝久/photo_01.jpg,✓,,history,
5834,SBIリーシングサービス,証券・商品先物取引業,鹿内信隆,,,,,,,history,
5834,SBIリーシングサービス,証券・商品先物取引業,鹿内春雄,,,,photos_2/5834_SBIリーシングサービス/history/04_鹿内春雄/photo_01.jpg,✓,,history,
5834,SBIリーシングサービス,証券・商品先物取引業,鹿内宏明,,,,photos_2/5834_SBIリーシングサービス/history/05_鹿内宏明/photo_01.jpg,✓,,history,
5834,SBIリーシングサービス,証券・商品先物取引業,小林吉彦,,,,photos_2/5834_SBIリーシングサービス/history/06_小林吉彦/photo_01.jpg,✓,,history,
5838,楽天銀行,銀行業,藤原 弘治取,2022年4月1日,2022年4月1日,,photos_2/5838_楽天銀行/history/01_藤原_弘治取/photo_01.jpg,✓,,history,
5838,楽天銀行,銀行業,頭取 藤原弘,2021年8月,,,photos_2/5838_楽天銀行/history/02_頭取_藤原弘/photo_01.jpg,✓,,history,
5842,インテグラル,証券・商品先物取引業,,,,,,,,missing,要調査
5843,ニッポンインシュア,その他金融業,,,,,,,,missing,要調査
5844,京都フィナンシャルグループ,銀行業,,,,,,,,missing,要調査
5845,全保連,その他金融業,茨木 英彦,,（現在）,,photos_3/5845_全保連/current/photo_01.jpg,✓,✓,current,
5845,全保連,その他金融業,娼館 望郷,,,,photos_2/5845_全保連/history/01_娼館_望郷/photo_01.jpg,✓,,history,
5845,全保連,その他金融業,七号 君想,,,,photos_2/5845_全保連/history/02_七号_君想/photo_01.jpg,✓,,history,
5851,リョービ,非鉄金属,本氏 成長路,2020年5月2日,2020年5月2日,,photos_2/5851_リョービ/history/01_本氏_成長路/photo_01.jpg,✓,,history,
5851,リョービ,非鉄金属,口氏 久芳社,2009年2月17日,2020年5月2日,,photos_2/5851_リョービ/history/02_口氏_久芳社/photo_01.jpg,✓,,history,
5852,アーレスティ,非鉄金属,定生 産,,（現在）,,photos_3/5852_アーレスティ/current/photo_01.jpg,✓,✓,current,
5856,エルアイイーエイチ,小売業,,,,,,,,missing,要調査
5857,AREホールディングス,非鉄金属,東浦 知哉,,（現在）,,photos_3/5857_AREホールディングス/current/photo_01.jpg,✓,✓,current,
5858,STG,非鉄金属,,,,,,,,missing,要調査
5867,エスネットワークス,サービス業,進士仁一,,,,photos_2/5867_エスネットワークス/history/01_進士仁一/photo_01.jpg,✓,,history,
5867,エスネットワークス,サービス業,手塚卓志,,,,photos_2/5867_エスネットワークス/history/02_手塚卓志/photo_01.jpg,✓,,history,
5868,ロココ,サービス業,,,,,,,,missing,要調査
5869,早稲田学習研究会,サービス業,,,,,,,,missing,要調査
5870,ナルネットコミュニケーションズ,サービス業,鈴木 隆志,2026年1月5日,2026年1月,,photos_2/5870_ナルネットコミュニケーションズ/history/01_鈴木_隆志/photo_01.jpg,✓,,history,
5871,SOLIZE,サービス業,,,,,,,,missing,要調査
5884,クラダシ,小売業,,,,,,,,missing,要調査
5885,ジーデップ・アドバンス,卸売業,投資家,2023年6月,（現在）,,photos_3/5885_ジーデップ・アドバンス/current/photo_01.jpg,✓,✓,current,
5888,DAIWA　CYCLE,小売業,,,,,,,,missing,要調査
5889,Japan　Eyewear　Holdings,小売業,金子　真也,,（現在）,,photos_3/5889_Japan_Eyewear_Holdings/current/photo_01.jpg,✓,✓,current,
5891,魁力屋,小売業,植村甲午郎,,,,photos_2/5891_魁力屋/history/01_植村甲午郎/photo_01.jpg,✓,,history,
5891,魁力屋,小売業,水野成夫,,,,photos_2/5891_魁力屋/history/02_水野成夫/photo_01.jpg,✓,,history,
5891,魁力屋,小売業,鹿内信隆,,,,,,,history,
5891,魁力屋,小売業,浅野賢澄,,,,photos_2/5891_魁力屋/history/04_浅野賢澄/photo_01.jpg,✓,,history,
5891,魁力屋,小売業,鹿内春雄,,,,photos_2/5891_魁力屋/history/05_鹿内春雄/photo_01.jpg,✓,,history,
5891,魁力屋,小売業,鹿内宏明,,,,photos_2/5891_魁力屋/history/06_鹿内宏明/photo_01.jpg,✓,,history,
5891,魁力屋,小売業,日枝久,,,,photos_2/5891_魁力屋/history/07_日枝久/photo_01.jpg,✓,,history,
5891,魁力屋,小売業,嘉納修治,,,,photos_2/5891_魁力屋/history/08_嘉納修治/photo_01.jpg,✓,,history,
5892,yutori,小売業,,,,,,,,missing,要調査
5900,ダイケン,金属製品,,,,,,,,missing,要調査
5901,東洋製罐グループホールディングス,金属製品,中村,,（現在）,,photos_3/5901_東洋製罐グループホールディングス/current/photo_01.jpg,✓,✓,current,
5902,ホッカンホールディングス,金属製品,,,,,,,,missing,要調査
5903,シンポ,金属製品,,,,,,,,missing,要調査
5905,日本製罐,金属製品,,,,,,,,missing,要調査
5906,エムケー精工,金属製品,丸山 将一,,（現在）,,photos_3/5906_エムケー精工/current/photo_01.jpg,✓,✓,current,
5909,コロナ,金属製品,送検 日本経,2020年3月28日,2020年3月31日,,photos_2/5909_コロナ/history/01_送検_日本経/photo_01.jpg,✓,,history,
5911,横河ブリッジホールディングス,金属製品,髙田 和彦,,（現在）,,photos_3/5911_横河ブリッジホールディングス/current/photo_01.jpg,✓,✓,current,
5915,駒井ハルテック,金属製品,,,,,,,,missing,要調査
5918,瀧上工業,金属製品,,,,,,,,missing,要調査
5921,川岸工業,金属製品,,,,,,,,missing,要調査
5922,那須電機鉄工,金属製品,鈴木　智晴,,（現在）,,photos_3/5922_那須電機鉄工/current/photo_01.jpg,✓,✓,current,
5923,高田機工,金属製品,,,,,,,,missing,要調査
5928,アルメタックス,金属製品,村治 俊哉,,（現在）,,photos_3/5928_アルメタックス/current/photo_01.jpg,✓,✓,current,
5929,三和ホールディングス,金属製品,三和,,（現在）,,photos_3/5929_三和ホールディングス/current/photo_01.jpg,✓,✓,current,
5929,三和ホールディングス,金属製品,髙山 靖司,,,,photos_2/5929_三和ホールディングス/history/01_髙山_靖司/photo_01.jpg,✓,,history,
5930,文化シヤッター,金属製品,"紹介
社是",,（現在）,,photos_3/5930_文化シヤッター/current/photo_01.jpg,✓,✓,current,
5932,三協立山,金属製品,,,,,,,,missing,要調査
5933,アルインコ,金属製品,,,,,,,,missing,要調査
5936,東洋シヤッター,金属製品,岡田　敏夫,,（現在）,,photos_3/5936_東洋シヤッター/current/photo_01.jpg,✓,✓,current,
5938,LIXIL,金属製品,,,,,,,,missing,要調査
5939,大谷工業,金属製品,,,,,,,,missing,要調査
5940,不二サッシ,金属製品,,,,,,,,missing,要調査
5941,中西製作所,金属製品,,,,,,,,missing,要調査
5942,日本フイルコン,金属製品,,,,,,,,missing,要調査
5943,ノーリツ,金属製品,,,,,,,,missing,要調査
5945,天龍製鋸,金属製品,,,,,,,,missing,要調査
5946,長府製作所,金属製品,山下 学,,（現在）,,photos_3/5946_長府製作所/current/photo_01.jpg,✓,✓,current,
5947,リンナイ,金属製品,,,,,,,,missing,要調査
5949,ユニプレス,輸送用機器,創立以来,,（現在）,,photos_3/5949_ユニプレス/current/photo_01.jpg,✓,✓,current,
5949,ユニプレス,輸送用機器,進士仁一,,,,,,,history,
5949,ユニプレス,輸送用機器,手塚卓志,,,,photos_2/5949_ユニプレス/history/02_手塚卓志/photo_01.jpg,✓,,history,
5950,日本パワーファスニング,金属製品,進士仁一,,,,,,,history,
5950,日本パワーファスニング,金属製品,手塚卓志,,,,photos_2/5950_日本パワーファスニング/history/02_手塚卓志/photo_01.jpg,✓,,history,
5951,ダイニチ工業,金属製品,放送,2025年1月,（現在）,,photos_3/5951_ダイニチ工業/current/photo_01.jpg,✓,✓,current,
5951,ダイニチ工業,金属製品,吉井 久夫,2022年3月31日,,,photos_2/5951_ダイニチ工業/history/01_吉井_久夫/photo_01.jpg,✓,,history,
5952,アマテイ,金属製品,,,,,,,,missing,要調査
5955,ワイズホールディングス,金属製品,,,,,,,,missing,要調査
5956,トーソー,金属製品,,,,,,,,missing,要調査
5957,日東精工,金属製品,株主,,（現在）,,photos_3/5957_日東精工/current/photo_01.jpg,✓,✓,current,
5958,三洋工業,金属製品,,,,,,,,missing,要調査
5959,岡部,金属製品,平素,,（現在）,,photos_3/5959_岡部/current/photo_01.jpg,✓,✓,current,
5962,浅香工業,その他製品,,,,,,,,missing,要調査
5965,フジマック,金属製品,推進体制,,（現在）,,photos_3/5965_フジマック/current/photo_01.jpg,✓,✓,current,
5966,京都機械工具,金属製品,,,,,,,,missing,要調査
5967,TONE,金属製品,深化,,（現在）,,photos_3/5967_TONE/current/photo_01.jpg,✓,✓,current,
5967,TONE,金属製品,矢野 大司郎,,,,photos_2/5967_TONE/history/01_矢野_大司郎/photo_01.jpg,✓,,history,
5969,ロブテックス,金属製品,,,,,,,,missing,要調査
5970,ジーテクト,金属製品,高尾 直宏,,（現在）,,photos_3/5970_ジーテクト/current/photo_01.jpg,✓,✓,current,
5970,ジーテクト,金属製品,神子柴 寿昭,,,,photos_2/5970_ジーテクト/history/01_神子柴_寿昭/photo_01.jpg,✓,,history,
5970,ジーテクト,金属製品,三部 敏宏,,,,photos_2/5970_ジーテクト/history/02_三部_敏宏/photo_01.jpg,✓,,history,
5970,ジーテクト,金属製品,倉石 誠司,,,,photos_2/5970_ジーテクト/history/03_倉石_誠司/photo_01.jpg,✓,,history,
5970,ジーテクト,金属製品,竹内 弘平,,,,photos_2/5970_ジーテクト/history/04_竹内_弘平/photo_01.jpg,✓,,history,
5970,ジーテクト,金属製品,鈴木 麻子,,,,photos_2/5970_ジーテクト/history/05_鈴木_麻子/photo_01.jpg,✓,,history,
5970,ジーテクト,金属製品,貝原 典也,,,,photos_2/5970_ジーテクト/history/06_貝原_典也/photo_01.jpg,✓,,history,
5971,共和工業所,金属製品,藤井 政志,,,,photos_2/5971_共和工業所/history/01_藤井_政志/photo_01.jpg,✓,,history,
5973,トーアミ,金属製品,,,,,,,,missing,要調査
5974,中国工業,金属製品,神子柴 寿昭,,,,photos_2/5974_中国工業/history/01_神子柴_寿昭/photo_01.jpg,✓,,history,
5974,中国工業,金属製品,三部 敏宏,,,,photos_2/5974_中国工業/history/02_三部_敏宏/photo_01.jpg,✓,,history,
5974,中国工業,金属製品,倉石 誠司,,,,photos_2/5974_中国工業/history/03_倉石_誠司/photo_01.jpg,✓,,history,
5974,中国工業,金属製品,竹内 弘平,,,,photos_2/5974_中国工業/history/04_竹内_弘平/photo_01.jpg,✓,,history,
5974,中国工業,金属製品,鈴木 麻子,,,,photos_2/5974_中国工業/history/05_鈴木_麻子/photo_01.jpg,✓,,history,
5974,中国工業,金属製品,貝原 典也,,,,photos_2/5974_中国工業/history/06_貝原_典也/photo_01.jpg,✓,,history,
5975,東プレ,金属製品,"方
東",2024年6月,（現在）,,photos_3/5975_東プレ/current/photo_01.jpg,✓,✓,current,
5975,東プレ,金属製品,進士仁一,,,,photos_2/5975_東プレ/history/01_進士仁一/photo_01.jpg,✓,,history,
5975,東プレ,金属製品,手塚卓志,,,,photos_2/5975_東プレ/history/02_手塚卓志/photo_01.jpg,✓,,history,
5976,高周波熱錬,金属製品,,,,,,,,missing,要調査
5981,東京製綱,金属製品,"挨拶
東京製",2021年6月,（現在）,,,,,current,
5981,東京製綱,金属製品,辞任　複数,2024年9月26日,2024年9月26日,,photos_2/5981_東京製綱/history/01_辞任_複数/photo_01.jpg,✓,,history,
5982,マルゼン,金属製品,,,,,,,,missing,要調査
5983,イワブチ,金属製品,,,,,,,,missing,要調査
5984,兼房,金属製品,会長　渡邉,,（現在）,,photos_3/5984_兼房/current/photo_01.jpg,✓,✓,current,
5984,兼房,金属製品,進士仁一,,,,,,,history,
5984,兼房,金属製品,手塚卓志,,,,photos_2/5984_兼房/history/02_手塚卓志/photo_01.jpg,✓,,history,
5985,サンコール,金属製品,人生 岡田茂,2011年6月7日,,,photos_2/5985_サンコール/history/01_人生_岡田茂/photo_01.jpg,✓,,history,
5985,サンコール,金属製品,設置 鹿内春,,,,photos_2/5985_サンコール/history/02_設置_鹿内春/photo_01.jpg,✓,,history,
5986,モリテック　スチール,金属製品,,,,,,,,missing,要調査
5987,オーネックス,金属製品,木田 周太郎,,（現在）,,photos_3/5987_オーネックス/current/photo_01.jpg,✓,✓,current,
5988,パイオラックス,金属製品,番地 横浜花,,,,photos_2/5988_パイオラックス/history/01_番地_横浜花/photo_01.jpg,✓,,history,
5989,エイチワン,金属製品,神子柴 寿昭,,,,photos_3/5989_エイチワン/history/01_神子柴_寿昭/photo_01.jpg,✓,✓,history,
5989,エイチワン,金属製品,三部 敏宏,,,,photos_2/5989_エイチワン/history/02_三部_敏宏/photo_01.jpg,✓,,history,
5989,エイチワン,金属製品,倉石 誠司,,,,photos_2/5989_エイチワン/history/03_倉石_誠司/photo_01.jpg,✓,,history,
5989,エイチワン,金属製品,竹内 弘平,,,,photos_2/5989_エイチワン/history/04_竹内_弘平/photo_01.jpg,✓,,history,
5989,エイチワン,金属製品,鈴木 麻子,,,,photos_2/5989_エイチワン/history/05_鈴木_麻子/photo_01.jpg,✓,,history,
5989,エイチワン,金属製品,貝原 典也,,,,photos_2/5989_エイチワン/history/06_貝原_典也/photo_01.jpg,✓,,history,
5990,スーパーツール,金属製品,伝説 大地,2021年3月21日,2016年6月26日,,photos_2/5990_スーパーツール/history/01_伝説_大地/photo_01.jpg,✓,,history,
5991,日本発條,金属製品,伝説 怪奇,,,,photos_2/5991_日本発條/history/01_伝説_怪奇/photo_01.jpg,✓,,history,
5991,日本発條,金属製品,伝説 哲也,,,,photos_2/5991_日本発條/history/02_伝説_哲也/photo_01.jpg,✓,,history,
5991,日本発條,金属製品,子屋 銭天堂,,,,photos_2/5991_日本発條/history/03_子屋_銭天堂/photo_01.jpg,✓,,history,
5991,日本発條,金属製品,界編 序奏,,,,photos_2/5991_日本発條/history/04_界編_序奏/photo_01.jpg,✓,,history,
5991,日本発條,金属製品,皇子 天上編,,,,photos_2/5991_日本発條/history/05_皇子_天上編/photo_01.jpg,✓,,history,
5991,日本発條,金属製品,映画 爆釣,,,,photos_2/5991_日本発條/history/06_映画_爆釣/photo_01.jpg,✓,,history,
5992,中央発條,金属製品,北浦 啓一,,（現在）,,photos_3/5992_中央発條/current/photo_01.jpg,✓,✓,current,
5994,ファインシンター,金属製品,進士仁一,,,,photos_2/5994_ファインシンター/history/01_進士仁一/photo_01.jpg,✓,,history,
5994,ファインシンター,金属製品,手塚卓志,,,,photos_2/5994_ファインシンター/history/02_手塚卓志/photo_01.jpg,✓,,history,
5997,協立エアテック,金属製品,,,,,,,,missing,要調査
5998,アドバネクス,金属製品,,,,,,,,missing,要調査
6005,三浦工業,機械,,,,,,,,missing,要調査
6013,タクマ,機械,"源流
当社",2025年4月,（現在）,,photos_3/6013_タクマ/current/photo_01.jpg,✓,✓,current,
6016,ジャパンエンジンコーポレーション,輸送用機器,,,,,,,,missing,要調査
6018,阪神内燃機工業,輸送用機器,収束,,（現在）,,photos_3/6018_阪神内燃機工業/current/photo_01.jpg,✓,✓,current,
6022,赤阪鐵工所,機械,,,,,,,,missing,要調査
6023,ダイハツディーゼル,輸送用機器,株主,,（現在）,,photos_3/6023_ダイハツディーゼル/current/photo_01.jpg,✓,✓,current,
6026,GMO　TECH,サービス業,"日
報道関",2026年2月,（現在）,,photos_3/6026_GMO_TECH/current/photo_01.jpg,✓,✓,current,
6027,弁護士ドットコム,サービス業,"護士

元榮",,（現在）,,photos_3/6027_弁護士ドットコム/current/photo_01.jpg,✓,✓,current,
6027,弁護士ドットコム,サービス業,減刑 朝日新,2005年6月16日,2014年12月22日,,photos_2/6027_弁護士ドットコム/history/01_減刑_朝日新/photo_01.jpg,✓,,history,
6029,アトラグループ,サービス業,阪急 大井町,,,,photos_2/6029_アトラグループ/history/01_阪急_大井町/photo_01.jpg,✓,,history,
6030,アドベンチャー,サービス業,中村 俊一,,（現在）,,photos_3/6030_アドベンチャー/current/photo_01.jpg,✓,✓,current,
6031,ZETA,サービス業,企業統治,,（現在）,,photos_3/6031_ZETA/current/photo_01.jpg,✓,✓,current,
6033,エクストリーム,サービス業,,,,,,,,missing,要調査
6034,MRT,サービス業,,,,,,,,missing,要調査
6035,アイ・アールジャパンホールディングス,サービス業,,,,,,,,missing,要調査
6036,KeePer技研,サービス業,,,,,,,,missing,要調査
6037,楽待,サービス業,,,,,,,,missing,要調査
6038,イード,サービス業,進士仁一,,,,photos_2/6038_イード/history/01_進士仁一/photo_01.jpg,✓,,history,
6038,イード,サービス業,手塚卓志,,,,photos_2/6038_イード/history/02_手塚卓志/photo_01.jpg,✓,,history,
6039,日本動物高度医療センター,サービス業,,,,,,,,missing,要調査
6040,日本スキー場開発,サービス業,高田　彰彦,2010年頃,,,photos_2/6040_日本スキー場開発/history/01_高田_彰彦/photo_01.jpg,✓,,history,
6040,日本スキー場開発,サービス業,氏家　太郎,2008年頃,2010年頃,,photos_2/6040_日本スキー場開発/history/02_氏家_太郎/photo_01.jpg,✓,,history,
6042,ニッキ,輸送用機器,,,,,,,,missing,要調査
6044,三機サービス,サービス業,進士仁一,,,,photos_2/6044_三機サービス/history/01_進士仁一/photo_01.jpg,✓,,history,
6044,三機サービス,サービス業,手塚卓志,,,,photos_2/6044_三機サービス/history/02_手塚卓志/photo_01.jpg,✓,,history,
6045,レントラックス,サービス業,,,,,,,,missing,要調査
6046,リンクバル,サービス業,吉弘 和正,,（現在）,,photos_3/6046_リンクバル/current/photo_01.jpg,✓,✓,current,
6047,Gunosy,サービス業,,,,,,,,missing,要調査
6048,デザインワン・ジャパン,サービス業,高畠　靖雄,2005年9月,（現在）,,photos_3/6048_デザインワン・ジャパン/current/photo_01.jpg,✓,✓,current,
6048,デザインワン・ジャパン,サービス業,鈴木 明人事,2025年10月1日,,,photos_2/6048_デザインワン・ジャパン/history/01_鈴木_明人事/photo_01.jpg,✓,,history,
6048,デザインワン・ジャパン,サービス業,高畠 靖雄事,,,,photos_2/6048_デザインワン・ジャパン/history/02_高畠_靖雄事/photo_01.jpg,✓,,history,
6049,イトクロ,サービス業,,,,,,,,missing,要調査
6050,イー・ガーディアン,サービス業,高谷 康久,2024年４月,（現在）,,photos_3/6050_イー・ガーディアン/current/photo_01.jpg,✓,✓,current,
6054,リブセンス,サービス業,兼執行役,2006年2月,（現在）,,photos_3/6054_リブセンス/current/photo_01.jpg,✓,✓,current,
6054,リブセンス,サービス業,表者 時田宗,,,,photos_2/6054_リブセンス/history/01_表者_時田宗/photo_01.jpg,✓,,history,
6055,ジャパンマテリアル,サービス業,,,,,,,,missing,要調査
6058,ベクトル,サービス業,,,,,,,,missing,要調査
6059,ウチヤマホールディングス,サービス業,植村甲午郎,,,,photos_2/6059_ウチヤマホールディングス/history/01_植村甲午郎/photo_01.jpg,✓,,history,
6059,ウチヤマホールディングス,サービス業,水野成夫,,,,photos_2/6059_ウチヤマホールディングス/history/02_水野成夫/photo_01.jpg,✓,,history,
6059,ウチヤマホールディングス,サービス業,鹿内信隆,,,,,,,history,
6059,ウチヤマホールディングス,サービス業,浅野賢澄,,,,photos_2/6059_ウチヤマホールディングス/history/04_浅野賢澄/photo_01.jpg,✓,,history,
6059,ウチヤマホールディングス,サービス業,鹿内春雄,,,,photos_2/6059_ウチヤマホールディングス/history/05_鹿内春雄/photo_01.jpg,✓,,history,
6059,ウチヤマホールディングス,サービス業,鹿内宏明,,,,photos_2/6059_ウチヤマホールディングス/history/06_鹿内宏明/photo_01.jpg,✓,,history,
6059,ウチヤマホールディングス,サービス業,日枝久,,,,photos_2/6059_ウチヤマホールディングス/history/07_日枝久/photo_01.jpg,✓,,history,
6059,ウチヤマホールディングス,サービス業,嘉納修治,,,,photos_2/6059_ウチヤマホールディングス/history/08_嘉納修治/photo_01.jpg,✓,,history,
6060,こころネット,サービス業,,,,,,,,missing,要調査
6061,ユニバーサル園芸社,サービス業,,,,,,,,missing,要調査
6062,チャーム・ケア・コーポレーション,サービス業,"挨拶
当社",2021年9月,（現在）,,photos_3/6062_チャーム・ケア・コーポレーション/current/photo_01.jpg,✓,✓,current,
6062,チャーム・ケア・コーポレーション,サービス業,理人 三菱,2019年12月31日,,,photos_2/6062_チャーム・ケア・コーポレーション/history/01_理人_三菱/photo_01.jpg,✓,,history,
6063,日本エマージェンシーアシスタンス,サービス業,王者 結婚,2025年7月12日,2025年7月21日,,photos_2/6063_日本エマージェンシーアシスタンス/history/01_王者_結婚/photo_01.jpg,✓,,history,
6063,日本エマージェンシーアシスタンス,サービス業,発表 時事通,2025年4月30日,2025年4月30日,,photos_2/6063_日本エマージェンシーアシスタンス/history/02_発表_時事通/photo_01.jpg,✓,,history,
6063,日本エマージェンシーアシスタンス,サービス業,起用 中日,2025年3月27日,2025年3月27日,,photos_2/6063_日本エマージェンシーアシスタンス/history/03_起用_中日/photo_01.jpg,✓,,history,
6063,日本エマージェンシーアシスタンス,サービス業,辞任 被害女,2025年3月4日,2025年3月4日,,photos_2/6063_日本エマージェンシーアシスタンス/history/04_辞任_被害女/photo_01.jpg,✓,,history,
6063,日本エマージェンシーアシスタンス,サービス業,言及 日刊,2025年2月27日,2025年2月26日,,photos_2/6063_日本エマージェンシーアシスタンス/history/05_言及_日刊/photo_01.jpg,✓,,history,
6069,トレンダーズ,サービス業,黒川 涼子,,（現在）,,photos_3/6069_トレンダーズ/current/photo_01.jpg,✓,✓,current,
6070,キャリアリンク,サービス業,,,,,,,,missing,要調査
6071,IBJ,サービス業,石坂 茂,,（現在）,,photos_3/6071_IBJ/current/photo_01.jpg,✓,✓,current,
6072,地盤ネットホールディングス,サービス業,院前 伊集院,,,,photos_2/6072_地盤ネットホールディングス/history/01_院前_伊集院/photo_01.jpg,✓,,history,
6073,アサンテ,サービス業,渋谷 健一,2025年3月31日,,,photos_2/6073_アサンテ/history/01_渋谷_健一/photo_01.jpg,✓,,history,
6074,ジェイエスエス,サービス業,藤木 孝夫,,（現在）,,photos_3/6074_ジェイエスエス/current/photo_01.jpg,✓,✓,current,
6078,バリューHR,サービス業,,,,,,,,missing,要調査
6080,M&Aキャピタルパートナーズ,サービス業,中村 悟,2005年10月,（現在）,,photos_3/6080_M&Aキャピタルパートナーズ/current/photo_01.jpg,✓,,current,
6080,M&Aキャピタルパートナーズ,サービス業,伊藤 憲義,2022年頃,,,photos_2/6080_M&Aキャピタルパートナーズ/history/01_伊藤_憲義/photo_01.jpg,✓,,history,
6081,アライドアーキテクツ,サービス業,中村 壮秀,2022年3月,（現在）,,photos_3/6081_アライドアーキテクツ/current/photo_01.jpg,✓,✓,current,
6082,ライドオンエクスプレスホールディングス,サービス業,江見 朗,,（現在）,,photos_3/6082_ライドオンエクスプレスホールディングス/current/photo_01.jpg,✓,✓,current,
6083,ERIホールディングス,サービス業,専務 住宅評,2013年12月,（現在）,,photos_3/6083_ERIホールディングス/current/photo_01.jpg,✓,✓,current,
6083,ERIホールディングス,サービス業,馬野 俊彦資,2013年12月2日,2015年5月,,,,,history,
6085,アーキテクツ・スタジオ・ジャパン,サービス業,丸山 雄平,,,,photos_2/6085_アーキテクツ・スタジオ・ジャパン/history/01_丸山_雄平/photo_01.jpg,✓,,history,
6086,シンメンテホールディングス,サービス業,"短信
決算説",,（現在）,,photos_3/6086_シンメンテホールディングス/current/photo_01.jpg,✓,✓,current,
6087,アビスト,サービス業,締役　進,2006年4月,（現在）,,photos_3/6087_アビスト/current/photo_01.jpg,✓,✓,current,
6087,アビスト,サービス業,轟木　一博,,,,photos_2/6087_アビスト/history/01_轟木_一博/photo_01.jpg,✓,,history,
6088,シグマクシス・ホールディングス,サービス業,倉重　英樹,2000年5月,（現在）,,photos_3/6088_シグマクシス・ホールディングス/current/photo_01.jpg,✓,✓,current,
6089,ウィルグループ,サービス業,,,,,,,,missing,要調査
6090,ヒューマン・メタボローム・テクノロジーズ,サービス業,,,,,,,,missing,要調査
6091,ウエスコホールディングス,サービス業,地域社会,,（現在）,,photos_3/6091_ウエスコホールディングス/current/photo_01.jpg,✓,✓,current,
6092,エンバイオ・ホールディングス,サービス業,中村 賀一,,（現在）,,photos_3/6092_エンバイオ・ホールディングス/current/photo_01.jpg,✓,✓,current,
6092,エンバイオ・ホールディングス,サービス業,中村 賀一,2023年6月27日,,,photos_2/6092_エンバイオ・ホールディングス/history/01_中村_賀一/photo_01.jpg,✓,,history,
6092,エンバイオ・ホールディングス,サービス業,賀一　当社,,,,photos_2/6092_エンバイオ・ホールディングス/history/02_賀一_当社/photo_01.jpg,✓,,history,
6093,エスクロー・エージェント・ジャパン,サービス業,,,,,,,,missing,要調査
6094,フリークアウト・ホールディングス,サービス業,,,,,,,,missing,要調査
6096,レアジョブ,サービス業,中村 岳,,（現在）,,photos_3/6096_レアジョブ/current/photo_01.jpg,✓,✓,current,
6098,リクルートホールディングス,サービス業,院前 伊集院,,,,photos_2/6098_リクルートホールディングス/history/01_院前_伊集院/photo_01.jpg,✓,,history,
6099,エラン,サービス業,"方
当社",2020年3月,（現在）,,photos_3/6099_エラン/current/photo_01.jpg,✓,✓,current,
6099,エラン,サービス業,学部 免疫学,,,,photos_2/6099_エラン/history/01_学部_免疫学/photo_01.jpg,✓,,history,
6099,エラン,サービス業,法人 石川記,,,,photos_2/6099_エラン/history/02_法人_石川記/photo_01.jpg,✓,,history,
6099,エラン,サービス業,本部 映像事,,,,photos_2/6099_エラン/history/03_本部_映像事/photo_01.jpg,✓,,history,
6099,エラン,サービス業,東京 共同代,,,,photos_2/6099_エラン/history/04_東京_共同代/photo_01.jpg,✓,,history,
6099,エラン,サービス業,本部 調理,,,,photos_2/6099_エラン/history/05_本部_調理/photo_01.jpg,✓,,history,
6101,ツガミ,機械,"議長
山宮",2025年11月,（現在）,,photos_3/6101_ツガミ/current/photo_01.jpg,✓,✓,current,
6101,ツガミ,機械,西嶋 尚生,,,,photos_2/6101_ツガミ/history/01_西嶋_尚生/photo_01.jpg,✓,,history,
6103,オークマ,機械,淳氏 毎日新,,,,photos_2/6103_オークマ/history/01_淳氏_毎日新/photo_01.jpg,✓,,history,
6104,芝浦機械,機械,,,,,,,,missing,要調査
6113,アマダ,機械,山梨 貴昭,,（現在）,,photos_3/6113_アマダ/current/photo_01.jpg,✓,✓,current,
6118,アイダエンジニアリング,機械,,,,,,,,missing,要調査
6125,岡本工作機械製作所,機械,,,,,,,,missing,要調査
6134,FUJI,機械,植村甲午郎,,,,photos_2/6134_FUJI/history/01_植村甲午郎/photo_01.jpg,✓,,history,
6134,FUJI,機械,水野成夫,,,,photos_2/6134_FUJI/history/02_水野成夫/photo_01.jpg,✓,,history,
6134,FUJI,機械,鹿内信隆,,,,,,,history,
6134,FUJI,機械,浅野賢澄,,,,photos_2/6134_FUJI/history/04_浅野賢澄/photo_01.jpg,✓,,history,
6134,FUJI,機械,鹿内春雄,,,,photos_2/6134_FUJI/history/05_鹿内春雄/photo_01.jpg,✓,,history,
6134,FUJI,機械,鹿内宏明,,,,photos_2/6134_FUJI/history/06_鹿内宏明/photo_01.jpg,✓,,history,
6134,FUJI,機械,日枝久,,,,photos_2/6134_FUJI/history/07_日枝久/photo_01.jpg,✓,,history,
6134,FUJI,機械,嘉納修治,,,,photos_2/6134_FUJI/history/08_嘉納修治/photo_01.jpg,✓,,history,
6136,オーエスジー,機械,大沢 伸朗,,（現在）,,photos_3/6136_オーエスジー/current/photo_01.jpg,✓,✓,current,
6137,小池酸素工業,機械,担当 小池,2025年4月,（現在）,,photos_3/6137_小池酸素工業/current/photo_01.jpg,✓,✓,current,
6138,ダイジェット工業,機械,神子柴 寿昭,,,,photos_2/6138_ダイジェット工業/history/01_神子柴_寿昭/photo_01.jpg,✓,,history,
6138,ダイジェット工業,機械,三部 敏宏,,,,photos_2/6138_ダイジェット工業/history/02_三部_敏宏/photo_01.jpg,✓,,history,
6138,ダイジェット工業,機械,倉石 誠司,,,,photos_2/6138_ダイジェット工業/history/03_倉石_誠司/photo_01.jpg,✓,,history,
6138,ダイジェット工業,機械,竹内 弘平,,,,,,,history,
6138,ダイジェット工業,機械,鈴木 麻子,,,,photos_2/6138_ダイジェット工業/history/05_鈴木_麻子/photo_01.jpg,✓,,history,
6138,ダイジェット工業,機械,貝原 典也,,,,photos_2/6138_ダイジェット工業/history/06_貝原_典也/photo_01.jpg,✓,,history,
6140,旭ダイヤモンド工業,機械,片岡 和喜,,（現在）,,photos_3/6140_旭ダイヤモンド工業/current/photo_01.jpg,✓,✓,current,
6141,DMG森精機,機械,,,,,,,,missing,要調査
6143,ソディック,機械,"発信

公開日",2026年1月,（現在）,,photos_3/6143_ソディック/current/photo_01.jpg,✓,✓,current,
6144,西部電機,機械,,,,,,,,missing,要調査
6145,NITTOKU,機械,死亡　首都高,2024年6月18日,2024年5月13日,,photos_2/6145_NITTOKU/history/01_死亡_首都高/photo_01.jpg,✓,,history,
6146,ディスコ,機械,,,,,,,,missing,要調査
6147,ヤマザキ,機械,,,,,,,,missing,要調査
6149,小田原エンジニアリング,機械,,,,,,,,missing,要調査
6150,タケダ機械,機械,,,,,,,,missing,要調査
6151,日東工器,機械,産業界,,（現在）,,,,,current,
6155,高松機械工業,機械,,,,,,,,missing,要調査
6156,エーワン精密,機械,守流 利益,,,,photos_2/6156_エーワン精密/history/01_守流_利益/photo_01.jpg,✓,,history,
6156,エーワン精密,機械,奪戦 資源,,,,photos_2/6156_エーワン精密/history/02_奪戦_資源/photo_01.jpg,✓,,history,
6156,エーワン精密,機械,代目 執念,,,,photos_2/6156_エーワン精密/history/03_代目_執念/photo_01.jpg,✓,,history,
6157,日進工具,機械,日進工具,,（現在）,,photos_3/6157_日進工具/current/photo_01.jpg,✓,✓,current,
6158,和井田製作所,機械,,,,,,,,missing,要調査
6159,ミクロン精密,機械,榊原　憲二,2025年8月,（現在）,,photos_3/6159_ミクロン精密/current/photo_01.jpg,✓,✓,current,
6161,エスティック,機械,,,,,,,,missing,要調査
6165,パンチ工業,機械,"方針

当社",,（現在）,,photos_3/6165_パンチ工業/current/photo_01.jpg,✓,✓,current,
6165,パンチ工業,機械,進士仁一,,,,photos_2/6165_パンチ工業/history/01_進士仁一/photo_01.jpg,✓,,history,
6165,パンチ工業,機械,手塚卓志,,,,photos_2/6165_パンチ工業/history/02_手塚卓志/photo_01.jpg,✓,,history,
6166,中村超硬,機械,工学博士,,（現在）,,photos_3/6166_中村超硬/current/photo_01.jpg,✓,✓,current,
6167,冨士ダイス,機械,,,,,,,,missing,要調査
6171,土木管理総合試験所,サービス業,,,,,,,,missing,要調査
6173,アクアライン,サービス業,,,,,,,,missing,要調査
6176,ブランジスタ,サービス業,,,,,,,,missing,要調査
6177,AppBank,サービス業,進士仁一,,,,photos_2/6177_AppBank/history/01_進士仁一/photo_01.jpg,✓,,history,
6177,AppBank,サービス業,手塚卓志,,,,photos_2/6177_AppBank/history/02_手塚卓志/photo_01.jpg,✓,,history,
6178,日本郵政,サービス業,,,,,,,,missing,要調査
6180,GMOメディア,サービス業,,,,,,,,missing,要調査
6181,タメニー,サービス業,伊東　大輔,,（現在）,,photos_3/6181_タメニー/current/photo_01.jpg,✓,✓,current,
6182,メタリアル,サービス業,,,,,,,,missing,要調査
6183,ベルシステム24ホールディングス,サービス業,梶原 浩,,（現在）,,photos_3/6183_ベルシステム24ホールディングス/current/photo_01.jpg,✓,✓,current,
6184,鎌倉新書,サービス業,小林 史生,2026年2月,,,photos_2/6184_鎌倉新書/history/01_小林_史生/photo_01.jpg,✓,,history,
6184,鎌倉新書,サービス業,博善 野口龍,,,,photos_2/6184_鎌倉新書/history/02_博善_野口龍/photo_01.jpg,✓,,history,
6185,SMN,サービス業,,,,,,,,missing,要調査
6186,一蔵,サービス業,維新,,（現在）,,photos_3/6186_一蔵/current/photo_01.jpg,✓,✓,current,
6189,グローバルキッズCOMPANY,サービス業,,,,,,,,missing,要調査
6190,フェニックスバイオ,サービス業,,,,,,,,missing,要調査
6191,エアトリ,サービス業,,,,,,,,missing,要調査
6193,バーチャレクス・ホールディングス,サービス業,大矢 正典,,,,photos_2/6193_バーチャレクス・ホールディングス/history/01_大矢_正典/photo_01.jpg,✓,,history,
6194,アトラエ,サービス業,,,,,,,,missing,要調査
6195,ホープ,サービス業,時津 孝康,2005年02月,（現在）,,photos_3/6195_ホープ/current/photo_01.jpg,✓,✓,current,
6195,ホープ,サービス業,伝説 怪奇,,,,photos_2/6195_ホープ/history/01_伝説_怪奇/photo_01.jpg,✓,,history,
6195,ホープ,サービス業,伝説 哲也,,,,photos_2/6195_ホープ/history/02_伝説_哲也/photo_01.jpg,✓,,history,
6195,ホープ,サービス業,子屋 銭天堂,,,,photos_2/6195_ホープ/history/03_子屋_銭天堂/photo_01.jpg,✓,,history,
6195,ホープ,サービス業,界編 序奏,,,,photos_2/6195_ホープ/history/04_界編_序奏/photo_01.jpg,✓,,history,
6195,ホープ,サービス業,皇子 天上編,,,,photos_2/6195_ホープ/history/05_皇子_天上編/photo_01.jpg,✓,,history,
6195,ホープ,サービス業,映画 爆釣,,,,photos_2/6195_ホープ/history/06_映画_爆釣/photo_01.jpg,✓,,history,
6196,ストライク,サービス業,,,,,,,,missing,要調査
6197,ソラスト,サービス業,野田　亨,2025年6月,（現在）,,photos_3/6197_ソラスト/current/photo_01.jpg,✓,✓,current,
6198,キャリア,サービス業,,,,,,,,missing,要調査
6199,セラク,サービス業,本氏 成長路,2020年5月2日,2020年5月2日,,photos_2/6199_セラク/history/01_本氏_成長路/photo_01.jpg,✓,,history,
6199,セラク,サービス業,口氏 久芳社,2009年2月17日,2020年5月2日,,photos_2/6199_セラク/history/02_口氏_久芳社/photo_01.jpg,✓,,history,
6200,インソース,サービス業,進士仁一,,,,photos_2/6200_インソース/history/01_進士仁一/photo_01.jpg,✓,,history,
6200,インソース,サービス業,手塚卓志,,,,photos_2/6200_インソース/history/02_手塚卓志/photo_01.jpg,✓,,history,
6201,豊田自動織機,輸送用機器,伊藤 浩一,,（現在）,,photos_3/6201_豊田自動織機/current/photo_01.jpg,✓,✓,current,
6201,豊田自動織機,輸送用機器,伊藤 浩一,2023年12月26日,2024年1月1日,,photos_2/6201_豊田自動織機/history/01_伊藤_浩一/photo_01.jpg,✓,,history,
6203,豊和工業,機械,塚本 高広,,（現在）,,photos_3/6203_豊和工業/current/photo_01.jpg,✓,✓,current,
6208,石川製作所,機械,理人 香港上,2023年9月30日,,,photos_2/6208_石川製作所/history/01_理人_香港上/photo_01.jpg,✓,,history,
6209,リケンNPR,機械,前川 泰則,,（現在）,,photos_3/6209_リケンNPR/current/photo_01.jpg,✓,✓,current,
6210,TOYOイノベックス,機械,立場,2025年5月,（現在）,,photos_3/6210_TOYOイノベックス/current/photo_01.jpg,✓,✓,current,
6210,TOYOイノベックス,機械,田畑 禎章,2008年頃,,,photos_2/6210_TOYOイノベックス/history/01_田畑_禎章/photo_01.jpg,✓,,history,
6217,津田駒工業,機械,年 経済産,,（現在）,,photos_3/6217_津田駒工業/current/photo_01.jpg,✓,✓,current,
6217,津田駒工業,機械,法人 紫志,2012年1月4日,,,photos_2/6217_津田駒工業/history/01_法人_紫志/photo_01.jpg,✓,,history,
6218,エンシュウ,機械,,,,,,,,missing,要調査
6222,島精機製作所,機械,,,,,,,,missing,要調査
6223,西部技研,機械,"方
当社",2024年２月,（現在）,,,,,current,
6224,JRC,機械,浜口 稔,,（現在）,,photos_3/6224_JRC/current/photo_01.jpg,✓,✓,current,
6226,守谷輸送機工業,機械,,,,,,,,missing,要調査
6227,AIメカテック,機械,阿部 猪佐雄,2026/01/09,（現在）,,photos_3/6227_AIメカテック/current/photo_01.jpg,✓,✓,current,
6227,AIメカテック,機械,阿部 猪佐雄,2002年頃,,,photos_2/6227_AIメカテック/history/01_阿部_猪佐雄/photo_01.jpg,✓,,history,
6228,ジェイ・イー・ティ,機械,提訴 毎日新,2012年12月6日,2014年6月23日,,photos_2/6228_ジェイ・イー・ティ/history/01_提訴_毎日新/photo_01.jpg,✓,,history,
6229,オーケーエム,機械,独創的,2025年4月,（現在）,,photos_3/6229_オーケーエム/current/photo_01.jpg,✓,✓,current,
6230,SANEI,機械,,,,,,,,missing,要調査
6231,木村工機,機械,木村 晃,,（現在）,,photos_3/6231_木村工機/current/photo_01.jpg,✓,✓,current,
6232,ACSL,機械,内藤湖南,,,,photos_2/6232_ACSL/history/01_内藤湖南/photo_01.jpg,✓,,history,
6232,ACSL,機械,三浦周行,,,,photos_2/6232_ACSL/history/02_三浦周行/photo_01.jpg,✓,,history,
6232,ACSL,機械,西田幾多郎,,,,photos_2/6232_ACSL/history/03_西田幾多郎/photo_01.jpg,✓,,history,
6232,ACSL,機械,藤井乙男,,,,photos_2/6232_ACSL/history/04_藤井乙男/photo_01.jpg,✓,,history,
6232,ACSL,機械,狩野直喜,,,,photos_2/6232_ACSL/history/05_狩野直喜/photo_01.jpg,✓,,history,
6232,ACSL,機械,桑原隲蔵,,,,photos_3/6232_ACSL/history/06_桑原隲蔵/photo_01.jpg,✓,✓,history,
6232,ACSL,機械,朝永三十郎,,,,photos_3/6232_ACSL/history/07_朝永三十郎/photo_01.jpg,✓,✓,history,
6232,ACSL,機械,新村出,,,,photos_2/6232_ACSL/history/08_新村出/photo_01.jpg,✓,,history,
6233,KLASS,機械,,,,,,,,missing,要調査
6235,オプトラン,機械,公告電子,2018年頃,,,photos_2/6235_オプトラン/history/01_公告電子/photo_01.jpg,✓,,history,
6237,イワキポンプ,機械,,,,,,,,missing,要調査
6238,フリュー,機械,榎本 雅仁,,（現在）,,photos_3/6238_フリュー/current/photo_01.jpg,✓,✓,current,
6239,ナガオカ,機械,梅津　泰久,,（現在）,,photos_3/6239_ナガオカ/current/photo_01.jpg,✓,✓,current,
6240,ヤマシンフィルタ,機械,金子 眞吾,,,,photos_2/6240_ヤマシンフィルタ/history/01_金子_眞吾/photo_01.jpg,✓,,history,
6245,ヒラノテクシード,機械,,,,,,,,missing,要調査
6246,テクノスマート,機械,,,,,,,,missing,要調査
6247,日阪製作所,機械,,,,,,,,missing,要調査
6248,横田製作所,機械,相田 圭一,,,,photos_2/6248_横田製作所/history/01_相田_圭一/photo_01.jpg,✓,,history,
6249,ゲームカード・ジョイコホールディングス,機械,進士仁一,,,,photos_2/6249_ゲームカード・ジョイコホールディングス/history/01_進士仁一/photo_01.jpg,✓,,history,
6249,ゲームカード・ジョイコホールディングス,機械,手塚卓志,,,,photos_2/6249_ゲームカード・ジョイコホールディングス/history/02_手塚卓志/photo_01.jpg,✓,,history,
6250,やまびこ,機械,企業紹介,,（現在）,,photos_3/6250_やまびこ/current/photo_01.jpg,✓,✓,current,
6254,野村マイクロ・サイエンス,機械,,,,,,,,missing,要調査
6255,エヌ・ピー・シー,機械,,,,,,,,missing,要調査
6257,藤商事,機械,,,,,,,,missing,要調査
6258,平田機工,機械,"議体
議論回",,（現在）,,photos_3/6258_平田機工/current/photo_01.jpg,✓,✓,current,
6262,PEGASUS,機械,美馬 成望,,（現在）,,photos_3/6262_PEGASUS/current/photo_01.jpg,✓,✓,current,
6264,マルマエ,機械,,,,,,,,missing,要調査
6265,コンバム,機械,伊勢 幸治,2020年12月31日,,,photos_2/6265_コンバム/history/01_伊勢_幸治/photo_01.jpg,✓,,history,
6266,タツモ,機械,,,,,,,,missing,要調査
6267,ゼネラルパッカー,機械,牧野　研二,,（現在）,,photos_3/6267_ゼネラルパッカー/current/photo_01.jpg,✓,✓,current,
6268,ナブテスコ,機械,木村 和正,,（現在）,,photos_3/6268_ナブテスコ/current/photo_01.jpg,✓,✓,current,
6269,三井海洋開発,機械,,,,,,,,missing,要調査
6272,レオン自動機,機械,小林 幹央創,,（現在）,,,,,current,
6273,SMC,機械,排出削減,,（現在）,,photos_3/6273_SMC/current/photo_01.jpg,✓,✓,current,
6273,SMC,機械,販売 焼結濾,,,,photos_2/6273_SMC/history/01_販売_焼結濾/photo_01.jpg,✓,,history,
6276,シリウスビジョン,電気機器,,,,,,,,missing,要調査
6277,ホソカワミクロン,機械,,,,,,,,missing,要調査
6278,ユニオンツール,機械,,,,,,,,missing,要調査
6279,瑞光,機械,異動,2010年頃,,,photos_2/6279_瑞光/history/01_異動/photo_01.jpg,✓,,history,
6282,オイレス工業,機械,,,,,,,,missing,要調査
6284,日精エー・エス・ビー機械,機械,,,,,,,,missing,要調査
6286,靜甲,機械,,,,,,,,missing,要調査
6287,サトー,機械,,,,,,,,missing,要調査
6289,技研製作所,機械,北村精男,2020年頃,,,photos_2/6289_技研製作所/history/01_北村精男/photo_01.jpg,✓,,history,
6291,日本エアーテック,機械,,,,,,,,missing,要調査
6292,カワタ,機械,,,,,,,,missing,要調査
6293,日精樹脂工業,機械,,,,,,,,missing,要調査
6294,オカダアイヨン,機械,号 岡田祐,2025年3月,（現在）,,photos_3/6294_オカダアイヨン/current/photo_01.jpg,✓,✓,current,
6298,ワイエイシイホールディングス,機械,,,,,,,,missing,要調査
6301,小松製作所,機械,理人 香港上,2023年9月30日,,,photos_2/6301_小松製作所/history/01_理人_香港上/photo_01.jpg,✓,,history,
6302,住友重機械工業,機械,"会長
下村",,（現在）,,photos_3/6302_住友重機械工業/current/photo_01.jpg,✓,✓,current,
6305,日立建機,機械,,,,,,,,missing,要調査
6306,日工,機械,"方

当社",,（現在）,,,,,current,
6306,日工,機械,中山 知巳,2025年2月13日,2025年2月13日,,photos_2/6306_日工/history/01_中山_知巳/photo_01.jpg,✓,,history,
6306,日工,機械,植田和磨,2002年12月4日,,,photos_2/6306_日工/history/02_植田和磨/photo_01.jpg,✓,,history,
6306,日工,機械,平生翔大,2002年10月11日,,,photos_2/6306_日工/history/03_平生翔大/photo_01.jpg,✓,,history,
6306,日工,機械,小村真也,2002年5月28日,,,photos_2/6306_日工/history/04_小村真也/photo_01.jpg,✓,,history,
6306,日工,機械,古畑翔,,,,photos_2/6306_日工/history/05_古畑翔/photo_01.jpg,✓,,history,
6306,日工,機械,池田悠希,,,,photos_2/6306_日工/history/06_池田悠希/photo_01.jpg,✓,,history,
6306,日工,機械,祝原涼介,,,,photos_2/6306_日工/history/07_祝原涼介/photo_01.jpg,✓,,history,
6307,サンセイ,機械,,,,,,,,missing,要調査
6309,巴工業,機械,,,,,,,,missing,要調査
6310,井関農機,機械,冨安 司郎代,2026年1月1日,,,photos_2/6310_井関農機/history/01_冨安_司郎代/photo_01.jpg,✓,,history,
6310,井関農機,機械,田口 敏彦,2025年12月1日,2026年1月1日,,photos_2/6310_井関農機/history/02_田口_敏彦/photo_01.jpg,✓,,history,
6310,井関農機,機械,志民 貴之,,,,photos_2/6310_井関農機/history/03_志民_貴之/photo_01.jpg,✓,,history,
6310,井関農機,機械,本部　営業業,,,,photos_2/6310_井関農機/history/04_本部_営業業/photo_01.jpg,✓,,history,
6315,TOWA,機械,,,,,,,,missing,要調査
6316,丸山製作所,機械,画史 映画,2023年1月,,,photos_2/6316_丸山製作所/history/01_画史_映画/photo_01.jpg,✓,,history,
6317,北川鉄工所,機械,岡野 帝男,,（現在）,,photos_3/6317_北川鉄工所/current/photo_01.jpg,✓,✓,current,
6322,タクミナ,機械,,,,,,,,missing,要調査
6323,ローツェ,機械,,,,,,,,missing,要調査
6324,ハーモニック・ドライブ・システムズ,機械,丸山　顕,2024年6月,（現在）,,photos_3/6324_ハーモニック・ドライブ・システムズ/current/photo_01.jpg,✓,✓,current,
6325,タカキタ,機械,,,,,,,,missing,要調査
6326,クボタ,機械,花田 晋吾,,（現在）,,photos_3/6326_クボタ/current/photo_01.jpg,✓,✓,current,
6327,北川精機,機械,,,,,,,,missing,要調査
6328,荏原実業,機械,石井 孝,,（現在）,,photos_3/6328_荏原実業/current/photo_01.jpg,✓,✓,current,
6330,東洋エンジニアリング,建設業,細井 栄治,2024年12月,（現在）,,photos_3/6330_東洋エンジニアリング/current/photo_01.jpg,✓,✓,current,
6331,三菱化工機,機械,田中 利一,2015年4月,（現在）,,photos_3/6331_三菱化工機/current/photo_01.jpg,✓,✓,current,
6332,月島ホールディングス,機械,検索,2025年6月,（現在）,,photos_3/6332_月島ホールディングス/current/photo_01.jpg,✓,✓,current,
6333,帝国電機製作所,機械,"挨拶
社是",,（現在）,,photos_3/6333_帝国電機製作所/current/photo_01.jpg,✓,✓,current,
6334,明治機械,機械,,,,,,,,missing,要調査
6335,東京機械製作所,機械,"社名
株",,（現在）,,photos_3/6335_東京機械製作所/current/photo_01.jpg,✓,✓,current,
6336,石井表記,機械,,,,,,,,missing,要調査
6337,テセック,機械,田中 賢治,,,,photos_2/6337_テセック/history/01_田中_賢治/photo_01.jpg,✓,,history,
6338,タカトリ,機械,,,,,,,,missing,要調査
6339,新東工業,機械,,,,,,,,missing,要調査
6340,澁谷工業,機械,,,,,,,,missing,要調査
6342,太平製作所,機械,"方
働",2025年4月,（現在）,,,,,current,
6343,フリージア・マクロス,機械,,,,,,,,missing,要調査
6345,アイチ　コーポレーション,機械,,,,,,,,missing,要調査
6346,キクカワエンタープライズ,機械,,,,,,,,missing,要調査
6347,プラコー,機械,,,,,,,,missing,要調査
6349,小森コーポレーション,機械,持田　訓,,（現在）,,photos_3/6349_小森コーポレーション/current/photo_01.jpg,✓,✓,current,
6349,小森コーポレーション,機械,小森 善治,,,,photos_2/6349_小森コーポレーション/history/01_小森_善治/photo_01.jpg,✓,,history,
6351,鶴見製作所,機械,福田　一美,,,,photos_2/6351_鶴見製作所/history/01_福田_一美/photo_01.jpg,✓,,history,
6356,日本ギア工業,機械,寺田 治夫,,（現在）,,photos_3/6356_日本ギア工業/current/photo_01.jpg,✓,✓,current,
6357,三精テクノロジーズ,機械,板垣 治,,（現在）,,photos_3/6357_三精テクノロジーズ/current/photo_01.jpg,✓,✓,current,
6358,酒井重工業,機械,酒井重工,,（現在）,,photos_3/6358_酒井重工業/current/photo_01.jpg,✓,✓,current,
6358,酒井重工業,機械,酒井 一郎,,,,photos_2/6358_酒井重工業/history/01_酒井_一郎/photo_01.jpg,✓,,history,
6360,東京自働機械製作所,機械,,,,,,,,missing,要調査
6361,荏原製作所,機械,,,,,,,,missing,要調査
6363,酉島製作所,機械,,,,,,,,missing,要調査
6364,AIRMAN,機械,犠牲 吉田監,2025年8月18日,2025年8月18日,,photos_2/6364_AIRMAN/history/01_犠牲_吉田監/photo_01.jpg,✓,,history,
6365,電業社機械製作所,機械,皆様,,（現在）,,photos_3/6365_電業社機械製作所/current/photo_01.jpg,✓,✓,current,
6366,千代田化工建設,建設業,太田 光治,,（現在）,,photos_3/6366_千代田化工建設/current/photo_01.jpg,✓,✓,current,
6366,千代田化工建設,建設業,兼務 来年,2019年9月11日,2020年9月30日,,photos_2/6366_千代田化工建設/history/01_兼務_来年/photo_01.jpg,✓,,history,
6367,ダイキン工業,機械,,,,,,,,missing,要調査
6368,オルガノ,機械,,,,,,,,missing,要調査
6369,トーヨーカネツ,機械,,,,,,,,missing,要調査
6370,栗田工業,機械,江尻 裕彦,2023年4月,（現在）,,photos_3/6370_栗田工業/current/photo_01.jpg,✓,✓,current,
6371,椿本チエイン,機械,会長 古世,,（現在）,,photos_3/6371_椿本チエイン/current/photo_01.jpg,✓,✓,current,
6373,大同工業,機械,当社創業,2019年6月,（現在）,,photos_3/6373_大同工業/current/photo_01.jpg,✓,✓,current,
6376,日機装,精密機器,伝説 怪奇,,,,photos_2/6376_日機装/history/01_伝説_怪奇/photo_01.jpg,✓,,history,
6376,日機装,精密機器,伝説 哲也,,,,photos_2/6376_日機装/history/02_伝説_哲也/photo_01.jpg,✓,,history,
6376,日機装,精密機器,子屋 銭天堂,,,,photos_2/6376_日機装/history/03_子屋_銭天堂/photo_01.jpg,✓,,history,
6376,日機装,精密機器,界編 序奏,,,,photos_2/6376_日機装/history/04_界編_序奏/photo_01.jpg,✓,,history,
6376,日機装,精密機器,皇子 天上編,,,,photos_2/6376_日機装/history/05_皇子_天上編/photo_01.jpg,✓,,history,
6376,日機装,精密機器,映画 爆釣,,,,photos_2/6376_日機装/history/06_映画_爆釣/photo_01.jpg,✓,,history,
6378,木村化工機,機械,,,,,,,,missing,要調査
6379,レイズネクスト,建設業,毛利 照彦,,（現在）,,photos_3/6379_レイズネクスト/current/photo_01.jpg,✓,✓,current,
6380,オリエンタルチエン工業,機械,使用,,（現在）,,photos_3/6380_オリエンタルチエン工業/current/photo_01.jpg,✓,✓,current,
6381,アネスト岩田,機械,深瀬 真一,,,,photos_2/6381_アネスト岩田/history/01_深瀬_真一/photo_01.jpg,✓,,history,
6382,トリニティ工業,機械,体制,,（現在）,,photos_3/6382_トリニティ工業/current/photo_01.jpg,✓,✓,current,
6383,ダイフク,機械,寺井 友章,,（現在）,,photos_3/6383_ダイフク/current/photo_01.jpg,✓,✓,current,
6384,昭和真空,機械,,,,,,,,missing,要調査
6387,サムコ,機械,阿波 俊弘,,,,photos_2/6387_サムコ/history/01_阿波_俊弘/photo_01.jpg,✓,,history,
6390,加藤製作所,機械,,,,,,,,missing,要調査
6391,加地テック,機械,道願 昌孝,2002年頃,,,photos_2/6391_加地テック/history/01_道願_昌孝/photo_01.jpg,✓,,history,
6392,ヤマダコーポレーション,機械,,,,,,,,missing,要調査
6393,油研工業,機械,,,,,,,,missing,要調査
6395,タダノ,機械,氏家 俊明,2025年3月,（現在）,,photos_3/6395_タダノ/current/photo_01.jpg,✓,✓,current,
6396,宇野澤組鐵工所,機械,日刊工業,2014年頃,,,photos_2/6396_宇野澤組鐵工所/history/01_日刊工業/photo_01.jpg,✓,,history,
6400,不二精機,機械,,,,,,,,missing,要調査
6402,兼松エンジニアリング,機械,,,,,,,,missing,要調査
6403,水道機工,機械,,,,,,,,missing,要調査
6405,鈴茂器工,機械,,,,,,,,missing,要調査
6407,CKD,機械,,,,,,,,missing,要調査
6408,小倉クラッチ,機械,"月
小倉精",,（現在）,,photos_3/6408_小倉クラッチ/current/photo_01.jpg,✓,✓,current,
6412,平和,機械,,,,,,,,missing,要調査
6413,理想科学工業,機械,神子柴 寿昭,,,,photos_2/6413_理想科学工業/history/01_神子柴_寿昭/photo_01.jpg,✓,,history,
6413,理想科学工業,機械,三部 敏宏,,,,photos_2/6413_理想科学工業/history/02_三部_敏宏/photo_01.jpg,✓,,history,
6413,理想科学工業,機械,倉石 誠司,,,,photos_2/6413_理想科学工業/history/03_倉石_誠司/photo_01.jpg,✓,,history,
6413,理想科学工業,機械,竹内 弘平,,,,,,,history,
6413,理想科学工業,機械,鈴木 麻子,,,,photos_2/6413_理想科学工業/history/05_鈴木_麻子/photo_01.jpg,✓,,history,
6413,理想科学工業,機械,貝原 典也,,,,photos_2/6413_理想科学工業/history/06_貝原_典也/photo_01.jpg,✓,,history,
6417,SANKYO,機械,,,,,,,,missing,要調査
6418,日本金銭機械,機械,,,,,,,,missing,要調査
6419,マースグループホールディングス,機械,,,,,,,,missing,要調査
6420,ガリレイ,機械,企業理,2025年3月,（現在）,,photos_3/6420_ガリレイ/current/photo_01.jpg,✓,✓,current,
6424,高見沢サイバネティックス,機械,必要不可,2024年4月,（現在）,,photos_3/6424_高見沢サイバネティックス/current/photo_01.jpg,✓,✓,current,
6425,ユニバーサルエンターテインメント,機械,,,,,,,,missing,要調査
6428,オーイズミ,機械,,,,,,,,missing,要調査
6430,ダイコク電機,機械,,,,,,,,missing,要調査
6432,竹内製作所,機械,神子柴 寿昭,,,,photos_2/6432_竹内製作所/history/01_神子柴_寿昭/photo_01.jpg,✓,,history,
6432,竹内製作所,機械,三部 敏宏,,,,photos_2/6432_竹内製作所/history/02_三部_敏宏/photo_01.jpg,✓,,history,
6432,竹内製作所,機械,倉石 誠司,,,,photos_2/6432_竹内製作所/history/03_倉石_誠司/photo_01.jpg,✓,,history,
6432,竹内製作所,機械,竹内 弘平,,,,photos_2/6432_竹内製作所/history/04_竹内_弘平/photo_01.jpg,✓,,history,
6432,竹内製作所,機械,鈴木 麻子,,,,photos_2/6432_竹内製作所/history/05_鈴木_麻子/photo_01.jpg,✓,,history,
6432,竹内製作所,機械,貝原 典也,,,,photos_2/6432_竹内製作所/history/06_貝原_典也/photo_01.jpg,✓,,history,
6433,ヒーハイスト,機械,,,,,,,,missing,要調査
6436,アマノ,機械,"会長
津田",2007年4月,（現在）,,photos_3/6436_アマノ/current/photo_01.jpg,✓,✓,current,
6436,アマノ,機械,植田和磨,2002年12月4日,,,photos_2/6436_アマノ/history/01_植田和磨/photo_01.jpg,✓,,history,
6436,アマノ,機械,平生翔大,2002年10月11日,,,photos_2/6436_アマノ/history/02_平生翔大/photo_01.jpg,✓,,history,
6436,アマノ,機械,小村真也,2002年5月28日,,,photos_2/6436_アマノ/history/03_小村真也/photo_01.jpg,✓,,history,
6436,アマノ,機械,古畑翔,,,,photos_2/6436_アマノ/history/04_古畑翔/photo_01.jpg,✓,,history,
6436,アマノ,機械,池田悠希,,,,photos_2/6436_アマノ/history/05_池田悠希/photo_01.jpg,✓,,history,
6436,アマノ,機械,祝原涼介,,,,photos_2/6436_アマノ/history/06_祝原涼介/photo_01.jpg,✓,,history,
6440,JUKI,機械,"委員
成川",2006年3月,（現在）,,photos_3/6440_JUKI/current/photo_01.jpg,✓,✓,current,
6440,JUKI,機械,中村和哉,,,,photos_2/6440_JUKI/history/01_中村和哉/photo_01.jpg,✓,,history,
6440,JUKI,機械,壹貫田剛史,,,,photos_2/6440_JUKI/history/02_壹貫田剛史/photo_01.jpg,✓,,history,
6440,JUKI,機械,荒木香織,,,,photos_2/6440_JUKI/history/03_荒木香織/photo_01.jpg,✓,,history,
6440,JUKI,機械,林いづみ,,,,photos_2/6440_JUKI/history/04_林いづみ/photo_01.jpg,✓,,history,
6444,サンデン,機械,進士仁一,,,,photos_2/6444_サンデン/history/01_進士仁一/photo_01.jpg,✓,,history,
6444,サンデン,機械,手塚卓志,,,,photos_2/6444_サンデン/history/02_手塚卓志/photo_01.jpg,✓,,history,
6445,ジャノメ,機械,,,,,,,,missing,要調査
6448,ブラザー工業,電気機器,"目標
私自身",2025年9月,（現在）,,photos_3/6448_ブラザー工業/current/photo_01.jpg,✓,✓,current,
6454,マックス,機械,小川 辰志,,（現在）,,photos_3/6454_マックス/current/photo_01.jpg,✓,✓,current,
6455,モリタホールディングス,輸送用機器,,,,,,,,missing,要調査
6457,グローリー,機械,,,,,,,,missing,要調査
6458,新晃工業,機械,推進体制,,（現在）,,photos_3/6458_新晃工業/current/photo_01.jpg,✓,✓,current,
6458,新晃工業,機械,神子柴 寿昭,,,,photos_2/6458_新晃工業/history/01_神子柴_寿昭/photo_01.jpg,✓,,history,
6458,新晃工業,機械,三部 敏宏,,,,photos_2/6458_新晃工業/history/02_三部_敏宏/photo_01.jpg,✓,,history,
6458,新晃工業,機械,倉石 誠司,,,,photos_2/6458_新晃工業/history/03_倉石_誠司/photo_01.jpg,✓,,history,
6458,新晃工業,機械,竹内 弘平,,,,,,,history,
6458,新晃工業,機械,鈴木 麻子,,,,photos_2/6458_新晃工業/history/05_鈴木_麻子/photo_01.jpg,✓,,history,
6458,新晃工業,機械,貝原 典也,,,,photos_2/6458_新晃工業/history/06_貝原_典也/photo_01.jpg,✓,,history,
6459,大和冷機工業,機械,,,,,,,,missing,要調査
6460,セガサミーホールディングス,機械,"会長
里見",,（現在）,,photos_3/6460_セガサミーホールディングス/current/photo_01.jpg,✓,✓,current,
6460,セガサミーホールディングス,機械,院前 伊集院,,,,photos_2/6460_セガサミーホールディングス/history/01_院前_伊集院/photo_01.jpg,✓,,history,
6463,TPR,機械,末廣 博,2024年4月,（現在）,,photos_3/6463_TPR/current/photo_01.jpg,✓,✓,current,
6464,ツバキ・ナカシマ,機械,,,,,,,,missing,要調査
6465,ホシザキ,機械,"立日

昭和",2024年12月,（現在）,,,,,current,
6465,ホシザキ,機械,解任　架空発,2018年8月7日,2022年2月14日,,photos_2/6465_ホシザキ/history/01_解任_架空発/photo_01.jpg,✓,,history,
6466,TVE,機械,"方針
当社",2024年10月,（現在）,,photos_3/6466_TVE/current/photo_01.jpg,✓,✓,current,
6467,ニチダイ,機械,,,,,,,,missing,要調査
6469,放電精密加工研究所,機械,,,,,,,,missing,要調査
6470,大豊工業,機械,新美　俊生,,（現在）,,photos_3/6470_大豊工業/current/photo_01.jpg,✓,✓,current,
6471,日本精工,機械,挑戦,,（現在）,,photos_3/6471_日本精工/current/photo_01.jpg,✓,✓,current,
6472,NTN,機械,,,,,,,,missing,要調査
6473,ジェイテクト,機械,近藤,,（現在）,,photos_3/6473_ジェイテクト/current/photo_01.jpg,✓,✓,current,
6474,不二越,機械,,,,,,,,missing,要調査
6479,ミネベアミツミ,電気機器,,,,,,,,missing,要調査
6480,日本トムソン,機械,社会,,（現在）,,photos_3/6480_日本トムソン/current/photo_01.jpg,✓,✓,current,
6480,日本トムソン,機械,海空 地球征,,,,photos_2/6480_日本トムソン/history/01_海空_地球征/photo_01.jpg,✓,,history,
6481,THK,機械,,,,,,,,missing,要調査
6482,YUSHIN,機械,小谷 高代,,（現在）,,photos_3/6482_YUSHIN/current/photo_01.jpg,✓,✓,current,
6482,YUSHIN,機械,小谷 高代資,2017年3月,2017年3月,,photos_2/6482_YUSHIN/history/01_小谷_高代資/photo_01.jpg,✓,,history,
6484,KVK,機械,家一軒,,（現在）,,photos_3/6484_KVK/current/photo_01.jpg,✓,✓,current,
6485,前澤給装工業,機械,,,,,,,,missing,要調査
6486,イーグル工業,機械,,,,,,,,missing,要調査
6488,ヨシタケ,機械,勝島 三遺体,,,,photos_2/6488_ヨシタケ/history/01_勝島_三遺体/photo_01.jpg,✓,,history,
6489,前澤工業,機械,表者 時田宗,,,,photos_2/6489_前澤工業/history/01_表者_時田宗/photo_01.jpg,✓,,history,
6490,PILLAR,機械,岩波 清久,,（現在）,,photos_3/6490_PILLAR/current/photo_01.jpg,✓,✓,current,
6492,岡野バルブ製造,機械,九州工業,,（現在）,,photos_3/6492_岡野バルブ製造/current/photo_01.jpg,✓,✓,current,
6493,NITTAN,輸送用機器,,,,,,,,missing,要調査
6494,NFKホールディングス,機械,,,,,,,,missing,要調査
6495,宮入バルブ製作所,機械,解任　大山沢,2005年1月17日,,,,,,history,
6496,中北製作所,機械,,,,,,,,missing,要調査
6497,ハマイ,機械,企業倫理,2025年2月,（現在）,,photos_3/6497_ハマイ/current/photo_01.jpg,✓,✓,current,
6498,キッツ,機械,,,,,,,,missing,要調査
6501,日立製作所,電気機器,,,,,,,,missing,要調査
6503,三菱電機,電気機器,小坂　達朗,2025年6月,（現在）,,photos_3/6503_三菱電機/current/photo_01.jpg,✓,✓,current,
6504,富士電機,電気機器,,,,,,,,missing,要調査
6505,東洋電機製造,電気機器,月 渡部,2025年8月,（現在）,,photos_3/6505_東洋電機製造/current/photo_01.jpg,✓,✓,current,
6506,安川電機,電気機器,小川 昌寛,2021年9月,（現在）,,photos_3/6506_安川電機/current/photo_01.jpg,✓,✓,current,
6506,安川電機,電気機器,小川 昌寛,2026年2月20日,2026年3月1日,,photos_2/6506_安川電機/history/01_小川_昌寛/photo_01.jpg,✓,,history,
6506,安川電機,電気機器,小川　昌寛,2026年1月15日,2026年3月1日,,photos_2/6506_安川電機/history/02_小川_昌寛/photo_01.jpg,✓,,history,
6507,シンフォニアテクノロジー,電気機器,,,,,,,,missing,要調査
6508,明電舎,電気機器,,,,,,,,missing,要調査
6513,オリジン,電気機器,当社,,（現在）,,photos_3/6513_オリジン/current/photo_01.jpg,✓,✓,current,
6516,山洋電気,電気機器,山本 茂生,,（現在）,,photos_3/6516_山洋電気/current/photo_01.jpg,✓,✓,current,
6517,デンヨー,電気機器,進士仁一,,,,,,,history,
6517,デンヨー,電気機器,手塚卓志,,,,photos_2/6517_デンヨー/history/02_手塚卓志/photo_01.jpg,✓,,history,
6518,三相電機,電気機器,社 是,,（現在）,,photos_3/6518_三相電機/current/photo_01.jpg,✓,✓,current,
6521,オキサイド,電気機器,利益 連結,,,,photos_2/6521_オキサイド/history/01_利益_連結/photo_01.jpg,✓,,history,
6522,アスタリスク,電気機器,,,,,,,,missing,要調査
6523,PHCホールディングス,電気機器,,,,,,,,missing,要調査
6524,湖北工業,電気機器,"端子
光部品",,（現在）,,,,,current,
6524,湖北工業,電気機器,神子柴 寿昭,,,,photos_2/6524_湖北工業/history/01_神子柴_寿昭/photo_01.jpg,✓,,history,
6524,湖北工業,電気機器,三部 敏宏,,,,photos_2/6524_湖北工業/history/02_三部_敏宏/photo_01.jpg,✓,,history,
6524,湖北工業,電気機器,倉石 誠司,,,,photos_2/6524_湖北工業/history/03_倉石_誠司/photo_01.jpg,✓,,history,
6524,湖北工業,電気機器,竹内 弘平,,,,,,,history,
6524,湖北工業,電気機器,鈴木 麻子,,,,photos_2/6524_湖北工業/history/05_鈴木_麻子/photo_01.jpg,✓,,history,
6524,湖北工業,電気機器,貝原 典也,,,,photos_2/6524_湖北工業/history/06_貝原_典也/photo_01.jpg,✓,,history,
6525,KOKUSAI　ELECTRIC,電気機器,日付,2025年4月,（現在）,,photos_3/6525_KOKUSAI_ELECTRIC/current/photo_01.jpg,✓,✓,current,
6526,ソシオネクスト,電気機器,,,,,,,,missing,要調査
6532,ベイカレント,サービス業,体制,,（現在）,,photos_3/6532_ベイカレント/current/photo_01.jpg,✓,✓,current,
6533,Orchestra　Holdings,サービス業,中村 慶郎,,（現在）,,photos_3/6533_Orchestra_Holdings/current/photo_01.jpg,✓,✓,current,
6533,Orchestra　Holdings,サービス業,俳優 亀岡拓,,,,photos_2/6533_Orchestra_Holdings/history/01_俳優_亀岡拓/photo_01.jpg,✓,,history,
6535,アイモバイル,サービス業,,,,,,,,missing,要調査
6537,WASHハウス,サービス業,,,,,,,,missing,要調査
6538,ディスラプターズ,サービス業,,,,,,,,missing,要調査
6539,MS-Japan,サービス業,,,,,,,,missing,要調査
6540,船場,サービス業,田切 潤,,（現在）,,photos_3/6540_船場/current/photo_01.jpg,✓,✓,current,
6543,日宣,サービス業,,,,,,,,missing,要調査
6544,ジャパンエレベーターサービスホールディングス,サービス業,石田 克史,,,,photos_2/6544_ジャパンエレベーターサービスホールディングス/history/01_石田_克史/photo_01.jpg,✓,,history,
6545,インターネットインフィニティー,サービス業,別宮　圭一,,（現在）,,photos_3/6545_インターネットインフィニティー/current/photo_01.jpg,✓,✓,current,
6545,インターネットインフィニティー,サービス業,進士仁一,,,,photos_2/6545_インターネットインフィニティー/history/01_進士仁一/photo_01.jpg,✓,,history,
6545,インターネットインフィニティー,サービス業,手塚卓志,,,,photos_2/6545_インターネットインフィニティー/history/02_手塚卓志/photo_01.jpg,✓,,history,
6546,フルテック,サービス業,"実施
全従業",2025年4月,（現在）,,photos_3/6546_フルテック/current/photo_01.jpg,✓,✓,current,
6547,グリーンズ,サービス業,村木　雄哉,2023年6月,（現在）,,photos_3/6547_グリーンズ/current/photo_01.jpg,✓,✓,current,
6547,グリーンズ,サービス業,表者 時田宗,,,,photos_2/6547_グリーンズ/history/01_表者_時田宗/photo_01.jpg,✓,,history,
6548,旅工房,サービス業,小林 祐樹,2009年4月,（現在）,,,,,current,
6549,ディーエムソリューションズ,サービス業,株主,,（現在）,,photos_3/6549_ディーエムソリューションズ/current/photo_01.jpg,✓,✓,current,
6551,ツナググループ・ホールディングス,サービス業,,,,,,,,missing,要調査
6552,GameWith,サービス業,阿部 達也,,,,photos_2/6552_GameWith/history/01_阿部_達也/photo_01.jpg,✓,,history,
6552,GameWith,サービス業,齊藤 秀久,,,,photos_2/6552_GameWith/history/02_齊藤_秀久/photo_01.jpg,✓,,history,
6552,GameWith,サービス業,大澤 智憲,,,,,,,history,
6554,エスユーエス,サービス業,齋藤 公男,,（現在）,,photos_3/6554_エスユーエス/current/photo_01.jpg,✓,✓,current,
6555,MS&Consulting,サービス業,,,,,,,,missing,要調査
6557,AIAIグループ,サービス業,,,,,,,,missing,要調査
6558,クックビズ,サービス業,,,,,,,,missing,要調査
6560,エル・ティー・エス,サービス業,,,,,,,,missing,要調査
6561,HANATOUR　JAPAN,サービス業,,,,,,,,missing,要調査
6562,ジーニー,サービス業,松本 勇,,（現在）,,,,,current,
6563,みらいワークス,サービス業,,,,,,,,missing,要調査
6564,ミダックホールディングス,サービス業,安心,2021年9月,（現在）,,photos_3/6564_ミダックホールディングス/current/photo_01.jpg,✓,✓,current,
6564,ミダックホールディングス,サービス業,山内房治郎,,,,photos_2/6564_ミダックホールディングス/history/01_山内房治郎/photo_01.jpg,✓,,history,
6564,ミダックホールディングス,サービス業,山内積良,,,,photos_2/6564_ミダックホールディングス/history/02_山内積良/photo_01.jpg,✓,,history,
6564,ミダックホールディングス,サービス業,山内溥,,,,photos_2/6564_ミダックホールディングス/history/03_山内溥/photo_01.jpg,✓,,history,
6564,ミダックホールディングス,サービス業,岩田聡,,,,photos_3/6564_ミダックホールディングス/history/04_岩田聡/photo_01.jpg,✓,✓,history,
6564,ミダックホールディングス,サービス業,君島達己,,,,,,,history,
6564,ミダックホールディングス,サービス業,古川俊太郎,,,,photos_3/6564_ミダックホールディングス/history/06_古川俊太郎/photo_01.jpg,✓,✓,history,
6565,ABホテル,サービス業,ティ,2023-02-01,2023-02-14,0.04,photos_3/6565_ABホテル/history/01_ティ/photo_01.jpg,✓,✓,history,
6566,要興業,サービス業,,,,,,,,missing,要調査
6568,神戸天然物化学,サービス業,,,,,,,,missing,要調査
6570,共和コーポレーション,サービス業,宮本 和彦,2025年04月,（現在）,,photos_3/6570_共和コーポレーション/current/photo_01.jpg,✓,✓,current,
6571,キュービーネットホールディングス,サービス業,松下幸之助,,,,photos_2/6571_キュービーネットホールディングス/history/01_松下幸之助/photo_01.jpg,✓,,history,
6571,キュービーネットホールディングス,サービス業,松下正治,1961-01-01,,,photos_3/6571_キュービーネットホールディングス/history/02_松下正治/photo_01.jpg,✓,✓,history,
6571,キュービーネットホールディングス,サービス業,山下俊彦,1977-02-01,,,photos_3/6571_キュービーネットホールディングス/history/03_山下俊彦/photo_01.jpg,✓,✓,history,
6571,キュービーネットホールディングス,サービス業,谷井昭雄,1986-02-01,,,photos_3/6571_キュービーネットホールディングス/history/04_谷井昭雄/photo_01.jpg,✓,✓,history,
6571,キュービーネットホールディングス,サービス業,森下洋一,1993-02-01,,,photos_3/6571_キュービーネットホールディングス/history/05_森下洋一/photo_01.jpg,✓,✓,history,
6571,キュービーネットホールディングス,サービス業,中村邦夫,2000-06-01,,,photos_3/6571_キュービーネットホールディングス/history/06_中村邦夫/photo_01.jpg,✓,✓,history,
6571,キュービーネットホールディングス,サービス業,大坪文雄,2006-06-01,,,photos_3/6571_キュービーネットホールディングス/history/07_大坪文雄/photo_01.jpg,✓,✓,history,
6571,キュービーネットホールディングス,サービス業,津賀一宏,2012-06-01,2021-06-01,9.0,photos_3/6571_キュービーネットホールディングス/history/08_津賀一宏/photo_01.jpg,✓,✓,history,
6571,キュービーネットホールディングス,サービス業,楠見雄規,2021-06-01,,,photos_3/6571_キュービーネットホールディングス/history/09_楠見雄規/photo_01.jpg,✓,✓,history,
6572,オープングループ,サービス業,,,,,,,,missing,要調査
6573,アジャイルメディア・ネットワーク,サービス業,水野成夫,,,,photos_2/6573_アジャイルメディア・ネットワーク/history/01_水野成夫/photo_01.jpg,✓,,history,
6573,アジャイルメディア・ネットワーク,サービス業,鹿内信隆,,,,photos_2/6573_アジャイルメディア・ネットワーク/history/02_鹿内信隆/photo_01.jpg,✓,,history,
6573,アジャイルメディア・ネットワーク,サービス業,浅野賢澄,,,,photos_2/6573_アジャイルメディア・ネットワーク/history/03_浅野賢澄/photo_01.jpg,✓,,history,
6573,アジャイルメディア・ネットワーク,サービス業,石田達郎,,,,photos_2/6573_アジャイルメディア・ネットワーク/history/04_石田達郎/photo_01.jpg,✓,,history,
6573,アジャイルメディア・ネットワーク,サービス業,羽佐間重彰,,,,photos_2/6573_アジャイルメディア・ネットワーク/history/05_羽佐間重彰/photo_01.jpg,✓,,history,
6573,アジャイルメディア・ネットワーク,サービス業,日枝久,,,,photos_3/6573_アジャイルメディア・ネットワーク/history/06_日枝久/photo_01.jpg,✓,✓,history,
6573,アジャイルメディア・ネットワーク,サービス業,村上光一,,,,photos_3/6573_アジャイルメディア・ネットワーク/history/07_村上光一/photo_01.jpg,✓,✓,history,
6573,アジャイルメディア・ネットワーク,サービス業,豊田皓,,,,photos_2/6573_アジャイルメディア・ネットワーク/history/08_豊田皓/photo_01.jpg,✓,,history,
6573,アジャイルメディア・ネットワーク,サービス業,亀山千広,,,,photos_3/6573_アジャイルメディア・ネットワーク/history/09_亀山千広/photo_01.jpg,✓,✓,history,
6573,アジャイルメディア・ネットワーク,サービス業,宮内正喜,,,,,,,history,
6573,アジャイルメディア・ネットワーク,サービス業,遠藤龍之介,,,,photos_2/6573_アジャイルメディア・ネットワーク/history/11_遠藤龍之介/photo_01.jpg,✓,,history,
6573,アジャイルメディア・ネットワーク,サービス業,金光修,,,,photos_3/6573_アジャイルメディア・ネットワーク/history/12_金光修/photo_01.jpg,✓,✓,history,
6573,アジャイルメディア・ネットワーク,サービス業,港浩一,,,,,,,history,
6573,アジャイルメディア・ネットワーク,サービス業,清水賢治,,,,photos_3/6573_アジャイルメディア・ネットワーク/history/14_清水賢治/photo_01.jpg,✓,✓,history,
6574,コンヴァノ,サービス業,,,,,,,,missing,要調査
6577,ベストワンドットコム,サービス業,野本 洋平,2026/02/17,（現在）,,photos_3/6577_ベストワンドットコム/current/photo_01.jpg,✓,✓,current,
6578,コレックホールディングス,サービス業,現職,,,,photos_2/6578_コレックホールディングス/history/01_現職/photo_01.jpg,✓,,history,
6579,ログリー,サービス業,水野成夫,,,,photos_2/6579_ログリー/history/01_水野成夫/photo_01.jpg,✓,,history,
6579,ログリー,サービス業,鹿内信隆,,,,,,,history,
6579,ログリー,サービス業,浅野賢澄,,,,photos_3/6579_ログリー/history/03_浅野賢澄/photo_01.jpg,✓,✓,history,
6579,ログリー,サービス業,石田達郎,,,,photos_3/6579_ログリー/history/04_石田達郎/photo_01.jpg,✓,✓,history,
6579,ログリー,サービス業,羽佐間重彰,,,,photos_2/6579_ログリー/history/05_羽佐間重彰/photo_01.jpg,✓,,history,
6579,ログリー,サービス業,日枝久,,,,photos_3/6579_ログリー/history/06_日枝久/photo_01.jpg,✓,✓,history,
6579,ログリー,サービス業,村上光一,,,,photos_3/6579_ログリー/history/07_村上光一/photo_01.jpg,✓,✓,history,
6579,ログリー,サービス業,豊田皓,,,,photos_3/6579_ログリー/history/08_豊田皓/photo_01.jpg,✓,✓,history,
6579,ログリー,サービス業,亀山千広,,,,photos_2/6579_ログリー/history/09_亀山千広/photo_01.jpg,✓,,history,
6579,ログリー,サービス業,宮内正喜,,,,,,,history,
6579,ログリー,サービス業,遠藤龍之介,,,,photos_3/6579_ログリー/history/11_遠藤龍之介/photo_01.jpg,✓,✓,history,
6579,ログリー,サービス業,金光修,,,,photos_3/6579_ログリー/history/12_金光修/photo_01.jpg,✓,✓,history,
6579,ログリー,サービス業,港浩一,,,,photos_3/6579_ログリー/history/13_港浩一/photo_01.jpg,✓,✓,history,
6579,ログリー,サービス業,清水賢治,,,,photos_3/6579_ログリー/history/14_清水賢治/photo_01.jpg,✓,✓,history,
6580,ライトアップ,サービス業,,,,,,,,missing,要調査
6584,三櫻工業,輸送用機器,竹田 陽三,2025年6月,（現在）,,photos_3/6584_三櫻工業/current/photo_01.jpg,✓,✓,current,
6586,マキタ,機械,後藤 宗利,,（現在）,,,,,current,
6588,東芝テック,電気機器,石坂泰三,1949-04-01,1957-11-01,8.59,photos_2/6588_東芝テック/history/01_石坂泰三/photo_01.jpg,✓,,history,
6588,東芝テック,電気機器,岩下文雄,1957-11-01,1965-05-01,7.5,photos_3/6588_東芝テック/history/02_岩下文雄/photo_01.jpg,✓,✓,history,
6588,東芝テック,電気機器,土光敏夫,1965-05-01,1972-08-01,7.25,photos_3/6588_東芝テック/history/03_土光敏夫/photo_01.jpg,✓,✓,history,
6588,東芝テック,電気機器,玉置敬三,1972-08-01,,,photos_3/6588_東芝テック/history/04_玉置敬三/photo_01.jpg,✓,✓,history,
6588,東芝テック,電気機器,岩田弐夫,,,,photos_3/6588_東芝テック/history/05_岩田弐夫/photo_01.jpg,✓,✓,history,
6588,東芝テック,電気機器,佐波正一,1986-04-01,,,photos_3/6588_東芝テック/history/06_佐波正一/photo_01.jpg,✓,✓,history,
6588,東芝テック,電気機器,渡里杉一郎,1986-04-01,1987-07-01,1.25,photos_3/6588_東芝テック/history/07_渡里杉一郎/photo_01.jpg,✓,✓,history,
6588,東芝テック,電気機器,青井舒一,1987-07-01,1992-06-01,4.92,photos_3/6588_東芝テック/history/08_青井舒一/photo_01.jpg,✓,✓,history,
6588,東芝テック,電気機器,佐藤文夫,1992-06-01,1996-06-01,4.0,photos_3/6588_東芝テック/history/09_佐藤文夫/photo_01.jpg,✓,✓,history,
6588,東芝テック,電気機器,西室泰三,1996-06-01,2000-06-01,4.0,photos_3/6588_東芝テック/history/10_西室泰三/photo_01.jpg,✓,✓,history,
6588,東芝テック,電気機器,岡村正,2000-06-01,2005-06-01,5.0,photos_2/6588_東芝テック/history/11_岡村正/photo_01.jpg,✓,,history,
6588,東芝テック,電気機器,西田厚聰,2005-06-01,2009-06-01,4.0,photos_3/6588_東芝テック/history/12_西田厚聰/photo_01.jpg,✓,✓,history,
6588,東芝テック,電気機器,田中久雄,2013-06-01,2015-07-01,2.08,photos_3/6588_東芝テック/history/13_田中久雄/photo_01.jpg,✓,✓,history,
6588,東芝テック,電気機器,室町正志,2015-07-01,2016-06-01,0.92,photos_3/6588_東芝テック/history/14_室町正志/photo_01.jpg,✓,✓,history,
6588,東芝テック,電気機器,綱川智,2016-06-01,2020-03-01,3.75,photos_3/6588_東芝テック/history/15_綱川智/photo_01.jpg,✓,✓,history,
6588,東芝テック,電気機器,車谷暢昭,2020-04-01,2021-04-01,1.0,photos_3/6588_東芝テック/history/16_車谷暢昭/photo_01.jpg,✓,✓,history,
6588,東芝テック,電気機器,島田太郎,2022-03-01,,,photos_3/6588_東芝テック/history/17_島田太郎/photo_01.jpg,✓,✓,history,
6590,芝浦メカトロニクス,電気機器,石坂泰三,1949-04-01,1957-11-01,8.59,photos_2/6590_芝浦メカトロニクス/history/01_石坂泰三/photo_01.jpg,✓,,history,
6590,芝浦メカトロニクス,電気機器,岩下文雄,1957-11-01,1965-05-01,7.5,,,,history,
6590,芝浦メカトロニクス,電気機器,土光敏夫,1965-05-01,1972-08-01,7.25,photos_3/6590_芝浦メカトロニクス/history/03_土光敏夫/photo_01.jpg,✓,✓,history,
6590,芝浦メカトロニクス,電気機器,玉置敬三,1972-08-01,,,,,,history,
6590,芝浦メカトロニクス,電気機器,岩田弐夫,,,,photos_3/6590_芝浦メカトロニクス/history/05_岩田弐夫/photo_01.jpg,✓,✓,history,
6590,芝浦メカトロニクス,電気機器,佐波正一,1986-04-01,,,photos_3/6590_芝浦メカトロニクス/history/06_佐波正一/photo_01.jpg,✓,✓,history,
6590,芝浦メカトロニクス,電気機器,渡里杉一郎,1986-04-01,1987-07-01,1.25,photos_3/6590_芝浦メカトロニクス/history/07_渡里杉一郎/photo_01.jpg,✓,✓,history,
6590,芝浦メカトロニクス,電気機器,青井舒一,1987-07-01,1992-06-01,4.92,photos_3/6590_芝浦メカトロニクス/history/08_青井舒一/photo_01.jpg,✓,✓,history,
6590,芝浦メカトロニクス,電気機器,佐藤文夫,1992-06-01,1996-06-01,4.0,photos_3/6590_芝浦メカトロニクス/history/09_佐藤文夫/photo_01.jpg,✓,✓,history,
6590,芝浦メカトロニクス,電気機器,西室泰三,1996-06-01,2000-06-01,4.0,photos_2/6590_芝浦メカトロニクス/history/10_西室泰三/photo_01.jpg,✓,,history,
6590,芝浦メカトロニクス,電気機器,岡村正,2000-06-01,2005-06-01,5.0,,,,history,
6590,芝浦メカトロニクス,電気機器,西田厚聰,2005-06-01,2009-06-01,4.0,photos_3/6590_芝浦メカトロニクス/history/12_西田厚聰/photo_01.jpg,✓,✓,history,
6590,芝浦メカトロニクス,電気機器,田中久雄,2013-06-01,2015-07-01,2.08,photos_3/6590_芝浦メカトロニクス/history/13_田中久雄/photo_01.jpg,✓,✓,history,
6590,芝浦メカトロニクス,電気機器,室町正志,2015-07-01,2016-06-01,0.92,photos_3/6590_芝浦メカトロニクス/history/14_室町正志/photo_01.jpg,✓,✓,history,
6590,芝浦メカトロニクス,電気機器,綱川智,2016-06-01,2020-03-01,3.75,photos_3/6590_芝浦メカトロニクス/history/15_綱川智/photo_01.jpg,✓,✓,history,
6590,芝浦メカトロニクス,電気機器,車谷暢昭,2020-04-01,2021-04-01,1.0,photos_3/6590_芝浦メカトロニクス/history/16_車谷暢昭/photo_01.jpg,✓,✓,history,
6590,芝浦メカトロニクス,電気機器,島田太郎,2022-03-01,,,photos_3/6590_芝浦メカトロニクス/history/17_島田太郎/photo_01.jpg,✓,✓,history,
6592,マブチモーター,電気機器,会長 大越,,（現在）,,photos_3/6592_マブチモーター/current/photo_01.jpg,✓,✓,current,
6594,ニデック,電気機器,岸田　光哉,,（現在）,,photos_3/6594_ニデック/current/photo_01.jpg,✓,✓,current,
6597,HPCシステムズ,電気機器,大阪鐵工所,,,,photos_2/6597_HPCシステムズ/history/01_大阪鐵工所/photo_01.jpg,✓,,history,
6597,HPCシステムズ,電気機器,山岡順太郎,1914-03-01,1915-01-29,0.91,photos_2/6597_HPCシステムズ/history/02_山岡順太郎/photo_01.jpg,✓,,history,
6597,HPCシステムズ,電気機器,山口力,,,,photos_3/6597_HPCシステムズ/history/03_山口力/photo_01.jpg,✓,✓,history,
6597,HPCシステムズ,電気機器,中山説太郎,,,,photos_3/6597_HPCシステムズ/history/04_中山説太郎/photo_01.jpg,✓,✓,history,
6597,HPCシステムズ,電気機器,津村秀松,,,,photos_2/6597_HPCシステムズ/history/05_津村秀松/photo_01.jpg,✓,,history,
6597,HPCシステムズ,電気機器,飯島幡司,,,,photos_3/6597_HPCシステムズ/history/06_飯島幡司/photo_01.jpg,✓,✓,history,
6597,HPCシステムズ,電気機器,鮎川義介,,,,photos_3/6597_HPCシステムズ/history/07_鮎川義介/photo_01.jpg,✓,✓,history,
6597,HPCシステムズ,電気機器,原田六郎,,,,,,,history,
6597,HPCシステムズ,電気機器,六角三郎,1936-02-01,1943-03-10,7.1,,,,history,
6597,HPCシステムズ,電気機器,日立造船,,,,photos_2/6597_HPCシステムズ/history/10_日立造船/photo_01.jpg,✓,,history,
6597,HPCシステムズ,電気機器,出田孝行,1947-04-01,1950-05-30,3.16,,,,history,
6597,HPCシステムズ,電気機器,松原與三松,1950-05-01,1962-11-30,12.58,photos_3/6597_HPCシステムズ/history/12_松原與三松/photo_01.jpg,✓,✓,history,
6597,HPCシステムズ,電気機器,永田敬生,1962-11-01,1979-06-29,16.66,,,,history,
6597,HPCシステムズ,電気機器,木下昌雄,1979-06-01,1979-06-29,0.08,,,,history,
6597,HPCシステムズ,電気機器,村山利雄,,,,photos_3/6597_HPCシステムズ/history/15_村山利雄/photo_01.jpg,✓,✓,history,
6597,HPCシステムズ,電気機器,藤井義弘,,,,photos_3/6597_HPCシステムズ/history/16_藤井義弘/photo_01.jpg,✓,✓,history,
6597,HPCシステムズ,電気機器,南維三,,,,photos_3/6597_HPCシステムズ/history/17_南維三/photo_01.jpg,✓,✓,history,
6597,HPCシステムズ,電気機器,重藤毅直,,,,photos_3/6597_HPCシステムズ/history/18_重藤毅直/photo_01.jpg,✓,✓,history,
6597,HPCシステムズ,電気機器,古川実,,,,photos_3/6597_HPCシステムズ/history/19_古川実/photo_01.jpg,✓,✓,history,
6597,HPCシステムズ,電気機器,谷所敬,,,,photos_3/6597_HPCシステムズ/history/20_谷所敬/photo_01.jpg,✓,✓,history,
6599,エブレン,電気機器,上村正人,,（現在）,,photos_3/6599_エブレン/current/photo_01.jpg,✓,✓,current,
6612,バルミューダ,電気機器,宮木男也,1959-04-01,,,photos_3/6612_バルミューダ/history/01_宮木男也/photo_01.jpg,✓,✓,history,
6612,バルミューダ,電気機器,青山政次,1964-04-01,1966-05-23,2.14,photos_3/6612_バルミューダ/history/02_青山政次/photo_01.jpg,✓,✓,history,
6612,バルミューダ,電気機器,稲盛和夫,1966-05-01,1986-09-30,20.42,photos_2/6612_バルミューダ/history/03_稲盛和夫/photo_01.jpg,✓,,history,
6612,バルミューダ,電気機器,安城欽寿,1986-10-01,1989-06-01,2.67,photos_3/6612_バルミューダ/history/04_安城欽寿/photo_01.jpg,✓,✓,history,
6612,バルミューダ,電気機器,伊藤謙介,1989-06-01,1999-06-29,10.08,,,,history,
6612,バルミューダ,電気機器,西口泰夫,1999-06-01,2005-06-28,6.08,photos_3/6612_バルミューダ/history/06_西口泰夫/photo_01.jpg,✓,✓,history,
6612,バルミューダ,電気機器,川村誠,2005-06-01,2009-03-31,3.83,photos_3/6612_バルミューダ/history/07_川村誠/photo_01.jpg,✓,✓,history,
6612,バルミューダ,電気機器,久芳徹夫,2009-04-01,2013-03-31,4.0,,,,history,
6612,バルミューダ,電気機器,山口悟郎,2013-04-01,2017-03-31,4.0,photos_3/6612_バルミューダ/history/09_山口悟郎/photo_01.jpg,✓,✓,history,
6612,バルミューダ,電気機器,谷本秀夫,2017-04-01,2026-03-31,9.0,photos_3/6612_バルミューダ/history/10_谷本秀夫/photo_01.jpg,✓,✓,history,
6612,バルミューダ,電気機器,作島史朗,2017-04-01,,,photos_3/6612_バルミューダ/history/11_作島史朗/photo_01.jpg,✓,✓,history,
6613,QDレーザ,電気機器,,,,,,,,missing,要調査
6614,シキノハイテック,電気機器,髙橋　信一,,（現在）,,photos_3/6614_シキノハイテック/current/photo_01.jpg,✓,✓,current,
6615,ユー・エム・シー・エレクトロニクス,電気機器,,,,,,,,missing,要調査
6616,トレックス・セミコンダクター,電気機器,,,,,,,,missing,要調査
6617,東光高岳,電気機器,瀬　貴士,,（現在）,,photos_3/6617_東光高岳/current/photo_01.jpg,✓,✓,current,
6617,東光高岳,電気機器,安蔵弥輔,,,,photos_2/6617_東光高岳/history/01_安蔵弥輔/photo_01.jpg,✓,,history,
6617,東光高岳,電気機器,高井亮太郎,1952-09-01,,,photos_2/6617_東光高岳/history/02_高井亮太郎/photo_01.jpg,✓,,history,
6617,東光高岳,電気機器,青木均一,,,,photos_2/6617_東光高岳/history/03_青木均一/photo_01.jpg,✓,,history,
6617,東光高岳,電気機器,木川田一隆,,,,photos_2/6617_東光高岳/history/04_木川田一隆/photo_01.jpg,✓,,history,
6617,東光高岳,電気機器,水野久男,,,,photos_2/6617_東光高岳/history/05_水野久男/photo_01.jpg,✓,,history,
6617,東光高岳,電気機器,平岩外四,,,,photos_3/6617_東光高岳/history/06_平岩外四/photo_01.jpg,✓,✓,history,
6617,東光高岳,電気機器,那須翔,1984-06-01,,,photos_3/6617_東光高岳/history/07_那須翔/photo_01.jpg,✓,✓,history,
6617,東光高岳,電気機器,荒木浩,1993-06-01,,,photos_3/6617_東光高岳/history/08_荒木浩/photo_01.jpg,✓,✓,history,
6617,東光高岳,電気機器,南直哉,1999-04-01,,,photos_3/6617_東光高岳/history/09_南直哉/photo_01.jpg,✓,✓,history,
6617,東光高岳,電気機器,勝俣恒久,2002-09-01,,,photos_2/6617_東光高岳/history/10_勝俣恒久/photo_01.jpg,✓,,history,
6617,東光高岳,電気機器,清水正孝,2008-06-01,,,photos_3/6617_東光高岳/history/11_清水正孝/photo_01.jpg,✓,✓,history,
6617,東光高岳,電気機器,西澤俊夫,2012-06-01,,,photos_2/6617_東光高岳/history/12_西澤俊夫/photo_01.jpg,✓,,history,
6617,東光高岳,電気機器,廣瀬直己,2012-06-01,,,,,,history,
6617,東光高岳,電気機器,小早川智明,2017-06-01,,,photos_2/6617_東光高岳/history/14_小早川智明/photo_01.jpg,✓,,history,
6617,東光高岳,電気機器,新木栄吉,,,,photos_2/6617_東光高岳/history/15_新木栄吉/photo_01.jpg,✓,,history,
6617,東光高岳,電気機器,新井章治,,,,photos_3/6617_東光高岳/history/16_新井章治/photo_01.jpg,✓,✓,history,
6617,東光高岳,電気機器,菅礼之助,,,,photos_3/6617_東光高岳/history/17_菅礼之助/photo_01.jpg,✓,✓,history,
6617,東光高岳,電気機器,田村滋美,,,,photos_2/6617_東光高岳/history/18_田村滋美/photo_01.jpg,✓,,history,
6617,東光高岳,電気機器,下河邉和彦,,,,photos_3/6617_東光高岳/history/19_下河邉和彦/photo_01.jpg,✓,✓,history,
6617,東光高岳,電気機器,数土文夫,,,,photos_3/6617_東光高岳/history/20_数土文夫/photo_01.jpg,✓,✓,history,
6619,ダブル・スコープ,電気機器,客様,2005年10月,（現在）,,photos_3/6619_ダブル・スコープ/current/photo_01.jpg,✓,✓,current,
6619,ダブル・スコープ,電気機器,山内房治郎,,,,photos_2/6619_ダブル・スコープ/history/01_山内房治郎/photo_01.jpg,✓,,history,
6619,ダブル・スコープ,電気機器,山内積良,,,,photos_2/6619_ダブル・スコープ/history/02_山内積良/photo_01.jpg,✓,,history,
6619,ダブル・スコープ,電気機器,山内溥,,,,photos_2/6619_ダブル・スコープ/history/03_山内溥/photo_01.jpg,✓,,history,
6619,ダブル・スコープ,電気機器,岩田聡,,,,photos_3/6619_ダブル・スコープ/history/04_岩田聡/photo_01.jpg,✓,✓,history,
6619,ダブル・スコープ,電気機器,君島達己,,,,,,,history,
6619,ダブル・スコープ,電気機器,古川俊太郎,,,,photos_3/6619_ダブル・スコープ/history/06_古川俊太郎/photo_01.jpg,✓,✓,history,
6620,宮越ホールディングス,不動産業,未来,2025年12月,（現在）,,photos_3/6620_宮越ホールディングス/current/photo_01.jpg,✓,✓,current,
6620,宮越ホールディングス,不動産業,小汀利得,,,,photos_2/6620_宮越ホールディングス/history/01_小汀利得/photo_01.jpg,✓,,history,
6620,宮越ホールディングス,不動産業,小田嶋定吉,,,,photos_3/6620_宮越ホールディングス/history/02_小田嶋定吉/photo_01.jpg,✓,✓,history,
6620,宮越ホールディングス,不動産業,萬直次,,,,photos_3/6620_宮越ホールディングス/history/03_萬直次/photo_01.jpg,✓,✓,history,
6620,宮越ホールディングス,不動産業,圓城寺次郎,,,,photos_3/6620_宮越ホールディングス/history/04_圓城寺次郎/photo_01.jpg,✓,✓,history,
6620,宮越ホールディングス,不動産業,大軒順三,,,,photos_3/6620_宮越ホールディングス/history/05_大軒順三/photo_01.jpg,✓,✓,history,
6620,宮越ホールディングス,不動産業,森田康,,,,photos_3/6620_宮越ホールディングス/history/06_森田康/photo_01.jpg,✓,✓,history,
6620,宮越ホールディングス,不動産業,新井明,,,,photos_3/6620_宮越ホールディングス/history/07_新井明/photo_01.jpg,✓,✓,history,
6620,宮越ホールディングス,不動産業,鶴田卓彦,,,,photos_3/6620_宮越ホールディングス/history/08_鶴田卓彦/photo_01.jpg,✓,✓,history,
6620,宮越ホールディングス,不動産業,杉田亮毅,,,,photos_2/6620_宮越ホールディングス/history/09_杉田亮毅/photo_01.jpg,✓,,history,
6620,宮越ホールディングス,不動産業,喜多恒雄,,,,photos_3/6620_宮越ホールディングス/history/10_喜多恒雄/photo_01.jpg,✓,✓,history,
6620,宮越ホールディングス,不動産業,岡田直敏,,,,photos_3/6620_宮越ホールディングス/history/11_岡田直敏/photo_01.jpg,✓,✓,history,
6620,宮越ホールディングス,不動産業,長谷部剛,,,,,,,history,
6620,宮越ホールディングス,不動産業,飯田展久,,,,photos_3/6620_宮越ホールディングス/history/13_飯田展久/photo_01.jpg,✓,✓,history,
6622,ダイヘン,電気機器,,,,,,,,missing,要調査
6625,JALCOホールディングス,不動産業,,,,,,,,missing,要調査
6626,SEMITEC,電気機器,,,,,,,,missing,要調査
6627,テラプローブ,電気機器,,,,,,,,missing,要調査
6629,テクノホライゾン,電気機器,,,,,,,,missing,要調査
6630,ヤーマン,電気機器,革新的挑,,（現在）,,photos_3/6630_ヤーマン/current/photo_01.jpg,✓,✓,current,
6632,JVCケンウッド,電気機器,"職名
氏",2025年6月,（現在）,,photos_3/6632_JVCケンウッド/current/photo_01.jpg,✓,✓,current,
6633,CGSホールディングス,電気機器,企業情,2007年7月,（現在）,,photos_3/6633_CGSホールディングス/current/photo_01.jpg,✓,✓,current,
6633,CGSホールディングス,電気機器,藤井深造,1964-06-01,1965-05-01,0.91,photos_2/6633_CGSホールディングス/history/01_藤井深造/photo_01.jpg,✓,,history,
6633,CGSホールディングス,電気機器,河野文彦,1965-05-01,,,photos_3/6633_CGSホールディングス/history/02_河野文彦/photo_01.jpg,✓,✓,history,
6633,CGSホールディングス,電気機器,牧田與一郎,1969-05-01,1971-02-01,1.75,photos_3/6633_CGSホールディングス/history/03_牧田與一郎/photo_01.jpg,✓,✓,history,
6633,CGSホールディングス,電気機器,古賀繁一,1971-12-01,1973-05-01,1.42,photos_3/6633_CGSホールディングス/history/04_古賀繁一/photo_01.jpg,✓,✓,history,
6633,CGSホールディングス,電気機器,守屋学治,1973-05-01,1977-06-01,4.08,photos_3/6633_CGSホールディングス/history/05_守屋学治/photo_01.jpg,✓,✓,history,
6633,CGSホールディングス,電気機器,金森政雄,1977-06-01,1981-06-01,4.0,photos_3/6633_CGSホールディングス/history/06_金森政雄/photo_01.jpg,✓,✓,history,
6633,CGSホールディングス,電気機器,末永聡一郎,1981-06-01,1985-06-01,4.0,photos_3/6633_CGSホールディングス/history/07_末永聡一郎/photo_01.jpg,✓,✓,history,
6633,CGSホールディングス,電気機器,飯田庸太郎,,,,photos_3/6633_CGSホールディングス/history/08_飯田庸太郎/photo_01.jpg,✓,✓,history,
6633,CGSホールディングス,電気機器,相川賢太郎,,,,photos_3/6633_CGSホールディングス/history/09_相川賢太郎/photo_01.jpg,✓,✓,history,
6633,CGSホールディングス,電気機器,増田信行,,,,photos_3/6633_CGSホールディングス/history/10_増田信行/photo_01.jpg,✓,✓,history,
6633,CGSホールディングス,電気機器,西岡喬,,,,photos_2/6633_CGSホールディングス/history/11_西岡喬/photo_01.jpg,✓,,history,
6633,CGSホールディングス,電気機器,佃和夫,,,,photos_2/6633_CGSホールディングス/history/12_佃和夫/photo_01.jpg,✓,,history,
6633,CGSホールディングス,電気機器,大宮英明,,,,photos_3/6633_CGSホールディングス/history/13_大宮英明/photo_01.jpg,✓,✓,history,
6633,CGSホールディングス,電気機器,宮永俊一,,,,photos_2/6633_CGSホールディングス/history/14_宮永俊一/photo_01.jpg,✓,,history,
6633,CGSホールディングス,電気機器,泉澤清次,,,,photos_2/6633_CGSホールディングス/history/15_泉澤清次/photo_01.jpg,✓,,history,
6633,CGSホールディングス,電気機器,伊藤栄作,,,,photos_3/6633_CGSホールディングス/history/16_伊藤栄作/photo_01.jpg,✓,✓,history,
6634,ネクスグループ,電気機器,,,,,,,,missing,要調査
6635,大日光・エンジニアリング,電気機器,,,,,,,,missing,要調査
6637,寺崎電気産業,電気機器,次代,,（現在）,,photos_3/6637_寺崎電気産業/current/photo_01.jpg,✓,✓,current,
6638,ミマキエンジニアリング,電気機器,池田 和明,2026年３月,（現在）,,photos_3/6638_ミマキエンジニアリング/current/photo_01.jpg,✓,✓,current,
6643,戸上電機製作所,電気機器,川上源一,,,,photos_3/6643_戸上電機製作所/history/01_川上源一/photo_01.jpg,✓,✓,history,
6643,戸上電機製作所,電気機器,小池久雄,,,,photos_3/6643_戸上電機製作所/history/02_小池久雄/photo_01.jpg,✓,✓,history,
6643,戸上電機製作所,電気機器,江口秀人,,,,,,,history,
6643,戸上電機製作所,電気機器,長谷川武彦,,,,,,,history,
6643,戸上電機製作所,電気機器,長谷川至,,,,photos_3/6643_戸上電機製作所/history/05_長谷川至/photo_01.jpg,✓,✓,history,
6643,戸上電機製作所,電気機器,梶川隆,,,,photos_3/6643_戸上電機製作所/history/06_梶川隆/photo_01.jpg,✓,✓,history,
6643,戸上電機製作所,電気機器,戸上常司,,,,photos_3/6643_戸上電機製作所/history/07_戸上常司/photo_01.jpg,✓,✓,history,
6643,戸上電機製作所,電気機器,柳弘之,,,,photos_3/6643_戸上電機製作所/history/08_柳弘之/photo_01.jpg,✓,✓,history,
6643,戸上電機製作所,電気機器,日髙祥博,,,,photos_3/6643_戸上電機製作所/history/09_日髙祥博/photo_01.jpg,✓,✓,history,
6643,戸上電機製作所,電気機器,渡部克明,,,,photos_3/6643_戸上電機製作所/history/10_渡部克明/photo_01.jpg,✓,✓,history,
6643,戸上電機製作所,電気機器,設楽元文,,,,photos_3/6643_戸上電機製作所/history/11_設楽元文/photo_01.jpg,✓,✓,history,
6644,大崎電気工業,電気機器,装置 取扱説,2025年10月,（現在）,,photos_3/6644_大崎電気工業/current/photo_01.jpg,✓,✓,current,
6644,大崎電気工業,電気機器,沖電気,,,,photos_2/6644_大崎電気工業/history/01_沖電気/photo_01.jpg,✓,,history,
6644,大崎電気工業,電気機器,浅野総一郎,1912-08-01,1930-11-09,18.27,photos_3/6644_大崎電気工業/history/02_浅野総一郎/photo_01.jpg,✓,✓,history,
6644,大崎電気工業,電気機器,浅野泰治郎,1930-12-01,,,photos_3/6644_大崎電気工業/history/03_浅野泰治郎/photo_01.jpg,✓,✓,history,
6644,大崎電気工業,電気機器,小沢仙吉,1944-04-01,1945-11-01,1.59,photos_3/6644_大崎電気工業/history/04_小沢仙吉/photo_01.jpg,✓,✓,history,
6644,大崎電気工業,電気機器,楊井勇三,1945-11-01,1947-08-01,1.75,photos_3/6644_大崎電気工業/history/05_楊井勇三/photo_01.jpg,✓,✓,history,
6644,大崎電気工業,電気機器,井上良治,1947-08-01,1948-08-01,1.0,photos_3/6644_大崎電気工業/history/06_井上良治/photo_01.jpg,✓,✓,history,
6644,大崎電気工業,電気機器,神戸捨二,1949-04-01,1949-11-01,0.59,photos_3/6644_大崎電気工業/history/07_神戸捨二/photo_01.jpg,✓,✓,history,
6644,大崎電気工業,電気機器,森章,1966-01-01,1972-11-01,6.83,photos_3/6644_大崎電気工業/history/08_森章/photo_01.jpg,✓,✓,history,
6644,大崎電気工業,電気機器,山本正明,1972-11-01,1978-04-01,5.41,photos_3/6644_大崎電気工業/history/09_山本正明/photo_01.jpg,✓,✓,history,
6644,大崎電気工業,電気機器,三宅正男,1978-04-01,1982-05-01,4.08,photos_3/6644_大崎電気工業/history/10_三宅正男/photo_01.jpg,✓,✓,history,
6644,大崎電気工業,電気機器,橋本南海男,1982-05-01,1988-06-01,6.09,photos_3/6644_大崎電気工業/history/11_橋本南海男/photo_01.jpg,✓,✓,history,
6644,大崎電気工業,電気機器,小杉信光,1988-06-01,1992-10-01,4.33,photos_2/6644_大崎電気工業/history/12_小杉信光/photo_01.jpg,✓,,history,
6644,大崎電気工業,電気機器,神宮司順,1992-10-01,1995-08-01,2.83,photos_3/6644_大崎電気工業/history/13_神宮司順/photo_01.jpg,✓,✓,history,
6644,大崎電気工業,電気機器,沢村紫光,1995-08-01,1998-06-01,2.83,photos_2/6644_大崎電気工業/history/14_沢村紫光/photo_01.jpg,✓,,history,
6644,大崎電気工業,電気機器,篠塚勝正,1998-06-01,,,photos_3/6644_大崎電気工業/history/15_篠塚勝正/photo_01.jpg,✓,✓,history,
6644,大崎電気工業,電気機器,川崎秀一,,,,photos_3/6644_大崎電気工業/history/16_川崎秀一/photo_01.jpg,✓,✓,history,
6644,大崎電気工業,電気機器,鎌上信也,,,,photos_3/6644_大崎電気工業/history/17_鎌上信也/photo_01.jpg,✓,✓,history,
6644,大崎電気工業,電気機器,森孝廣,,,,photos_3/6644_大崎電気工業/history/18_森孝廣/photo_01.jpg,✓,✓,history,
6645,オムロン,電気機器,立石電機,,,,photos_2/6645_オムロン/history/01_立石電機/photo_01.jpg,✓,,history,
6645,オムロン,電気機器,立石一真,,,,,,,history,
6645,オムロン,電気機器,立石孝雄,,,,photos_3/6645_オムロン/history/03_立石孝雄/photo_01.jpg,✓,✓,history,
6645,オムロン,電気機器,立石義雄,,,,photos_3/6645_オムロン/history/04_立石義雄/photo_01.jpg,✓,✓,history,
6645,オムロン,電気機器,オムロン,,,,photos_3/6645_オムロン/history/05_オムロン/photo_01.jpg,✓,✓,history,
6645,オムロン,電気機器,作田久男,,,,photos_3/6645_オムロン/history/06_作田久男/photo_01.jpg,✓,✓,history,
6645,オムロン,電気機器,山田義仁,,,,photos_3/6645_オムロン/history/07_山田義仁/photo_01.jpg,✓,✓,history,
6645,オムロン,電気機器,辻永順太,,,,photos_3/6645_オムロン/history/08_辻永順太/photo_01.jpg,✓,✓,history,
6647,森尾電機,電気機器,,,,,,,,missing,要調査
6648,かわでん,電気機器,山内房治郎,,,,photos_2/6648_かわでん/history/01_山内房治郎/photo_01.jpg,✓,,history,
6648,かわでん,電気機器,山内積良,,,,photos_2/6648_かわでん/history/02_山内積良/photo_01.jpg,✓,,history,
6648,かわでん,電気機器,山内溥,,,,photos_2/6648_かわでん/history/03_山内溥/photo_01.jpg,✓,,history,
6648,かわでん,電気機器,岩田聡,,,,photos_3/6648_かわでん/history/04_岩田聡/photo_01.jpg,✓,✓,history,
6648,かわでん,電気機器,君島達己,,,,photos_3/6648_かわでん/history/05_君島達己/photo_01.jpg,✓,✓,history,
6648,かわでん,電気機器,古川俊太郎,,,,photos_3/6648_かわでん/history/06_古川俊太郎/photo_01.jpg,✓,✓,history,
6651,日東工業,電気機器,日東電気工業,,,,photos_3/6651_日東工業/history/01_日東電気工業/photo_01.jpg,✓,✓,history,
6651,日東工業,電気機器,不詳,,,,photos_2/6651_日東工業/history/02_不詳/photo_01.jpg,✓,,history,
6651,日東工業,電気機器,皆川利男,1955-05-01,,,photos_3/6651_日東工業/history/03_皆川利男/photo_01.jpg,✓,✓,history,
6651,日東工業,電気機器,土方三郎,1974-06-01,,,photos_3/6651_日東工業/history/04_土方三郎/photo_01.jpg,✓,✓,history,
6651,日東工業,電気機器,鎌居五朗,1985-06-01,,,photos_3/6651_日東工業/history/05_鎌居五朗/photo_01.jpg,✓,✓,history,
6651,日東工業,電気機器,日東電工,,,,photos_3/6651_日東工業/history/06_日東電工/photo_01.jpg,✓,✓,history,
6651,日東工業,電気機器,山本英樹,1996-06-01,,,photos_3/6651_日東工業/history/07_山本英樹/photo_01.jpg,✓,✓,history,
6651,日東工業,電気機器,竹本正道,,,,photos_3/6651_日東工業/history/08_竹本正道/photo_01.jpg,✓,✓,history,
6651,日東工業,電気機器,柳楽幸雄,,,,photos_3/6651_日東工業/history/09_柳楽幸雄/photo_01.jpg,✓,✓,history,
6651,日東工業,電気機器,赤木達哉,2026-04-01,,,photos_3/6651_日東工業/history/10_赤木達哉/photo_01.jpg,✓,✓,history,
6652,IDEC,電気機器,越寿三郎,1926-09-01,1930-05-01,3.66,photos_2/6652_IDEC/history/01_越寿三郎/photo_01.jpg,✓,,history,
6652,IDEC,電気機器,名取和作,1930-07-01,1931-05-01,0.83,photos_2/6652_IDEC/history/02_名取和作/photo_01.jpg,✓,,history,
6652,IDEC,電気機器,小坂順造,1931-05-01,1956-07-01,25.17,photos_3/6652_IDEC/history/03_小坂順造/photo_01.jpg,✓,✓,history,
6652,IDEC,電気機器,小坂徳三郎,1956-07-01,1971-07-01,15.0,photos_3/6652_IDEC/history/04_小坂徳三郎/photo_01.jpg,✓,✓,history,
6652,IDEC,電気機器,小林周蔵,1971-07-01,1975-08-01,4.08,,,,history,
6652,IDEC,電気機器,小田切新太郎,1974-07-01,1983-08-01,9.08,photos_3/6652_IDEC/history/06_小田切新太郎/photo_01.jpg,✓,✓,history,
6652,IDEC,電気機器,小坂雄太郎,1983-08-01,1990-08-01,7.0,photos_3/6652_IDEC/history/07_小坂雄太郎/photo_01.jpg,✓,✓,history,
6652,IDEC,電気機器,金川千尋,1990-08-01,2010-06-01,19.83,photos_3/6652_IDEC/history/08_金川千尋/photo_01.jpg,✓,✓,history,
6652,IDEC,電気機器,森俊三,2010-06-01,2016-06-01,6.0,,,,history,
6652,IDEC,電気機器,斉藤恭彦,2016-06-01,,,photos_3/6652_IDEC/history/10_斉藤恭彦/photo_01.jpg,✓,✓,history,
6653,正興電機製作所,電気機器,,,,,,,,missing,要調査
6654,不二電機工業,電気機器,,,,,,,,missing,要調査
6656,インスペック,電気機器,"简体
繁體",2026年1月,（現在）,,photos_3/6656_インスペック/current/photo_01.jpg,✓,✓,current,
6658,シライ電子工業,電気機器,本田 宗一郎,,,,photos_3/6658_シライ電子工業/history/01_本田_宗一郎/photo_01.jpg,✓,✓,history,
6658,シライ電子工業,電気機器,河島 喜好,1973-10-01,,,photos_3/6658_シライ電子工業/history/02_河島_喜好/photo_01.jpg,✓,✓,history,
6658,シライ電子工業,電気機器,久米 是志,1983-10-01,,,photos_3/6658_シライ電子工業/history/03_久米_是志/photo_01.jpg,✓,✓,history,
6658,シライ電子工業,電気機器,川本 信彦,,,,photos_3/6658_シライ電子工業/history/04_川本_信彦/photo_01.jpg,✓,✓,history,
6658,シライ電子工業,電気機器,吉野 浩行,,,,photos_3/6658_シライ電子工業/history/05_吉野_浩行/photo_01.jpg,✓,✓,history,
6658,シライ電子工業,電気機器,福井 威夫,,,,photos_3/6658_シライ電子工業/history/06_福井_威夫/photo_01.jpg,✓,✓,history,
6658,シライ電子工業,電気機器,伊東 孝紳,,,,photos_3/6658_シライ電子工業/history/07_伊東_孝紳/photo_01.jpg,✓,✓,history,
6658,シライ電子工業,電気機器,八郷 隆弘,,,,photos_3/6658_シライ電子工業/history/08_八郷_隆弘/photo_01.jpg,✓,✓,history,
6658,シライ電子工業,電気機器,三部 敏宏,,,,photos_3/6658_シライ電子工業/history/09_三部_敏宏/photo_01.jpg,✓,✓,history,
6659,メディアリンクス,電気機器,菅原　司,,（現在）,,photos_3/6659_メディアリンクス/current/photo_01.jpg,✓,✓,current,
6662,ユビテック,電気機器,,,,,,,,missing,要調査
6663,太洋テクノレックス,電気機器,創立,2025年12月,（現在）,,photos_3/6663_太洋テクノレックス/current/photo_01.jpg,✓,✓,current,
6664,オプトエレクトロニクス,電気機器,,,,,,,,missing,要調査
6666,リバーエレテック,電気機器,会長　若尾富,,（現在）,,photos_3/6666_リバーエレテック/current/photo_01.jpg,✓,✓,current,
6668,アドテック　プラズマ　テクノロジー,電気機器,早川徳次,,,,photos_3/6668_アドテック_プラズマ_テクノロジー/history/01_早川徳次/photo_01.jpg,✓,✓,history,
6668,アドテック　プラズマ　テクノロジー,電気機器,佐伯旭,,,,photos_3/6668_アドテック_プラズマ_テクノロジー/history/02_佐伯旭/photo_01.jpg,✓,✓,history,
6668,アドテック　プラズマ　テクノロジー,電気機器,辻晴雄,,,,photos_3/6668_アドテック_プラズマ_テクノロジー/history/03_辻晴雄/photo_01.jpg,✓,✓,history,
6668,アドテック　プラズマ　テクノロジー,電気機器,町田勝彦,,,,,,,history,
6668,アドテック　プラズマ　テクノロジー,電気機器,片山幹雄,,,,photos_3/6668_アドテック_プラズマ_テクノロジー/history/05_片山幹雄/photo_01.jpg,✓,✓,history,
6668,アドテック　プラズマ　テクノロジー,電気機器,奥田隆司,,,,photos_3/6668_アドテック_プラズマ_テクノロジー/history/06_奥田隆司/photo_01.jpg,✓,✓,history,
6668,アドテック　プラズマ　テクノロジー,電気機器,高橋興三,,,,photos_3/6668_アドテック_プラズマ_テクノロジー/history/07_高橋興三/photo_01.jpg,✓,✓,history,
6668,アドテック　プラズマ　テクノロジー,電気機器,戴正呉,,,,photos_3/6668_アドテック_プラズマ_テクノロジー/history/08_戴正呉/photo_01.jpg,✓,✓,history,
6668,アドテック　プラズマ　テクノロジー,電気機器,野村勝明,,,,photos_3/6668_アドテック_プラズマ_テクノロジー/history/09_野村勝明/photo_01.jpg,✓,✓,history,
6668,アドテック　プラズマ　テクノロジー,電気機器,呉柏勲,,,,photos_3/6668_アドテック_プラズマ_テクノロジー/history/10_呉柏勲/photo_01.jpg,✓,✓,history,
6668,アドテック　プラズマ　テクノロジー,電気機器,沖津雅浩,,,,photos_3/6668_アドテック_プラズマ_テクノロジー/history/11_沖津雅浩/photo_01.jpg,✓,✓,history,
6670,MCJ,電気機器,"会長
髙島",2005年9月,（現在）,,photos_3/6670_MCJ/current/photo_01.jpg,✓,✓,current,
6674,ジーエス・ユアサ　コーポレーション,電気機器,歴史,,（現在）,,photos_3/6674_ジーエス・ユアサ_コーポレーション/current/photo_01.jpg,✓,✓,current,
6674,ジーエス・ユアサ　コーポレーション,電気機器,井植歳男,,,,photos_2/6674_ジーエス・ユアサ_コーポレーション/history/01_井植歳男/photo_01.jpg,✓,✓,history,
6674,ジーエス・ユアサ　コーポレーション,電気機器,井植祐郎,,,,photos_3/6674_ジーエス・ユアサ_コーポレーション/history/02_井植祐郎/photo_01.jpg,✓,✓,history,
6674,ジーエス・ユアサ　コーポレーション,電気機器,井植薫,,,,,,,history,
6674,ジーエス・ユアサ　コーポレーション,電気機器,井植敏,,,,photos_3/6674_ジーエス・ユアサ_コーポレーション/history/04_井植敏/photo_01.jpg,✓,✓,history,
6674,ジーエス・ユアサ　コーポレーション,電気機器,高野泰明,,,,photos_3/6674_ジーエス・ユアサ_コーポレーション/history/05_高野泰明/photo_01.jpg,✓,✓,history,
6674,ジーエス・ユアサ　コーポレーション,電気機器,近藤定男,,,,photos_3/6674_ジーエス・ユアサ_コーポレーション/history/06_近藤定男/photo_01.jpg,✓,✓,history,
6674,ジーエス・ユアサ　コーポレーション,電気機器,桑野幸徳,,,,photos_3/6674_ジーエス・ユアサ_コーポレーション/history/07_桑野幸徳/photo_01.jpg,✓,✓,history,
6674,ジーエス・ユアサ　コーポレーション,電気機器,井植敏雅,,,,photos_3/6674_ジーエス・ユアサ_コーポレーション/history/08_井植敏雅/photo_01.jpg,✓,✓,history,
6674,ジーエス・ユアサ　コーポレーション,電気機器,佐野精一郎,,,,photos_3/6674_ジーエス・ユアサ_コーポレーション/history/09_佐野精一郎/photo_01.jpg,✓,✓,history,
6674,ジーエス・ユアサ　コーポレーション,電気機器,伊藤正人,,,,photos_3/6674_ジーエス・ユアサ_コーポレーション/history/10_伊藤正人/photo_01.jpg,✓,✓,history,
6674,ジーエス・ユアサ　コーポレーション,電気機器,中川能亨,,,,photos_3/6674_ジーエス・ユアサ_コーポレーション/history/11_中川能亨/photo_01.jpg,✓,✓,history,
6674,ジーエス・ユアサ　コーポレーション,電気機器,井垣誠一郎,,,,photos_3/6674_ジーエス・ユアサ_コーポレーション/history/12_井垣誠一郎/photo_01.jpg,✓,✓,history,
6675,サクサ,電気機器,沖電気,,,,photos_2/6675_サクサ/history/01_沖電気/photo_01.jpg,✓,✓,history,
6675,サクサ,電気機器,浅野総一郎,1912-08-01,1930-11-09,18.27,photos_2/6675_サクサ/history/02_浅野総一郎/photo_01.jpg,✓,✓,history,
6675,サクサ,電気機器,浅野泰治郎,1930-12-01,,,photos_3/6675_サクサ/history/03_浅野泰治郎/photo_01.jpg,✓,✓,history,
6675,サクサ,電気機器,小沢仙吉,1944-04-01,1945-11-01,1.59,photos_3/6675_サクサ/history/04_小沢仙吉/photo_01.jpg,✓,✓,history,
6675,サクサ,電気機器,楊井勇三,1945-11-01,1947-08-01,1.75,photos_3/6675_サクサ/history/05_楊井勇三/photo_01.jpg,✓,✓,history,
6675,サクサ,電気機器,井上良治,1947-08-01,1948-08-01,1.0,photos_3/6675_サクサ/history/06_井上良治/photo_01.jpg,✓,✓,history,
6675,サクサ,電気機器,神戸捨二,1949-04-01,1949-11-01,0.59,photos_3/6675_サクサ/history/07_神戸捨二/photo_01.jpg,✓,✓,history,
6675,サクサ,電気機器,森章,1966-01-01,1972-11-01,6.83,photos_3/6675_サクサ/history/08_森章/photo_01.jpg,✓,✓,history,
6675,サクサ,電気機器,山本正明,1972-11-01,1978-04-01,5.41,photos_3/6675_サクサ/history/09_山本正明/photo_01.jpg,✓,✓,history,
6675,サクサ,電気機器,三宅正男,1978-04-01,1982-05-01,4.08,photos_3/6675_サクサ/history/10_三宅正男/photo_01.jpg,✓,✓,history,
6675,サクサ,電気機器,橋本南海男,1982-05-01,1988-06-01,6.09,photos_3/6675_サクサ/history/11_橋本南海男/photo_01.jpg,✓,✓,history,
6675,サクサ,電気機器,小杉信光,1988-06-01,1992-10-01,4.33,photos_3/6675_サクサ/history/12_小杉信光/photo_01.jpg,✓,✓,history,
6675,サクサ,電気機器,神宮司順,1992-10-01,1995-08-01,2.83,photos_3/6675_サクサ/history/13_神宮司順/photo_01.jpg,✓,✓,history,
6675,サクサ,電気機器,沢村紫光,1995-08-01,1998-06-01,2.83,photos_2/6675_サクサ/history/14_沢村紫光/photo_01.jpg,✓,✓,history,
6675,サクサ,電気機器,篠塚勝正,1998-06-01,,,photos_3/6675_サクサ/history/15_篠塚勝正/photo_01.jpg,✓,✓,history,
6675,サクサ,電気機器,川崎秀一,,,,photos_3/6675_サクサ/history/16_川崎秀一/photo_01.jpg,✓,✓,history,
6675,サクサ,電気機器,鎌上信也,,,,photos_3/6675_サクサ/history/17_鎌上信也/photo_01.jpg,✓,✓,history,
6675,サクサ,電気機器,森孝廣,,,,photos_3/6675_サクサ/history/18_森孝廣/photo_01.jpg,✓,✓,history,
6676,BUFFALO,電気機器,,,,,,,,missing,要調査
6677,エスケーエレクトロニクス,電気機器,小平浪平,,,,photos_2/6677_エスケーエレクトロニクス/history/01_小平浪平/photo_01.jpg,✓,✓,history,
6677,エスケーエレクトロニクス,電気機器,倉田主税,,,,photos_2/6677_エスケーエレクトロニクス/history/02_倉田主税/photo_01.jpg,✓,✓,history,
6677,エスケーエレクトロニクス,電気機器,駒井健一郎,,,,photos_3/6677_エスケーエレクトロニクス/history/03_駒井健一郎/photo_01.jpg,✓,✓,history,
6677,エスケーエレクトロニクス,電気機器,吉山博吉,,,,photos_3/6677_エスケーエレクトロニクス/history/04_吉山博吉/photo_01.jpg,✓,✓,history,
6677,エスケーエレクトロニクス,電気機器,三田勝茂,,,,photos_3/6677_エスケーエレクトロニクス/history/05_三田勝茂/photo_01.jpg,✓,✓,history,
6677,エスケーエレクトロニクス,電気機器,金井務,,,,photos_3/6677_エスケーエレクトロニクス/history/06_金井務/photo_01.jpg,✓,✓,history,
6677,エスケーエレクトロニクス,電気機器,庄山悦彦,,,,photos_2/6677_エスケーエレクトロニクス/history/07_庄山悦彦/photo_01.jpg,✓,✓,history,
6677,エスケーエレクトロニクス,電気機器,古川一夫,,,,photos_3/6677_エスケーエレクトロニクス/history/08_古川一夫/photo_01.jpg,✓,✓,history,
6677,エスケーエレクトロニクス,電気機器,川村隆,,,,photos_3/6677_エスケーエレクトロニクス/history/09_川村隆/photo_01.jpg,✓,✓,history,
6677,エスケーエレクトロニクス,電気機器,中西宏明,,,,photos_3/6677_エスケーエレクトロニクス/history/10_中西宏明/photo_01.jpg,✓,✓,history,
6677,エスケーエレクトロニクス,電気機器,東原敏昭,,,,photos_3/6677_エスケーエレクトロニクス/history/11_東原敏昭/photo_01.jpg,✓,✓,history,
6677,エスケーエレクトロニクス,電気機器,小島啓二,,,,photos_3/6677_エスケーエレクトロニクス/history/12_小島啓二/photo_01.jpg,✓,✓,history,
6677,エスケーエレクトロニクス,電気機器,德永俊昭,,,,photos_2/6677_エスケーエレクトロニクス/history/13_德永俊昭/photo_01.jpg,✓,✓,history,
6678,テクノメディカ,電気機器,,,,,,,,missing,要調査
6694,ズーム,電気機器,,,,,,,,missing,要調査
6696,トラース・オン・プロダクト,電気機器,月期 第,2025年12月,（現在）,,,,,current,
6699,ダイヤモンドエレクトリックホールディングス,電気機器,小野 有理,2021年10月,（現在）,,,,,current,
6701,日本電気,電気機器,岩垂邦彦,,,,photos_2/6701_日本電気/history/01_岩垂邦彦/photo_01.jpg,✓,✓,history,
6701,日本電気,電気機器,大畑源一郎,,,,photos_3/6701_日本電気/history/02_大畑源一郎/photo_01.jpg,✓,✓,history,
6701,日本電気,電気機器,志田文雄,,,,photos_2/6701_日本電気/history/03_志田文雄/photo_01.jpg,✓,✓,history,
6701,日本電気,電気機器,梶井剛,,,,photos_3/6701_日本電気/history/04_梶井剛/photo_01.jpg,✓,✓,history,
6701,日本電気,電気機器,佐伯長生,,,,photos_3/6701_日本電気/history/05_佐伯長生/photo_01.jpg,✓,✓,history,
6701,日本電気,電気機器,渡辺斌衡,,,,photos_3/6701_日本電気/history/06_渡辺斌衡/photo_01.jpg,✓,✓,history,
6701,日本電気,電気機器,小林宏治,,,,photos_3/6701_日本電気/history/07_小林宏治/photo_01.jpg,✓,✓,history,
6701,日本電気,電気機器,田中忠雄,,,,photos_3/6701_日本電気/history/08_田中忠雄/photo_01.jpg,✓,✓,history,
6701,日本電気,電気機器,関本忠弘,,,,photos_3/6701_日本電気/history/09_関本忠弘/photo_01.jpg,✓,✓,history,
6701,日本電気,電気機器,金子尚志,,,,photos_3/6701_日本電気/history/10_金子尚志/photo_01.jpg,✓,✓,history,
6701,日本電気,電気機器,西垣浩司,,,,photos_3/6701_日本電気/history/11_西垣浩司/photo_01.jpg,✓,✓,history,
6701,日本電気,電気機器,金杉明信,,,,photos_3/6701_日本電気/history/12_金杉明信/photo_01.jpg,✓,✓,history,
6701,日本電気,電気機器,矢野薫,,,,photos_3/6701_日本電気/history/13_矢野薫/photo_01.jpg,✓,✓,history,
6701,日本電気,電気機器,遠藤信博,,,,photos_3/6701_日本電気/history/14_遠藤信博/photo_01.jpg,✓,✓,history,
6701,日本電気,電気機器,新野隆,,,,photos_3/6701_日本電気/history/15_新野隆/photo_01.jpg,✓,✓,history,
6701,日本電気,電気機器,森田隆之,,,,photos_2/6701_日本電気/history/16_森田隆之/photo_01.jpg,✓,✓,history,
6702,富士通,電気機器,,,,,,,,missing,要調査
6703,沖電気工業,電気機器,沖電気,,,,photos_3/6703_沖電気工業/history/01_沖電気/photo_01.jpg,✓,✓,history,
6703,沖電気工業,電気機器,浅野総一郎,1912-08-01,1930-11-09,18.27,photos_2/6703_沖電気工業/history/02_浅野総一郎/photo_01.jpg,✓,✓,history,
6703,沖電気工業,電気機器,浅野泰治郎,1930-12-01,,,photos_3/6703_沖電気工業/history/03_浅野泰治郎/photo_01.jpg,✓,✓,history,
6703,沖電気工業,電気機器,小沢仙吉,1944-04-01,1945-11-01,1.59,photos_3/6703_沖電気工業/history/04_小沢仙吉/photo_01.jpg,✓,✓,history,
6703,沖電気工業,電気機器,楊井勇三,1945-11-01,1947-08-01,1.75,photos_3/6703_沖電気工業/history/05_楊井勇三/photo_01.jpg,✓,✓,history,
6703,沖電気工業,電気機器,井上良治,1947-08-01,1948-08-01,1.0,photos_3/6703_沖電気工業/history/06_井上良治/photo_01.jpg,✓,✓,history,
6703,沖電気工業,電気機器,神戸捨二,1949-04-01,1949-11-01,0.59,photos_3/6703_沖電気工業/history/07_神戸捨二/photo_01.jpg,✓,✓,history,
6703,沖電気工業,電気機器,森章,1966-01-01,1972-11-01,6.83,photos_3/6703_沖電気工業/history/08_森章/photo_01.jpg,✓,✓,history,
6703,沖電気工業,電気機器,山本正明,1972-11-01,1978-04-01,5.41,photos_3/6703_沖電気工業/history/09_山本正明/photo_01.jpg,✓,✓,history,
6703,沖電気工業,電気機器,三宅正男,1978-04-01,1982-05-01,4.08,photos_3/6703_沖電気工業/history/10_三宅正男/photo_01.jpg,✓,✓,history,
6703,沖電気工業,電気機器,橋本南海男,1982-05-01,1988-06-01,6.09,,,,history,
6703,沖電気工業,電気機器,小杉信光,1988-06-01,1992-10-01,4.33,photos_2/6703_沖電気工業/history/12_小杉信光/photo_01.jpg,✓,✓,history,
6703,沖電気工業,電気機器,神宮司順,1992-10-01,1995-08-01,2.83,photos_3/6703_沖電気工業/history/13_神宮司順/photo_01.jpg,✓,✓,history,
6703,沖電気工業,電気機器,沢村紫光,1995-08-01,1998-06-01,2.83,photos_3/6703_沖電気工業/history/14_沢村紫光/photo_01.jpg,✓,✓,history,
6703,沖電気工業,電気機器,篠塚勝正,1998-06-01,,,photos_3/6703_沖電気工業/history/15_篠塚勝正/photo_01.jpg,✓,✓,history,
6703,沖電気工業,電気機器,川崎秀一,,,,photos_3/6703_沖電気工業/history/16_川崎秀一/photo_01.jpg,✓,✓,history,
6703,沖電気工業,電気機器,鎌上信也,,,,photos_3/6703_沖電気工業/history/17_鎌上信也/photo_01.jpg,✓,✓,history,
6703,沖電気工業,電気機器,森孝廣,,,,photos_3/6703_沖電気工業/history/18_森孝廣/photo_01.jpg,✓,✓,history,
6706,電気興業,電気機器,,,,,,,,missing,要調査
6707,サンケン電気,電気機器,髙橋 広,,（現在）,,photos_3/6707_サンケン電気/current/photo_01.jpg,✓,✓,current,
6707,サンケン電気,電気機器,石坂泰三,1949-04-01,1957-11-01,8.59,photos_2/6707_サンケン電気/history/01_石坂泰三/photo_01.jpg,✓,✓,history,
6707,サンケン電気,電気機器,岩下文雄,1957-11-01,1965-05-01,7.5,photos_3/6707_サンケン電気/history/02_岩下文雄/photo_01.jpg,✓,✓,history,
6707,サンケン電気,電気機器,土光敏夫,1965-05-01,1972-08-01,7.25,photos_3/6707_サンケン電気/history/03_土光敏夫/photo_01.jpg,✓,✓,history,
6707,サンケン電気,電気機器,玉置敬三,1972-08-01,,,photos_3/6707_サンケン電気/history/04_玉置敬三/photo_01.jpg,✓,✓,history,
6707,サンケン電気,電気機器,岩田弐夫,,,,photos_3/6707_サンケン電気/history/05_岩田弐夫/photo_01.jpg,✓,✓,history,
6707,サンケン電気,電気機器,佐波正一,1986-04-01,,,photos_3/6707_サンケン電気/history/06_佐波正一/photo_01.jpg,✓,✓,history,
6707,サンケン電気,電気機器,渡里杉一郎,1986-04-01,1987-07-01,1.25,photos_3/6707_サンケン電気/history/07_渡里杉一郎/photo_01.jpg,✓,✓,history,
6707,サンケン電気,電気機器,青井舒一,1987-07-01,1992-06-01,4.92,photos_3/6707_サンケン電気/history/08_青井舒一/photo_01.jpg,✓,✓,history,
6707,サンケン電気,電気機器,佐藤文夫,1992-06-01,1996-06-01,4.0,photos_3/6707_サンケン電気/history/09_佐藤文夫/photo_01.jpg,✓,✓,history,
6707,サンケン電気,電気機器,西室泰三,1996-06-01,2000-06-01,4.0,photos_3/6707_サンケン電気/history/10_西室泰三/photo_01.jpg,✓,✓,history,
6707,サンケン電気,電気機器,岡村正,2000-06-01,2005-06-01,5.0,photos_3/6707_サンケン電気/history/11_岡村正/photo_01.jpg,✓,✓,history,
6707,サンケン電気,電気機器,西田厚聰,2005-06-01,2009-06-01,4.0,photos_2/6707_サンケン電気/history/12_西田厚聰/photo_01.jpg,✓,✓,history,
6707,サンケン電気,電気機器,田中久雄,2013-06-01,2015-07-01,2.08,photos_3/6707_サンケン電気/history/13_田中久雄/photo_01.jpg,✓,✓,history,
6707,サンケン電気,電気機器,室町正志,2015-07-01,2016-06-01,0.92,photos_3/6707_サンケン電気/history/14_室町正志/photo_01.jpg,✓,✓,history,
6707,サンケン電気,電気機器,綱川智,2016-06-01,2020-03-01,3.75,photos_3/6707_サンケン電気/history/15_綱川智/photo_01.jpg,✓,✓,history,
6707,サンケン電気,電気機器,車谷暢昭,2020-04-01,2021-04-01,1.0,photos_3/6707_サンケン電気/history/16_車谷暢昭/photo_01.jpg,✓,✓,history,
6707,サンケン電気,電気機器,島田太郎,2022-03-01,,,photos_3/6707_サンケン電気/history/17_島田太郎/photo_01.jpg,✓,✓,history,
6718,アイホン,電気機器,,,,,,,,missing,要調査
6721,ウインテスト,電気機器,,,,,,,,missing,要調査
6723,ルネサスエレクトロニクス,電気機器,小平浪平,,,,photos_2/6723_ルネサスエレクトロニクス/history/01_小平浪平/photo_01.jpg,✓,✓,history,
6723,ルネサスエレクトロニクス,電気機器,倉田主税,,,,photos_2/6723_ルネサスエレクトロニクス/history/02_倉田主税/photo_01.jpg,✓,✓,history,
6723,ルネサスエレクトロニクス,電気機器,駒井健一郎,,,,photos_2/6723_ルネサスエレクトロニクス/history/03_駒井健一郎/photo_01.jpg,✓,✓,history,
6723,ルネサスエレクトロニクス,電気機器,吉山博吉,,,,photos_3/6723_ルネサスエレクトロニクス/history/04_吉山博吉/photo_01.jpg,✓,✓,history,
6723,ルネサスエレクトロニクス,電気機器,三田勝茂,,,,photos_3/6723_ルネサスエレクトロニクス/history/05_三田勝茂/photo_01.jpg,✓,✓,history,
6723,ルネサスエレクトロニクス,電気機器,金井務,,,,photos_3/6723_ルネサスエレクトロニクス/history/06_金井務/photo_01.jpg,✓,✓,history,
6723,ルネサスエレクトロニクス,電気機器,庄山悦彦,,,,photos_3/6723_ルネサスエレクトロニクス/history/07_庄山悦彦/photo_01.jpg,✓,✓,history,
6723,ルネサスエレクトロニクス,電気機器,古川一夫,,,,photos_3/6723_ルネサスエレクトロニクス/history/08_古川一夫/photo_01.jpg,✓,✓,history,
6723,ルネサスエレクトロニクス,電気機器,川村隆,,,,photos_3/6723_ルネサスエレクトロニクス/history/09_川村隆/photo_01.jpg,✓,✓,history,
6723,ルネサスエレクトロニクス,電気機器,中西宏明,,,,photos_3/6723_ルネサスエレクトロニクス/history/10_中西宏明/photo_01.jpg,✓,✓,history,
6723,ルネサスエレクトロニクス,電気機器,東原敏昭,,,,photos_3/6723_ルネサスエレクトロニクス/history/11_東原敏昭/photo_01.jpg,✓,✓,history,
6723,ルネサスエレクトロニクス,電気機器,小島啓二,,,,photos_3/6723_ルネサスエレクトロニクス/history/12_小島啓二/photo_01.jpg,✓,✓,history,
6723,ルネサスエレクトロニクス,電気機器,德永俊昭,,,,photos_2/6723_ルネサスエレクトロニクス/history/13_德永俊昭/photo_01.jpg,✓,✓,history,
6724,セイコーエプソン,電気機器,,,,,,,,missing,要調査
6727,ワコム,電気機器,山内房治郎,,,,photos_2/6727_ワコム/history/01_山内房治郎/photo_01.jpg,✓,✓,history,
6727,ワコム,電気機器,山内積良,,,,photos_2/6727_ワコム/history/02_山内積良/photo_01.jpg,✓,✓,history,
6727,ワコム,電気機器,山内溥,,,,photos_3/6727_ワコム/history/03_山内溥/photo_01.jpg,✓,✓,history,
6727,ワコム,電気機器,岩田聡,,,,photos_3/6727_ワコム/history/04_岩田聡/photo_01.jpg,✓,✓,history,
6727,ワコム,電気機器,君島達己,,,,photos_3/6727_ワコム/history/05_君島達己/photo_01.jpg,✓,✓,history,
6727,ワコム,電気機器,古川俊太郎,,,,photos_3/6727_ワコム/history/06_古川俊太郎/photo_01.jpg,✓,✓,history,
6728,アルバック,電気機器,創出,,（現在）,,,,,current,
6728,アルバック,電気機器,石川芳次郎,,,,photos_2/6728_アルバック/history/01_石川芳次郎/photo_01.jpg,✓,✓,history,
6728,アルバック,電気機器,井街仁,,,,photos_3/6728_アルバック/history/02_井街仁/photo_01.jpg,✓,✓,history,
6728,アルバック,電気機器,林主税,,,,photos_3/6728_アルバック/history/03_林主税/photo_01.jpg,✓,✓,history,
6728,アルバック,電気機器,高村甚平,,,,photos_3/6728_アルバック/history/04_高村甚平/photo_01.jpg,✓,✓,history,
6728,アルバック,電気機器,上野朝生,,,,photos_3/6728_アルバック/history/05_上野朝生/photo_01.jpg,✓,✓,history,
6728,アルバック,電気機器,中村久三,,,,photos_3/6728_アルバック/history/06_中村久三/photo_01.jpg,✓,✓,history,
6728,アルバック,電気機器,諏訪秀則,,,,photos_3/6728_アルバック/history/07_諏訪秀則/photo_01.jpg,✓,✓,history,
6728,アルバック,電気機器,小日向久治,,,,photos_3/6728_アルバック/history/08_小日向久治/photo_01.jpg,✓,✓,history,
6730,アクセル,電気機器,松浦 一教,,（現在）,,photos_3/6730_アクセル/current/photo_01.jpg,✓,✓,current,
6731,ピクセラ,電気機器,,,,,,,,missing,要調査
6734,ニューテック,電気機器,,,,,,,,missing,要調査
6736,サン電子,電気機器,田中寬次,,,,photos_3/6736_サン電子/history/01_田中寬次/photo_01.jpg,✓,✓,history,
6736,サン電子,電気機器,小笠原曉,,,,,,,history,
6736,サン電子,電気機器,長岡惟行,,,,photos_3/6736_サン電子/history/03_長岡惟行/photo_01.jpg,✓,✓,history,
6736,サン電子,電気機器,仲谷昌也,,,,photos_3/6736_サン電子/history/04_仲谷昌也/photo_01.jpg,✓,✓,history,
6737,EIZO,電気機器,"体制

当社",2025年6月,（現在）,,photos_3/6737_EIZO/current/photo_01.jpg,✓,✓,current,
6737,EIZO,電気機器,村田昭,,,,photos_3/6737_EIZO/history/01_村田昭/photo_01.jpg,✓,✓,history,
6737,EIZO,電気機器,村田泰隆,,,,photos_3/6737_EIZO/history/02_村田泰隆/photo_01.jpg,✓,✓,history,
6737,EIZO,電気機器,村田恒夫,,,,photos_3/6737_EIZO/history/03_村田恒夫/photo_01.jpg,✓,✓,history,
6737,EIZO,電気機器,中島規巨,,,,photos_3/6737_EIZO/history/04_中島規巨/photo_01.jpg,✓,✓,history,
6740,ジャパンディスプレイ,電気機器,明間　純,,（現在）,,photos_3/6740_ジャパンディスプレイ/current/photo_01.jpg,✓,✓,current,
6740,ジャパンディスプレイ,電気機器,早川徳次,,,,photos_3/6740_ジャパンディスプレイ/history/01_早川徳次/photo_01.jpg,✓,✓,history,
6740,ジャパンディスプレイ,電気機器,佐伯旭,,,,photos_3/6740_ジャパンディスプレイ/history/02_佐伯旭/photo_01.jpg,✓,✓,history,
6740,ジャパンディスプレイ,電気機器,辻晴雄,,,,photos_3/6740_ジャパンディスプレイ/history/03_辻晴雄/photo_01.jpg,✓,✓,history,
6740,ジャパンディスプレイ,電気機器,町田勝彦,,,,photos_3/6740_ジャパンディスプレイ/history/04_町田勝彦/photo_01.jpg,✓,✓,history,
6740,ジャパンディスプレイ,電気機器,片山幹雄,,,,photos_3/6740_ジャパンディスプレイ/history/05_片山幹雄/photo_01.jpg,✓,✓,history,
6740,ジャパンディスプレイ,電気機器,奥田隆司,,,,photos_3/6740_ジャパンディスプレイ/history/06_奥田隆司/photo_01.jpg,✓,✓,history,
6740,ジャパンディスプレイ,電気機器,高橋興三,,,,photos_3/6740_ジャパンディスプレイ/history/07_高橋興三/photo_01.jpg,✓,✓,history,
6740,ジャパンディスプレイ,電気機器,戴正呉,,,,photos_3/6740_ジャパンディスプレイ/history/08_戴正呉/photo_01.jpg,✓,✓,history,
6740,ジャパンディスプレイ,電気機器,野村勝明,,,,photos_3/6740_ジャパンディスプレイ/history/09_野村勝明/photo_01.jpg,✓,✓,history,
6740,ジャパンディスプレイ,電気機器,呉柏勲,,,,photos_3/6740_ジャパンディスプレイ/history/10_呉柏勲/photo_01.jpg,✓,✓,history,
6740,ジャパンディスプレイ,電気機器,沖津雅浩,,,,photos_3/6740_ジャパンディスプレイ/history/11_沖津雅浩/photo_01.jpg,✓,✓,history,
6741,日本信号,電気機器,挨拶,,（現在）,,photos_3/6741_日本信号/current/photo_01.jpg,✓,✓,current,
6742,京三製作所,電気機器,締役　 國澤,2025年4月,（現在）,,photos_3/6742_京三製作所/current/photo_01.jpg,✓,✓,current,
6742,京三製作所,電気機器,小平浪平,,,,photos_2/6742_京三製作所/history/01_小平浪平/photo_01.jpg,✓,✓,history,
6742,京三製作所,電気機器,倉田主税,,,,,,,history,
6742,京三製作所,電気機器,駒井健一郎,,,,photos_3/6742_京三製作所/history/03_駒井健一郎/photo_01.jpg,✓,✓,history,
6742,京三製作所,電気機器,吉山博吉,,,,photos_3/6742_京三製作所/history/04_吉山博吉/photo_01.jpg,✓,✓,history,
6742,京三製作所,電気機器,三田勝茂,,,,photos_3/6742_京三製作所/history/05_三田勝茂/photo_01.jpg,✓,✓,history,
6742,京三製作所,電気機器,金井務,,,,photos_3/6742_京三製作所/history/06_金井務/photo_01.jpg,✓,✓,history,
6742,京三製作所,電気機器,庄山悦彦,,,,photos_3/6742_京三製作所/history/07_庄山悦彦/photo_01.jpg,✓,✓,history,
6742,京三製作所,電気機器,古川一夫,,,,photos_3/6742_京三製作所/history/08_古川一夫/photo_01.jpg,✓,✓,history,
6742,京三製作所,電気機器,川村隆,,,,photos_3/6742_京三製作所/history/09_川村隆/photo_01.jpg,✓,✓,history,
6742,京三製作所,電気機器,中西宏明,,,,photos_2/6742_京三製作所/history/10_中西宏明/photo_01.jpg,✓,✓,history,
6742,京三製作所,電気機器,東原敏昭,,,,photos_3/6742_京三製作所/history/11_東原敏昭/photo_01.jpg,✓,✓,history,
6742,京三製作所,電気機器,小島啓二,,,,photos_3/6742_京三製作所/history/12_小島啓二/photo_01.jpg,✓,✓,history,
6742,京三製作所,電気機器,德永俊昭,,,,photos_3/6742_京三製作所/history/13_德永俊昭/photo_01.jpg,✓,✓,history,
6743,大同信号,電気機器,浦壁 俊光,,（現在）,,photos_3/6743_大同信号/current/photo_01.jpg,✓,✓,current,
6743,大同信号,電気機器,小平浪平,,,,photos_2/6743_大同信号/history/01_小平浪平/photo_01.jpg,✓,✓,history,
6743,大同信号,電気機器,倉田主税,,,,photos_2/6743_大同信号/history/02_倉田主税/photo_01.jpg,✓,✓,history,
6743,大同信号,電気機器,駒井健一郎,,,,photos_3/6743_大同信号/history/03_駒井健一郎/photo_01.jpg,✓,✓,history,
6743,大同信号,電気機器,吉山博吉,,,,photos_3/6743_大同信号/history/04_吉山博吉/photo_01.jpg,✓,✓,history,
6743,大同信号,電気機器,三田勝茂,,,,photos_3/6743_大同信号/history/05_三田勝茂/photo_01.jpg,✓,✓,history,
6743,大同信号,電気機器,金井務,,,,photos_3/6743_大同信号/history/06_金井務/photo_01.jpg,✓,✓,history,
6743,大同信号,電気機器,庄山悦彦,,,,photos_2/6743_大同信号/history/07_庄山悦彦/photo_01.jpg,✓,✓,history,
6743,大同信号,電気機器,古川一夫,,,,photos_3/6743_大同信号/history/08_古川一夫/photo_01.jpg,✓,✓,history,
6743,大同信号,電気機器,川村隆,,,,photos_3/6743_大同信号/history/09_川村隆/photo_01.jpg,✓,✓,history,
6743,大同信号,電気機器,中西宏明,,,,photos_3/6743_大同信号/history/10_中西宏明/photo_01.jpg,✓,✓,history,
6743,大同信号,電気機器,東原敏昭,,,,photos_3/6743_大同信号/history/11_東原敏昭/photo_01.jpg,✓,✓,history,
6743,大同信号,電気機器,小島啓二,,,,photos_3/6743_大同信号/history/12_小島啓二/photo_01.jpg,✓,✓,history,
6743,大同信号,電気機器,德永俊昭,,,,photos_3/6743_大同信号/history/13_德永俊昭/photo_01.jpg,✓,✓,history,
6744,能美防災,電気機器,,,,,,,,missing,要調査
6745,ホーチキ,電気機器,,,,,,,,missing,要調査
6748,星和電機,電気機器,早川徳次,,,,photos_3/6748_星和電機/history/01_早川徳次/photo_01.jpg,✓,✓,history,
6748,星和電機,電気機器,佐伯旭,,,,photos_3/6748_星和電機/history/02_佐伯旭/photo_01.jpg,✓,✓,history,
6748,星和電機,電気機器,辻晴雄,,,,photos_3/6748_星和電機/history/03_辻晴雄/photo_01.jpg,✓,✓,history,
6748,星和電機,電気機器,町田勝彦,,,,photos_3/6748_星和電機/history/04_町田勝彦/photo_01.jpg,✓,✓,history,
6748,星和電機,電気機器,片山幹雄,,,,photos_3/6748_星和電機/history/05_片山幹雄/photo_01.jpg,✓,✓,history,
6748,星和電機,電気機器,奥田隆司,,,,photos_3/6748_星和電機/history/06_奥田隆司/photo_01.jpg,✓,✓,history,
6748,星和電機,電気機器,高橋興三,,,,photos_3/6748_星和電機/history/07_高橋興三/photo_01.jpg,✓,✓,history,
6748,星和電機,電気機器,戴正呉,,,,photos_3/6748_星和電機/history/08_戴正呉/photo_01.jpg,✓,✓,history,
6748,星和電機,電気機器,野村勝明,,,,photos_3/6748_星和電機/history/09_野村勝明/photo_01.jpg,✓,✓,history,
6748,星和電機,電気機器,呉柏勲,,,,photos_3/6748_星和電機/history/10_呉柏勲/photo_01.jpg,✓,✓,history,
6748,星和電機,電気機器,沖津雅浩,,,,photos_3/6748_星和電機/history/11_沖津雅浩/photo_01.jpg,✓,✓,history,
6750,エレコム,電気機器,横浜電線製造,,,,photos_2/6750_エレコム/history/01_横浜電線製造/photo_01.jpg,✓,✓,history,
6750,エレコム,電気機器,木村利右衛門,1896-06-01,1911-01-27,14.65,photos_3/6750_エレコム/history/02_木村利右衛門/photo_01.jpg,✓,✓,history,
6750,エレコム,電気機器,中島久万吉,1911-01-01,1920-04-21,9.3,photos_3/6750_エレコム/history/03_中島久万吉/photo_01.jpg,✓,✓,history,
6750,エレコム,電気機器,古河電気工業,,,,photos_2/6750_エレコム/history/04_古河電気工業/photo_01.jpg,✓,✓,history,
6750,エレコム,電気機器,中川末吉,1925-12-01,1946-06-25,20.56,photos_2/6750_エレコム/history/05_中川末吉/photo_01.jpg,✓,✓,history,
6750,エレコム,電気機器,西村啓造,1946-06-01,1955-02-18,8.72,photos_2/6750_エレコム/history/06_西村啓造/photo_01.jpg,✓,✓,history,
6750,エレコム,電気機器,小泉幸久,1955-03-01,1960-11-29,5.75,,,,history,
6750,エレコム,電気機器,植松清,1960-11-01,1968-11-30,8.08,photos_3/6750_エレコム/history/08_植松清/photo_01.jpg,✓,✓,history,
6750,エレコム,電気機器,鈴木二郎,1968-11-01,1974-11-29,6.08,photos_3/6750_エレコム/history/09_鈴木二郎/photo_01.jpg,✓,✓,history,
6750,エレコム,電気機器,舟橋正夫,1974-11-01,1983-06-29,8.66,photos_3/6750_エレコム/history/10_舟橋正夫/photo_01.jpg,✓,✓,history,
6750,エレコム,電気機器,日下部悦二,1983-06-01,1983-06-29,0.08,photos_2/6750_エレコム/history/11_日下部悦二/photo_01.jpg,✓,✓,history,
6750,エレコム,電気機器,友松建吾,,,,photos_3/6750_エレコム/history/12_友松建吾/photo_01.jpg,✓,✓,history,
6750,エレコム,電気機器,古河潤之助,,,,photos_3/6750_エレコム/history/13_古河潤之助/photo_01.jpg,✓,✓,history,
6750,エレコム,電気機器,石原廣司,,,,photos_3/6750_エレコム/history/14_石原廣司/photo_01.jpg,✓,✓,history,
6750,エレコム,電気機器,吉田政雄,2008-06-01,2012-03-01,3.75,photos_3/6750_エレコム/history/15_吉田政雄/photo_01.jpg,✓,✓,history,
6750,エレコム,電気機器,柴田光義,2012-04-01,2017-03-01,4.91,photos_3/6750_エレコム/history/16_柴田光義/photo_01.jpg,✓,✓,history,
6750,エレコム,電気機器,小林敬一,2017-04-01,2023-03-01,5.91,photos_2/6750_エレコム/history/17_小林敬一/photo_01.jpg,✓,✓,history,
6750,エレコム,電気機器,森平英也,2023-04-01,,,photos_3/6750_エレコム/history/18_森平英也/photo_01.jpg,✓,✓,history,
6752,パナソニック　ホールディングス,電気機器,松下幸之助,,,,photos_2/6752_パナソニック_ホールディングス/history/01_松下幸之助/photo_01.jpg,✓,✓,history,
6752,パナソニック　ホールディングス,電気機器,松下正治,1961-01-01,,,photos_3/6752_パナソニック_ホールディングス/history/02_松下正治/photo_01.jpg,✓,✓,history,
6752,パナソニック　ホールディングス,電気機器,山下俊彦,1977-02-01,,,photos_3/6752_パナソニック_ホールディングス/history/03_山下俊彦/photo_01.jpg,✓,✓,history,
6752,パナソニック　ホールディングス,電気機器,谷井昭雄,1986-02-01,,,photos_3/6752_パナソニック_ホールディングス/history/04_谷井昭雄/photo_01.jpg,✓,✓,history,
6752,パナソニック　ホールディングス,電気機器,森下洋一,1993-02-01,,,photos_3/6752_パナソニック_ホールディングス/history/05_森下洋一/photo_01.jpg,✓,✓,history,
6752,パナソニック　ホールディングス,電気機器,中村邦夫,2000-06-01,,,photos_3/6752_パナソニック_ホールディングス/history/06_中村邦夫/photo_01.jpg,✓,✓,history,
6752,パナソニック　ホールディングス,電気機器,大坪文雄,2006-06-01,,,photos_3/6752_パナソニック_ホールディングス/history/07_大坪文雄/photo_01.jpg,✓,✓,history,
6752,パナソニック　ホールディングス,電気機器,津賀一宏,2012-06-01,2021-06-01,9.0,photos_3/6752_パナソニック_ホールディングス/history/08_津賀一宏/photo_01.jpg,✓,✓,history,
6752,パナソニック　ホールディングス,電気機器,楠見雄規,2021-06-01,,,photos_3/6752_パナソニック_ホールディングス/history/09_楠見雄規/photo_01.jpg,✓,✓,history,
6753,シャープ,電気機器,沖津 雅浩,,（現在）,,photos_3/6753_シャープ/current/photo_01.jpg,✓,✓,current,
6753,シャープ,電気機器,早川徳次,,,,photos_3/6753_シャープ/history/01_早川徳次/photo_01.jpg,✓,✓,history,
6753,シャープ,電気機器,佐伯旭,,,,photos_3/6753_シャープ/history/02_佐伯旭/photo_01.jpg,✓,✓,history,
6753,シャープ,電気機器,辻晴雄,,,,photos_3/6753_シャープ/history/03_辻晴雄/photo_01.jpg,✓,✓,history,
6753,シャープ,電気機器,町田勝彦,,,,photos_3/6753_シャープ/history/04_町田勝彦/photo_01.jpg,✓,✓,history,
6753,シャープ,電気機器,片山幹雄,,,,photos_3/6753_シャープ/history/05_片山幹雄/photo_01.jpg,✓,✓,history,
6753,シャープ,電気機器,奥田隆司,,,,photos_3/6753_シャープ/history/06_奥田隆司/photo_01.jpg,✓,✓,history,
6753,シャープ,電気機器,高橋興三,,,,photos_3/6753_シャープ/history/07_高橋興三/photo_01.jpg,✓,✓,history,
6753,シャープ,電気機器,戴正呉,,,,photos_3/6753_シャープ/history/08_戴正呉/photo_01.jpg,✓,✓,history,
6753,シャープ,電気機器,野村勝明,,,,photos_3/6753_シャープ/history/09_野村勝明/photo_01.jpg,✓,✓,history,
6753,シャープ,電気機器,呉柏勲,,,,photos_3/6753_シャープ/history/10_呉柏勲/photo_01.jpg,✓,✓,history,
6753,シャープ,電気機器,沖津雅浩,,,,photos_3/6753_シャープ/history/11_沖津雅浩/photo_01.jpg,✓,✓,history,
6754,アンリツ,電気機器,濱田 宏一,,（現在）,,photos_3/6754_アンリツ/current/photo_01.jpg,✓,✓,current,
6757,OSGコーポレーション,電気機器,,,,,,,,missing,要調査
6758,ソニーグループ,電気機器,,,,,,,,missing,要調査
6762,TDK,電気機器,齋藤憲三,1935-12-01,1947-12-30,12.08,photos_2/6762_TDK/history/01_齋藤憲三/photo_01.jpg,✓,✓,history,
6762,TDK,電気機器,山崎貞一,1947-12-01,1969-01-30,21.17,photos_3/6762_TDK/history/02_山崎貞一/photo_01.jpg,✓,✓,history,
6762,TDK,電気機器,素野福次郎,1969-01-01,1983-02-25,14.15,photos_3/6762_TDK/history/03_素野福次郎/photo_01.jpg,✓,✓,history,
6762,TDK,電気機器,大歳寛,1983-02-01,1987-02-27,4.07,photos_3/6762_TDK/history/04_大歳寛/photo_01.jpg,✓,✓,history,
6762,TDK,電気機器,佐藤博,1987-02-01,1998-06-26,11.4,photos_3/6762_TDK/history/05_佐藤博/photo_01.jpg,✓,✓,history,
6762,TDK,電気機器,澤部肇,1998-06-01,2006-06-29,8.08,photos_3/6762_TDK/history/06_澤部肇/photo_01.jpg,✓,✓,history,
6762,TDK,電気機器,上釜健宏,2006-06-01,2016-06-29,10.08,photos_3/6762_TDK/history/07_上釜健宏/photo_01.jpg,✓,✓,history,
6762,TDK,電気機器,石黒成直,2016-06-01,2022-06-29,6.08,photos_3/6762_TDK/history/08_石黒成直/photo_01.jpg,✓,✓,history,
6762,TDK,電気機器,齋藤昇,2022-06-01,2022-06-29,0.08,photos_3/6762_TDK/history/09_齋藤昇/photo_01.jpg,✓,✓,history,
6763,帝国通信工業,電気機器,本田 宗一郎,,,,photos_3/6763_帝国通信工業/history/01_本田_宗一郎/photo_01.jpg,✓,✓,history,
6763,帝国通信工業,電気機器,河島 喜好,1973-10-01,,,,,,history,
6763,帝国通信工業,電気機器,久米 是志,1983-10-01,,,photos_3/6763_帝国通信工業/history/03_久米_是志/photo_01.jpg,✓,✓,history,
6763,帝国通信工業,電気機器,川本 信彦,,,,photos_3/6763_帝国通信工業/history/04_川本_信彦/photo_01.jpg,✓,✓,history,
6763,帝国通信工業,電気機器,吉野 浩行,,,,photos_3/6763_帝国通信工業/history/05_吉野_浩行/photo_01.jpg,✓,✓,history,
6763,帝国通信工業,電気機器,福井 威夫,,,,,,,history,
6763,帝国通信工業,電気機器,伊東 孝紳,,,,photos_3/6763_帝国通信工業/history/07_伊東_孝紳/photo_01.jpg,✓,✓,history,
6763,帝国通信工業,電気機器,八郷 隆弘,,,,photos_3/6763_帝国通信工業/history/08_八郷_隆弘/photo_01.jpg,✓,✓,history,
6763,帝国通信工業,電気機器,三部 敏宏,,,,photos_3/6763_帝国通信工業/history/09_三部_敏宏/photo_01.jpg,✓,✓,history,
6768,タムラ製作所,電気機器,浅田 昌弘,2025年4月,（現在）,,photos_3/6768_タムラ製作所/current/photo_01.jpg,✓,✓,current,
6768,タムラ製作所,電気機器,小平浪平,,,,photos_2/6768_タムラ製作所/history/01_小平浪平/photo_01.jpg,✓,✓,history,
6768,タムラ製作所,電気機器,倉田主税,,,,photos_2/6768_タムラ製作所/history/02_倉田主税/photo_01.jpg,✓,✓,history,
6768,タムラ製作所,電気機器,駒井健一郎,,,,photos_2/6768_タムラ製作所/history/03_駒井健一郎/photo_01.jpg,✓,✓,history,
6768,タムラ製作所,電気機器,吉山博吉,,,,photos_3/6768_タムラ製作所/history/04_吉山博吉/photo_01.jpg,✓,✓,history,
6768,タムラ製作所,電気機器,三田勝茂,,,,photos_3/6768_タムラ製作所/history/05_三田勝茂/photo_01.jpg,✓,✓,history,
6768,タムラ製作所,電気機器,金井務,,,,photos_3/6768_タムラ製作所/history/06_金井務/photo_01.jpg,✓,✓,history,
6768,タムラ製作所,電気機器,庄山悦彦,,,,photos_3/6768_タムラ製作所/history/07_庄山悦彦/photo_01.jpg,✓,✓,history,
6768,タムラ製作所,電気機器,古川一夫,,,,photos_3/6768_タムラ製作所/history/08_古川一夫/photo_01.jpg,✓,✓,history,
6768,タムラ製作所,電気機器,川村隆,,,,photos_3/6768_タムラ製作所/history/09_川村隆/photo_01.jpg,✓,✓,history,
6768,タムラ製作所,電気機器,中西宏明,,,,photos_3/6768_タムラ製作所/history/10_中西宏明/photo_01.jpg,✓,✓,history,
6768,タムラ製作所,電気機器,東原敏昭,,,,photos_3/6768_タムラ製作所/history/11_東原敏昭/photo_01.jpg,✓,✓,history,
6768,タムラ製作所,電気機器,小島啓二,,,,photos_3/6768_タムラ製作所/history/12_小島啓二/photo_01.jpg,✓,✓,history,
6768,タムラ製作所,電気機器,德永俊昭,,,,photos_2/6768_タムラ製作所/history/13_德永俊昭/photo_01.jpg,✓,✓,history,
6769,ザインエレクトロニクス,電気機器,南　洋一郎,,（現在）,,photos_3/6769_ザインエレクトロニクス/current/photo_01.jpg,✓,✓,current,
6770,アルプスアルパイン,電気機器,,,,,,,,missing,要調査
6771,池上通信機,電気機器,,,,,,,,missing,要調査
6775,TBグループ,電気機器,,,,,,,,missing,要調査
6776,天昇電気工業,化学,海塚新八,,,,photos_3/6776_天昇電気工業/history/01_海塚新八/photo_01.jpg,✓,✓,history,
6776,天昇電気工業,化学,松田重次郎,,,,photos_2/6776_天昇電気工業/history/02_松田重次郎/photo_01.jpg,✓,✓,history,
6776,天昇電気工業,化学,松田恒次,1951-12-01,,,photos_3/6776_天昇電気工業/history/03_松田恒次/photo_01.jpg,✓,✓,history,
6776,天昇電気工業,化学,松田耕平,1970-11-01,,,photos_3/6776_天昇電気工業/history/04_松田耕平/photo_01.jpg,✓,✓,history,
6776,天昇電気工業,化学,山崎芳樹,1977-12-01,,,photos_3/6776_天昇電気工業/history/05_山崎芳樹/photo_01.jpg,✓,✓,history,
6776,天昇電気工業,化学,山本健一,1984-11-01,,,photos_3/6776_天昇電気工業/history/06_山本健一/photo_01.jpg,✓,✓,history,
6776,天昇電気工業,化学,古田徳昌,1987-12-01,,,photos_2/6776_天昇電気工業/history/07_古田徳昌/photo_01.jpg,✓,✓,history,
6776,天昇電気工業,化学,和田淑弘,1991-12-01,,,photos_2/6776_天昇電気工業/history/08_和田淑弘/photo_01.jpg,✓,✓,history,
6776,天昇電気工業,化学,井巻久一,,,,,,,history,
6776,天昇電気工業,化学,山内孝,2008-11-01,,,photos_3/6776_天昇電気工業/history/10_山内孝/photo_01.jpg,✓,✓,history,
6776,天昇電気工業,化学,小飼雅道,,,,photos_3/6776_天昇電気工業/history/11_小飼雅道/photo_01.jpg,✓,✓,history,
6776,天昇電気工業,化学,丸本明,,,,photos_3/6776_天昇電気工業/history/12_丸本明/photo_01.jpg,✓,✓,history,
6776,天昇電気工業,化学,毛籠勝弘,,,,photos_3/6776_天昇電気工業/history/13_毛籠勝弘/photo_01.jpg,✓,✓,history,
6777,santec　Holdings,電気機器,"定器
極性",,（現在）,,photos_3/6777_santec_Holdings/current/photo_01.jpg,✓,✓,current,
6778,アルチザネットワークス,電気機器,岩垂邦彦,,,,photos_2/6778_アルチザネットワークス/history/01_岩垂邦彦/photo_01.jpg,✓,✓,history,
6778,アルチザネットワークス,電気機器,大畑源一郎,,,,photos_3/6778_アルチザネットワークス/history/02_大畑源一郎/photo_01.jpg,✓,✓,history,
6778,アルチザネットワークス,電気機器,志田文雄,,,,photos_3/6778_アルチザネットワークス/history/03_志田文雄/photo_01.jpg,✓,✓,history,
6778,アルチザネットワークス,電気機器,梶井剛,,,,photos_3/6778_アルチザネットワークス/history/04_梶井剛/photo_01.jpg,✓,✓,history,
6778,アルチザネットワークス,電気機器,佐伯長生,,,,photos_3/6778_アルチザネットワークス/history/05_佐伯長生/photo_01.jpg,✓,✓,history,
6778,アルチザネットワークス,電気機器,渡辺斌衡,,,,photos_3/6778_アルチザネットワークス/history/06_渡辺斌衡/photo_01.jpg,✓,✓,history,
6778,アルチザネットワークス,電気機器,小林宏治,,,,photos_3/6778_アルチザネットワークス/history/07_小林宏治/photo_01.jpg,✓,✓,history,
6778,アルチザネットワークス,電気機器,田中忠雄,,,,photos_3/6778_アルチザネットワークス/history/08_田中忠雄/photo_01.jpg,✓,✓,history,
6778,アルチザネットワークス,電気機器,関本忠弘,,,,photos_3/6778_アルチザネットワークス/history/09_関本忠弘/photo_01.jpg,✓,✓,history,
6778,アルチザネットワークス,電気機器,金子尚志,,,,photos_3/6778_アルチザネットワークス/history/10_金子尚志/photo_01.jpg,✓,✓,history,
6778,アルチザネットワークス,電気機器,西垣浩司,,,,photos_3/6778_アルチザネットワークス/history/11_西垣浩司/photo_01.jpg,✓,✓,history,
6778,アルチザネットワークス,電気機器,金杉明信,,,,photos_3/6778_アルチザネットワークス/history/12_金杉明信/photo_01.jpg,✓,✓,history,
6778,アルチザネットワークス,電気機器,矢野薫,,,,photos_3/6778_アルチザネットワークス/history/13_矢野薫/photo_01.jpg,✓,✓,history,
6778,アルチザネットワークス,電気機器,遠藤信博,,,,photos_3/6778_アルチザネットワークス/history/14_遠藤信博/photo_01.jpg,✓,✓,history,
6778,アルチザネットワークス,電気機器,新野隆,,,,photos_3/6778_アルチザネットワークス/history/15_新野隆/photo_01.jpg,✓,✓,history,
6778,アルチザネットワークス,電気機器,森田隆之,,,,photos_3/6778_アルチザネットワークス/history/16_森田隆之/photo_01.jpg,✓,✓,history,
6779,日本電波工業,電気機器,,,,,,,,missing,要調査
6785,鈴木,電気機器,鈴木道雄,1909-10-01,1920-03-01,10.41,photos_3/6785_鈴木/history/01_鈴木道雄/photo_01.jpg,✓,✓,history,
6785,鈴木,電気機器,鈴木俊三,1957-02-01,1973-05-01,16.24,photos_3/6785_鈴木/history/02_鈴木俊三/photo_01.jpg,✓,✓,history,
6785,鈴木,電気機器,鈴木實治郎,1973-05-01,1978-06-01,5.08,photos_3/6785_鈴木/history/03_鈴木實治郎/photo_01.jpg,✓,✓,history,
6785,鈴木,電気機器,鈴木修,1978-06-01,1990-10-01,12.33,photos_3/6785_鈴木/history/04_鈴木修/photo_01.jpg,✓,✓,history,
6785,鈴木,電気機器,戸田昌男,2000-06-01,2003-03-01,2.75,photos_3/6785_鈴木/history/05_戸田昌男/photo_01.jpg,✓,✓,history,
6785,鈴木,電気機器,津田紘,2003-03-01,2008-12-01,5.75,photos_2/6785_鈴木/history/06_津田紘/photo_01.jpg,✓,✓,history,
6785,鈴木,電気機器,鈴木俊宏,2015-06-01,,,photos_3/6785_鈴木/history/07_鈴木俊宏/photo_01.jpg,✓,✓,history,
6786,RVH,サービス業,,,,,,,,missing,要調査
6787,メイコー,電気機器,名屋 佑一郎,,（現在）,,photos_3/6787_メイコー/current/photo_01.jpg,✓,✓,current,
6788,日本トリム,電気機器,早川徳次,,,,photos_3/6788_日本トリム/history/01_早川徳次/photo_01.jpg,✓,✓,history,
6788,日本トリム,電気機器,佐伯旭,,,,photos_3/6788_日本トリム/history/02_佐伯旭/photo_01.jpg,✓,✓,history,
6788,日本トリム,電気機器,辻晴雄,,,,photos_3/6788_日本トリム/history/03_辻晴雄/photo_01.jpg,✓,✓,history,
6788,日本トリム,電気機器,町田勝彦,,,,,,,history,
6788,日本トリム,電気機器,片山幹雄,,,,photos_3/6788_日本トリム/history/05_片山幹雄/photo_01.jpg,✓,✓,history,
6788,日本トリム,電気機器,奥田隆司,,,,photos_3/6788_日本トリム/history/06_奥田隆司/photo_01.jpg,✓,✓,history,
6788,日本トリム,電気機器,高橋興三,,,,photos_3/6788_日本トリム/history/07_高橋興三/photo_01.jpg,✓,✓,history,
6788,日本トリム,電気機器,戴正呉,,,,photos_3/6788_日本トリム/history/08_戴正呉/photo_01.jpg,✓,✓,history,
6788,日本トリム,電気機器,野村勝明,,,,photos_3/6788_日本トリム/history/09_野村勝明/photo_01.jpg,✓,✓,history,
6788,日本トリム,電気機器,呉柏勲,,,,photos_3/6788_日本トリム/history/10_呉柏勲/photo_01.jpg,✓,✓,history,
6788,日本トリム,電気機器,沖津雅浩,,,,photos_3/6788_日本トリム/history/11_沖津雅浩/photo_01.jpg,✓,✓,history,
6794,フォスター電機,電気機器,,,,,,,,missing,要調査
6797,名古屋電機工業,電気機器,服部 高明,,（現在）,,photos_3/6797_名古屋電機工業/current/photo_01.jpg,✓,✓,current,
6798,SMK,電気機器,法人　昭和池,,（現在）,,photos_3/6798_SMK/current/photo_01.jpg,✓,✓,current,
6800,ヨコオ,電気機器,,,,,,,,missing,要調査
6803,ティアック,電気機器,,,,,,,,missing,要調査
6804,ホシデン,電気機器,古橋健士,,（現在）,,photos_3/6804_ホシデン/current/photo_01.jpg,✓,✓,current,
6806,ヒロセ電機,電気機器,井植歳男,,,,photos_2/6806_ヒロセ電機/history/01_井植歳男/photo_01.jpg,✓,✓,history,
6806,ヒロセ電機,電気機器,井植祐郎,,,,photos_3/6806_ヒロセ電機/history/02_井植祐郎/photo_01.jpg,✓,✓,history,
6806,ヒロセ電機,電気機器,井植薫,,,,photos_3/6806_ヒロセ電機/history/03_井植薫/photo_01.jpg,✓,✓,history,
6806,ヒロセ電機,電気機器,井植敏,,,,photos_3/6806_ヒロセ電機/history/04_井植敏/photo_01.jpg,✓,✓,history,
6806,ヒロセ電機,電気機器,高野泰明,,,,photos_3/6806_ヒロセ電機/history/05_高野泰明/photo_01.jpg,✓,✓,history,
6806,ヒロセ電機,電気機器,近藤定男,,,,photos_3/6806_ヒロセ電機/history/06_近藤定男/photo_01.jpg,✓,✓,history,
6806,ヒロセ電機,電気機器,桑野幸徳,,,,photos_3/6806_ヒロセ電機/history/07_桑野幸徳/photo_01.jpg,✓,✓,history,
6806,ヒロセ電機,電気機器,井植敏雅,,,,photos_3/6806_ヒロセ電機/history/08_井植敏雅/photo_01.jpg,✓,✓,history,
6806,ヒロセ電機,電気機器,佐野精一郎,,,,photos_3/6806_ヒロセ電機/history/09_佐野精一郎/photo_01.jpg,✓,✓,history,
6806,ヒロセ電機,電気機器,伊藤正人,,,,photos_3/6806_ヒロセ電機/history/10_伊藤正人/photo_01.jpg,✓,✓,history,
6806,ヒロセ電機,電気機器,中川能亨,,,,photos_3/6806_ヒロセ電機/history/11_中川能亨/photo_01.jpg,✓,✓,history,
6806,ヒロセ電機,電気機器,井垣誠一郎,,,,photos_3/6806_ヒロセ電機/history/12_井垣誠一郎/photo_01.jpg,✓,✓,history,
6807,日本航空電子工業,電気機器,,,,,,,,missing,要調査
6809,TOA,電気機器,谷口 方啓,,（現在）,,photos_3/6809_TOA/current/photo_01.jpg,✓,✓,current,
6809,TOA,電気機器,ダイハツ工業,,,,photos_2/6809_TOA/history/01_ダイハツ工業/photo_01.jpg,✓,✓,history,
6810,マクセル,電気機器,小平浪平,,,,photos_2/6810_マクセル/history/01_小平浪平/photo_01.jpg,✓,✓,history,
6810,マクセル,電気機器,倉田主税,,,,photos_2/6810_マクセル/history/02_倉田主税/photo_01.jpg,✓,✓,history,
6810,マクセル,電気機器,駒井健一郎,,,,photos_2/6810_マクセル/history/03_駒井健一郎/photo_01.jpg,✓,✓,history,
6810,マクセル,電気機器,吉山博吉,,,,photos_3/6810_マクセル/history/04_吉山博吉/photo_01.jpg,✓,✓,history,
6810,マクセル,電気機器,三田勝茂,,,,photos_3/6810_マクセル/history/05_三田勝茂/photo_01.jpg,✓,✓,history,
6810,マクセル,電気機器,金井務,,,,photos_3/6810_マクセル/history/06_金井務/photo_01.jpg,✓,✓,history,
6810,マクセル,電気機器,庄山悦彦,,,,photos_3/6810_マクセル/history/07_庄山悦彦/photo_01.jpg,✓,✓,history,
6810,マクセル,電気機器,古川一夫,,,,photos_3/6810_マクセル/history/08_古川一夫/photo_01.jpg,✓,✓,history,
6810,マクセル,電気機器,川村隆,,,,photos_3/6810_マクセル/history/09_川村隆/photo_01.jpg,✓,✓,history,
6810,マクセル,電気機器,中西宏明,,,,photos_3/6810_マクセル/history/10_中西宏明/photo_01.jpg,✓,✓,history,
6810,マクセル,電気機器,東原敏昭,,,,photos_3/6810_マクセル/history/11_東原敏昭/photo_01.jpg,✓,✓,history,
6810,マクセル,電気機器,小島啓二,,,,photos_3/6810_マクセル/history/12_小島啓二/photo_01.jpg,✓,✓,history,
6810,マクセル,電気機器,德永俊昭,,,,photos_2/6810_マクセル/history/13_德永俊昭/photo_01.jpg,✓,✓,history,
6814,古野電気,電気機器,古野電気,,（現在）,,photos_3/6814_古野電気/current/photo_01.jpg,✓,✓,current,
6817,スミダコーポレーション,電気機器,小林忠兵衛,,,,photos_2/6817_スミダコーポレーション/history/01_小林忠兵衛/photo_01.jpg,✓,✓,history,
6817,スミダコーポレーション,電気機器,祖父は吉太郎,,,,photos_3/6817_スミダコーポレーション/history/02_祖父は吉太郎/photo_01.jpg,✓,✓,history,
6819,伊豆シャボテンリゾート,サービス業,,,,,,,,missing,要調査
6820,アイコム,電気機器,"理由

当社",,（現在）,,,,,current,
6822,大井電気,電気機器,安蔵弥輔,,,,photos_2/6822_大井電気/history/01_安蔵弥輔/photo_01.jpg,✓,✓,history,
6822,大井電気,電気機器,高井亮太郎,1952-09-01,,,photos_2/6822_大井電気/history/02_高井亮太郎/photo_01.jpg,✓,✓,history,
6822,大井電気,電気機器,青木均一,,,,photos_2/6822_大井電気/history/03_青木均一/photo_01.jpg,✓,✓,history,
6822,大井電気,電気機器,木川田一隆,,,,photos_2/6822_大井電気/history/04_木川田一隆/photo_01.jpg,✓,✓,history,
6822,大井電気,電気機器,水野久男,,,,photos_3/6822_大井電気/history/05_水野久男/photo_01.jpg,✓,✓,history,
6822,大井電気,電気機器,平岩外四,,,,photos_3/6822_大井電気/history/06_平岩外四/photo_01.jpg,✓,✓,history,
6822,大井電気,電気機器,那須翔,1984-06-01,,,photos_3/6822_大井電気/history/07_那須翔/photo_01.jpg,✓,✓,history,
6822,大井電気,電気機器,荒木浩,1993-06-01,,,photos_3/6822_大井電気/history/08_荒木浩/photo_01.jpg,✓,✓,history,
6822,大井電気,電気機器,南直哉,1999-04-01,,,photos_3/6822_大井電気/history/09_南直哉/photo_01.jpg,✓,✓,history,
6822,大井電気,電気機器,勝俣恒久,2002-09-01,,,photos_2/6822_大井電気/history/10_勝俣恒久/photo_01.jpg,✓,✓,history,
6822,大井電気,電気機器,清水正孝,2008-06-01,,,photos_3/6822_大井電気/history/11_清水正孝/photo_01.jpg,✓,✓,history,
6822,大井電気,電気機器,西澤俊夫,2012-06-01,,,photos_2/6822_大井電気/history/12_西澤俊夫/photo_01.jpg,✓,✓,history,
6822,大井電気,電気機器,廣瀬直己,2012-06-01,,,photos_3/6822_大井電気/history/13_廣瀬直己/photo_01.jpg,✓,✓,history,
6822,大井電気,電気機器,小早川智明,2017-06-01,,,photos_2/6822_大井電気/history/14_小早川智明/photo_01.jpg,✓,✓,history,
6822,大井電気,電気機器,新木栄吉,,,,photos_3/6822_大井電気/history/15_新木栄吉/photo_01.jpg,✓,✓,history,
6822,大井電気,電気機器,新井章治,,,,photos_3/6822_大井電気/history/16_新井章治/photo_01.jpg,✓,✓,history,
6822,大井電気,電気機器,菅礼之助,,,,photos_3/6822_大井電気/history/17_菅礼之助/photo_01.jpg,✓,✓,history,
6822,大井電気,電気機器,田村滋美,,,,photos_3/6822_大井電気/history/18_田村滋美/photo_01.jpg,✓,✓,history,
6822,大井電気,電気機器,下河邉和彦,,,,photos_3/6822_大井電気/history/19_下河邉和彦/photo_01.jpg,✓,✓,history,
6822,大井電気,電気機器,数土文夫,,,,photos_3/6822_大井電気/history/20_数土文夫/photo_01.jpg,✓,✓,history,
6823,リオン,電気機器,,,,,,,,missing,要調査
6824,新コスモス電機,電気機器,月刊誌,2025年12月,（現在）,,photos_3/6824_新コスモス電機/current/photo_01.jpg,✓,✓,current,
6824,新コスモス電機,電気機器,立石電機,,,,photos_2/6824_新コスモス電機/history/01_立石電機/photo_01.jpg,✓,✓,history,
6824,新コスモス電機,電気機器,立石一真,,,,photos_3/6824_新コスモス電機/history/02_立石一真/photo_01.jpg,✓,✓,history,
6824,新コスモス電機,電気機器,立石孝雄,,,,photos_3/6824_新コスモス電機/history/03_立石孝雄/photo_01.jpg,✓,✓,history,
6824,新コスモス電機,電気機器,立石義雄,,,,photos_3/6824_新コスモス電機/history/04_立石義雄/photo_01.jpg,✓,✓,history,
6824,新コスモス電機,電気機器,オムロン,,,,photos_3/6824_新コスモス電機/history/05_オムロン/photo_01.jpg,✓,✓,history,
6824,新コスモス電機,電気機器,作田久男,,,,photos_3/6824_新コスモス電機/history/06_作田久男/photo_01.jpg,✓,✓,history,
6824,新コスモス電機,電気機器,山田義仁,,,,photos_3/6824_新コスモス電機/history/07_山田義仁/photo_01.jpg,✓,✓,history,
6824,新コスモス電機,電気機器,辻永順太,,,,photos_3/6824_新コスモス電機/history/08_辻永順太/photo_01.jpg,✓,✓,history,
6832,アオイ電子,電気機器,木下　和洋,,（現在）,,photos_3/6832_アオイ電子/current/photo_01.jpg,✓,✓,current,
6832,アオイ電子,電気機器,早川徳次,,,,photos_3/6832_アオイ電子/history/01_早川徳次/photo_01.jpg,✓,✓,history,
6832,アオイ電子,電気機器,佐伯旭,,,,photos_3/6832_アオイ電子/history/02_佐伯旭/photo_01.jpg,✓,✓,history,
6832,アオイ電子,電気機器,辻晴雄,,,,photos_3/6832_アオイ電子/history/03_辻晴雄/photo_01.jpg,✓,✓,history,
6832,アオイ電子,電気機器,町田勝彦,,,,photos_3/6832_アオイ電子/history/04_町田勝彦/photo_01.jpg,✓,✓,history,
6832,アオイ電子,電気機器,片山幹雄,,,,photos_3/6832_アオイ電子/history/05_片山幹雄/photo_01.jpg,✓,✓,history,
6832,アオイ電子,電気機器,奥田隆司,,,,photos_3/6832_アオイ電子/history/06_奥田隆司/photo_01.jpg,✓,✓,history,
6832,アオイ電子,電気機器,高橋興三,,,,photos_3/6832_アオイ電子/history/07_高橋興三/photo_01.jpg,✓,✓,history,
6832,アオイ電子,電気機器,戴正呉,,,,photos_3/6832_アオイ電子/history/08_戴正呉/photo_01.jpg,✓,✓,history,
6832,アオイ電子,電気機器,野村勝明,,,,photos_3/6832_アオイ電子/history/09_野村勝明/photo_01.jpg,✓,✓,history,
6832,アオイ電子,電気機器,呉柏勲,,,,photos_3/6832_アオイ電子/history/10_呉柏勲/photo_01.jpg,✓,✓,history,
6832,アオイ電子,電気機器,沖津雅浩,,,,photos_3/6832_アオイ電子/history/11_沖津雅浩/photo_01.jpg,✓,✓,history,
6834,精工技研,電気機器,本田 宗一郎,,,,photos_3/6834_精工技研/history/01_本田_宗一郎/photo_01.jpg,✓,✓,history,
6834,精工技研,電気機器,河島 喜好,1973-10-01,,,photos_3/6834_精工技研/history/02_河島_喜好/photo_01.jpg,✓,✓,history,
6834,精工技研,電気機器,久米 是志,1983-10-01,,,photos_3/6834_精工技研/history/03_久米_是志/photo_01.jpg,✓,✓,history,
6834,精工技研,電気機器,川本 信彦,,,,photos_3/6834_精工技研/history/04_川本_信彦/photo_01.jpg,✓,✓,history,
6834,精工技研,電気機器,吉野 浩行,,,,photos_3/6834_精工技研/history/05_吉野_浩行/photo_01.jpg,✓,✓,history,
6834,精工技研,電気機器,福井 威夫,,,,photos_3/6834_精工技研/history/06_福井_威夫/photo_01.jpg,✓,✓,history,
6834,精工技研,電気機器,伊東 孝紳,,,,photos_3/6834_精工技研/history/07_伊東_孝紳/photo_01.jpg,✓,✓,history,
6834,精工技研,電気機器,八郷 隆弘,,,,photos_3/6834_精工技研/history/08_八郷_隆弘/photo_01.jpg,✓,✓,history,
6834,精工技研,電気機器,三部 敏宏,,,,photos_3/6834_精工技研/history/09_三部_敏宏/photo_01.jpg,✓,✓,history,
6835,アライドテレシスホールディングス,電気機器,水野成夫,,,,photos_2/6835_アライドテレシスホールディングス/history/01_水野成夫/photo_01.jpg,✓,✓,history,
6835,アライドテレシスホールディングス,電気機器,鹿内信隆,,,,photos_2/6835_アライドテレシスホールディングス/history/02_鹿内信隆/photo_01.jpg,✓,✓,history,
6835,アライドテレシスホールディングス,電気機器,浅野賢澄,,,,photos_2/6835_アライドテレシスホールディングス/history/03_浅野賢澄/photo_01.jpg,✓,✓,history,
6835,アライドテレシスホールディングス,電気機器,石田達郎,,,,photos_2/6835_アライドテレシスホールディングス/history/04_石田達郎/photo_01.jpg,✓,✓,history,
6835,アライドテレシスホールディングス,電気機器,羽佐間重彰,,,,photos_3/6835_アライドテレシスホールディングス/history/05_羽佐間重彰/photo_01.jpg,✓,✓,history,
6835,アライドテレシスホールディングス,電気機器,日枝久,,,,photos_3/6835_アライドテレシスホールディングス/history/06_日枝久/photo_01.jpg,✓,✓,history,
6835,アライドテレシスホールディングス,電気機器,村上光一,,,,photos_3/6835_アライドテレシスホールディングス/history/07_村上光一/photo_01.jpg,✓,✓,history,
6835,アライドテレシスホールディングス,電気機器,豊田皓,,,,photos_3/6835_アライドテレシスホールディングス/history/08_豊田皓/photo_01.jpg,✓,✓,history,
6835,アライドテレシスホールディングス,電気機器,亀山千広,,,,photos_3/6835_アライドテレシスホールディングス/history/09_亀山千広/photo_01.jpg,✓,✓,history,
6835,アライドテレシスホールディングス,電気機器,宮内正喜,,,,,,,history,
6835,アライドテレシスホールディングス,電気機器,遠藤龍之介,,,,photos_3/6835_アライドテレシスホールディングス/history/11_遠藤龍之介/photo_01.jpg,✓,✓,history,
6835,アライドテレシスホールディングス,電気機器,金光修,,,,photos_3/6835_アライドテレシスホールディングス/history/12_金光修/photo_01.jpg,✓,✓,history,
6835,アライドテレシスホールディングス,電気機器,港浩一,,,,,,,history,
6835,アライドテレシスホールディングス,電気機器,清水賢治,,,,photos_3/6835_アライドテレシスホールディングス/history/14_清水賢治/photo_01.jpg,✓,✓,history,
6836,ぷらっとホーム,電気機器,株主,,（現在）,,photos_3/6836_ぷらっとホーム/current/photo_01.jpg,✓,✓,current,
6837,京写,電気機器,,,,,,,,missing,要調査
6838,多摩川ホールディングス,電気機器,,,,,,,,missing,要調査
6840,AKIBAホールディングス,電気機器,鈴木慶,1984-11-01,,,photos_3/6840_AKIBAホールディングス/history/01_鈴木慶/photo_01.jpg,✓,✓,history,
6840,AKIBAホールディングス,電気機器,柿谷義郎,1984-11-01,,,photos_3/6840_AKIBAホールディングス/history/02_柿谷義郎/photo_01.jpg,✓,✓,history,
6840,AKIBAホールディングス,電気機器,山科光男,,,,,,,history,
6840,AKIBAホールディングス,電気機器,桜本克次,,,,photos_3/6840_AKIBAホールディングス/history/04_桜本克次/photo_01.jpg,✓,✓,history,
6840,AKIBAホールディングス,電気機器,野口進,,,,,,,history,
6840,AKIBAホールディングス,電気機器,平岡正行,,,,photos_3/6840_AKIBAホールディングス/history/06_平岡正行/photo_01.jpg,✓,✓,history,
6840,AKIBAホールディングス,電気機器,中西敏広,,,,,,,history,
6840,AKIBAホールディングス,電気機器,行方伸介,,,,photos_3/6840_AKIBAホールディングス/history/08_行方伸介/photo_01.jpg,✓,✓,history,
6840,AKIBAホールディングス,電気機器,渡辺武志,2020-11-01,2020-11-30,0.08,photos_3/6840_AKIBAホールディングス/history/09_渡辺武志/photo_01.jpg,✓,✓,history,
6840,AKIBAホールディングス,電気機器,中阿地信介,2020-12-01,,,photos_3/6840_AKIBAホールディングス/history/10_中阿地信介/photo_01.jpg,✓,✓,history,
6841,横河電機,電気機器,,,,,,,,missing,要調査
6844,新電元工業,電気機器,本田 宗一郎,,,,photos_3/6844_新電元工業/history/01_本田_宗一郎/photo_01.jpg,✓,✓,history,
6844,新電元工業,電気機器,河島 喜好,1973-10-01,,,,,,history,
6844,新電元工業,電気機器,久米 是志,1983-10-01,,,photos_3/6844_新電元工業/history/03_久米_是志/photo_01.jpg,✓,✓,history,
6844,新電元工業,電気機器,川本 信彦,,,,photos_3/6844_新電元工業/history/04_川本_信彦/photo_01.jpg,✓,✓,history,
6844,新電元工業,電気機器,吉野 浩行,,,,photos_3/6844_新電元工業/history/05_吉野_浩行/photo_01.jpg,✓,✓,history,
6844,新電元工業,電気機器,福井 威夫,,,,photos_3/6844_新電元工業/history/06_福井_威夫/photo_01.jpg,✓,✓,history,
6844,新電元工業,電気機器,伊東 孝紳,,,,photos_3/6844_新電元工業/history/07_伊東_孝紳/photo_01.jpg,✓,✓,history,
6844,新電元工業,電気機器,八郷 隆弘,,,,photos_3/6844_新電元工業/history/08_八郷_隆弘/photo_01.jpg,✓,✓,history,
6844,新電元工業,電気機器,三部 敏宏,,,,photos_3/6844_新電元工業/history/09_三部_敏宏/photo_01.jpg,✓,✓,history,
6845,アズビル,電気機器,,,,,,,,missing,要調査
6848,東亜ディーケーケー,電気機器,"案内
基本情",2025年3月,（現在）,,,,,current,
6849,日本光電工業,電気機器,藤井深造,1964-06-01,1965-05-01,0.91,photos_2/6849_日本光電工業/history/01_藤井深造/photo_01.jpg,✓,✓,history,
6849,日本光電工業,電気機器,河野文彦,1965-05-01,,,photos_3/6849_日本光電工業/history/02_河野文彦/photo_01.jpg,✓,✓,history,
6849,日本光電工業,電気機器,牧田與一郎,1969-05-01,1971-02-01,1.75,photos_3/6849_日本光電工業/history/03_牧田與一郎/photo_01.jpg,✓,✓,history,
6849,日本光電工業,電気機器,古賀繁一,1971-12-01,1973-05-01,1.42,photos_3/6849_日本光電工業/history/04_古賀繁一/photo_01.jpg,✓,✓,history,
6849,日本光電工業,電気機器,守屋学治,1973-05-01,1977-06-01,4.08,photos_3/6849_日本光電工業/history/05_守屋学治/photo_01.jpg,✓,✓,history,
6849,日本光電工業,電気機器,金森政雄,1977-06-01,1981-06-01,4.0,photos_3/6849_日本光電工業/history/06_金森政雄/photo_01.jpg,✓,✓,history,
6849,日本光電工業,電気機器,末永聡一郎,1981-06-01,1985-06-01,4.0,photos_3/6849_日本光電工業/history/07_末永聡一郎/photo_01.jpg,✓,✓,history,
6849,日本光電工業,電気機器,飯田庸太郎,,,,,,,history,
6849,日本光電工業,電気機器,相川賢太郎,,,,photos_3/6849_日本光電工業/history/09_相川賢太郎/photo_01.jpg,✓,✓,history,
6849,日本光電工業,電気機器,増田信行,,,,photos_3/6849_日本光電工業/history/10_増田信行/photo_01.jpg,✓,✓,history,
6849,日本光電工業,電気機器,西岡喬,,,,photos_3/6849_日本光電工業/history/11_西岡喬/photo_01.jpg,✓,✓,history,
6849,日本光電工業,電気機器,佃和夫,,,,photos_2/6849_日本光電工業/history/12_佃和夫/photo_01.jpg,✓,✓,history,
6849,日本光電工業,電気機器,大宮英明,,,,photos_3/6849_日本光電工業/history/13_大宮英明/photo_01.jpg,✓,✓,history,
6849,日本光電工業,電気機器,宮永俊一,,,,photos_3/6849_日本光電工業/history/14_宮永俊一/photo_01.jpg,✓,✓,history,
6849,日本光電工業,電気機器,泉澤清次,,,,photos_2/6849_日本光電工業/history/15_泉澤清次/photo_01.jpg,✓,✓,history,
6849,日本光電工業,電気機器,伊藤栄作,,,,photos_3/6849_日本光電工業/history/16_伊藤栄作/photo_01.jpg,✓,✓,history,
6850,チノー,電気機器,,,,,,,,missing,要調査
6853,共和電業,電気機器,大島一郎,,,,photos_2/6853_共和電業/history/01_大島一郎/photo_01.jpg,✓,✓,history,
6853,共和電業,電気機器,前述の通り,,,,photos_3/6853_共和電業/history/02_前述の通り/photo_01.jpg,✓,✓,history,
6855,日本電子材料,電気機器,,,,,,,,missing,要調査
6856,堀場製作所,電気機器,"制図

堀場製",,（現在）,,photos_3/6856_堀場製作所/current/photo_01.jpg,✓,✓,current,
6856,堀場製作所,電気機器,小平浪平,,,,photos_2/6856_堀場製作所/history/01_小平浪平/photo_01.jpg,✓,✓,history,
6856,堀場製作所,電気機器,倉田主税,,,,photos_2/6856_堀場製作所/history/02_倉田主税/photo_01.jpg,✓,✓,history,
6856,堀場製作所,電気機器,駒井健一郎,,,,photos_2/6856_堀場製作所/history/03_駒井健一郎/photo_01.jpg,✓,✓,history,
6856,堀場製作所,電気機器,吉山博吉,,,,photos_3/6856_堀場製作所/history/04_吉山博吉/photo_01.jpg,✓,✓,history,
6856,堀場製作所,電気機器,三田勝茂,,,,photos_3/6856_堀場製作所/history/05_三田勝茂/photo_01.jpg,✓,✓,history,
6856,堀場製作所,電気機器,金井務,,,,photos_3/6856_堀場製作所/history/06_金井務/photo_01.jpg,✓,✓,history,
6856,堀場製作所,電気機器,庄山悦彦,,,,photos_3/6856_堀場製作所/history/07_庄山悦彦/photo_01.jpg,✓,✓,history,
6856,堀場製作所,電気機器,古川一夫,,,,photos_3/6856_堀場製作所/history/08_古川一夫/photo_01.jpg,✓,✓,history,
6856,堀場製作所,電気機器,川村隆,,,,photos_3/6856_堀場製作所/history/09_川村隆/photo_01.jpg,✓,✓,history,
6856,堀場製作所,電気機器,中西宏明,,,,photos_3/6856_堀場製作所/history/10_中西宏明/photo_01.jpg,✓,✓,history,
6856,堀場製作所,電気機器,東原敏昭,,,,photos_3/6856_堀場製作所/history/11_東原敏昭/photo_01.jpg,✓,✓,history,
6856,堀場製作所,電気機器,小島啓二,,,,photos_3/6856_堀場製作所/history/12_小島啓二/photo_01.jpg,✓,✓,history,
6856,堀場製作所,電気機器,德永俊昭,,,,photos_2/6856_堀場製作所/history/13_德永俊昭/photo_01.jpg,✓,✓,history,
6857,アドバンテスト,電気機器,,,,,,,,missing,要調査
6858,小野測器,電気機器,,,,,,,,missing,要調査
6859,エスペック,電気機器,田葉井五郎,,,,photos_3/6859_エスペック/history/01_田葉井五郎/photo_01.jpg,✓,✓,history,
6859,エスペック,電気機器,小山栄一,,,,,,,history,
6859,エスペック,電気機器,島崎清,,,,photos_3/6859_エスペック/history/03_島崎清/photo_01.jpg,✓,✓,history,
6859,エスペック,電気機器,野路井達,,,,photos_3/6859_エスペック/history/04_野路井達/photo_01.jpg,✓,✓,history,
6859,エスペック,電気機器,進信義,,,,photos_3/6859_エスペック/history/05_進信義/photo_01.jpg,✓,✓,history,
6859,エスペック,電気機器,石田雅昭,2022-03-01,2022-03-31,0.08,photos_3/6859_エスペック/history/06_石田雅昭/photo_01.jpg,✓,✓,history,
6859,エスペック,電気機器,荒田知,2022-04-01,,,photos_3/6859_エスペック/history/07_荒田知/photo_01.jpg,✓,✓,history,
6861,キーエンス,電気機器,山内房治郎,,,,photos_2/6861_キーエンス/history/01_山内房治郎/photo_01.jpg,✓,✓,history,
6861,キーエンス,電気機器,山内積良,,,,photos_3/6861_キーエンス/history/02_山内積良/photo_01.jpg,✓,✓,history,
6861,キーエンス,電気機器,山内溥,,,,photos_3/6861_キーエンス/history/03_山内溥/photo_01.jpg,✓,✓,history,
6861,キーエンス,電気機器,岩田聡,,,,photos_3/6861_キーエンス/history/04_岩田聡/photo_01.jpg,✓,✓,history,
6861,キーエンス,電気機器,君島達己,,,,,,,history,
6861,キーエンス,電気機器,古川俊太郎,,,,photos_3/6861_キーエンス/history/06_古川俊太郎/photo_01.jpg,✓,✓,history,
6862,ミナトホールディングス,電気機器,,,,,,,,missing,要調査
6863,ニレコ,電気機器,,,,,,,,missing,要調査
6864,エヌエフホールディングス,電気機器,日米板硝子,,,,photos_2/6864_エヌエフホールディングス/history/01_日米板硝子/photo_01.jpg,✓,✓,history,
6864,エヌエフホールディングス,電気機器,杉田与三郎,1918-11-01,1922-08-29,3.82,photos_3/6864_エヌエフホールディングス/history/02_杉田与三郎/photo_01.jpg,✓,✓,history,
6864,エヌエフホールディングス,電気機器,大隅行一,1922-08-01,1923-05-31,0.83,photos_3/6864_エヌエフホールディングス/history/03_大隅行一/photo_01.jpg,✓,✓,history,
6864,エヌエフホールディングス,電気機器,大屋敦,1923-06-01,1923-06-16,0.04,photos_3/6864_エヌエフホールディングス/history/04_大屋敦/photo_01.jpg,✓,✓,history,
6864,エヌエフホールディングス,電気機器,森源之助,1923-06-01,1952-06-01,29.0,photos_3/6864_エヌエフホールディングス/history/05_森源之助/photo_01.jpg,✓,✓,history,
6864,エヌエフホールディングス,電気機器,大石公平,1927-02-01,1931-01-15,3.95,photos_3/6864_エヌエフホールディングス/history/06_大石公平/photo_01.jpg,✓,✓,history,
6864,エヌエフホールディングス,電気機器,日本板硝子,,,,photos_2/6864_エヌエフホールディングス/history/07_日本板硝子/photo_01.jpg,✓,✓,history,
6864,エヌエフホールディングス,電気機器,稲井勲造,1938-01-01,1942-05-25,4.39,photos_3/6864_エヌエフホールディングス/history/08_稲井勲造/photo_01.jpg,✓,✓,history,
6864,エヌエフホールディングス,電気機器,中村文夫,1942-06-01,1962-05-28,19.99,photos_3/6864_エヌエフホールディングス/history/09_中村文夫/photo_01.jpg,✓,✓,history,
6864,エヌエフホールディングス,電気機器,渡辺逸郎,1962-05-01,1962-05-28,0.07,photos_3/6864_エヌエフホールディングス/history/10_渡辺逸郎/photo_01.jpg,✓,✓,history,
6864,エヌエフホールディングス,電気機器,滝本清八郎,,,,photos_3/6864_エヌエフホールディングス/history/11_滝本清八郎/photo_01.jpg,✓,✓,history,
6864,エヌエフホールディングス,電気機器,川瀬二郎,,,,photos_3/6864_エヌエフホールディングス/history/12_川瀬二郎/photo_01.jpg,✓,✓,history,
6864,エヌエフホールディングス,電気機器,菅沼俊彦,,,,photos_3/6864_エヌエフホールディングス/history/13_菅沼俊彦/photo_01.jpg,✓,✓,history,
6864,エヌエフホールディングス,電気機器,刺賀信雄,,,,photos_3/6864_エヌエフホールディングス/history/14_刺賀信雄/photo_01.jpg,✓,✓,history,
6864,エヌエフホールディングス,電気機器,中島達二,,,,photos_3/6864_エヌエフホールディングス/history/15_中島達二/photo_01.jpg,✓,✓,history,
6864,エヌエフホールディングス,電気機器,松村実,,,,photos_3/6864_エヌエフホールディングス/history/16_松村実/photo_01.jpg,✓,✓,history,
6864,エヌエフホールディングス,電気機器,出原洋三,,,,photos_2/6864_エヌエフホールディングス/history/17_出原洋三/photo_01.jpg,✓,✓,history,
6864,エヌエフホールディングス,電気機器,藤本勝司,2004-06-01,,,photos_3/6864_エヌエフホールディングス/history/18_藤本勝司/photo_01.jpg,✓,✓,history,
6864,エヌエフホールディングス,電気機器,吉川恵治,2012-04-01,2015-04-01,3.0,photos_3/6864_エヌエフホールディングス/history/19_吉川恵治/photo_01.jpg,✓,✓,history,
6864,エヌエフホールディングス,電気機器,森重樹,2023-04-01,,,photos_3/6864_エヌエフホールディングス/history/20_森重樹/photo_01.jpg,✓,✓,history,
6866,日置電機,電気機器,,,,,,,,missing,要調査
6867,リーダー電子,電気機器,"資料

決算短",,（現在）,,photos_3/6867_リーダー電子/current/photo_01.jpg,✓,✓,current,
6867,リーダー電子,電気機器,山内房治郎,,,,photos_2/6867_リーダー電子/history/01_山内房治郎/photo_01.jpg,✓,✓,history,
6867,リーダー電子,電気機器,山内積良,,,,photos_2/6867_リーダー電子/history/02_山内積良/photo_01.jpg,✓,✓,history,
6867,リーダー電子,電気機器,山内溥,,,,photos_2/6867_リーダー電子/history/03_山内溥/photo_01.jpg,✓,✓,history,
6867,リーダー電子,電気機器,岩田聡,,,,photos_3/6867_リーダー電子/history/04_岩田聡/photo_01.jpg,✓,✓,history,
6867,リーダー電子,電気機器,君島達己,,,,photos_3/6867_リーダー電子/history/05_君島達己/photo_01.jpg,✓,✓,history,
6867,リーダー電子,電気機器,古川俊太郎,,,,photos_3/6867_リーダー電子/history/06_古川俊太郎/photo_01.jpg,✓,✓,history,
6869,シスメックス,電気機器,株主,,（現在）,,photos_3/6869_シスメックス/current/photo_01.jpg,✓,✓,current,
6870,日本フェンオール,電気機器,,,,,,,,missing,要調査
6871,日本マイクロニクス,電気機器,,,,,,,,missing,要調査
6874,協立電機,電気機器,西 信之,,（現在）,,photos_3/6874_協立電機/current/photo_01.jpg,✓,✓,current,
6875,メガチップス,電気機器,肥川 哲士,,（現在）,,photos_3/6875_メガチップス/current/photo_01.jpg,✓,✓,current,
6875,メガチップス,電気機器,下垣内洋一,2002-09-01,2005-04-01,2.58,photos_2/6875_メガチップス/history/01_下垣内洋一/photo_01.jpg,✓,✓,history,
6875,メガチップス,電気機器,數土文夫,2005-04-01,2010-04-01,5.0,photos_2/6875_メガチップス/history/02_數土文夫/photo_01.jpg,✓,✓,history,
6875,メガチップス,電気機器,馬田一,2010-04-01,2015-04-01,5.0,photos_2/6875_メガチップス/history/03_馬田一/photo_01.jpg,✓,✓,history,
6875,メガチップス,電気機器,林田英治,2015-04-01,2019-04-01,4.0,photos_3/6875_メガチップス/history/04_林田英治/photo_01.jpg,✓,✓,history,
6875,メガチップス,電気機器,柿木厚司,2019-04-01,2024-04-01,5.0,photos_3/6875_メガチップス/history/05_柿木厚司/photo_01.jpg,✓,✓,history,
6875,メガチップス,電気機器,北野嘉久,2024-04-01,,,photos_3/6875_メガチップス/history/06_北野嘉久/photo_01.jpg,✓,✓,history,
6877,OBARA　GROUP,電気機器,,,,,,,,missing,要調査
6882,三社電機製作所,電気機器,村 元,,（現在）,,photos_3/6882_三社電機製作所/current/photo_01.jpg,✓,✓,current,
6888,アクモス,情報・通信業,,,,,,,,missing,要調査
6890,フェローテックホールディングス,電気機器,"理念

企業情",,（現在）,,photos_3/6890_フェローテックホールディングス/current/photo_01.jpg,✓,✓,current,
6894,パルステック工業,電気機器,当社,,（現在）,,photos_3/6894_パルステック工業/current/photo_01.jpg,✓,✓,current,
6894,パルステック工業,電気機器,山田晁,,,,photos_3/6894_パルステック工業/history/01_山田晁/photo_01.jpg,✓,✓,history,
6894,パルステック工業,電気機器,土屋義夫,,,,photos_3/6894_パルステック工業/history/02_土屋義夫/photo_01.jpg,✓,✓,history,
6894,パルステック工業,電気機器,山田稔,,,,photos_3/6894_パルステック工業/history/03_山田稔/photo_01.jpg,✓,✓,history,
6894,パルステック工業,電気機器,井上礼之,,,,photos_3/6894_パルステック工業/history/04_井上礼之/photo_01.jpg,✓,✓,history,
6894,パルステック工業,電気機器,北井啓之,,,,photos_3/6894_パルステック工業/history/05_北井啓之/photo_01.jpg,✓,✓,history,
6894,パルステック工業,電気機器,岡野幸義,,,,photos_3/6894_パルステック工業/history/06_岡野幸義/photo_01.jpg,✓,✓,history,
6894,パルステック工業,電気機器,十河政則,,,,photos_3/6894_パルステック工業/history/07_十河政則/photo_01.jpg,✓,✓,history,
6894,パルステック工業,電気機器,竹中直文,,,,photos_3/6894_パルステック工業/history/08_竹中直文/photo_01.jpg,✓,✓,history,
6897,ツインバード,電気機器,,,,,,,,missing,要調査
6898,トミタ電機,電気機器,,,,,,,,missing,要調査
6899,ASTI,電気機器,,,,,,,,missing,要調査
6901,澤藤電機,電気機器,下山 泰樹,,（現在）,,photos_3/6901_澤藤電機/current/photo_01.jpg,✓,✓,current,
6902,デンソー,輸送用機器,,,,,,,,missing,要調査
6904,原田工業,電気機器,ダイハツ工業,,,,photos_2/6904_原田工業/history/01_ダイハツ工業/photo_01.jpg,✓,✓,history,
6905,コーセル,電気機器,,,,,,,,missing,要調査
6907,ジオマテック,電気機器,,,,,,,,missing,要調査
6908,イリソ電子工業,電気機器,,,,,,,,missing,要調査
6912,菊水ホールディングス,電気機器,"月
菊水",2026年1月,（現在）,,,,,current,
6914,オプテックスグループ,電気機器,中島 達也,,（現在）,,photos_3/6914_オプテックスグループ/current/photo_01.jpg,✓,✓,current,
6915,千代田インテグレ,電気機器,小池 光明,,（現在）,,photos_3/6915_千代田インテグレ/current/photo_01.jpg,✓,✓,current,
6918,アバールデータ,電気機器,,,,,,,,missing,要調査
6919,ケル,電気機器,,,,,,,,missing,要調査
6920,レーザーテック,電気機器,洞田　哲也,,（現在）,,photos_3/6920_レーザーテック/current/photo_01.jpg,✓,✓,current,
6923,スタンレー電気,電気機器,日現在,2025年6月,（現在）,,photos_3/6923_スタンレー電気/current/photo_01.jpg,✓,✓,current,
6925,ウシオ電機,電気機器,創業以来,,（現在）,,photos_3/6925_ウシオ電機/current/photo_01.jpg,✓,✓,current,
6926,岡谷電機産業,電気機器,,,,,,,,missing,要調査
6927,ヘリオス　テクノ　ホールディング,電気機器,小平浪平,,,,photos_3/6927_ヘリオス_テクノ_ホールディング/history/01_小平浪平/photo_01.jpg,✓,✓,history,
6927,ヘリオス　テクノ　ホールディング,電気機器,倉田主税,,,,photos_3/6927_ヘリオス_テクノ_ホールディング/history/02_倉田主税/photo_01.jpg,✓,✓,history,
6927,ヘリオス　テクノ　ホールディング,電気機器,駒井健一郎,,,,photos_3/6927_ヘリオス_テクノ_ホールディング/history/03_駒井健一郎/photo_01.jpg,✓,✓,history,
6927,ヘリオス　テクノ　ホールディング,電気機器,吉山博吉,,,,photos_3/6927_ヘリオス_テクノ_ホールディング/history/04_吉山博吉/photo_01.jpg,✓,✓,history,
6927,ヘリオス　テクノ　ホールディング,電気機器,三田勝茂,,,,photos_3/6927_ヘリオス_テクノ_ホールディング/history/05_三田勝茂/photo_01.jpg,✓,✓,history,
6927,ヘリオス　テクノ　ホールディング,電気機器,金井務,,,,photos_3/6927_ヘリオス_テクノ_ホールディング/history/06_金井務/photo_01.jpg,✓,✓,history,
6927,ヘリオス　テクノ　ホールディング,電気機器,庄山悦彦,,,,photos_3/6927_ヘリオス_テクノ_ホールディング/history/07_庄山悦彦/photo_01.jpg,✓,✓,history,
6927,ヘリオス　テクノ　ホールディング,電気機器,古川一夫,,,,photos_3/6927_ヘリオス_テクノ_ホールディング/history/08_古川一夫/photo_01.jpg,✓,✓,history,
6927,ヘリオス　テクノ　ホールディング,電気機器,川村隆,,,,photos_3/6927_ヘリオス_テクノ_ホールディング/history/09_川村隆/photo_01.jpg,✓,✓,history,
6927,ヘリオス　テクノ　ホールディング,電気機器,中西宏明,,,,photos_3/6927_ヘリオス_テクノ_ホールディング/history/10_中西宏明/photo_01.jpg,✓,✓,history,
6927,ヘリオス　テクノ　ホールディング,電気機器,東原敏昭,,,,photos_3/6927_ヘリオス_テクノ_ホールディング/history/11_東原敏昭/photo_01.jpg,✓,✓,history,
6927,ヘリオス　テクノ　ホールディング,電気機器,小島啓二,,,,photos_3/6927_ヘリオス_テクノ_ホールディング/history/12_小島啓二/photo_01.jpg,✓,✓,history,
6927,ヘリオス　テクノ　ホールディング,電気機器,德永俊昭,,,,,,,history,
6928,エノモト,電気機器,白鳥 誉,,（現在）,,photos_3/6928_エノモト/current/photo_01.jpg,✓,✓,current,
6929,日本セラミック,電気機器,宮木男也,1959-04-01,,,photos_3/6929_日本セラミック/history/01_宮木男也/photo_01.jpg,✓,✓,history,
6929,日本セラミック,電気機器,青山政次,1964-04-01,1966-05-23,2.14,photos_3/6929_日本セラミック/history/02_青山政次/photo_01.jpg,✓,✓,history,
6929,日本セラミック,電気機器,稲盛和夫,1966-05-01,1986-09-30,20.42,photos_3/6929_日本セラミック/history/03_稲盛和夫/photo_01.jpg,✓,✓,history,
6929,日本セラミック,電気機器,安城欽寿,1986-10-01,1989-06-01,2.67,photos_3/6929_日本セラミック/history/04_安城欽寿/photo_01.jpg,✓,✓,history,
6929,日本セラミック,電気機器,伊藤謙介,1989-06-01,1999-06-29,10.08,photos_3/6929_日本セラミック/history/05_伊藤謙介/photo_01.jpg,✓,✓,history,
6929,日本セラミック,電気機器,西口泰夫,1999-06-01,2005-06-28,6.08,photos_3/6929_日本セラミック/history/06_西口泰夫/photo_01.jpg,✓,✓,history,
6929,日本セラミック,電気機器,川村誠,2005-06-01,2009-03-31,3.83,photos_3/6929_日本セラミック/history/07_川村誠/photo_01.jpg,✓,✓,history,
6929,日本セラミック,電気機器,久芳徹夫,2009-04-01,2013-03-31,4.0,photos_3/6929_日本セラミック/history/08_久芳徹夫/photo_01.jpg,✓,✓,history,
6929,日本セラミック,電気機器,山口悟郎,2013-04-01,2017-03-31,4.0,,,,history,
6929,日本セラミック,電気機器,谷本秀夫,2017-04-01,2026-03-31,9.0,photos_3/6929_日本セラミック/history/10_谷本秀夫/photo_01.jpg,✓,✓,history,
6929,日本セラミック,電気機器,作島史朗,2017-04-01,,,photos_3/6929_日本セラミック/history/11_作島史朗/photo_01.jpg,✓,✓,history,
6930,日本アンテナ,電気機器,,,,,,,,missing,要調査
6932,遠藤照明,電気機器,,,,,,,,missing,要調査
6941,山一電機,電気機器,亀谷　淳一,,（現在）,,photos_3/6941_山一電機/current/photo_01.jpg,✓,✓,current,
6941,山一電機,電気機器,副頭取,,,,photos_3/6941_山一電機/history/01_副頭取/photo_01.jpg,✓,✓,history,
6941,山一電機,電気機器,安田善之助,,,,photos_3/6941_山一電機/history/02_安田善之助/photo_01.jpg,✓,✓,history,
6942,ソフィアホールディングス,情報・通信業,"貢献
私達",2007年4月,（現在）,,photos_3/6942_ソフィアホールディングス/current/photo_01.jpg,✓,✓,current,
6942,ソフィアホールディングス,情報・通信業,勝田泰久,2001-12-01,2003-05-01,1.41,photos_3/6942_ソフィアホールディングス/history/01_勝田泰久/photo_01.jpg,✓,✓,history,
6942,ソフィアホールディングス,情報・通信業,川田憲治,2003-05-01,2006-06-01,3.09,photos_3/6942_ソフィアホールディングス/history/02_川田憲治/photo_01.jpg,✓,✓,history,
6942,ソフィアホールディングス,情報・通信業,水田廣行,2006-06-01,2007-06-01,1.0,photos_3/6942_ソフィアホールディングス/history/03_水田廣行/photo_01.jpg,✓,✓,history,
6942,ソフィアホールディングス,情報・通信業,檜垣誠司,2007-06-01,2013-04-01,5.83,photos_3/6942_ソフィアホールディングス/history/04_檜垣誠司/photo_01.jpg,✓,✓,history,
6942,ソフィアホールディングス,情報・通信業,東和浩,2013-04-01,2020-04-01,7.0,photos_3/6942_ソフィアホールディングス/history/05_東和浩/photo_01.jpg,✓,✓,history,
6942,ソフィアホールディングス,情報・通信業,南昌宏,2020-04-01,,,photos_3/6942_ソフィアホールディングス/history/06_南昌宏/photo_01.jpg,✓,✓,history,
6943,NKKスイッチズ,電気機器,,,,,,,,missing,要調査
6946,日本アビオニクス,電気機器,,,,,,,,missing,要調査
6947,図研,電気機器,山内房治郎,,,,photos_3/6947_図研/history/01_山内房治郎/photo_01.jpg,✓,✓,history,
6947,図研,電気機器,山内積良,,,,photos_3/6947_図研/history/02_山内積良/photo_01.jpg,✓,✓,history,
6947,図研,電気機器,山内溥,,,,photos_3/6947_図研/history/03_山内溥/photo_01.jpg,✓,✓,history,
6947,図研,電気機器,岩田聡,,,,photos_3/6947_図研/history/04_岩田聡/photo_01.jpg,✓,✓,history,
6947,図研,電気機器,君島達己,,,,,,,history,
6947,図研,電気機器,古川俊太郎,,,,photos_3/6947_図研/history/06_古川俊太郎/photo_01.jpg,✓,✓,history,
6951,日本電子,電気機器,,,,,,,,missing,要調査
6952,カシオ計算機,電気機器,,,,,,,,missing,要調査
6954,ファナック,電気機器,現職,2016-06-01,,,photos_3/6954_ファナック/history/01_現職/photo_01.jpg,✓,✓,history,
6955,FDK,電気機器,長野　良,,（現在）,,photos_3/6955_FDK/current/photo_01.jpg,✓,✓,current,
6955,FDK,電気機器,井植歳男,,,,photos_3/6955_FDK/history/01_井植歳男/photo_01.jpg,✓,✓,history,
6955,FDK,電気機器,井植祐郎,,,,photos_3/6955_FDK/history/02_井植祐郎/photo_01.jpg,✓,✓,history,
6955,FDK,電気機器,井植薫,,,,photos_3/6955_FDK/history/03_井植薫/photo_01.jpg,✓,✓,history,
6955,FDK,電気機器,井植敏,,,,photos_3/6955_FDK/history/04_井植敏/photo_01.jpg,✓,✓,history,
6955,FDK,電気機器,高野泰明,,,,photos_3/6955_FDK/history/05_高野泰明/photo_01.jpg,✓,✓,history,
6955,FDK,電気機器,近藤定男,,,,photos_3/6955_FDK/history/06_近藤定男/photo_01.jpg,✓,✓,history,
6955,FDK,電気機器,桑野幸徳,,,,,,,history,
6955,FDK,電気機器,井植敏雅,,,,photos_3/6955_FDK/history/08_井植敏雅/photo_01.jpg,✓,✓,history,
6955,FDK,電気機器,佐野精一郎,,,,photos_3/6955_FDK/history/09_佐野精一郎/photo_01.jpg,✓,✓,history,
6955,FDK,電気機器,伊藤正人,,,,photos_3/6955_FDK/history/10_伊藤正人/photo_01.jpg,✓,✓,history,
6955,FDK,電気機器,中川能亨,,,,photos_3/6955_FDK/history/11_中川能亨/photo_01.jpg,✓,✓,history,
6955,FDK,電気機器,井垣誠一郎,,,,photos_3/6955_FDK/history/12_井垣誠一郎/photo_01.jpg,✓,✓,history,
6958,日本シイエムケイ,電気機器,,,,,,,,missing,要調査
6960,フクダ電子,電気機器,"会長
福田孝",,（現在）,,photos_3/6960_フクダ電子/current/photo_01.jpg,✓,✓,current,
6961,エンプラス,電気機器,深山祐助,,,,photos_3/6961_エンプラス/history/01_深山祐助/photo_01.jpg,✓,✓,history,
6961,エンプラス,電気機器,大場富夫,,,,photos_3/6961_エンプラス/history/02_大場富夫/photo_01.jpg,✓,✓,history,
6961,エンプラス,電気機器,北川芳輝,,,,photos_3/6961_エンプラス/history/03_北川芳輝/photo_01.jpg,✓,✓,history,
6961,エンプラス,電気機器,深山英世,,,,photos_3/6961_エンプラス/history/04_深山英世/photo_01.jpg,✓,✓,history,
6961,エンプラス,電気機器,宮尾文也,,,,photos_3/6961_エンプラス/history/05_宮尾文也/photo_01.jpg,✓,✓,history,
6962,大真空,電気機器,,,,,,,,missing,要調査
6963,ローム,電気機器,沖電気,,,,photos_3/6963_ローム/history/01_沖電気/photo_01.jpg,✓,✓,history,
6963,ローム,電気機器,浅野総一郎,1912-08-01,1930-11-09,18.27,photos_3/6963_ローム/history/02_浅野総一郎/photo_01.jpg,✓,✓,history,
6963,ローム,電気機器,浅野泰治郎,1930-12-01,,,photos_3/6963_ローム/history/03_浅野泰治郎/photo_01.jpg,✓,✓,history,
6963,ローム,電気機器,小沢仙吉,1944-04-01,1945-11-01,1.59,photos_3/6963_ローム/history/04_小沢仙吉/photo_01.jpg,✓,✓,history,
6963,ローム,電気機器,楊井勇三,1945-11-01,1947-08-01,1.75,photos_3/6963_ローム/history/05_楊井勇三/photo_01.jpg,✓,✓,history,
6963,ローム,電気機器,井上良治,1947-08-01,1948-08-01,1.0,photos_3/6963_ローム/history/06_井上良治/photo_01.jpg,✓,✓,history,
6963,ローム,電気機器,神戸捨二,1949-04-01,1949-11-01,0.59,photos_3/6963_ローム/history/07_神戸捨二/photo_01.jpg,✓,✓,history,
6963,ローム,電気機器,森章,1966-01-01,1972-11-01,6.83,photos_3/6963_ローム/history/08_森章/photo_01.jpg,✓,✓,history,
6963,ローム,電気機器,山本正明,1972-11-01,1978-04-01,5.41,photos_3/6963_ローム/history/09_山本正明/photo_01.jpg,✓,✓,history,
6963,ローム,電気機器,三宅正男,1978-04-01,1982-05-01,4.08,photos_3/6963_ローム/history/10_三宅正男/photo_01.jpg,✓,✓,history,
6963,ローム,電気機器,橋本南海男,1982-05-01,1988-06-01,6.09,photos_3/6963_ローム/history/11_橋本南海男/photo_01.jpg,✓,✓,history,
6963,ローム,電気機器,小杉信光,1988-06-01,1992-10-01,4.33,photos_3/6963_ローム/history/12_小杉信光/photo_01.jpg,✓,✓,history,
6963,ローム,電気機器,神宮司順,1992-10-01,1995-08-01,2.83,photos_3/6963_ローム/history/13_神宮司順/photo_01.jpg,✓,✓,history,
6963,ローム,電気機器,沢村紫光,1995-08-01,1998-06-01,2.83,photos_3/6963_ローム/history/14_沢村紫光/photo_01.jpg,✓,✓,history,
6963,ローム,電気機器,篠塚勝正,1998-06-01,,,photos_3/6963_ローム/history/15_篠塚勝正/photo_01.jpg,✓,✓,history,
6963,ローム,電気機器,川崎秀一,,,,photos_3/6963_ローム/history/16_川崎秀一/photo_01.jpg,✓,✓,history,
6963,ローム,電気機器,鎌上信也,,,,photos_3/6963_ローム/history/17_鎌上信也/photo_01.jpg,✓,✓,history,
6963,ローム,電気機器,森孝廣,,,,photos_3/6963_ローム/history/18_森孝廣/photo_01.jpg,✓,✓,history,
6964,サンコー,電気機器,,,,,,,,missing,要調査
6965,浜松ホトニクス,電気機器,,,,,,,,missing,要調査
6966,三井ハイテック,電気機器,"方針

基本理",,（現在）,,photos_3/6966_三井ハイテック/current/photo_01.jpg,✓,✓,current,
6966,三井ハイテック,電気機器,西川善文,2002-12-01,2005-06-01,2.5,photos_3/6966_三井ハイテック/history/01_西川善文/photo_01.jpg,✓,✓,history,
6966,三井ハイテック,電気機器,北山禎介,2005-06-01,2011-03-01,5.75,photos_3/6966_三井ハイテック/history/02_北山禎介/photo_01.jpg,✓,✓,history,
6966,三井ハイテック,電気機器,宮田孝一,2011-04-01,2017-03-01,5.92,photos_3/6966_三井ハイテック/history/03_宮田孝一/photo_01.jpg,✓,✓,history,
6966,三井ハイテック,電気機器,國部毅,2017-04-01,2019-04-01,2.0,photos_3/6966_三井ハイテック/history/04_國部毅/photo_01.jpg,✓,✓,history,
6966,三井ハイテック,電気機器,太田純,2019-04-01,2023-11-01,4.59,photos_3/6966_三井ハイテック/history/05_太田純/photo_01.jpg,✓,✓,history,
6966,三井ハイテック,電気機器,中島達,2023-12-01,,,photos_3/6966_三井ハイテック/history/06_中島達/photo_01.jpg,✓,✓,history,
6969,松尾電機,電気機器,,,,,,,,missing,要調査
6971,京セラ,電気機器,宮木男也,1959-04-01,,,photos_3/6971_京セラ/history/01_宮木男也/photo_01.jpg,✓,✓,history,
6971,京セラ,電気機器,青山政次,1964-04-01,1966-05-23,2.14,photos_3/6971_京セラ/history/02_青山政次/photo_01.jpg,✓,✓,history,
6971,京セラ,電気機器,稲盛和夫,1966-05-01,1986-09-30,20.42,photos_3/6971_京セラ/history/03_稲盛和夫/photo_01.jpg,✓,✓,history,
6971,京セラ,電気機器,安城欽寿,1986-10-01,1989-06-01,2.67,photos_3/6971_京セラ/history/04_安城欽寿/photo_01.jpg,✓,✓,history,
6971,京セラ,電気機器,伊藤謙介,1989-06-01,1999-06-29,10.08,photos_3/6971_京セラ/history/05_伊藤謙介/photo_01.jpg,✓,✓,history,
6971,京セラ,電気機器,西口泰夫,1999-06-01,2005-06-28,6.08,photos_3/6971_京セラ/history/06_西口泰夫/photo_01.jpg,✓,✓,history,
6971,京セラ,電気機器,川村誠,2005-06-01,2009-03-31,3.83,photos_3/6971_京セラ/history/07_川村誠/photo_01.jpg,✓,✓,history,
6971,京セラ,電気機器,久芳徹夫,2009-04-01,2013-03-31,4.0,photos_3/6971_京セラ/history/08_久芳徹夫/photo_01.jpg,✓,✓,history,
6971,京セラ,電気機器,山口悟郎,2013-04-01,2017-03-31,4.0,,,,history,
6971,京セラ,電気機器,谷本秀夫,2017-04-01,2026-03-31,9.0,photos_3/6971_京セラ/history/10_谷本秀夫/photo_01.jpg,✓,✓,history,
6971,京セラ,電気機器,作島史朗,2017-04-01,,,photos_3/6971_京セラ/history/11_作島史朗/photo_01.jpg,✓,✓,history,
6976,太陽誘電,電気機器,,,,,,,,missing,要調査
6977,日本抵抗器製作所,電気機器,田葉井五郎,,,,photos_3/6977_日本抵抗器製作所/history/01_田葉井五郎/photo_01.jpg,✓,✓,history,
6977,日本抵抗器製作所,電気機器,小山栄一,,,,photos_3/6977_日本抵抗器製作所/history/02_小山栄一/photo_01.jpg,✓,✓,history,
6977,日本抵抗器製作所,電気機器,島崎清,,,,photos_3/6977_日本抵抗器製作所/history/03_島崎清/photo_01.jpg,✓,✓,history,
6977,日本抵抗器製作所,電気機器,野路井達,,,,,,,history,
6977,日本抵抗器製作所,電気機器,進信義,,,,photos_3/6977_日本抵抗器製作所/history/05_進信義/photo_01.jpg,✓,✓,history,
6977,日本抵抗器製作所,電気機器,石田雅昭,2022-03-01,2022-03-31,0.08,photos_3/6977_日本抵抗器製作所/history/06_石田雅昭/photo_01.jpg,✓,✓,history,
6977,日本抵抗器製作所,電気機器,荒田知,2022-04-01,,,photos_3/6977_日本抵抗器製作所/history/07_荒田知/photo_01.jpg,✓,✓,history,
6981,村田製作所,電気機器,村田昭,,,,photos_3/6981_村田製作所/history/01_村田昭/photo_01.jpg,✓,✓,history,
6981,村田製作所,電気機器,村田泰隆,,,,photos_3/6981_村田製作所/history/02_村田泰隆/photo_01.jpg,✓,✓,history,
6981,村田製作所,電気機器,村田恒夫,,,,photos_3/6981_村田製作所/history/03_村田恒夫/photo_01.jpg,✓,✓,history,
6981,村田製作所,電気機器,中島規巨,,,,photos_3/6981_村田製作所/history/04_中島規巨/photo_01.jpg,✓,✓,history,
6982,リード,輸送用機器,,,,,,,,missing,要調査
6986,双葉電子工業,電気機器,,,,,,,,missing,要調査
6988,日東電工,化学,日東電気工業,,,,photos_3/6988_日東電工/history/01_日東電気工業/photo_01.jpg,✓,✓,history,
6988,日東電工,化学,不詳,,,,photos_3/6988_日東電工/history/02_不詳/photo_01.jpg,✓,✓,history,
6988,日東電工,化学,皆川利男,1955-05-01,,,photos_3/6988_日東電工/history/03_皆川利男/photo_01.jpg,✓,✓,history,
6988,日東電工,化学,土方三郎,1974-06-01,,,photos_3/6988_日東電工/history/04_土方三郎/photo_01.jpg,✓,✓,history,
6988,日東電工,化学,鎌居五朗,1985-06-01,,,photos_3/6988_日東電工/history/05_鎌居五朗/photo_01.jpg,✓,✓,history,
6988,日東電工,化学,日東電工,,,,photos_3/6988_日東電工/history/06_日東電工/photo_01.jpg,✓,✓,history,
6988,日東電工,化学,山本英樹,1996-06-01,,,photos_3/6988_日東電工/history/07_山本英樹/photo_01.jpg,✓,✓,history,
6988,日東電工,化学,竹本正道,,,,photos_3/6988_日東電工/history/08_竹本正道/photo_01.jpg,✓,✓,history,
6988,日東電工,化学,柳楽幸雄,,,,photos_3/6988_日東電工/history/09_柳楽幸雄/photo_01.jpg,✓,✓,history,
6988,日東電工,化学,赤木達哉,2026-04-01,,,photos_3/6988_日東電工/history/10_赤木達哉/photo_01.jpg,✓,✓,history,
6989,北陸電気工業,電気機器,下坂 立正,,（現在）,,photos_3/6989_北陸電気工業/current/photo_01.jpg,✓,✓,current,
6993,大黒屋ホールディングス,小売業,,,,,,,,missing,要調査
6994,指月電機製作所,電気機器,小平浪平,,,,photos_3/6994_指月電機製作所/history/01_小平浪平/photo_01.jpg,✓,✓,history,
6994,指月電機製作所,電気機器,倉田主税,,,,photos_3/6994_指月電機製作所/history/02_倉田主税/photo_01.jpg,✓,✓,history,
6994,指月電機製作所,電気機器,駒井健一郎,,,,photos_3/6994_指月電機製作所/history/03_駒井健一郎/photo_01.jpg,✓,✓,history,
6994,指月電機製作所,電気機器,吉山博吉,,,,photos_3/6994_指月電機製作所/history/04_吉山博吉/photo_01.jpg,✓,✓,history,
6994,指月電機製作所,電気機器,三田勝茂,,,,photos_3/6994_指月電機製作所/history/05_三田勝茂/photo_01.jpg,✓,✓,history,
6994,指月電機製作所,電気機器,金井務,,,,photos_3/6994_指月電機製作所/history/06_金井務/photo_01.jpg,✓,✓,history,
6994,指月電機製作所,電気機器,庄山悦彦,,,,photos_3/6994_指月電機製作所/history/07_庄山悦彦/photo_01.jpg,✓,✓,history,
6994,指月電機製作所,電気機器,古川一夫,,,,photos_3/6994_指月電機製作所/history/08_古川一夫/photo_01.jpg,✓,✓,history,
6994,指月電機製作所,電気機器,川村隆,,,,photos_3/6994_指月電機製作所/history/09_川村隆/photo_01.jpg,✓,✓,history,
6994,指月電機製作所,電気機器,中西宏明,,,,photos_3/6994_指月電機製作所/history/10_中西宏明/photo_01.jpg,✓,✓,history,
6994,指月電機製作所,電気機器,東原敏昭,,,,photos_3/6994_指月電機製作所/history/11_東原敏昭/photo_01.jpg,✓,✓,history,
6994,指月電機製作所,電気機器,小島啓二,,,,photos_3/6994_指月電機製作所/history/12_小島啓二/photo_01.jpg,✓,✓,history,
6994,指月電機製作所,電気機器,德永俊昭,,,,photos_3/6994_指月電機製作所/history/13_德永俊昭/photo_01.jpg,✓,✓,history,
6995,東海理化電機製作所,輸送用機器,之夕 裕美,2025年06月,（現在）,,photos_3/6995_東海理化電機製作所/current/photo_01.jpg,✓,✓,current,
6995,東海理化電機製作所,輸送用機器,小平浪平,,,,photos_3/6995_東海理化電機製作所/history/01_小平浪平/photo_01.jpg,✓,✓,history,
6995,東海理化電機製作所,輸送用機器,倉田主税,,,,photos_3/6995_東海理化電機製作所/history/02_倉田主税/photo_01.jpg,✓,✓,history,
6995,東海理化電機製作所,輸送用機器,駒井健一郎,,,,photos_3/6995_東海理化電機製作所/history/03_駒井健一郎/photo_01.jpg,✓,✓,history,
6995,東海理化電機製作所,輸送用機器,吉山博吉,,,,photos_3/6995_東海理化電機製作所/history/04_吉山博吉/photo_01.jpg,✓,✓,history,
6995,東海理化電機製作所,輸送用機器,三田勝茂,,,,photos_3/6995_東海理化電機製作所/history/05_三田勝茂/photo_01.jpg,✓,✓,history,
6995,東海理化電機製作所,輸送用機器,金井務,,,,photos_3/6995_東海理化電機製作所/history/06_金井務/photo_01.jpg,✓,✓,history,
6995,東海理化電機製作所,輸送用機器,庄山悦彦,,,,photos_3/6995_東海理化電機製作所/history/07_庄山悦彦/photo_01.jpg,✓,✓,history,
6995,東海理化電機製作所,輸送用機器,古川一夫,,,,photos_3/6995_東海理化電機製作所/history/08_古川一夫/photo_01.jpg,✓,✓,history,
6995,東海理化電機製作所,輸送用機器,川村隆,,,,photos_3/6995_東海理化電機製作所/history/09_川村隆/photo_01.jpg,✓,✓,history,
6995,東海理化電機製作所,輸送用機器,中西宏明,,,,photos_3/6995_東海理化電機製作所/history/10_中西宏明/photo_01.jpg,✓,✓,history,
6995,東海理化電機製作所,輸送用機器,東原敏昭,,,,photos_3/6995_東海理化電機製作所/history/11_東原敏昭/photo_01.jpg,✓,✓,history,
6995,東海理化電機製作所,輸送用機器,小島啓二,,,,photos_3/6995_東海理化電機製作所/history/12_小島啓二/photo_01.jpg,✓,✓,history,
6995,東海理化電機製作所,輸送用機器,德永俊昭,,,,photos_3/6995_東海理化電機製作所/history/13_德永俊昭/photo_01.jpg,✓,✓,history,
6996,ニチコン,電気機器,"体制
基本的",,（現在）,,photos_3/6996_ニチコン/current/photo_01.jpg,✓,✓,current,
6997,日本ケミコン,電気機器,,,,,,,,missing,要調査
6998,日本タングステン,電気機器,後藤　信志,2021年12月,（現在）,,photos_3/6998_日本タングステン/current/photo_01.jpg,✓,✓,current,
6998,日本タングステン,電気機器,石坂泰三,1949-04-01,1957-11-01,8.59,photos_3/6998_日本タングステン/history/01_石坂泰三/photo_01.jpg,✓,✓,history,
6998,日本タングステン,電気機器,岩下文雄,1957-11-01,1965-05-01,7.5,photos_3/6998_日本タングステン/history/02_岩下文雄/photo_01.jpg,✓,✓,history,
6998,日本タングステン,電気機器,土光敏夫,1965-05-01,1972-08-01,7.25,photos_3/6998_日本タングステン/history/03_土光敏夫/photo_01.jpg,✓,✓,history,
6998,日本タングステン,電気機器,玉置敬三,1972-08-01,,,,,,history,
6998,日本タングステン,電気機器,岩田弐夫,,,,,,,history,
6998,日本タングステン,電気機器,佐波正一,1986-04-01,,,photos_3/6998_日本タングステン/history/06_佐波正一/photo_01.jpg,✓,✓,history,
6998,日本タングステン,電気機器,渡里杉一郎,1986-04-01,1987-07-01,1.25,photos_3/6998_日本タングステン/history/07_渡里杉一郎/photo_01.jpg,✓,✓,history,
6998,日本タングステン,電気機器,青井舒一,1987-07-01,1992-06-01,4.92,photos_3/6998_日本タングステン/history/08_青井舒一/photo_01.jpg,✓,✓,history,
6998,日本タングステン,電気機器,佐藤文夫,1992-06-01,1996-06-01,4.0,photos_3/6998_日本タングステン/history/09_佐藤文夫/photo_01.jpg,✓,✓,history,
6998,日本タングステン,電気機器,西室泰三,1996-06-01,2000-06-01,4.0,photos_3/6998_日本タングステン/history/10_西室泰三/photo_01.jpg,✓,✓,history,
6998,日本タングステン,電気機器,岡村正,2000-06-01,2005-06-01,5.0,photos_3/6998_日本タングステン/history/11_岡村正/photo_01.jpg,✓,✓,history,
6998,日本タングステン,電気機器,西田厚聰,2005-06-01,2009-06-01,4.0,photos_3/6998_日本タングステン/history/12_西田厚聰/photo_01.jpg,✓,✓,history,
6998,日本タングステン,電気機器,田中久雄,2013-06-01,2015-07-01,2.08,,,,history,
6998,日本タングステン,電気機器,室町正志,2015-07-01,2016-06-01,0.92,photos_3/6998_日本タングステン/history/14_室町正志/photo_01.jpg,✓,✓,history,
6998,日本タングステン,電気機器,綱川智,2016-06-01,2020-03-01,3.75,photos_3/6998_日本タングステン/history/15_綱川智/photo_01.jpg,✓,✓,history,
6998,日本タングステン,電気機器,車谷暢昭,2020-04-01,2021-04-01,1.0,photos_3/6998_日本タングステン/history/16_車谷暢昭/photo_01.jpg,✓,✓,history,
6998,日本タングステン,電気機器,島田太郎,2022-03-01,,,photos_3/6998_日本タングステン/history/17_島田太郎/photo_01.jpg,✓,✓,history,
6999,KOA,電気機器,,,,,,,,missing,要調査
7003,三井E&S,機械,"社名
株",2025年3月,（現在）,,photos_4/7003_三井E&S/current/photo_01.jpg,✓,,current,
7004,カナデビア,機械,大阪鐵工所,,,,photos_4/7004_カナデビア/history/01_大阪鐵工所/photo_01.jpg,✓,✓,history,
7004,カナデビア,機械,山岡順太郎,1914-03-01,1915-01-29,0.91,photos_4/7004_カナデビア/history/02_山岡順太郎/photo_01.jpg,✓,✓,history,
7004,カナデビア,機械,山口力,,,,photos_4/7004_カナデビア/history/03_山口力/photo_01.jpg,✓,✓,history,
7004,カナデビア,機械,中山説太郎,,,,,,,history,
7004,カナデビア,機械,津村秀松,,,,photos_4/7004_カナデビア/history/05_津村秀松/photo_01.jpg,✓,✓,history,
7004,カナデビア,機械,飯島幡司,,,,photos_4/7004_カナデビア/history/06_飯島幡司/photo_01.jpg,✓,✓,history,
7004,カナデビア,機械,鮎川義介,,,,photos_4/7004_カナデビア/history/07_鮎川義介/photo_01.jpg,✓,✓,history,
7004,カナデビア,機械,原田六郎,,,,photos_4/7004_カナデビア/history/08_原田六郎/photo_01.jpg,✓,✓,history,
7004,カナデビア,機械,六角三郎,1936-02-01,1943-03-10,7.1,photos_4/7004_カナデビア/history/09_六角三郎/photo_01.jpg,✓,✓,history,
7004,カナデビア,機械,日立造船,,,,photos_4/7004_カナデビア/history/10_日立造船/photo_01.jpg,✓,✓,history,
7004,カナデビア,機械,出田孝行,1947-04-01,1950-05-30,3.16,photos_4/7004_カナデビア/history/11_出田孝行/photo_01.jpg,✓,✓,history,
7004,カナデビア,機械,松原與三松,1950-05-01,1962-11-30,12.58,photos_4/7004_カナデビア/history/12_松原與三松/photo_01.jpg,✓,✓,history,
7004,カナデビア,機械,永田敬生,1962-11-01,1979-06-29,16.66,photos_4/7004_カナデビア/history/13_永田敬生/photo_01.jpg,✓,✓,history,
7004,カナデビア,機械,木下昌雄,1979-06-01,1979-06-29,0.08,photos_4/7004_カナデビア/history/14_木下昌雄/photo_01.jpg,✓,✓,history,
7004,カナデビア,機械,村山利雄,,,,photos_4/7004_カナデビア/history/15_村山利雄/photo_01.jpg,✓,✓,history,
7004,カナデビア,機械,藤井義弘,,,,photos_4/7004_カナデビア/history/16_藤井義弘/photo_01.jpg,✓,✓,history,
7004,カナデビア,機械,南維三,,,,photos_4/7004_カナデビア/history/17_南維三/photo_01.jpg,✓,✓,history,
7004,カナデビア,機械,重藤毅直,,,,photos_4/7004_カナデビア/history/18_重藤毅直/photo_01.jpg,✓,✓,history,
7004,カナデビア,機械,古川実,,,,photos_4/7004_カナデビア/history/19_古川実/photo_01.jpg,✓,✓,history,
7004,カナデビア,機械,谷所敬,,,,photos_4/7004_カナデビア/history/20_谷所敬/photo_01.jpg,✓,✓,history,
7011,三菱重工業,機械,泉澤　清次,2025年7月,（現在）,,photos_4/7011_三菱重工業/current/photo_01.jpg,✓,,current,
7011,三菱重工業,機械,藤井深造,1964-06-01,1965-05-01,0.91,photos_4/7011_三菱重工業/history/01_藤井深造/photo_01.jpg,✓,✓,history,
7011,三菱重工業,機械,河野文彦,1965-05-01,,,photos_4/7011_三菱重工業/history/02_河野文彦/photo_01.jpg,✓,✓,history,
7011,三菱重工業,機械,牧田與一郎,1969-05-01,1971-02-01,1.75,photos_4/7011_三菱重工業/history/03_牧田與一郎/photo_01.jpg,✓,✓,history,
7011,三菱重工業,機械,古賀繁一,1971-12-01,1973-05-01,1.42,photos_4/7011_三菱重工業/history/04_古賀繁一/photo_01.jpg,✓,✓,history,
7011,三菱重工業,機械,守屋学治,1973-05-01,1977-06-01,4.08,,,,history,
7011,三菱重工業,機械,金森政雄,1977-06-01,1981-06-01,4.0,photos_4/7011_三菱重工業/history/06_金森政雄/photo_01.jpg,✓,✓,history,
7011,三菱重工業,機械,末永聡一郎,1981-06-01,1985-06-01,4.0,photos_4/7011_三菱重工業/history/07_末永聡一郎/photo_01.jpg,✓,✓,history,
7011,三菱重工業,機械,飯田庸太郎,,,,photos_4/7011_三菱重工業/history/08_飯田庸太郎/photo_01.jpg,✓,✓,history,
7011,三菱重工業,機械,相川賢太郎,,,,photos_4/7011_三菱重工業/history/09_相川賢太郎/photo_01.jpg,✓,✓,history,
7011,三菱重工業,機械,増田信行,,,,photos_4/7011_三菱重工業/history/10_増田信行/photo_01.jpg,✓,✓,history,
7011,三菱重工業,機械,西岡喬,,,,photos_4/7011_三菱重工業/history/11_西岡喬/photo_01.jpg,✓,✓,history,
7011,三菱重工業,機械,佃和夫,,,,photos_4/7011_三菱重工業/history/12_佃和夫/photo_01.jpg,✓,✓,history,
7011,三菱重工業,機械,大宮英明,,,,photos_4/7011_三菱重工業/history/13_大宮英明/photo_01.jpg,✓,✓,history,
7011,三菱重工業,機械,宮永俊一,,,,photos_4/7011_三菱重工業/history/14_宮永俊一/photo_01.jpg,✓,✓,history,
7011,三菱重工業,機械,泉澤清次,,,,photos_4/7011_三菱重工業/history/15_泉澤清次/photo_01.jpg,✓,✓,history,
7011,三菱重工業,機械,伊藤栄作,,,,photos_4/7011_三菱重工業/history/16_伊藤栄作/photo_01.jpg,✓,✓,history,
7012,川崎重工業,輸送用機器,社会,,（現在）,,photos_4/7012_川崎重工業/current/photo_01.jpg,✓,✓,current,
7013,IHI,機械,自然,,（現在）,,photos_4/7013_IHI/current/photo_01.jpg,✓,✓,current,
7014,名村造船所,輸送用機器,,,,,,,,missing,要調査
7018,内海造船,輸送用機器,大阪鐵工所,,,,photos_4/7018_内海造船/history/01_大阪鐵工所/photo_01.jpg,✓,✓,history,
7018,内海造船,輸送用機器,山岡順太郎,1914-03-01,1915-01-29,0.91,photos_4/7018_内海造船/history/02_山岡順太郎/photo_01.jpg,✓,✓,history,
7018,内海造船,輸送用機器,山口力,,,,photos_4/7018_内海造船/history/03_山口力/photo_01.jpg,✓,✓,history,
7018,内海造船,輸送用機器,中山説太郎,,,,,,,history,
7018,内海造船,輸送用機器,津村秀松,,,,photos_4/7018_内海造船/history/05_津村秀松/photo_01.jpg,✓,✓,history,
7018,内海造船,輸送用機器,飯島幡司,,,,photos_4/7018_内海造船/history/06_飯島幡司/photo_01.jpg,✓,✓,history,
7018,内海造船,輸送用機器,鮎川義介,,,,photos_4/7018_内海造船/history/07_鮎川義介/photo_01.jpg,✓,✓,history,
7018,内海造船,輸送用機器,原田六郎,,,,,,,history,
7018,内海造船,輸送用機器,六角三郎,1936-02-01,1943-03-10,7.1,photos_4/7018_内海造船/history/09_六角三郎/photo_01.jpg,✓,✓,history,
7018,内海造船,輸送用機器,日立造船,,,,photos_4/7018_内海造船/history/10_日立造船/photo_01.jpg,✓,✓,history,
7018,内海造船,輸送用機器,出田孝行,1947-04-01,1950-05-30,3.16,photos_4/7018_内海造船/history/11_出田孝行/photo_01.jpg,✓,✓,history,
7018,内海造船,輸送用機器,松原與三松,1950-05-01,1962-11-30,12.58,,,,history,
7018,内海造船,輸送用機器,永田敬生,1962-11-01,1979-06-29,16.66,photos_4/7018_内海造船/history/13_永田敬生/photo_01.jpg,✓,✓,history,
7018,内海造船,輸送用機器,木下昌雄,1979-06-01,1979-06-29,0.08,photos_4/7018_内海造船/history/14_木下昌雄/photo_01.jpg,✓,✓,history,
7018,内海造船,輸送用機器,村山利雄,,,,photos_4/7018_内海造船/history/15_村山利雄/photo_01.jpg,✓,✓,history,
7018,内海造船,輸送用機器,藤井義弘,,,,photos_4/7018_内海造船/history/16_藤井義弘/photo_01.jpg,✓,✓,history,
7018,内海造船,輸送用機器,南維三,,,,,,,history,
7018,内海造船,輸送用機器,重藤毅直,,,,photos_4/7018_内海造船/history/18_重藤毅直/photo_01.jpg,✓,✓,history,
7018,内海造船,輸送用機器,古川実,,,,photos_4/7018_内海造船/history/19_古川実/photo_01.jpg,✓,✓,history,
7018,内海造船,輸送用機器,谷所敬,,,,photos_4/7018_内海造船/history/20_谷所敬/photo_01.jpg,✓,✓,history,
7021,ニッチツ,機械,松原 祐生,,（現在）,,photos_4/7021_ニッチツ/current/photo_01.jpg,✓,✓,current,
7021,ニッチツ,機械,日窒化学工業,,,,photos_4/7021_ニッチツ/history/01_日窒化学工業/photo_01.jpg,✓,✓,history,
7021,ニッチツ,機械,旭化成工業,,,,photos_4/7021_ニッチツ/history/02_旭化成工業/photo_01.jpg,✓,✓,history,
7021,ニッチツ,機械,旭化成,,,,photos_4/7021_ニッチツ/history/03_旭化成/photo_01.jpg,✓,✓,history,
7022,サノヤスホールディングス,機械,企業統治,,（現在）,,,,,current,
7030,スプリックス,サービス業,,,,,,,,missing,要調査
7031,インバウンドテック,サービス業,,,,,,,,missing,要調査
7033,マネジメントソリューションズ,サービス業,高橋 信也,,（現在）,,photos_4/7033_マネジメントソリューションズ/current/photo_01.jpg,✓,✓,current,
7033,マネジメントソリューションズ,サービス業,初代法人,,,,photos_4/7033_マネジメントソリューションズ/history/01_初代法人/photo_01.jpg,✓,✓,history,
7033,マネジメントソリューションズ,サービス業,宇野康秀,,,,photos_4/7033_マネジメントソリューションズ/history/02_宇野康秀/photo_01.jpg,✓,✓,history,
7033,マネジメントソリューションズ,サービス業,鈴木達,,,,photos_4/7033_マネジメントソリューションズ/history/03_鈴木達/photo_01.jpg,✓,✓,history,
7033,マネジメントソリューションズ,サービス業,武林聡,,,,photos_4/7033_マネジメントソリューションズ/history/04_武林聡/photo_01.jpg,✓,✓,history,
7033,マネジメントソリューションズ,サービス業,鈴木孝博,,,,photos_4/7033_マネジメントソリューションズ/history/05_鈴木孝博/photo_01.jpg,✓,✓,history,
7033,マネジメントソリューションズ,サービス業,大澤智憲,,,,photos_4/7033_マネジメントソリューションズ/history/06_大澤智憲/photo_01.jpg,✓,✓,history,
7034,プロレド・パートナーズ,サービス業,萩平 和巳,2012-03-01,2016-12-01,4.75,photos_4/7034_プロレド・パートナーズ/history/01_萩平_和巳/photo_01.jpg,✓,✓,history,
7034,プロレド・パートナーズ,サービス業,阿部 義之,2016-12-01,2025-05-01,8.41,photos_4/7034_プロレド・パートナーズ/history/02_阿部_義之/photo_01.jpg,✓,✓,history,
7034,プロレド・パートナーズ,サービス業,北風 大輔,2025-05-01,2025-11-19,0.55,photos_4/7034_プロレド・パートナーズ/history/03_北風_大輔/photo_01.jpg,✓,✓,history,
7035,and　factory,サービス業,林秀明,,,,photos_4/7035_and_factory/history/01_林秀明/photo_01.jpg,✓,✓,history,
7036,イーエムネットジャパン,サービス業,山内房治郎,,,,photos_4/7036_イーエムネットジャパン/history/01_山内房治郎/photo_01.jpg,✓,✓,history,
7036,イーエムネットジャパン,サービス業,山内積良,,,,photos_4/7036_イーエムネットジャパン/history/02_山内積良/photo_01.jpg,✓,✓,history,
7036,イーエムネットジャパン,サービス業,山内溥,,,,photos_4/7036_イーエムネットジャパン/history/03_山内溥/photo_01.jpg,✓,✓,history,
7036,イーエムネットジャパン,サービス業,岩田聡,,,,photos_4/7036_イーエムネットジャパン/history/04_岩田聡/photo_01.jpg,✓,✓,history,
7036,イーエムネットジャパン,サービス業,君島達己,,,,,,,history,
7036,イーエムネットジャパン,サービス業,古川俊太郎,,,,photos_4/7036_イーエムネットジャパン/history/06_古川俊太郎/photo_01.jpg,✓,✓,history,
7037,テノ.ホールディングス,サービス業,現職,,,,photos_4/7037_テノ.ホールディングス/history/01_現職/photo_01.jpg,✓,✓,history,
7038,フロンティア・マネジメント,サービス業,柳沢保恵,,,,photos_4/7038_フロンティア・マネジメント/history/01_柳沢保恵/photo_01.jpg,✓,✓,history,
7038,フロンティア・マネジメント,サービス業,矢野恒太,,,,photos_4/7038_フロンティア・マネジメント/history/02_矢野恒太/photo_01.jpg,✓,✓,history,
7038,フロンティア・マネジメント,サービス業,石坂泰三,,,,photos_4/7038_フロンティア・マネジメント/history/03_石坂泰三/photo_01.jpg,✓,✓,history,
7038,フロンティア・マネジメント,サービス業,矢野一郎,,,,photos_4/7038_フロンティア・マネジメント/history/04_矢野一郎/photo_01.jpg,✓,✓,history,
7038,フロンティア・マネジメント,サービス業,浜口吉兵衛,,,,photos_4/7038_フロンティア・マネジメント/history/05_浜口吉兵衛/photo_01.jpg,✓,✓,history,
7038,フロンティア・マネジメント,サービス業,矢田恒久,,,,photos_4/7038_フロンティア・マネジメント/history/06_矢田恒久/photo_01.jpg,✓,✓,history,
7038,フロンティア・マネジメント,サービス業,塚本亮一,,,,photos_4/7038_フロンティア・マネジメント/history/07_塚本亮一/photo_01.jpg,✓,✓,history,
7038,フロンティア・マネジメント,サービス業,牧山公郎,,,,photos_4/7038_フロンティア・マネジメント/history/08_牧山公郎/photo_01.jpg,✓,✓,history,
7038,フロンティア・マネジメント,サービス業,西尾信一,,,,photos_4/7038_フロンティア・マネジメント/history/09_西尾信一/photo_01.jpg,✓,✓,history,
7038,フロンティア・マネジメント,サービス業,桜井孝頴,,,,photos_4/7038_フロンティア・マネジメント/history/10_桜井孝頴/photo_01.jpg,✓,✓,history,
7038,フロンティア・マネジメント,サービス業,森田富治郎,,,,photos_4/7038_フロンティア・マネジメント/history/11_森田富治郎/photo_01.jpg,✓,✓,history,
7038,フロンティア・マネジメント,サービス業,斎藤勝利,,,,photos_4/7038_フロンティア・マネジメント/history/12_斎藤勝利/photo_01.jpg,✓,✓,history,
7038,フロンティア・マネジメント,サービス業,渡邉光一郎,,,,photos_4/7038_フロンティア・マネジメント/history/13_渡邉光一郎/photo_01.jpg,✓,✓,history,
7038,フロンティア・マネジメント,サービス業,稲垣精二,,,,photos_4/7038_フロンティア・マネジメント/history/14_稲垣精二/photo_01.jpg,✓,✓,history,
7038,フロンティア・マネジメント,サービス業,菊田徹也,,,,photos_4/7038_フロンティア・マネジメント/history/15_菊田徹也/photo_01.jpg,✓,✓,history,
7039,ブリッジインターナショナル,サービス業,,,,,,,,missing,要調査
7040,サン・ライフホールディング,サービス業,,,,,,,,missing,要調査
7041,CRGホールディングス,サービス業,,,,,,,,missing,要調査
7042,アクセスグループ・ホールディングス,サービス業,,,,,,,,missing,要調査
7043,アルー,サービス業,"挨拶
当社",,（現在）,,photos_4/7043_アルー/current/photo_01.jpg,✓,✓,current,
7044,ピアラ,サービス業,,,,,,,,missing,要調査
7046,TDSE,サービス業,東垣　直樹,,（現在）,,photos_4/7046_TDSE/current/photo_01.jpg,✓,✓,current,
7047,ポート,サービス業,,,,,,,,missing,要調査
7048,ベルトラ,サービス業,ダイハツ工業,,,,photos_4/7048_ベルトラ/history/01_ダイハツ工業/photo_01.jpg,✓,✓,history,
7049,識学,サービス業,安藤 広大,2002年3月,（現在）,,photos_4/7049_識学/current/photo_01.jpg,✓,✓,current,
7050,フロンティアインターナショナル,サービス業,,,,,,,,missing,要調査
7057,エヌ・シー・エヌ,サービス業,,,,,,,,missing,要調査
7058,共栄セキュリティーサービス,サービス業,国沢新兵衛,1937-10-01,1940-11-01,3.09,photos_4/7058_共栄セキュリティーサービス/history/01_国沢新兵衛/photo_01.jpg,✓,✓,history,
7058,共栄セキュリティーサービス,サービス業,村上義一,1940-11-01,1943-07-01,2.66,photos_4/7058_共栄セキュリティーサービス/history/02_村上義一/photo_01.jpg,✓,✓,history,
7058,共栄セキュリティーサービス,サービス業,久保田敬一,1943-07-01,1946-02-01,2.59,photos_4/7058_共栄セキュリティーサービス/history/03_久保田敬一/photo_01.jpg,✓,✓,history,
7058,共栄セキュリティーサービス,サービス業,早川慎一,1946-02-01,1954-04-01,8.16,photos_4/7058_共栄セキュリティーサービス/history/04_早川慎一/photo_01.jpg,✓,✓,history,
7058,共栄セキュリティーサービス,サービス業,安座上真,1954-04-01,1955-06-01,1.17,photos_4/7058_共栄セキュリティーサービス/history/05_安座上真/photo_01.jpg,✓,✓,history,
7058,共栄セキュリティーサービス,サービス業,金丸冨夫,1955-06-01,1960-05-01,4.92,photos_4/7058_共栄セキュリティーサービス/history/06_金丸冨夫/photo_01.jpg,✓,✓,history,
7058,共栄セキュリティーサービス,サービス業,福島敏行,1960-05-01,1968-01-01,7.67,photos_4/7058_共栄セキュリティーサービス/history/07_福島敏行/photo_01.jpg,✓,✓,history,
7058,共栄セキュリティーサービス,サービス業,沢村貴義,1968-01-01,1976-06-01,8.42,photos_4/7058_共栄セキュリティーサービス/history/08_沢村貴義/photo_01.jpg,✓,✓,history,
7058,共栄セキュリティーサービス,サービス業,広瀬真一,1976-06-01,1983-06-01,7.0,photos_4/7058_共栄セキュリティーサービス/history/09_広瀬真一/photo_01.jpg,✓,✓,history,
7058,共栄セキュリティーサービス,サービス業,長岡毅,1983-06-01,,,photos_4/7058_共栄セキュリティーサービス/history/10_長岡毅/photo_01.jpg,✓,✓,history,
7058,共栄セキュリティーサービス,サービス業,濱中昭一郎,,,,,,,history,
7058,共栄セキュリティーサービス,サービス業,岡部正彦,,,,photos_4/7058_共栄セキュリティーサービス/history/12_岡部正彦/photo_01.jpg,✓,✓,history,
7058,共栄セキュリティーサービス,サービス業,川合正矩,,,,photos_4/7058_共栄セキュリティーサービス/history/13_川合正矩/photo_01.jpg,✓,✓,history,
7058,共栄セキュリティーサービス,サービス業,渡邉健二,,,,photos_4/7058_共栄セキュリティーサービス/history/14_渡邉健二/photo_01.jpg,✓,✓,history,
7058,共栄セキュリティーサービス,サービス業,齋藤充,,,,photos_4/7058_共栄セキュリティーサービス/history/15_齋藤充/photo_01.jpg,✓,✓,history,
7058,共栄セキュリティーサービス,サービス業,堀切智,,,,photos_4/7058_共栄セキュリティーサービス/history/16_堀切智/photo_01.jpg,✓,✓,history,
7058,共栄セキュリティーサービス,サービス業,竹添進二郎,,,,photos_4/7058_共栄セキュリティーサービス/history/17_竹添進二郎/photo_01.jpg,✓,✓,history,
7059,コプロ・ホールディングス,サービス業,,,,,,,,missing,要調査
7060,ギークス,サービス業,高原,,（現在）,,photos_4/7060_ギークス/current/photo_01.jpg,✓,✓,current,
7061,日本ホスピスホールディングス,サービス業,現職,,,,photos_4/7061_日本ホスピスホールディングス/history/01_現職/photo_01.jpg,✓,✓,history,
7062,フレアス,サービス業,"名称

株",2002年4月,（現在）,,photos_4/7062_フレアス/current/photo_01.jpg,✓,✓,current,
7063,Birdman,サービス業,,,,,,,,missing,要調査
7064,ハウテレビジョン,サービス業,,,,,,,,missing,要調査
7065,ユーピーアール,サービス業,私達,,（現在）,,photos_4/7065_ユーピーアール/current/photo_01.jpg,✓,✓,current,
7066,ピアズ,サービス業,,,,,,,,missing,要調査
7067,ブランディングテクノロジー,サービス業,,,,,,,,missing,要調査
7068,フィードフォースグループ,サービス業,,,,,,,,missing,要調査
7069,サイバー・バズ,サービス業,価値,,（現在）,,photos_4/7069_サイバー・バズ/current/photo_01.jpg,✓,✓,current,
7071,アンビスホールディングス,サービス業,,,,,,,,missing,要調査
7072,インティメート・マージャー,サービス業,,,,,,,,missing,要調査
7073,ジェイック,サービス業,,,,,,,,missing,要調査
7074,トゥエンティーフォーセブン,サービス業,"会長
稲吉",2003年6月,（現在）,,photos_4/7074_トゥエンティーフォーセブン/current/photo_01.jpg,✓,✓,current,
7074,トゥエンティーフォーセブン,サービス業,石坂泰三,1949-04-01,1957-11-01,8.59,photos_4/7074_トゥエンティーフォーセブン/history/01_石坂泰三/photo_01.jpg,✓,✓,history,
7074,トゥエンティーフォーセブン,サービス業,岩下文雄,1957-11-01,1965-05-01,7.5,photos_4/7074_トゥエンティーフォーセブン/history/02_岩下文雄/photo_01.jpg,✓,✓,history,
7074,トゥエンティーフォーセブン,サービス業,土光敏夫,1965-05-01,1972-08-01,7.25,photos_4/7074_トゥエンティーフォーセブン/history/03_土光敏夫/photo_01.jpg,✓,✓,history,
7074,トゥエンティーフォーセブン,サービス業,玉置敬三,1972-08-01,,,photos_4/7074_トゥエンティーフォーセブン/history/04_玉置敬三/photo_01.jpg,✓,✓,history,
7074,トゥエンティーフォーセブン,サービス業,岩田弐夫,,,,photos_4/7074_トゥエンティーフォーセブン/history/05_岩田弐夫/photo_01.jpg,✓,✓,history,
7074,トゥエンティーフォーセブン,サービス業,佐波正一,1986-04-01,,,photos_4/7074_トゥエンティーフォーセブン/history/06_佐波正一/photo_01.jpg,✓,✓,history,
7074,トゥエンティーフォーセブン,サービス業,渡里杉一郎,1986-04-01,1987-07-01,1.25,photos_4/7074_トゥエンティーフォーセブン/history/07_渡里杉一郎/photo_01.jpg,✓,✓,history,
7074,トゥエンティーフォーセブン,サービス業,青井舒一,1987-07-01,1992-06-01,4.92,photos_4/7074_トゥエンティーフォーセブン/history/08_青井舒一/photo_01.jpg,✓,✓,history,
7074,トゥエンティーフォーセブン,サービス業,佐藤文夫,1992-06-01,1996-06-01,4.0,photos_4/7074_トゥエンティーフォーセブン/history/09_佐藤文夫/photo_01.jpg,✓,✓,history,
7074,トゥエンティーフォーセブン,サービス業,西室泰三,1996-06-01,2000-06-01,4.0,photos_4/7074_トゥエンティーフォーセブン/history/10_西室泰三/photo_01.jpg,✓,✓,history,
7074,トゥエンティーフォーセブン,サービス業,岡村正,2000-06-01,2005-06-01,5.0,photos_4/7074_トゥエンティーフォーセブン/history/11_岡村正/photo_01.jpg,✓,✓,history,
7074,トゥエンティーフォーセブン,サービス業,西田厚聰,2005-06-01,2009-06-01,4.0,photos_4/7074_トゥエンティーフォーセブン/history/12_西田厚聰/photo_01.jpg,✓,✓,history,
7074,トゥエンティーフォーセブン,サービス業,田中久雄,2013-06-01,2015-07-01,2.08,photos_4/7074_トゥエンティーフォーセブン/history/13_田中久雄/photo_01.jpg,✓,✓,history,
7074,トゥエンティーフォーセブン,サービス業,室町正志,2015-07-01,2016-06-01,0.92,photos_4/7074_トゥエンティーフォーセブン/history/14_室町正志/photo_01.jpg,✓,✓,history,
7074,トゥエンティーフォーセブン,サービス業,綱川智,2016-06-01,2020-03-01,3.75,photos_4/7074_トゥエンティーフォーセブン/history/15_綱川智/photo_01.jpg,✓,✓,history,
7074,トゥエンティーフォーセブン,サービス業,車谷暢昭,2020-04-01,2021-04-01,1.0,photos_4/7074_トゥエンティーフォーセブン/history/16_車谷暢昭/photo_01.jpg,✓,✓,history,
7074,トゥエンティーフォーセブン,サービス業,島田太郎,2022-03-01,,,photos_4/7074_トゥエンティーフォーセブン/history/17_島田太郎/photo_01.jpg,✓,✓,history,
7075,QLSホールディングス,サービス業,,,,,,,,missing,要調査
7077,ALiNKインターネット,サービス業,,,,,,,,missing,要調査
7078,INCLUSIVE,サービス業,,,,,,,,missing,要調査
7079,WDBココ,サービス業,谷口 晴彦,,（現在）,,photos_4/7079_WDBココ/current/photo_01.jpg,✓,✓,current,
7080,スポーツフィールド,サービス業,,,,,,,,missing,要調査
7081,コーユーレンティア,サービス業,水野成夫,,,,photos_4/7081_コーユーレンティア/history/01_水野成夫/photo_01.jpg,✓,✓,history,
7081,コーユーレンティア,サービス業,鹿内信隆,,,,photos_4/7081_コーユーレンティア/history/02_鹿内信隆/photo_01.jpg,✓,✓,history,
7081,コーユーレンティア,サービス業,浅野賢澄,,,,photos_4/7081_コーユーレンティア/history/03_浅野賢澄/photo_01.jpg,✓,✓,history,
7081,コーユーレンティア,サービス業,石田達郎,,,,photos_4/7081_コーユーレンティア/history/04_石田達郎/photo_01.jpg,✓,✓,history,
7081,コーユーレンティア,サービス業,羽佐間重彰,,,,photos_4/7081_コーユーレンティア/history/05_羽佐間重彰/photo_01.jpg,✓,✓,history,
7081,コーユーレンティア,サービス業,日枝久,,,,photos_4/7081_コーユーレンティア/history/06_日枝久/photo_01.jpg,✓,✓,history,
7081,コーユーレンティア,サービス業,村上光一,,,,photos_4/7081_コーユーレンティア/history/07_村上光一/photo_01.jpg,✓,✓,history,
7081,コーユーレンティア,サービス業,豊田皓,,,,photos_4/7081_コーユーレンティア/history/08_豊田皓/photo_01.jpg,✓,✓,history,
7081,コーユーレンティア,サービス業,亀山千広,,,,photos_4/7081_コーユーレンティア/history/09_亀山千広/photo_01.jpg,✓,✓,history,
7081,コーユーレンティア,サービス業,宮内正喜,,,,,,,history,
7081,コーユーレンティア,サービス業,遠藤龍之介,,,,photos_4/7081_コーユーレンティア/history/11_遠藤龍之介/photo_01.jpg,✓,✓,history,
7081,コーユーレンティア,サービス業,金光修,,,,photos_4/7081_コーユーレンティア/history/12_金光修/photo_01.jpg,✓,✓,history,
7081,コーユーレンティア,サービス業,港浩一,,,,,,,history,
7081,コーユーレンティア,サービス業,清水賢治,,,,photos_4/7081_コーユーレンティア/history/14_清水賢治/photo_01.jpg,✓,✓,history,
7082,ジモティー,サービス業,,,,,,,,missing,要調査
7083,AHCグループ,サービス業,,,,,,,,missing,要調査
7084,Smile　Holdings,サービス業,,,,,,,,missing,要調査
7085,カーブスホールディングス,サービス業,"構成
株",2003年7月,（現在）,,photos_4/7085_カーブスホールディングス/current/photo_01.jpg,✓,✓,current,
7087,ウイルテック,サービス業,,,,,,,,missing,要調査
7088,フォーラムエンジニアリング,サービス業,佐藤 勉,2026年1月,（現在）,,photos_4/7088_フォーラムエンジニアリング/current/photo_01.jpg,✓,✓,current,
7089,フォースタートアップス,サービス業,,,,,,,,missing,要調査
7090,リグア,サービス業,川瀨 紀彦,,（現在）,,photos_4/7090_リグア/current/photo_01.jpg,✓,✓,current,
7091,リビングプラットフォーム,サービス業,山内房治郎,,,,photos_4/7091_リビングプラットフォーム/history/01_山内房治郎/photo_01.jpg,✓,✓,history,
7091,リビングプラットフォーム,サービス業,山内積良,,,,photos_4/7091_リビングプラットフォーム/history/02_山内積良/photo_01.jpg,✓,✓,history,
7091,リビングプラットフォーム,サービス業,山内溥,,,,photos_4/7091_リビングプラットフォーム/history/03_山内溥/photo_01.jpg,✓,✓,history,
7091,リビングプラットフォーム,サービス業,岩田聡,,,,photos_4/7091_リビングプラットフォーム/history/04_岩田聡/photo_01.jpg,✓,✓,history,
7091,リビングプラットフォーム,サービス業,君島達己,,,,,,,history,
7091,リビングプラットフォーム,サービス業,古川俊太郎,,,,photos_4/7091_リビングプラットフォーム/history/06_古川俊太郎/photo_01.jpg,✓,✓,history,
7092,Fast　Fitness　Japan,サービス業,ロバート,,,,photos_4/7092_Fast_Fitness_Japan/history/01_ロバート/photo_01.jpg,✓,✓,history,
7092,Fast　Fitness　Japan,サービス業,ジョン,,,,photos_4/7092_Fast_Fitness_Japan/history/02_ジョン/photo_01.jpg,✓,✓,history,
7092,Fast　Fitness　Japan,サービス業,ジェニファー,,,,photos_4/7092_Fast_Fitness_Japan/history/03_ジェニファー/photo_01.jpg,✓,✓,history,
7092,Fast　Fitness　Japan,サービス業,ダグラス,,,,photos_4/7092_Fast_Fitness_Japan/history/04_ダグラス/photo_01.jpg,✓,✓,history,
7092,Fast　Fitness　Japan,サービス業,ダニエル,,,,photos_4/7092_Fast_Fitness_Japan/history/05_ダニエル/photo_01.jpg,✓,✓,history,
7093,アディッシュ,サービス業,,,,,,,,missing,要調査
7094,NexTone,サービス業,,,,,,,,missing,要調査
7095,Macbee　Planet,サービス業,,,,,,,,missing,要調査
7096,ステムセル研究所,サービス業,,,,,,,,missing,要調査
7097,さくらさくプラス,サービス業,西尾 義隆,,（現在）,,photos_4/7097_さくらさくプラス/current/photo_01.jpg,✓,✓,current,
7102,日本車輌製造,輸送用機器,,,,,,,,missing,要調査
7105,三菱ロジスネクスト,輸送用機器,間野 裕一,,（現在）,,photos_4/7105_三菱ロジスネクスト/current/photo_01.jpg,✓,✓,current,
7105,三菱ロジスネクスト,輸送用機器,藤井深造,1964-06-01,1965-05-01,0.91,photos_4/7105_三菱ロジスネクスト/history/01_藤井深造/photo_01.jpg,✓,✓,history,
7105,三菱ロジスネクスト,輸送用機器,河野文彦,1965-05-01,,,photos_4/7105_三菱ロジスネクスト/history/02_河野文彦/photo_01.jpg,✓,✓,history,
7105,三菱ロジスネクスト,輸送用機器,牧田與一郎,1969-05-01,1971-02-01,1.75,photos_4/7105_三菱ロジスネクスト/history/03_牧田與一郎/photo_01.jpg,✓,✓,history,
7105,三菱ロジスネクスト,輸送用機器,古賀繁一,1971-12-01,1973-05-01,1.42,photos_4/7105_三菱ロジスネクスト/history/04_古賀繁一/photo_01.jpg,✓,✓,history,
7105,三菱ロジスネクスト,輸送用機器,守屋学治,1973-05-01,1977-06-01,4.08,photos_4/7105_三菱ロジスネクスト/history/05_守屋学治/photo_01.jpg,✓,✓,history,
7105,三菱ロジスネクスト,輸送用機器,金森政雄,1977-06-01,1981-06-01,4.0,photos_4/7105_三菱ロジスネクスト/history/06_金森政雄/photo_01.jpg,✓,✓,history,
7105,三菱ロジスネクスト,輸送用機器,末永聡一郎,1981-06-01,1985-06-01,4.0,photos_4/7105_三菱ロジスネクスト/history/07_末永聡一郎/photo_01.jpg,✓,✓,history,
7105,三菱ロジスネクスト,輸送用機器,飯田庸太郎,,,,photos_4/7105_三菱ロジスネクスト/history/08_飯田庸太郎/photo_01.jpg,✓,✓,history,
7105,三菱ロジスネクスト,輸送用機器,相川賢太郎,,,,photos_4/7105_三菱ロジスネクスト/history/09_相川賢太郎/photo_01.jpg,✓,✓,history,
7105,三菱ロジスネクスト,輸送用機器,増田信行,,,,photos_4/7105_三菱ロジスネクスト/history/10_増田信行/photo_01.jpg,✓,✓,history,
7105,三菱ロジスネクスト,輸送用機器,西岡喬,,,,photos_4/7105_三菱ロジスネクスト/history/11_西岡喬/photo_01.jpg,✓,✓,history,
7105,三菱ロジスネクスト,輸送用機器,佃和夫,,,,photos_4/7105_三菱ロジスネクスト/history/12_佃和夫/photo_01.jpg,✓,✓,history,
7105,三菱ロジスネクスト,輸送用機器,大宮英明,,,,photos_4/7105_三菱ロジスネクスト/history/13_大宮英明/photo_01.jpg,✓,✓,history,
7105,三菱ロジスネクスト,輸送用機器,宮永俊一,,,,photos_4/7105_三菱ロジスネクスト/history/14_宮永俊一/photo_01.jpg,✓,✓,history,
7105,三菱ロジスネクスト,輸送用機器,泉澤清次,,,,photos_4/7105_三菱ロジスネクスト/history/15_泉澤清次/photo_01.jpg,✓,✓,history,
7105,三菱ロジスネクスト,輸送用機器,伊藤栄作,,,,photos_4/7105_三菱ロジスネクスト/history/16_伊藤栄作/photo_01.jpg,✓,✓,history,
7110,クラシコム,小売業,"社名
株",2006年9月,（現在）,,photos_4/7110_クラシコム/current/photo_01.jpg,✓,✓,current,
7111,INEST,卸売業,,,,,,,,missing,要調査
7112,キューブ,小売業,,,,,,,,missing,要調査
7114,フーディソン,卸売業,,,,,,,,missing,要調査
7115,アルファパーチェス,卸売業,,,,,,,,missing,要調査
7116,ダイワ通信,卸売業,石橋義一郎,,,,photos_4/7116_ダイワ通信/history/01_石橋義一郎/photo_01.jpg,✓,✓,history,
7116,ダイワ通信,卸売業,石橋信夫,,,,photos_4/7116_ダイワ通信/history/02_石橋信夫/photo_01.jpg,✓,✓,history,
7116,ダイワ通信,卸売業,石橋殾一,,,,photos_4/7116_ダイワ通信/history/03_石橋殾一/photo_01.jpg,✓,✓,history,
7116,ダイワ通信,卸売業,上村圭一,,,,photos_4/7116_ダイワ通信/history/04_上村圭一/photo_01.jpg,✓,✓,history,
7116,ダイワ通信,卸売業,石橋伸康,,,,photos_4/7116_ダイワ通信/history/05_石橋伸康/photo_01.jpg,✓,✓,history,
7116,ダイワ通信,卸売業,東郷武,,,,photos_4/7116_ダイワ通信/history/06_東郷武/photo_01.jpg,✓,✓,history,
7116,ダイワ通信,卸売業,樋口武男,,,,photos_4/7116_ダイワ通信/history/07_樋口武男/photo_01.jpg,✓,✓,history,
7116,ダイワ通信,卸売業,村上健治,,,,photos_4/7116_ダイワ通信/history/08_村上健治/photo_01.jpg,✓,✓,history,
7116,ダイワ通信,卸売業,大野直竹,,,,photos_4/7116_ダイワ通信/history/09_大野直竹/photo_01.jpg,✓,✓,history,
7116,ダイワ通信,卸売業,芳井敬一,,,,photos_4/7116_ダイワ通信/history/10_芳井敬一/photo_01.jpg,✓,✓,history,
7116,ダイワ通信,卸売業,大友浩嗣,,,,photos_4/7116_ダイワ通信/history/11_大友浩嗣/photo_01.jpg,✓,✓,history,
7119,ハルメクホールディングス,小売業,運輸大臣,1947-04-01,1951-12-01,4.67,photos_4/7119_ハルメクホールディングス/history/01_運輸大臣/photo_01.jpg,✓,✓,history,
7119,ハルメクホールディングス,小売業,金森又一郎の孫,1987-06-01,1994-06-01,7.0,photos_4/7119_ハルメクホールディングス/history/02_金森又一郎の孫/photo_01.jpg,✓,✓,history,
7120,SHINKO,卸売業,,,,,,,,missing,要調査
7122,近畿車輛,輸送用機器,大軌,1937-02-01,1947-04-25,10.23,photos_4/7122_近畿車輛/history/01_大軌/photo_01.jpg,✓,✓,history,
7122,近畿車輛,輸送用機器,近鉄中興の祖,1951-12-01,1973-05-25,21.48,photos_4/7122_近畿車輛/history/02_近鉄中興の祖/photo_01.jpg,✓,✓,history,
7122,近畿車輛,輸送用機器,金森又一郎の孫,1987-06-01,1994-06-29,7.08,photos_4/7122_近畿車輛/history/03_金森又一郎の孫/photo_01.jpg,✓,✓,history,
7126,グローバルスタイル,小売業,,,,,,,,missing,要調査
7127,一家ホールディングス,小売業,武長　太郎,2010年2月,（現在）,,photos_4/7127_一家ホールディングス/current/photo_01.jpg,✓,✓,current,
7127,一家ホールディングス,小売業,現職,,,,photos_4/7127_一家ホールディングス/history/01_現職/photo_01.jpg,✓,✓,history,
7128,フルサト・マルカホールディングス,卸売業,古里　龍平,,（現在）,,photos_4/7128_フルサト・マルカホールディングス/current/photo_01.jpg,✓,✓,current,
7129,ミアヘルサホールディングス,小売業,小平浪平,,,,photos_4/7129_ミアヘルサホールディングス/history/01_小平浪平/photo_01.jpg,✓,✓,history,
7129,ミアヘルサホールディングス,小売業,倉田主税,,,,photos_4/7129_ミアヘルサホールディングス/history/02_倉田主税/photo_01.jpg,✓,✓,history,
7129,ミアヘルサホールディングス,小売業,駒井健一郎,,,,photos_4/7129_ミアヘルサホールディングス/history/03_駒井健一郎/photo_01.jpg,✓,✓,history,
7129,ミアヘルサホールディングス,小売業,吉山博吉,,,,photos_4/7129_ミアヘルサホールディングス/history/04_吉山博吉/photo_01.jpg,✓,✓,history,
7129,ミアヘルサホールディングス,小売業,三田勝茂,,,,photos_4/7129_ミアヘルサホールディングス/history/05_三田勝茂/photo_01.jpg,✓,✓,history,
7129,ミアヘルサホールディングス,小売業,金井務,,,,photos_4/7129_ミアヘルサホールディングス/history/06_金井務/photo_01.jpg,✓,✓,history,
7129,ミアヘルサホールディングス,小売業,庄山悦彦,,,,photos_4/7129_ミアヘルサホールディングス/history/07_庄山悦彦/photo_01.jpg,✓,✓,history,
7129,ミアヘルサホールディングス,小売業,古川一夫,,,,photos_4/7129_ミアヘルサホールディングス/history/08_古川一夫/photo_01.jpg,✓,✓,history,
7129,ミアヘルサホールディングス,小売業,川村隆,,,,,,,history,
7129,ミアヘルサホールディングス,小売業,中西宏明,,,,photos_4/7129_ミアヘルサホールディングス/history/10_中西宏明/photo_01.jpg,✓,✓,history,
7129,ミアヘルサホールディングス,小売業,東原敏昭,,,,photos_4/7129_ミアヘルサホールディングス/history/11_東原敏昭/photo_01.jpg,✓,✓,history,
7129,ミアヘルサホールディングス,小売業,小島啓二,,,,photos_4/7129_ミアヘルサホールディングス/history/12_小島啓二/photo_01.jpg,✓,✓,history,
7129,ミアヘルサホールディングス,小売業,德永俊昭,,,,photos_4/7129_ミアヘルサホールディングス/history/13_德永俊昭/photo_01.jpg,✓,✓,history,
7130,ヤマエグループホールディングス,卸売業,大森　礼仁,,（現在）,,photos_4/7130_ヤマエグループホールディングス/current/photo_01.jpg,✓,✓,current,
7131,のむら産業,卸売業,"在地
東京都",2025年10月,（現在）,,photos_4/7131_のむら産業/current/photo_01.jpg,✓,✓,current,
7133,HYUGA　PRIMARY　CARE,小売業,黒木 哲史,,（現在）,,photos_4/7133_HYUGA_PRIMARY_CARE/current/photo_01.jpg,✓,✓,current,
7133,HYUGA　PRIMARY　CARE,小売業,谷村格,2000-09-01,,,photos_4/7133_HYUGA_PRIMARY_CARE/history/01_谷村格/photo_01.jpg,✓,✓,history,
7134,アップガレージグループ,小売業,石田 誠,2014年４月,（現在）,,photos_4/7134_アップガレージグループ/current/photo_01.jpg,✓,✓,current,
7135,ジャパンクラフトホールディングス,小売業,企業,,（現在）,,photos_4/7135_ジャパンクラフトホールディングス/current/photo_01.jpg,✓,✓,current,
7135,ジャパンクラフトホールディングス,小売業,現職,,,,photos_4/7135_ジャパンクラフトホールディングス/history/01_現職/photo_01.jpg,✓,✓,history,
7138,TORICO,小売業,,,,,,,,missing,要調査
7140,ペットゴー,小売業,黒澤 弘,2000年04月,（現在）,,photos_4/7140_ペットゴー/current/photo_01.jpg,✓,✓,current,
7148,FPG,証券・商品先物取引業,谷村 尚永,,（現在）,,photos_4/7148_FPG/current/photo_01.jpg,✓,✓,current,
7148,FPG,証券・商品先物取引業,アンショ,,,,photos_4/7148_FPG/history/01_アンショ/photo_01.jpg,✓,✓,history,
7148,FPG,証券・商品先物取引業,マヌエル,,,,,,,history,
7148,FPG,証券・商品先物取引業,カルロス,,,,photos_4/7148_FPG/history/03_カルロス/photo_01.jpg,✓,✓,history,
7148,FPG,証券・商品先物取引業,ピラール,,,,photos_4/7148_FPG/history/04_ピラール/photo_01.jpg,✓,✓,history,
7148,FPG,証券・商品先物取引業,暫定委員会,,,,photos_4/7148_FPG/history/05_暫定委員会/photo_01.jpg,✓,✓,history,
7148,FPG,証券・商品先物取引業,ジョランダ,,,,photos_4/7148_FPG/history/06_ジョランダ/photo_01.jpg,✓,✓,history,
7148,FPG,証券・商品先物取引業,エヴァ,,,,photos_4/7148_FPG/history/07_エヴァ/photo_01.jpg,✓,✓,history,
7150,島根銀行,銀行業,副頭取,,,,photos_4/7150_島根銀行/history/01_副頭取/photo_01.jpg,✓,✓,history,
7150,島根銀行,銀行業,安田善之助,,,,photos_4/7150_島根銀行/history/02_安田善之助/photo_01.jpg,✓,✓,history,
7157,ライフネット生命保険,保険業,初代,,,,photos_4/7157_ライフネット生命保険/history/01_初代/photo_01.jpg,✓,✓,history,
7157,ライフネット生命保険,保険業,片岡直温,,,,photos_4/7157_ライフネット生命保険/history/02_片岡直温/photo_01.jpg,✓,✓,history,
7157,ライフネット生命保険,保険業,弘世助太郎,,,,photos_4/7157_ライフネット生命保険/history/03_弘世助太郎/photo_01.jpg,✓,✓,history,
7157,ライフネット生命保険,保険業,弘世現,,,,photos_4/7157_ライフネット生命保険/history/04_弘世現/photo_01.jpg,✓,✓,history,
7157,ライフネット生命保険,保険業,川瀬源太郎,,,,,,,history,
7157,ライフネット生命保険,保険業,伊藤助成,,,,photos_4/7157_ライフネット生命保険/history/06_伊藤助成/photo_01.jpg,✓,✓,history,
7157,ライフネット生命保険,保険業,宇野郁夫,,,,photos_4/7157_ライフネット生命保険/history/07_宇野郁夫/photo_01.jpg,✓,✓,history,
7157,ライフネット生命保険,保険業,岡本圀衞,,,,photos_4/7157_ライフネット生命保険/history/08_岡本圀衞/photo_01.jpg,✓,✓,history,
7157,ライフネット生命保険,保険業,筒井義信,,,,photos_4/7157_ライフネット生命保険/history/09_筒井義信/photo_01.jpg,✓,✓,history,
7157,ライフネット生命保険,保険業,清水博,,,,photos_4/7157_ライフネット生命保険/history/10_清水博/photo_01.jpg,✓,✓,history,
7161,じもとホールディングス,銀行業,"月
株",2025年6月,（現在）,,photos_4/7161_じもとホールディングス/current/photo_01.jpg,✓,✓,current,
7161,じもとホールディングス,銀行業,現職,,,,photos_4/7161_じもとホールディングス/history/01_現職/photo_01.jpg,✓,✓,history,
7162,アストマックス,証券・商品先物取引業,,,,,,,,missing,要調査
7164,全国保証,その他金融業,石川  英治,2002年4月,（現在）,,photos_4/7164_全国保証/current/photo_01.jpg,✓,✓,current,
7167,めぶきフィナンシャルグループ,銀行業,秋野　哲也取,2025年4月,（現在）,,photos_4/7167_めぶきフィナンシャルグループ/current/photo_01.jpg,✓,✓,current,
7172,ジャパンインベストメントアドバイザー,証券・商品先物取引業,白岩 直人,2002年7月,（現在）,,photos_4/7172_ジャパンインベストメントアドバイザー/current/photo_01.jpg,✓,✓,current,
7173,東京きらぼしフィナンシャルグループ,銀行業,"締役
監査役",2025年6月,（現在）,,,,,current,
7175,今村証券,証券・商品先物取引業,山内房治郎,,,,photos_4/7175_今村証券/history/01_山内房治郎/photo_01.jpg,✓,✓,history,
7175,今村証券,証券・商品先物取引業,山内積良,,,,photos_4/7175_今村証券/history/02_山内積良/photo_01.jpg,✓,✓,history,
7175,今村証券,証券・商品先物取引業,山内溥,,,,photos_4/7175_今村証券/history/03_山内溥/photo_01.jpg,✓,✓,history,
7175,今村証券,証券・商品先物取引業,岩田聡,,,,photos_4/7175_今村証券/history/04_岩田聡/photo_01.jpg,✓,✓,history,
7175,今村証券,証券・商品先物取引業,君島達己,,,,,,,history,
7175,今村証券,証券・商品先物取引業,古川俊太郎,,,,photos_4/7175_今村証券/history/06_古川俊太郎/photo_01.jpg,✓,✓,history,
7177,GMOフィナンシャルホールディングス,証券・商品先物取引業,石村　富隆,,（現在）,,photos_4/7177_GMOフィナンシャルホールディングス/current/photo_01.jpg,✓,✓,current,
7177,GMOフィナンシャルホールディングス,証券・商品先物取引業,西川善文,2002-12-01,2005-06-01,2.5,photos_4/7177_GMOフィナンシャルホールディングス/history/01_西川善文/photo_01.jpg,✓,✓,history,
7177,GMOフィナンシャルホールディングス,証券・商品先物取引業,北山禎介,2005-06-01,2011-03-01,5.75,photos_4/7177_GMOフィナンシャルホールディングス/history/02_北山禎介/photo_01.jpg,✓,✓,history,
7177,GMOフィナンシャルホールディングス,証券・商品先物取引業,宮田孝一,2011-04-01,2017-03-01,5.92,photos_4/7177_GMOフィナンシャルホールディングス/history/03_宮田孝一/photo_01.jpg,✓,✓,history,
7177,GMOフィナンシャルホールディングス,証券・商品先物取引業,國部毅,2017-04-01,2019-04-01,2.0,photos_4/7177_GMOフィナンシャルホールディングス/history/04_國部毅/photo_01.jpg,✓,✓,history,
7177,GMOフィナンシャルホールディングス,証券・商品先物取引業,太田純,2019-04-01,2023-11-01,4.59,photos_4/7177_GMOフィナンシャルホールディングス/history/05_太田純/photo_01.jpg,✓,✓,history,
7177,GMOフィナンシャルホールディングス,証券・商品先物取引業,中島達,2023-12-01,,,photos_4/7177_GMOフィナンシャルホールディングス/history/06_中島達/photo_01.jpg,✓,✓,history,
7180,九州フィナンシャルグループ,銀行業,上村基宏,,,,photos_4/7180_九州フィナンシャルグループ/history/01_上村基宏/photo_01.jpg,✓,✓,history,
7180,九州フィナンシャルグループ,銀行業,笠原慶久,,,,photos_4/7180_九州フィナンシャルグループ/history/02_笠原慶久/photo_01.jpg,✓,✓,history,
7181,かんぽ生命保険,保険業,,,,,,,,missing,要調査
7182,ゆうちょ銀行,銀行業,高木祥吉,2007-10-01,2009-11-20,2.14,photos_4/7182_ゆうちょ銀行/history/01_高木祥吉/photo_01.jpg,✓,✓,history,
7182,ゆうちょ銀行,銀行業,井澤吉幸,2009-12-01,2015-03-31,5.33,photos_4/7182_ゆうちょ銀行/history/02_井澤吉幸/photo_01.jpg,✓,✓,history,
7182,ゆうちょ銀行,銀行業,西室泰三,2015-04-01,2015-05-01,0.08,photos_4/7182_ゆうちょ銀行/history/03_西室泰三/photo_01.jpg,✓,✓,history,
7182,ゆうちょ銀行,銀行業,長門正貢,2015-05-01,2016-03-31,0.92,photos_4/7182_ゆうちょ銀行/history/04_長門正貢/photo_01.jpg,✓,✓,history,
7182,ゆうちょ銀行,銀行業,池田憲人,2016-04-01,2024-03-31,8.0,photos_4/7182_ゆうちょ銀行/history/05_池田憲人/photo_01.jpg,✓,✓,history,
7182,ゆうちょ銀行,銀行業,笠間貴之,2024-04-01,,,photos_4/7182_ゆうちょ銀行/history/06_笠間貴之/photo_01.jpg,✓,✓,history,
7183,あんしん保証,その他金融業,石原邦夫,2002-04-01,2007-06-01,5.17,photos_4/7183_あんしん保証/history/01_石原邦夫/photo_01.jpg,✓,✓,history,
7183,あんしん保証,その他金融業,隅修三,2007-06-01,2008-07-01,1.08,photos_4/7183_あんしん保証/history/02_隅修三/photo_01.jpg,✓,✓,history,
7183,あんしん保証,その他金融業,永野毅,2013-06-01,2019-06-01,6.0,photos_4/7183_あんしん保証/history/03_永野毅/photo_01.jpg,✓,✓,history,
7183,あんしん保証,その他金融業,小宮暁,2019-06-01,2025-06-01,6.0,photos_4/7183_あんしん保証/history/04_小宮暁/photo_01.jpg,✓,✓,history,
7183,あんしん保証,その他金融業,小池昌洋,2025-06-01,,,photos_4/7183_あんしん保証/history/05_小池昌洋/photo_01.jpg,✓,✓,history,
7184,富山第一銀行,銀行業,,,,,,,,missing,要調査
7185,ヒロセ通商,証券・商品先物取引業,海塚新八,,,,,,,history,
7185,ヒロセ通商,証券・商品先物取引業,松田重次郎,,,,photos_4/7185_ヒロセ通商/history/02_松田重次郎/photo_01.jpg,✓,✓,history,
7185,ヒロセ通商,証券・商品先物取引業,松田恒次,1951-12-01,,,photos_4/7185_ヒロセ通商/history/03_松田恒次/photo_01.jpg,✓,✓,history,
7185,ヒロセ通商,証券・商品先物取引業,松田耕平,1970-11-01,,,photos_4/7185_ヒロセ通商/history/04_松田耕平/photo_01.jpg,✓,✓,history,
7185,ヒロセ通商,証券・商品先物取引業,山崎芳樹,1977-12-01,,,photos_4/7185_ヒロセ通商/history/05_山崎芳樹/photo_01.jpg,✓,✓,history,
7185,ヒロセ通商,証券・商品先物取引業,山本健一,1984-11-01,,,photos_4/7185_ヒロセ通商/history/06_山本健一/photo_01.jpg,✓,✓,history,
7185,ヒロセ通商,証券・商品先物取引業,古田徳昌,1987-12-01,,,photos_4/7185_ヒロセ通商/history/07_古田徳昌/photo_01.jpg,✓,✓,history,
7185,ヒロセ通商,証券・商品先物取引業,和田淑弘,1991-12-01,,,photos_4/7185_ヒロセ通商/history/08_和田淑弘/photo_01.jpg,✓,✓,history,
7185,ヒロセ通商,証券・商品先物取引業,井巻久一,,,,photos_4/7185_ヒロセ通商/history/09_井巻久一/photo_01.jpg,✓,✓,history,
7185,ヒロセ通商,証券・商品先物取引業,山内孝,2008-11-01,,,photos_4/7185_ヒロセ通商/history/10_山内孝/photo_01.jpg,✓,✓,history,
7185,ヒロセ通商,証券・商品先物取引業,小飼雅道,,,,photos_4/7185_ヒロセ通商/history/11_小飼雅道/photo_01.jpg,✓,✓,history,
7185,ヒロセ通商,証券・商品先物取引業,丸本明,,,,photos_4/7185_ヒロセ通商/history/12_丸本明/photo_01.jpg,✓,✓,history,
7185,ヒロセ通商,証券・商品先物取引業,毛籠勝弘,,,,photos_4/7185_ヒロセ通商/history/13_毛籠勝弘/photo_01.jpg,✓,✓,history,
7186,コンコルディア・フィナンシャルグループ,銀行業,"月
株",2025年4月,（現在）,,photos_4/7186_コンコルディア・フィナンシャルグループ/current/photo_01.jpg,✓,✓,current,
7186,コンコルディア・フィナンシャルグループ,銀行業,寺澤辰麿,2016-04-01,,,photos_4/7186_コンコルディア・フィナンシャルグループ/history/01_寺澤辰麿/photo_01.jpg,✓,✓,history,
7186,コンコルディア・フィナンシャルグループ,銀行業,川村健一,2018-06-01,,,photos_4/7186_コンコルディア・フィナンシャルグループ/history/02_川村健一/photo_01.jpg,✓,✓,history,
7186,コンコルディア・フィナンシャルグループ,銀行業,大矢恭好,2020-04-01,,,photos_4/7186_コンコルディア・フィナンシャルグループ/history/03_大矢恭好/photo_01.jpg,✓,✓,history,
7186,コンコルディア・フィナンシャルグループ,銀行業,片岡達也,2022-06-01,,,photos_4/7186_コンコルディア・フィナンシャルグループ/history/04_片岡達也/photo_01.jpg,✓,✓,history,
7187,ジェイリース,その他金融業,,,,,,,,missing,要調査
7189,西日本フィナンシャルホールディングス,銀行業,,,,,,,,missing,要調査
7191,イントラスト,その他金融業,山内房治郎,,,,photos_4/7191_イントラスト/history/01_山内房治郎/photo_01.jpg,✓,✓,history,
7191,イントラスト,その他金融業,山内積良,,,,photos_4/7191_イントラスト/history/02_山内積良/photo_01.jpg,✓,✓,history,
7191,イントラスト,その他金融業,山内溥,,,,photos_4/7191_イントラスト/history/03_山内溥/photo_01.jpg,✓,✓,history,
7191,イントラスト,その他金融業,岩田聡,,,,photos_4/7191_イントラスト/history/04_岩田聡/photo_01.jpg,✓,✓,history,
7191,イントラスト,その他金融業,君島達己,,,,,,,history,
7191,イントラスト,その他金融業,古川俊太郎,,,,photos_4/7191_イントラスト/history/06_古川俊太郎/photo_01.jpg,✓,✓,history,
7192,日本モーゲージサービス,その他金融業,,,,,,,,missing,要調査
7196,Casa,その他金融業,,,,,,,,missing,要調査
7198,SBIアルヒ,その他金融業,,,,,,,,missing,要調査
7199,プレミアグループ,その他金融業,西川善文,2002-12-01,2005-06-01,2.5,photos_4/7199_プレミアグループ/history/01_西川善文/photo_01.jpg,✓,✓,history,
7199,プレミアグループ,その他金融業,北山禎介,2005-06-01,2011-03-01,5.75,photos_4/7199_プレミアグループ/history/02_北山禎介/photo_01.jpg,✓,✓,history,
7199,プレミアグループ,その他金融業,宮田孝一,2011-04-01,2017-03-01,5.92,photos_4/7199_プレミアグループ/history/03_宮田孝一/photo_01.jpg,✓,✓,history,
7199,プレミアグループ,その他金融業,國部毅,2017-04-01,2019-04-01,2.0,photos_4/7199_プレミアグループ/history/04_國部毅/photo_01.jpg,✓,✓,history,
7199,プレミアグループ,その他金融業,太田純,2019-04-01,2023-11-01,4.59,photos_4/7199_プレミアグループ/history/05_太田純/photo_01.jpg,✓,✓,history,
7199,プレミアグループ,その他金融業,中島達,2023-12-01,,,photos_4/7199_プレミアグループ/history/06_中島達/photo_01.jpg,✓,✓,history,
7201,日産自動車,輸送用機器,鮎川 義介,,,,photos_4/7201_日産自動車/history/01_鮎川_義介/photo_01.jpg,✓,✓,history,
7201,日産自動車,輸送用機器,淺原 源七,,,,photos_4/7201_日産自動車/history/02_淺原_源七/photo_01.jpg,✓,✓,history,
7201,日産自動車,輸送用機器,工藤 治人,,,,photos_4/7201_日産自動車/history/03_工藤_治人/photo_01.jpg,✓,✓,history,
7201,日産自動車,輸送用機器,山本 惣治,1945-10-01,,,photos_4/7201_日産自動車/history/04_山本_惣治/photo_01.jpg,✓,✓,history,
7201,日産自動車,輸送用機器,川又 克二,1957-11-01,,,photos_4/7201_日産自動車/history/05_川又_克二/photo_01.jpg,✓,✓,history,
7201,日産自動車,輸送用機器,岩越 忠恕,1973-11-01,,,photos_4/7201_日産自動車/history/06_岩越_忠恕/photo_01.jpg,✓,✓,history,
7201,日産自動車,輸送用機器,西川 廣人,,,,,,,history,
7201,日産自動車,輸送用機器,山内 康裕,2019-12-01,,,photos_4/7201_日産自動車/history/08_山内_康裕/photo_01.jpg,✓,✓,history,
7202,いすゞ自動車,輸送用機器,東京自動車工業,,,,photos_4/7202_いすゞ自動車/history/01_東京自動車工業/photo_01.jpg,✓,✓,history,
7202,いすゞ自動車,輸送用機器,松方五郎,1937-04-01,1940-05-01,3.08,photos_4/7202_いすゞ自動車/history/02_松方五郎/photo_01.jpg,✓,✓,history,
7202,いすゞ自動車,輸送用機器,鈴木重康,1940-05-01,1941-04-01,0.92,photos_4/7202_いすゞ自動車/history/03_鈴木重康/photo_01.jpg,✓,✓,history,
7202,いすゞ自動車,輸送用機器,林桂,1942-01-01,1945-07-01,3.5,photos_4/7202_いすゞ自動車/history/04_林桂/photo_01.jpg,✓,✓,history,
7202,いすゞ自動車,輸送用機器,弓削靖,1945-07-01,1946-12-01,1.42,photos_4/7202_いすゞ自動車/history/05_弓削靖/photo_01.jpg,✓,✓,history,
7202,いすゞ自動車,輸送用機器,三宮吾郎,1946-12-01,1949-07-01,2.58,photos_4/7202_いすゞ自動車/history/06_三宮吾郎/photo_01.jpg,✓,✓,history,
7202,いすゞ自動車,輸送用機器,いすゞ自動車,,,,photos_4/7202_いすゞ自動車/history/07_いすゞ自動車/photo_01.jpg,✓,✓,history,
7202,いすゞ自動車,輸送用機器,楠木直道,1962-01-01,1965-06-01,3.41,photos_4/7202_いすゞ自動車/history/08_楠木直道/photo_01.jpg,✓,✓,history,
7202,いすゞ自動車,輸送用機器,大橋英吉,1965-06-01,1970-06-01,5.0,photos_4/7202_いすゞ自動車/history/09_大橋英吉/photo_01.jpg,✓,✓,history,
7202,いすゞ自動車,輸送用機器,荒牧寅雄,1970-06-01,1976-01-01,5.59,photos_4/7202_いすゞ自動車/history/10_荒牧寅雄/photo_01.jpg,✓,✓,history,
7202,いすゞ自動車,輸送用機器,岡本利雄,1976-01-01,1984-01-01,8.0,photos_4/7202_いすゞ自動車/history/11_岡本利雄/photo_01.jpg,✓,✓,history,
7202,いすゞ自動車,輸送用機器,飛山一男,1984-01-01,1992-01-01,8.0,photos_4/7202_いすゞ自動車/history/12_飛山一男/photo_01.jpg,✓,✓,history,
7202,いすゞ自動車,輸送用機器,関和平,1992-01-01,1998-06-01,6.41,photos_4/7202_いすゞ自動車/history/13_関和平/photo_01.jpg,✓,✓,history,
7202,いすゞ自動車,輸送用機器,稲生武,1998-06-01,2000-12-01,2.5,photos_4/7202_いすゞ自動車/history/14_稲生武/photo_01.jpg,✓,✓,history,
7202,いすゞ自動車,輸送用機器,井田義則,2000-12-01,2007-06-01,6.5,photos_4/7202_いすゞ自動車/history/15_井田義則/photo_01.jpg,✓,✓,history,
7202,いすゞ自動車,輸送用機器,細井行,2007-06-01,2015-06-01,8.0,photos_4/7202_いすゞ自動車/history/16_細井行/photo_01.jpg,✓,✓,history,
7202,いすゞ自動車,輸送用機器,片山正則,2015-06-01,2023-03-01,7.75,photos_4/7202_いすゞ自動車/history/17_片山正則/photo_01.jpg,✓,✓,history,
7202,いすゞ自動車,輸送用機器,南真介,2023-04-01,,,photos_4/7202_いすゞ自動車/history/18_南真介/photo_01.jpg,✓,✓,history,
7203,トヨタ自動車,輸送用機器,豊田利三郎,1937-08-01,1941-01-01,3.42,photos_4/7203_トヨタ自動車/history/01_豊田利三郎/photo_01.jpg,✓,✓,history,
7203,トヨタ自動車,輸送用機器,豊田喜一郎,1941-01-01,1950-06-01,9.41,photos_4/7203_トヨタ自動車/history/02_豊田喜一郎/photo_01.jpg,✓,✓,history,
7203,トヨタ自動車,輸送用機器,石田退三,1950-07-01,1961-08-01,11.09,photos_4/7203_トヨタ自動車/history/03_石田退三/photo_01.jpg,✓,✓,history,
7203,トヨタ自動車,輸送用機器,中川不器男,1961-08-01,1967-10-01,6.17,photos_4/7203_トヨタ自動車/history/04_中川不器男/photo_01.jpg,✓,✓,history,
7203,トヨタ自動車,輸送用機器,豊田英二,1967-10-01,1982-07-01,14.75,photos_4/7203_トヨタ自動車/history/05_豊田英二/photo_01.jpg,✓,✓,history,
7203,トヨタ自動車,輸送用機器,神谷正太郎,1950-04-01,1975-12-01,25.67,photos_4/7203_トヨタ自動車/history/06_神谷正太郎/photo_01.jpg,✓,✓,history,
7203,トヨタ自動車,輸送用機器,加藤誠之,1975-12-01,1979-06-01,3.5,photos_4/7203_トヨタ自動車/history/07_加藤誠之/photo_01.jpg,✓,✓,history,
7203,トヨタ自動車,輸送用機器,山本定蔵,1979-06-01,1981-06-01,2.0,photos_4/7203_トヨタ自動車/history/08_山本定蔵/photo_01.jpg,✓,✓,history,
7203,トヨタ自動車,輸送用機器,豊田章一郎,1981-06-01,1982-06-01,1.0,photos_4/7203_トヨタ自動車/history/09_豊田章一郎/photo_01.jpg,✓,✓,history,
7203,トヨタ自動車,輸送用機器,豊田達郎,1992-09-01,1995-08-01,2.91,photos_4/7203_トヨタ自動車/history/10_豊田達郎/photo_01.jpg,✓,✓,history,
7203,トヨタ自動車,輸送用機器,奥田碩,1995-08-01,1999-06-01,3.83,photos_4/7203_トヨタ自動車/history/11_奥田碩/photo_01.jpg,✓,✓,history,
7203,トヨタ自動車,輸送用機器,張富士夫,1999-06-01,2005-06-01,6.0,photos_4/7203_トヨタ自動車/history/12_張富士夫/photo_01.jpg,✓,✓,history,
7203,トヨタ自動車,輸送用機器,渡辺捷昭,2005-06-01,2009-06-01,4.0,photos_4/7203_トヨタ自動車/history/13_渡辺捷昭/photo_01.jpg,✓,✓,history,
7203,トヨタ自動車,輸送用機器,豊田章男,2009-06-01,2023-04-01,13.83,photos_4/7203_トヨタ自動車/history/14_豊田章男/photo_01.jpg,✓,✓,history,
7203,トヨタ自動車,輸送用機器,佐藤恒治,2023-04-01,2026-04-01,3.0,photos_4/7203_トヨタ自動車/history/15_佐藤恒治/photo_01.jpg,✓,✓,history,
7203,トヨタ自動車,輸送用機器,近健太,2026-04-01,,,photos_4/7203_トヨタ自動車/history/16_近健太/photo_01.jpg,✓,✓,history,
7205,日野自動車,輸送用機器,変化,,（現在）,,photos_4/7205_日野自動車/current/photo_01.jpg,✓,✓,current,
7205,日野自動車,輸送用機器,日野重工業,,,,photos_4/7205_日野自動車/history/01_日野重工業/photo_01.jpg,✓,✓,history,
7205,日野自動車,輸送用機器,松井命,1942-05-01,1945-11-01,3.5,photos_4/7205_日野自動車/history/02_松井命/photo_01.jpg,✓,✓,history,
7205,日野自動車,輸送用機器,日野産業,,,,photos_4/7205_日野自動車/history/03_日野産業/photo_01.jpg,✓,✓,history,
7205,日野自動車,輸送用機器,大久保正二,,,,photos_4/7205_日野自動車/history/04_大久保正二/photo_01.jpg,✓,✓,history,
7205,日野自動車,輸送用機器,日野自動車工業,,,,photos_4/7205_日野自動車/history/05_日野自動車工業/photo_01.jpg,✓,✓,history,
7205,日野自動車,輸送用機器,松方正信,1961-05-01,1961-05-04,0.01,photos_4/7205_日野自動車/history/06_松方正信/photo_01.jpg,✓,✓,history,
7205,日野自動車,輸送用機器,荒川政司,1974-05-01,1974-05-30,0.08,photos_4/7205_日野自動車/history/07_荒川政司/photo_01.jpg,✓,✓,history,
7205,日野自動車,輸送用機器,深澤俊勇,1983-06-01,,,photos_4/7205_日野自動車/history/08_深澤俊勇/photo_01.jpg,✓,✓,history,
7205,日野自動車,輸送用機器,二見富雄,1987-06-01,,,photos_4/7205_日野自動車/history/09_二見富雄/photo_01.jpg,✓,✓,history,
7205,日野自動車,輸送用機器,湯浅浩,1997-06-01,,,photos_4/7205_日野自動車/history/10_湯浅浩/photo_01.jpg,✓,✓,history,
7205,日野自動車,輸送用機器,日野自動車,,,,photos_4/7205_日野自動車/history/11_日野自動車/photo_01.jpg,✓,✓,history,
7205,日野自動車,輸送用機器,蛇川忠暉,,,,photos_4/7205_日野自動車/history/12_蛇川忠暉/photo_01.jpg,✓,✓,history,
7205,日野自動車,輸送用機器,近藤詔治,2004-06-01,2008-06-01,4.0,,,,history,
7205,日野自動車,輸送用機器,白井芳夫,2008-06-01,2013-06-01,5.0,photos_4/7205_日野自動車/history/14_白井芳夫/photo_01.jpg,✓,✓,history,
7205,日野自動車,輸送用機器,市橋保彦,2013-06-01,,,photos_4/7205_日野自動車/history/15_市橋保彦/photo_01.jpg,✓,✓,history,
7205,日野自動車,輸送用機器,下義生,2021-06-01,,,,,,history,
7205,日野自動車,輸送用機器,小木曽聡,2021-06-01,,,photos_4/7205_日野自動車/history/17_小木曽聡/photo_01.jpg,✓,✓,history,
7208,カネミツ,輸送用機器,"制図

取締",,（現在）,,photos_4/7208_カネミツ/current/photo_01.jpg,✓,✓,current,
7211,三菱自動車工業,輸送用機器,佐藤勇二,1970-04-01,1973-05-01,3.08,photos_4/7211_三菱自動車工業/history/01_佐藤勇二/photo_01.jpg,✓,✓,history,
7211,三菱自動車工業,輸送用機器,久保富夫,1973-05-01,1979-06-01,6.08,photos_4/7211_三菱自動車工業/history/02_久保富夫/photo_01.jpg,✓,✓,history,
7211,三菱自動車工業,輸送用機器,曽根嘉年,1979-06-01,1981-06-01,2.0,photos_4/7211_三菱自動車工業/history/03_曽根嘉年/photo_01.jpg,✓,✓,history,
7211,三菱自動車工業,輸送用機器,東条輝雄,1981-06-01,1983-06-01,2.0,photos_4/7211_三菱自動車工業/history/04_東条輝雄/photo_01.jpg,✓,✓,history,
7211,三菱自動車工業,輸送用機器,舘豊夫,1983-06-01,1989-06-01,6.0,photos_4/7211_三菱自動車工業/history/05_舘豊夫/photo_01.jpg,✓,✓,history,
7211,三菱自動車工業,輸送用機器,中村裕一,1989-06-01,1996-06-01,7.0,photos_4/7211_三菱自動車工業/history/06_中村裕一/photo_01.jpg,✓,✓,history,
7211,三菱自動車工業,輸送用機器,塚原董久,1995-06-01,1996-06-01,1.0,photos_4/7211_三菱自動車工業/history/07_塚原董久/photo_01.jpg,✓,✓,history,
7211,三菱自動車工業,輸送用機器,木村雄宗,1996-06-01,1997-11-01,1.42,photos_4/7211_三菱自動車工業/history/08_木村雄宗/photo_01.jpg,✓,✓,history,
7211,三菱自動車工業,輸送用機器,河添克彦,1997-11-01,2000-11-01,3.0,photos_4/7211_三菱自動車工業/history/09_河添克彦/photo_01.jpg,✓,✓,history,
7211,三菱自動車工業,輸送用機器,園部孝,2000-11-01,2002-06-01,1.58,photos_4/7211_三菱自動車工業/history/10_園部孝/photo_01.jpg,✓,✓,history,
7211,三菱自動車工業,輸送用機器,多賀谷秀保,2004-06-01,2005-01-01,0.59,,,,history,
7211,三菱自動車工業,輸送用機器,益子修,2005-01-01,2014-06-01,9.41,photos_4/7211_三菱自動車工業/history/12_益子修/photo_01.jpg,✓,✓,history,
7211,三菱自動車工業,輸送用機器,相川哲郎,2014-06-01,2016-06-01,2.0,photos_4/7211_三菱自動車工業/history/13_相川哲郎/photo_01.jpg,✓,✓,history,
7211,三菱自動車工業,輸送用機器,加藤隆雄,2019-06-01,,,photos_4/7211_三菱自動車工業/history/14_加藤隆雄/photo_01.jpg,✓,✓,history,
7212,エフテック,輸送用機器,本田 宗一郎,,,,photos_4/7212_エフテック/history/01_本田_宗一郎/photo_01.jpg,✓,✓,history,
7212,エフテック,輸送用機器,河島 喜好,1973-10-01,,,photos_4/7212_エフテック/history/02_河島_喜好/photo_01.jpg,✓,✓,history,
7212,エフテック,輸送用機器,久米 是志,1983-10-01,,,photos_4/7212_エフテック/history/03_久米_是志/photo_01.jpg,✓,✓,history,
7212,エフテック,輸送用機器,川本 信彦,,,,photos_4/7212_エフテック/history/04_川本_信彦/photo_01.jpg,✓,✓,history,
7212,エフテック,輸送用機器,吉野 浩行,,,,photos_4/7212_エフテック/history/05_吉野_浩行/photo_01.jpg,✓,✓,history,
7212,エフテック,輸送用機器,福井 威夫,,,,photos_4/7212_エフテック/history/06_福井_威夫/photo_01.jpg,✓,✓,history,
7212,エフテック,輸送用機器,伊東 孝紳,,,,photos_4/7212_エフテック/history/07_伊東_孝紳/photo_01.jpg,✓,✓,history,
7212,エフテック,輸送用機器,八郷 隆弘,,,,photos_4/7212_エフテック/history/08_八郷_隆弘/photo_01.jpg,✓,✓,history,
7212,エフテック,輸送用機器,三部 敏宏,,,,photos_4/7212_エフテック/history/09_三部_敏宏/photo_01.jpg,✓,✓,history,
7213,レシップホールディングス,輸送用機器,育成分野,2024年7月,（現在）,,photos_4/7213_レシップホールディングス/current/photo_01.jpg,✓,✓,current,
7213,レシップホールディングス,輸送用機器,現職,,,,photos_4/7213_レシップホールディングス/history/01_現職/photo_01.jpg,✓,✓,history,
7214,GMB,輸送用機器,山内房治郎,,,,photos_4/7214_GMB/history/01_山内房治郎/photo_01.jpg,✓,✓,history,
7214,GMB,輸送用機器,山内積良,,,,photos_4/7214_GMB/history/02_山内積良/photo_01.jpg,✓,✓,history,
7214,GMB,輸送用機器,山内溥,,,,photos_4/7214_GMB/history/03_山内溥/photo_01.jpg,✓,✓,history,
7214,GMB,輸送用機器,岩田聡,,,,photos_4/7214_GMB/history/04_岩田聡/photo_01.jpg,✓,✓,history,
7214,GMB,輸送用機器,君島達己,,,,,,,history,
7214,GMB,輸送用機器,古川俊太郎,,,,photos_4/7214_GMB/history/06_古川俊太郎/photo_01.jpg,✓,✓,history,
7215,ファルテック,輸送用機器,,,,,,,,missing,要調査
7217,テイン,輸送用機器,,,,,,,,missing,要調査
7218,田中精密工業,輸送用機器,本田 宗一郎,,,,photos_4/7218_田中精密工業/history/01_本田_宗一郎/photo_01.jpg,✓,✓,history,
7218,田中精密工業,輸送用機器,河島 喜好,1973-10-01,,,,,,history,
7218,田中精密工業,輸送用機器,久米 是志,1983-10-01,,,photos_4/7218_田中精密工業/history/03_久米_是志/photo_01.jpg,✓,✓,history,
7218,田中精密工業,輸送用機器,川本 信彦,,,,photos_4/7218_田中精密工業/history/04_川本_信彦/photo_01.jpg,✓,✓,history,
7218,田中精密工業,輸送用機器,吉野 浩行,,,,photos_4/7218_田中精密工業/history/05_吉野_浩行/photo_01.jpg,✓,✓,history,
7218,田中精密工業,輸送用機器,福井 威夫,,,,photos_4/7218_田中精密工業/history/06_福井_威夫/photo_01.jpg,✓,✓,history,
7218,田中精密工業,輸送用機器,伊東 孝紳,,,,photos_4/7218_田中精密工業/history/07_伊東_孝紳/photo_01.jpg,✓,✓,history,
7218,田中精密工業,輸送用機器,八郷 隆弘,,,,photos_4/7218_田中精密工業/history/08_八郷_隆弘/photo_01.jpg,✓,✓,history,
7218,田中精密工業,輸送用機器,三部 敏宏,,,,photos_4/7218_田中精密工業/history/09_三部_敏宏/photo_01.jpg,✓,✓,history,
7219,エッチ・ケー・エス,輸送用機器,,,,,,,,missing,要調査
7220,武蔵精密工業,輸送用機器,本田 宗一郎,,,,photos_4/7220_武蔵精密工業/history/01_本田_宗一郎/photo_01.jpg,✓,✓,history,
7220,武蔵精密工業,輸送用機器,河島 喜好,1973-10-01,,,,,,history,
7220,武蔵精密工業,輸送用機器,久米 是志,1983-10-01,,,photos_4/7220_武蔵精密工業/history/03_久米_是志/photo_01.jpg,✓,✓,history,
7220,武蔵精密工業,輸送用機器,川本 信彦,,,,photos_4/7220_武蔵精密工業/history/04_川本_信彦/photo_01.jpg,✓,✓,history,
7220,武蔵精密工業,輸送用機器,吉野 浩行,,,,photos_4/7220_武蔵精密工業/history/05_吉野_浩行/photo_01.jpg,✓,✓,history,
7220,武蔵精密工業,輸送用機器,福井 威夫,,,,photos_4/7220_武蔵精密工業/history/06_福井_威夫/photo_01.jpg,✓,✓,history,
7220,武蔵精密工業,輸送用機器,伊東 孝紳,,,,photos_4/7220_武蔵精密工業/history/07_伊東_孝紳/photo_01.jpg,✓,✓,history,
7220,武蔵精密工業,輸送用機器,八郷 隆弘,,,,photos_4/7220_武蔵精密工業/history/08_八郷_隆弘/photo_01.jpg,✓,✓,history,
7220,武蔵精密工業,輸送用機器,三部 敏宏,,,,photos_4/7220_武蔵精密工業/history/09_三部_敏宏/photo_01.jpg,✓,✓,history,
7222,日産車体,輸送用機器,鮎川 義介,,,,photos_4/7222_日産車体/history/01_鮎川_義介/photo_01.jpg,✓,✓,history,
7222,日産車体,輸送用機器,淺原 源七,,,,photos_4/7222_日産車体/history/02_淺原_源七/photo_01.jpg,✓,✓,history,
7222,日産車体,輸送用機器,工藤 治人,,,,photos_4/7222_日産車体/history/03_工藤_治人/photo_01.jpg,✓,✓,history,
7222,日産車体,輸送用機器,山本 惣治,1945-10-01,,,photos_4/7222_日産車体/history/04_山本_惣治/photo_01.jpg,✓,✓,history,
7222,日産車体,輸送用機器,川又 克二,1957-11-01,,,photos_4/7222_日産車体/history/05_川又_克二/photo_01.jpg,✓,✓,history,
7222,日産車体,輸送用機器,岩越 忠恕,1973-11-01,,,photos_4/7222_日産車体/history/06_岩越_忠恕/photo_01.jpg,✓,✓,history,
7222,日産車体,輸送用機器,西川 廣人,,,,photos_4/7222_日産車体/history/07_西川_廣人/photo_01.jpg,✓,✓,history,
7222,日産車体,輸送用機器,山内 康裕,2019-12-01,,,photos_4/7222_日産車体/history/08_山内_康裕/photo_01.jpg,✓,✓,history,
7224,新明和工業,輸送用機器,新聞 電子版,2025年3月,（現在）,,photos_4/7224_新明和工業/current/photo_01.jpg,✓,✓,current,
7224,新明和工業,輸送用機器,ダイハツ工業,,,,photos_4/7224_新明和工業/history/01_ダイハツ工業/photo_01.jpg,✓,✓,history,
7226,極東開発工業,輸送用機器,佐藤勇二,1970-04-01,1973-05-01,3.08,photos_4/7226_極東開発工業/history/01_佐藤勇二/photo_01.jpg,✓,✓,history,
7226,極東開発工業,輸送用機器,久保富夫,1973-05-01,1979-06-01,6.08,photos_4/7226_極東開発工業/history/02_久保富夫/photo_01.jpg,✓,✓,history,
7226,極東開発工業,輸送用機器,曽根嘉年,1979-06-01,1981-06-01,2.0,photos_4/7226_極東開発工業/history/03_曽根嘉年/photo_01.jpg,✓,✓,history,
7226,極東開発工業,輸送用機器,東条輝雄,1981-06-01,1983-06-01,2.0,photos_4/7226_極東開発工業/history/04_東条輝雄/photo_01.jpg,✓,✓,history,
7226,極東開発工業,輸送用機器,舘豊夫,1983-06-01,1989-06-01,6.0,photos_4/7226_極東開発工業/history/05_舘豊夫/photo_01.jpg,✓,✓,history,
7226,極東開発工業,輸送用機器,中村裕一,1989-06-01,1996-06-01,7.0,photos_4/7226_極東開発工業/history/06_中村裕一/photo_01.jpg,✓,✓,history,
7226,極東開発工業,輸送用機器,塚原董久,1995-06-01,1996-06-01,1.0,photos_4/7226_極東開発工業/history/07_塚原董久/photo_01.jpg,✓,✓,history,
7226,極東開発工業,輸送用機器,木村雄宗,1996-06-01,1997-11-01,1.42,photos_4/7226_極東開発工業/history/08_木村雄宗/photo_01.jpg,✓,✓,history,
7226,極東開発工業,輸送用機器,河添克彦,1997-11-01,2000-11-01,3.0,photos_4/7226_極東開発工業/history/09_河添克彦/photo_01.jpg,✓,✓,history,
7226,極東開発工業,輸送用機器,園部孝,2000-11-01,2002-06-01,1.58,photos_4/7226_極東開発工業/history/10_園部孝/photo_01.jpg,✓,✓,history,
7226,極東開発工業,輸送用機器,多賀谷秀保,2004-06-01,2005-01-01,0.59,photos_4/7226_極東開発工業/history/11_多賀谷秀保/photo_01.jpg,✓,✓,history,
7226,極東開発工業,輸送用機器,益子修,2005-01-01,2014-06-01,9.41,photos_4/7226_極東開発工業/history/12_益子修/photo_01.jpg,✓,✓,history,
7226,極東開発工業,輸送用機器,相川哲郎,2014-06-01,2016-06-01,2.0,photos_4/7226_極東開発工業/history/13_相川哲郎/photo_01.jpg,✓,✓,history,
7226,極東開発工業,輸送用機器,加藤隆雄,2019-06-01,,,photos_4/7226_極東開発工業/history/14_加藤隆雄/photo_01.jpg,✓,✓,history,
7228,デイトナ,輸送用機器,,,,,,,,missing,要調査
7231,トピー工業,輸送用機器,,,,,,,,missing,要調査
7235,東京ラヂエーター製造,輸送用機器,木村 裕哲,,（現在）,,photos_4/7235_東京ラヂエーター製造/current/photo_01.jpg,✓,✓,current,
7235,東京ラヂエーター製造,輸送用機器,日野重工業,,,,photos_4/7235_東京ラヂエーター製造/history/01_日野重工業/photo_01.jpg,✓,✓,history,
7235,東京ラヂエーター製造,輸送用機器,松井命,1942-05-01,1945-11-01,3.5,photos_4/7235_東京ラヂエーター製造/history/02_松井命/photo_01.jpg,✓,✓,history,
7235,東京ラヂエーター製造,輸送用機器,日野産業,,,,photos_4/7235_東京ラヂエーター製造/history/03_日野産業/photo_01.jpg,✓,✓,history,
7235,東京ラヂエーター製造,輸送用機器,大久保正二,,,,photos_4/7235_東京ラヂエーター製造/history/04_大久保正二/photo_01.jpg,✓,✓,history,
7235,東京ラヂエーター製造,輸送用機器,日野自動車工業,,,,photos_4/7235_東京ラヂエーター製造/history/05_日野自動車工業/photo_01.jpg,✓,✓,history,
7235,東京ラヂエーター製造,輸送用機器,松方正信,1961-05-01,1961-05-04,0.01,photos_4/7235_東京ラヂエーター製造/history/06_松方正信/photo_01.jpg,✓,✓,history,
7235,東京ラヂエーター製造,輸送用機器,荒川政司,1974-05-01,1974-05-30,0.08,photos_4/7235_東京ラヂエーター製造/history/07_荒川政司/photo_01.jpg,✓,✓,history,
7235,東京ラヂエーター製造,輸送用機器,深澤俊勇,1983-06-01,,,photos_4/7235_東京ラヂエーター製造/history/08_深澤俊勇/photo_01.jpg,✓,✓,history,
7235,東京ラヂエーター製造,輸送用機器,二見富雄,1987-06-01,,,photos_4/7235_東京ラヂエーター製造/history/09_二見富雄/photo_01.jpg,✓,✓,history,
7235,東京ラヂエーター製造,輸送用機器,湯浅浩,1997-06-01,,,,,,history,
7235,東京ラヂエーター製造,輸送用機器,日野自動車,,,,photos_4/7235_東京ラヂエーター製造/history/11_日野自動車/photo_01.jpg,✓,✓,history,
7235,東京ラヂエーター製造,輸送用機器,蛇川忠暉,,,,photos_4/7235_東京ラヂエーター製造/history/12_蛇川忠暉/photo_01.jpg,✓,✓,history,
7235,東京ラヂエーター製造,輸送用機器,近藤詔治,2004-06-01,2008-06-01,4.0,photos_4/7235_東京ラヂエーター製造/history/13_近藤詔治/photo_01.jpg,✓,✓,history,
7235,東京ラヂエーター製造,輸送用機器,白井芳夫,2008-06-01,2013-06-01,5.0,photos_4/7235_東京ラヂエーター製造/history/14_白井芳夫/photo_01.jpg,✓,✓,history,
7235,東京ラヂエーター製造,輸送用機器,市橋保彦,2013-06-01,,,photos_4/7235_東京ラヂエーター製造/history/15_市橋保彦/photo_01.jpg,✓,✓,history,
7235,東京ラヂエーター製造,輸送用機器,下義生,2021-06-01,,,photos_4/7235_東京ラヂエーター製造/history/16_下義生/photo_01.jpg,✓,✓,history,
7235,東京ラヂエーター製造,輸送用機器,小木曽聡,2021-06-01,,,photos_4/7235_東京ラヂエーター製造/history/17_小木曽聡/photo_01.jpg,✓,✓,history,
7236,ティラド,輸送用機器,小林三午郎,,,,photos_4/7236_ティラド/history/01_小林三午郎/photo_01.jpg,✓,✓,history,
7236,ティラド,輸送用機器,小野金雄,1949-06-01,,,photos_4/7236_ティラド/history/02_小野金雄/photo_01.jpg,✓,✓,history,
7236,ティラド,輸送用機器,岩崎宏,,,,photos_4/7236_ティラド/history/03_岩崎宏/photo_01.jpg,✓,✓,history,
7236,ティラド,輸送用機器,橋本修ニ,1999-06-01,,,photos_4/7236_ティラド/history/04_橋本修ニ/photo_01.jpg,✓,✓,history,
7236,ティラド,輸送用機器,嘉納裕躬,2008-04-01,2018-06-01,10.17,photos_4/7236_ティラド/history/05_嘉納裕躬/photo_01.jpg,✓,✓,history,
7238,曙ブレーキ工業,輸送用機器,長岡　宏,2025年8月,（現在）,,photos_4/7238_曙ブレーキ工業/current/photo_01.jpg,✓,✓,current,
7239,タチエス,輸送用機器,山本 雄一郎,,（現在）,,photos_4/7239_タチエス/current/photo_01.jpg,✓,✓,current,
7240,NOK,輸送用機器,,,,,,,,missing,要調査
7241,フタバ産業,輸送用機器,,,,,,,,missing,要調査
7242,カヤバ,輸送用機器,,,,,,,,missing,要調査
7244,市光工業,電気機器,,,,,,,,missing,要調査
7245,大同メタル工業,輸送用機器,電気製鋼所,,,,photos_4/7245_大同メタル工業/history/01_電気製鋼所/photo_01.jpg,✓,✓,history,
7245,大同メタル工業,輸送用機器,下出民義,1916-08-01,1917-09-12,1.11,photos_4/7245_大同メタル工業/history/02_下出民義/photo_01.jpg,✓,✓,history,
7245,大同メタル工業,輸送用機器,福澤桃介,1917-09-01,1922-07-28,4.9,photos_4/7245_大同メタル工業/history/03_福澤桃介/photo_01.jpg,✓,✓,history,
7245,大同メタル工業,輸送用機器,寒川恒貞,1922-07-01,1931-06-11,8.94,photos_4/7245_大同メタル工業/history/04_寒川恒貞/photo_01.jpg,✓,✓,history,
7245,大同メタル工業,輸送用機器,下出義雄,1931-06-01,1946-02-25,14.74,photos_4/7245_大同メタル工業/history/05_下出義雄/photo_01.jpg,✓,✓,history,
7245,大同メタル工業,輸送用機器,中村秀夫,1946-03-01,1946-12-01,0.75,photos_4/7245_大同メタル工業/history/06_中村秀夫/photo_01.jpg,✓,✓,history,
7245,大同メタル工業,輸送用機器,末廣幸次郎,1951-01-01,1953-08-29,2.66,photos_4/7245_大同メタル工業/history/07_末廣幸次郎/photo_01.jpg,✓,✓,history,
7245,大同メタル工業,輸送用機器,里村伸二,1953-08-01,1958-03-11,4.61,photos_4/7245_大同メタル工業/history/08_里村伸二/photo_01.jpg,✓,✓,history,
7245,大同メタル工業,輸送用機器,石井健一郎,1958-03-01,1973-08-30,15.5,photos_4/7245_大同メタル工業/history/09_石井健一郎/photo_01.jpg,✓,✓,history,
7245,大同メタル工業,輸送用機器,武田喜三,1973-08-01,1982-09-29,9.16,photos_4/7245_大同メタル工業/history/10_武田喜三/photo_01.jpg,✓,✓,history,
7245,大同メタル工業,輸送用機器,秋田正彌,1982-09-01,1986-05-30,3.74,photos_4/7245_大同メタル工業/history/11_秋田正彌/photo_01.jpg,✓,✓,history,
7245,大同メタル工業,輸送用機器,木下浩次,1986-05-01,1988-06-29,2.16,photos_4/7245_大同メタル工業/history/12_木下浩次/photo_01.jpg,✓,✓,history,
7245,大同メタル工業,輸送用機器,岸田寿夫,1988-06-01,1992-06-26,4.07,photos_4/7245_大同メタル工業/history/13_岸田寿夫/photo_01.jpg,✓,✓,history,
7245,大同メタル工業,輸送用機器,冨田寛治,1992-06-01,1998-06-26,6.07,photos_4/7245_大同メタル工業/history/14_冨田寛治/photo_01.jpg,✓,✓,history,
7245,大同メタル工業,輸送用機器,高山剛,1998-06-01,2004-06-29,6.08,photos_4/7245_大同メタル工業/history/15_高山剛/photo_01.jpg,✓,✓,history,
7245,大同メタル工業,輸送用機器,小澤正俊,2004-06-01,2010-06-29,6.08,photos_4/7245_大同メタル工業/history/16_小澤正俊/photo_01.jpg,✓,✓,history,
7245,大同メタル工業,輸送用機器,嶋尾正,2010-06-01,2016-06-28,6.08,photos_4/7245_大同メタル工業/history/17_嶋尾正/photo_01.jpg,✓,✓,history,
7245,大同メタル工業,輸送用機器,石黒武,2016-06-01,2023-06-27,7.07,photos_4/7245_大同メタル工業/history/18_石黒武/photo_01.jpg,✓,✓,history,
7245,大同メタル工業,輸送用機器,清水哲也,2023-06-01,2023-06-27,0.07,photos_4/7245_大同メタル工業/history/19_清水哲也/photo_01.jpg,✓,✓,history,
7246,プレス工業,輸送用機器,工業,,（現在）,,photos_4/7246_プレス工業/current/photo_01.jpg,✓,✓,current,
7246,プレス工業,輸送用機器,ダイハツ工業,,,,photos_4/7246_プレス工業/history/01_ダイハツ工業/photo_01.jpg,✓,✓,history,
7247,ミクニ,輸送用機器,日　新体制,2025年6月,（現在）,,photos_4/7247_ミクニ/current/photo_01.jpg,✓,✓,current,
7254,ユニバンス,輸送用機器,山内房治郎,,,,photos_4/7254_ユニバンス/history/01_山内房治郎/photo_01.jpg,✓,✓,history,
7254,ユニバンス,輸送用機器,山内積良,,,,photos_4/7254_ユニバンス/history/02_山内積良/photo_01.jpg,✓,✓,history,
7254,ユニバンス,輸送用機器,山内溥,,,,photos_4/7254_ユニバンス/history/03_山内溥/photo_01.jpg,✓,✓,history,
7254,ユニバンス,輸送用機器,岩田聡,,,,photos_4/7254_ユニバンス/history/04_岩田聡/photo_01.jpg,✓,✓,history,
7254,ユニバンス,輸送用機器,君島達己,,,,,,,history,
7254,ユニバンス,輸送用機器,古川俊太郎,,,,photos_4/7254_ユニバンス/history/06_古川俊太郎/photo_01.jpg,✓,✓,history,
7255,桜井製作所,輸送用機器,初代,,,,photos_4/7255_桜井製作所/history/01_初代/photo_01.jpg,✓,✓,history,
7256,河西工業,輸送用機器,海塚新八,,,,photos_4/7256_河西工業/history/01_海塚新八/photo_01.jpg,✓,✓,history,
7256,河西工業,輸送用機器,松田重次郎,,,,photos_4/7256_河西工業/history/02_松田重次郎/photo_01.jpg,✓,✓,history,
7256,河西工業,輸送用機器,松田恒次,1951-12-01,,,photos_4/7256_河西工業/history/03_松田恒次/photo_01.jpg,✓,✓,history,
7256,河西工業,輸送用機器,松田耕平,1970-11-01,,,photos_4/7256_河西工業/history/04_松田耕平/photo_01.jpg,✓,✓,history,
7256,河西工業,輸送用機器,山崎芳樹,1977-12-01,,,photos_4/7256_河西工業/history/05_山崎芳樹/photo_01.jpg,✓,✓,history,
7256,河西工業,輸送用機器,山本健一,1984-11-01,,,photos_4/7256_河西工業/history/06_山本健一/photo_01.jpg,✓,✓,history,
7256,河西工業,輸送用機器,古田徳昌,1987-12-01,,,photos_4/7256_河西工業/history/07_古田徳昌/photo_01.jpg,✓,✓,history,
7256,河西工業,輸送用機器,和田淑弘,1991-12-01,,,photos_4/7256_河西工業/history/08_和田淑弘/photo_01.jpg,✓,✓,history,
7256,河西工業,輸送用機器,井巻久一,,,,photos_4/7256_河西工業/history/09_井巻久一/photo_01.jpg,✓,✓,history,
7256,河西工業,輸送用機器,山内孝,2008-11-01,,,photos_4/7256_河西工業/history/10_山内孝/photo_01.jpg,✓,✓,history,
7256,河西工業,輸送用機器,小飼雅道,,,,photos_4/7256_河西工業/history/11_小飼雅道/photo_01.jpg,✓,✓,history,
7256,河西工業,輸送用機器,丸本明,,,,photos_4/7256_河西工業/history/12_丸本明/photo_01.jpg,✓,✓,history,
7256,河西工業,輸送用機器,毛籠勝弘,,,,photos_4/7256_河西工業/history/13_毛籠勝弘/photo_01.jpg,✓,✓,history,
7259,アイシン,輸送用機器,,,,,,,,missing,要調査
7261,マツダ,輸送用機器,海塚新八,,,,photos_4/7261_マツダ/history/01_海塚新八/photo_01.jpg,✓,✓,history,
7261,マツダ,輸送用機器,松田重次郎,,,,photos_4/7261_マツダ/history/02_松田重次郎/photo_01.jpg,✓,✓,history,
7261,マツダ,輸送用機器,松田恒次,1951-12-01,,,photos_4/7261_マツダ/history/03_松田恒次/photo_01.jpg,✓,✓,history,
7261,マツダ,輸送用機器,松田耕平,1970-11-01,,,photos_4/7261_マツダ/history/04_松田耕平/photo_01.jpg,✓,✓,history,
7261,マツダ,輸送用機器,山崎芳樹,1977-12-01,,,photos_4/7261_マツダ/history/05_山崎芳樹/photo_01.jpg,✓,✓,history,
7261,マツダ,輸送用機器,山本健一,1984-11-01,,,photos_4/7261_マツダ/history/06_山本健一/photo_01.jpg,✓,✓,history,
7261,マツダ,輸送用機器,古田徳昌,1987-12-01,,,photos_4/7261_マツダ/history/07_古田徳昌/photo_01.jpg,✓,✓,history,
7261,マツダ,輸送用機器,和田淑弘,1991-12-01,,,photos_4/7261_マツダ/history/08_和田淑弘/photo_01.jpg,✓,✓,history,
7261,マツダ,輸送用機器,井巻久一,,,,photos_4/7261_マツダ/history/09_井巻久一/photo_01.jpg,✓,✓,history,
7261,マツダ,輸送用機器,山内孝,2008-11-01,,,photos_4/7261_マツダ/history/10_山内孝/photo_01.jpg,✓,✓,history,
7261,マツダ,輸送用機器,小飼雅道,,,,photos_4/7261_マツダ/history/11_小飼雅道/photo_01.jpg,✓,✓,history,
7261,マツダ,輸送用機器,丸本明,,,,photos_4/7261_マツダ/history/12_丸本明/photo_01.jpg,✓,✓,history,
7261,マツダ,輸送用機器,毛籠勝弘,,,,photos_4/7261_マツダ/history/13_毛籠勝弘/photo_01.jpg,✓,✓,history,
7264,ムロコーポレーション,輸送用機器,室 雅文,,（現在）,,photos_4/7264_ムロコーポレーション/current/photo_01.jpg,✓,✓,current,
7265,エイケン工業,輸送用機器,石坂泰三,1949-04-01,1957-11-01,8.59,photos_4/7265_エイケン工業/history/01_石坂泰三/photo_01.jpg,✓,✓,history,
7265,エイケン工業,輸送用機器,岩下文雄,1957-11-01,1965-05-01,7.5,photos_4/7265_エイケン工業/history/02_岩下文雄/photo_01.jpg,✓,✓,history,
7265,エイケン工業,輸送用機器,土光敏夫,1965-05-01,1972-08-01,7.25,photos_4/7265_エイケン工業/history/03_土光敏夫/photo_01.jpg,✓,✓,history,
7265,エイケン工業,輸送用機器,玉置敬三,1972-08-01,,,photos_4/7265_エイケン工業/history/04_玉置敬三/photo_01.jpg,✓,✓,history,
7265,エイケン工業,輸送用機器,岩田弐夫,,,,photos_4/7265_エイケン工業/history/05_岩田弐夫/photo_01.jpg,✓,✓,history,
7265,エイケン工業,輸送用機器,佐波正一,1986-04-01,,,photos_4/7265_エイケン工業/history/06_佐波正一/photo_01.jpg,✓,✓,history,
7265,エイケン工業,輸送用機器,渡里杉一郎,1986-04-01,1987-07-01,1.25,photos_4/7265_エイケン工業/history/07_渡里杉一郎/photo_01.jpg,✓,✓,history,
7265,エイケン工業,輸送用機器,青井舒一,1987-07-01,1992-06-01,4.92,photos_4/7265_エイケン工業/history/08_青井舒一/photo_01.jpg,✓,✓,history,
7265,エイケン工業,輸送用機器,佐藤文夫,1992-06-01,1996-06-01,4.0,photos_4/7265_エイケン工業/history/09_佐藤文夫/photo_01.jpg,✓,✓,history,
7265,エイケン工業,輸送用機器,西室泰三,1996-06-01,2000-06-01,4.0,photos_4/7265_エイケン工業/history/10_西室泰三/photo_01.jpg,✓,✓,history,
7265,エイケン工業,輸送用機器,岡村正,2000-06-01,2005-06-01,5.0,photos_4/7265_エイケン工業/history/11_岡村正/photo_01.jpg,✓,✓,history,
7265,エイケン工業,輸送用機器,西田厚聰,2005-06-01,2009-06-01,4.0,photos_4/7265_エイケン工業/history/12_西田厚聰/photo_01.jpg,✓,✓,history,
7265,エイケン工業,輸送用機器,田中久雄,2013-06-01,2015-07-01,2.08,photos_4/7265_エイケン工業/history/13_田中久雄/photo_01.jpg,✓,✓,history,
7265,エイケン工業,輸送用機器,室町正志,2015-07-01,2016-06-01,0.92,photos_4/7265_エイケン工業/history/14_室町正志/photo_01.jpg,✓,✓,history,
7265,エイケン工業,輸送用機器,綱川智,2016-06-01,2020-03-01,3.75,photos_4/7265_エイケン工業/history/15_綱川智/photo_01.jpg,✓,✓,history,
7265,エイケン工業,輸送用機器,車谷暢昭,2020-04-01,2021-04-01,1.0,photos_4/7265_エイケン工業/history/16_車谷暢昭/photo_01.jpg,✓,✓,history,
7265,エイケン工業,輸送用機器,島田太郎,2022-03-01,,,photos_4/7265_エイケン工業/history/17_島田太郎/photo_01.jpg,✓,✓,history,
7266,今仙電機製作所,輸送用機器,,,,,,,,missing,要調査
7267,本田技研工業,輸送用機器,本田 宗一郎,,,,photos_4/7267_本田技研工業/history/01_本田_宗一郎/photo_01.jpg,✓,✓,history,
7267,本田技研工業,輸送用機器,河島 喜好,1973-10-01,,,photos_4/7267_本田技研工業/history/02_河島_喜好/photo_01.jpg,✓,✓,history,
7267,本田技研工業,輸送用機器,久米 是志,1983-10-01,,,photos_4/7267_本田技研工業/history/03_久米_是志/photo_01.jpg,✓,✓,history,
7267,本田技研工業,輸送用機器,川本 信彦,,,,photos_4/7267_本田技研工業/history/04_川本_信彦/photo_01.jpg,✓,✓,history,
7267,本田技研工業,輸送用機器,吉野 浩行,,,,photos_4/7267_本田技研工業/history/05_吉野_浩行/photo_01.jpg,✓,✓,history,
7267,本田技研工業,輸送用機器,福井 威夫,,,,photos_4/7267_本田技研工業/history/06_福井_威夫/photo_01.jpg,✓,✓,history,
7267,本田技研工業,輸送用機器,伊東 孝紳,,,,photos_4/7267_本田技研工業/history/07_伊東_孝紳/photo_01.jpg,✓,✓,history,
7267,本田技研工業,輸送用機器,八郷 隆弘,,,,photos_4/7267_本田技研工業/history/08_八郷_隆弘/photo_01.jpg,✓,✓,history,
7267,本田技研工業,輸送用機器,三部 敏宏,,,,photos_4/7267_本田技研工業/history/09_三部_敏宏/photo_01.jpg,✓,✓,history,
7269,スズキ,輸送用機器,鈴木道雄,1909-10-01,1920-03-01,10.41,photos_4/7269_スズキ/history/01_鈴木道雄/photo_01.jpg,✓,✓,history,
7269,スズキ,輸送用機器,鈴木俊三,1957-02-01,1973-05-01,16.24,photos_4/7269_スズキ/history/02_鈴木俊三/photo_01.jpg,✓,✓,history,
7269,スズキ,輸送用機器,鈴木實治郎,1973-05-01,1978-06-01,5.08,photos_4/7269_スズキ/history/03_鈴木實治郎/photo_01.jpg,✓,✓,history,
7269,スズキ,輸送用機器,鈴木修,1978-06-01,1990-10-01,12.33,photos_4/7269_スズキ/history/04_鈴木修/photo_01.jpg,✓,✓,history,
7269,スズキ,輸送用機器,戸田昌男,2000-06-01,2003-03-01,2.75,photos_4/7269_スズキ/history/05_戸田昌男/photo_01.jpg,✓,✓,history,
7269,スズキ,輸送用機器,津田紘,2003-03-01,2008-12-01,5.75,photos_4/7269_スズキ/history/06_津田紘/photo_01.jpg,✓,✓,history,
7269,スズキ,輸送用機器,鈴木俊宏,2015-06-01,,,photos_4/7269_スズキ/history/07_鈴木俊宏/photo_01.jpg,✓,✓,history,
7270,SUBARU,輸送用機器,大崎 篤,2025年11月,（現在）,,photos_4/7270_SUBARU/current/photo_01.jpg,✓,✓,current,
7271,安永,輸送用機器,,,,,,,,missing,要調査
7272,ヤマハ発動機,輸送用機器,川上源一,,,,photos_4/7272_ヤマハ発動機/history/01_川上源一/photo_01.jpg,✓,✓,history,
7272,ヤマハ発動機,輸送用機器,小池久雄,,,,photos_4/7272_ヤマハ発動機/history/02_小池久雄/photo_01.jpg,✓,✓,history,
7272,ヤマハ発動機,輸送用機器,江口秀人,,,,,,,history,
7272,ヤマハ発動機,輸送用機器,長谷川武彦,,,,,,,history,
7272,ヤマハ発動機,輸送用機器,長谷川至,,,,photos_4/7272_ヤマハ発動機/history/05_長谷川至/photo_01.jpg,✓,✓,history,
7272,ヤマハ発動機,輸送用機器,梶川隆,,,,photos_4/7272_ヤマハ発動機/history/06_梶川隆/photo_01.jpg,✓,✓,history,
7272,ヤマハ発動機,輸送用機器,戸上常司,,,,photos_4/7272_ヤマハ発動機/history/07_戸上常司/photo_01.jpg,✓,✓,history,
7272,ヤマハ発動機,輸送用機器,柳弘之,,,,photos_4/7272_ヤマハ発動機/history/08_柳弘之/photo_01.jpg,✓,✓,history,
7272,ヤマハ発動機,輸送用機器,日髙祥博,,,,photos_4/7272_ヤマハ発動機/history/09_日髙祥博/photo_01.jpg,✓,✓,history,
7272,ヤマハ発動機,輸送用機器,渡部克明,,,,photos_4/7272_ヤマハ発動機/history/10_渡部克明/photo_01.jpg,✓,✓,history,
7272,ヤマハ発動機,輸送用機器,設楽元文,,,,photos_4/7272_ヤマハ発動機/history/11_設楽元文/photo_01.jpg,✓,✓,history,
7273,イクヨ,輸送用機器,孫 峰,2025年5月,（現在）,,photos_4/7273_イクヨ/current/photo_01.jpg,✓,✓,current,
7276,小糸製作所,電気機器,,,,,,,,missing,要調査
7277,TBK,輸送用機器,島田利郎,,,,photos_4/7277_TBK/history/01_島田利郎/photo_01.jpg,✓,✓,history,
7277,TBK,輸送用機器,中里直己,,,,photos_4/7277_TBK/history/02_中里直己/photo_01.jpg,✓,✓,history,
7277,TBK,輸送用機器,田中富夫,,,,photos_4/7277_TBK/history/03_田中富夫/photo_01.jpg,✓,✓,history,
7277,TBK,輸送用機器,西内靖,,,,photos_4/7277_TBK/history/04_西内靖/photo_01.jpg,✓,✓,history,
7277,TBK,輸送用機器,原嘉男,,,,photos_4/7277_TBK/history/05_原嘉男/photo_01.jpg,✓,✓,history,
7278,エクセディ,輸送用機器,"衛生
環境",,（現在）,,photos_4/7278_エクセディ/current/photo_01.jpg,✓,✓,current,
7279,ハイレックスコーポレーション,輸送用機器,寺浦 太,,（現在）,,,,,current,
7280,ミツバ,電気機器,,,,,,,,missing,要調査
7282,豊田合成,輸送用機器,創造 社会,,（現在）,,photos_4/7282_豊田合成/current/photo_01.jpg,✓,✓,current,
7283,愛三工業,輸送用機器,年度 取締,2024年6月,（現在）,,photos_4/7283_愛三工業/current/photo_01.jpg,✓,✓,current,
7283,愛三工業,輸送用機器,本田 宗一郎,,,,photos_4/7283_愛三工業/history/01_本田_宗一郎/photo_01.jpg,✓,✓,history,
7283,愛三工業,輸送用機器,河島 喜好,1973-10-01,,,photos_4/7283_愛三工業/history/02_河島_喜好/photo_01.jpg,✓,✓,history,
7283,愛三工業,輸送用機器,久米 是志,1983-10-01,,,photos_4/7283_愛三工業/history/03_久米_是志/photo_01.jpg,✓,✓,history,
7283,愛三工業,輸送用機器,川本 信彦,,,,photos_4/7283_愛三工業/history/04_川本_信彦/photo_01.jpg,✓,✓,history,
7283,愛三工業,輸送用機器,吉野 浩行,,,,photos_4/7283_愛三工業/history/05_吉野_浩行/photo_01.jpg,✓,✓,history,
7283,愛三工業,輸送用機器,福井 威夫,,,,photos_4/7283_愛三工業/history/06_福井_威夫/photo_01.jpg,✓,✓,history,
7283,愛三工業,輸送用機器,伊東 孝紳,,,,photos_4/7283_愛三工業/history/07_伊東_孝紳/photo_01.jpg,✓,✓,history,
7283,愛三工業,輸送用機器,八郷 隆弘,,,,photos_4/7283_愛三工業/history/08_八郷_隆弘/photo_01.jpg,✓,✓,history,
7283,愛三工業,輸送用機器,三部 敏宏,,,,photos_4/7283_愛三工業/history/09_三部_敏宏/photo_01.jpg,✓,✓,history,
7284,盟和産業,輸送用機器,,,,,,,,missing,要調査
7287,日本精機,輸送用機器,日本精機,2025年6月,（現在）,,photos_4/7287_日本精機/current/photo_01.jpg,✓,✓,current,
7291,日本プラスト,輸送用機器,,,,,,,,missing,要調査
7292,村上開明堂,輸送用機器,"宣言
村上開",,（現在）,,photos_4/7292_村上開明堂/current/photo_01.jpg,✓,✓,current,
7294,ヨロズ,輸送用機器,,,,,,,,missing,要調査
7296,エフ・シー・シー,輸送用機器,"取引
品質管",,（現在）,,photos_4/7296_エフ・シー・シー/current/photo_01.jpg,✓,✓,current,
7297,カーメイト,輸送用機器,,,,,,,,missing,要調査
7299,フジオーゼックス,輸送用機器,電気製鋼所,,,,photos_4/7299_フジオーゼックス/history/01_電気製鋼所/photo_01.jpg,✓,✓,history,
7299,フジオーゼックス,輸送用機器,下出民義,1916-08-01,1917-09-12,1.11,photos_4/7299_フジオーゼックス/history/02_下出民義/photo_01.jpg,✓,✓,history,
7299,フジオーゼックス,輸送用機器,福澤桃介,1917-09-01,1922-07-28,4.9,photos_4/7299_フジオーゼックス/history/03_福澤桃介/photo_01.jpg,✓,✓,history,
7299,フジオーゼックス,輸送用機器,寒川恒貞,1922-07-01,1931-06-11,8.94,photos_4/7299_フジオーゼックス/history/04_寒川恒貞/photo_01.jpg,✓,✓,history,
7299,フジオーゼックス,輸送用機器,下出義雄,1931-06-01,1946-02-25,14.74,photos_4/7299_フジオーゼックス/history/05_下出義雄/photo_01.jpg,✓,✓,history,
7299,フジオーゼックス,輸送用機器,中村秀夫,1946-03-01,1946-12-01,0.75,photos_4/7299_フジオーゼックス/history/06_中村秀夫/photo_01.jpg,✓,✓,history,
7299,フジオーゼックス,輸送用機器,末廣幸次郎,1951-01-01,1953-08-29,2.66,photos_4/7299_フジオーゼックス/history/07_末廣幸次郎/photo_01.jpg,✓,✓,history,
7299,フジオーゼックス,輸送用機器,里村伸二,1953-08-01,1958-03-11,4.61,photos_4/7299_フジオーゼックス/history/08_里村伸二/photo_01.jpg,✓,✓,history,
7299,フジオーゼックス,輸送用機器,石井健一郎,1958-03-01,1973-08-30,15.5,photos_4/7299_フジオーゼックス/history/09_石井健一郎/photo_01.jpg,✓,✓,history,
7299,フジオーゼックス,輸送用機器,武田喜三,1973-08-01,1982-09-29,9.16,photos_4/7299_フジオーゼックス/history/10_武田喜三/photo_01.jpg,✓,✓,history,
7299,フジオーゼックス,輸送用機器,秋田正彌,1982-09-01,1986-05-30,3.74,photos_4/7299_フジオーゼックス/history/11_秋田正彌/photo_01.jpg,✓,✓,history,
7299,フジオーゼックス,輸送用機器,木下浩次,1986-05-01,1988-06-29,2.16,photos_4/7299_フジオーゼックス/history/12_木下浩次/photo_01.jpg,✓,✓,history,
7299,フジオーゼックス,輸送用機器,岸田寿夫,1988-06-01,1992-06-26,4.07,photos_4/7299_フジオーゼックス/history/13_岸田寿夫/photo_01.jpg,✓,✓,history,
7299,フジオーゼックス,輸送用機器,冨田寛治,1992-06-01,1998-06-26,6.07,photos_4/7299_フジオーゼックス/history/14_冨田寛治/photo_01.jpg,✓,✓,history,
7299,フジオーゼックス,輸送用機器,高山剛,1998-06-01,2004-06-29,6.08,photos_4/7299_フジオーゼックス/history/15_高山剛/photo_01.jpg,✓,✓,history,
7299,フジオーゼックス,輸送用機器,小澤正俊,2004-06-01,2010-06-29,6.08,photos_4/7299_フジオーゼックス/history/16_小澤正俊/photo_01.jpg,✓,✓,history,
7299,フジオーゼックス,輸送用機器,嶋尾正,2010-06-01,2016-06-28,6.08,photos_4/7299_フジオーゼックス/history/17_嶋尾正/photo_01.jpg,✓,✓,history,
7299,フジオーゼックス,輸送用機器,石黒武,2016-06-01,2023-06-27,7.07,photos_4/7299_フジオーゼックス/history/18_石黒武/photo_01.jpg,✓,✓,history,
7299,フジオーゼックス,輸送用機器,清水哲也,2023-06-01,2023-06-27,0.07,photos_4/7299_フジオーゼックス/history/19_清水哲也/photo_01.jpg,✓,✓,history,
7305,新家工業,鉄鋼,市川　圭司,,（現在）,,photos_4/7305_新家工業/current/photo_01.jpg,✓,✓,current,
7305,新家工業,鉄鋼,ダイハツ工業,,,,photos_4/7305_新家工業/history/01_ダイハツ工業/photo_01.jpg,✓,✓,history,
7309,シマノ,輸送用機器,山内房治郎,,,,photos_4/7309_シマノ/history/01_山内房治郎/photo_01.jpg,✓,✓,history,
7309,シマノ,輸送用機器,山内積良,,,,photos_4/7309_シマノ/history/02_山内積良/photo_01.jpg,✓,✓,history,
7309,シマノ,輸送用機器,山内溥,,,,photos_4/7309_シマノ/history/03_山内溥/photo_01.jpg,✓,✓,history,
7309,シマノ,輸送用機器,岩田聡,,,,photos_4/7309_シマノ/history/04_岩田聡/photo_01.jpg,✓,✓,history,
7309,シマノ,輸送用機器,君島達己,,,,,,,history,
7309,シマノ,輸送用機器,古川俊太郎,,,,photos_4/7309_シマノ/history/06_古川俊太郎/photo_01.jpg,✓,✓,history,
7313,テイ・エス　テック,輸送用機器,保田 真成,2007年4月,（現在）,,photos_4/7313_テイ・エス_テック/current/photo_01.jpg,✓,✓,current,
7314,小田原機器,輸送用機器,津川 直樹,,（現在）,,photos_4/7314_小田原機器/current/photo_01.jpg,✓,✓,current,
7317,松屋アールアンドディ,輸送用機器,,,,,,,,missing,要調査
7318,セレンディップ・ホールディングス,輸送用機器,竹内 在,2024年6月,（現在）,,photos_4/7318_セレンディップ・ホールディングス/current/photo_01.jpg,✓,✓,current,
7320,Solvvy,その他金融業,安達 慶高,2013年9月,（現在）,,photos_4/7320_Solvvy/current/photo_01.jpg,✓,✓,current,
7322,三十三フィナンシャルグループ,銀行業,月 株,2024年4月,（現在）,,photos_4/7322_三十三フィナンシャルグループ/current/photo_01.jpg,✓,✓,current,
7325,アイリックコーポレーション,保険業,勝本　竜二,2021年7月,（現在）,,photos_4/7325_アイリックコーポレーション/current/photo_01.jpg,✓,✓,current,
7325,アイリックコーポレーション,保険業,柳沢保恵,,,,photos_4/7325_アイリックコーポレーション/history/01_柳沢保恵/photo_01.jpg,✓,✓,history,
7325,アイリックコーポレーション,保険業,矢野恒太,,,,photos_4/7325_アイリックコーポレーション/history/02_矢野恒太/photo_01.jpg,✓,✓,history,
7325,アイリックコーポレーション,保険業,石坂泰三,,,,photos_4/7325_アイリックコーポレーション/history/03_石坂泰三/photo_01.jpg,✓,✓,history,
7325,アイリックコーポレーション,保険業,矢野一郎,,,,photos_4/7325_アイリックコーポレーション/history/04_矢野一郎/photo_01.jpg,✓,✓,history,
7325,アイリックコーポレーション,保険業,浜口吉兵衛,,,,photos_4/7325_アイリックコーポレーション/history/05_浜口吉兵衛/photo_01.jpg,✓,✓,history,
7325,アイリックコーポレーション,保険業,矢田恒久,,,,photos_4/7325_アイリックコーポレーション/history/06_矢田恒久/photo_01.jpg,✓,✓,history,
7325,アイリックコーポレーション,保険業,塚本亮一,,,,photos_4/7325_アイリックコーポレーション/history/07_塚本亮一/photo_01.jpg,✓,✓,history,
7325,アイリックコーポレーション,保険業,牧山公郎,,,,photos_4/7325_アイリックコーポレーション/history/08_牧山公郎/photo_01.jpg,✓,✓,history,
7325,アイリックコーポレーション,保険業,西尾信一,,,,photos_4/7325_アイリックコーポレーション/history/09_西尾信一/photo_01.jpg,✓,✓,history,
7325,アイリックコーポレーション,保険業,桜井孝頴,,,,photos_4/7325_アイリックコーポレーション/history/10_桜井孝頴/photo_01.jpg,✓,✓,history,
7325,アイリックコーポレーション,保険業,森田富治郎,,,,photos_4/7325_アイリックコーポレーション/history/11_森田富治郎/photo_01.jpg,✓,✓,history,
7325,アイリックコーポレーション,保険業,斎藤勝利,,,,photos_4/7325_アイリックコーポレーション/history/12_斎藤勝利/photo_01.jpg,✓,✓,history,
7325,アイリックコーポレーション,保険業,渡邉光一郎,,,,photos_4/7325_アイリックコーポレーション/history/13_渡邉光一郎/photo_01.jpg,✓,✓,history,
7325,アイリックコーポレーション,保険業,稲垣精二,,,,photos_4/7325_アイリックコーポレーション/history/14_稲垣精二/photo_01.jpg,✓,✓,history,
7325,アイリックコーポレーション,保険業,菊田徹也,,,,photos_4/7325_アイリックコーポレーション/history/15_菊田徹也/photo_01.jpg,✓,✓,history,
7326,SBIインシュアランスグループ,保険業,,,,,,,,missing,要調査
7327,第四北越フィナンシャルグループ,銀行業,平素,2025年4月,（現在）,,photos_4/7327_第四北越フィナンシャルグループ/current/photo_01.jpg,✓,✓,current,
7327,第四北越フィナンシャルグループ,銀行業,菅哲哉,2019-04-01,2023-03-01,3.92,photos_4/7327_第四北越フィナンシャルグループ/history/01_菅哲哉/photo_01.jpg,✓,✓,history,
7327,第四北越フィナンシャルグループ,銀行業,西山和宏,2023-04-01,,,photos_4/7327_第四北越フィナンシャルグループ/history/02_西山和宏/photo_01.jpg,✓,✓,history,
7337,ひろぎんホールディングス,銀行業,,,,,,,,missing,要調査
7343,ブロードマインド,保険業,高成長,2024年3月,（現在）,,photos_4/7343_ブロードマインド/current/photo_01.jpg,✓,,current,
7345,アイ・パートナーズフィナンシャル,その他金融業,西川善文,2002-12-01,2005-06-01,2.5,photos_4/7345_アイ・パートナーズフィナンシャル/history/01_西川善文/photo_01.jpg,✓,✓,history,
7345,アイ・パートナーズフィナンシャル,その他金融業,北山禎介,2005-06-01,2011-03-01,5.75,photos_4/7345_アイ・パートナーズフィナンシャル/history/02_北山禎介/photo_01.jpg,✓,✓,history,
7345,アイ・パートナーズフィナンシャル,その他金融業,宮田孝一,2011-04-01,2017-03-01,5.92,photos_4/7345_アイ・パートナーズフィナンシャル/history/03_宮田孝一/photo_01.jpg,✓,✓,history,
7345,アイ・パートナーズフィナンシャル,その他金融業,國部毅,2017-04-01,2019-04-01,2.0,photos_4/7345_アイ・パートナーズフィナンシャル/history/04_國部毅/photo_01.jpg,✓,✓,history,
7345,アイ・パートナーズフィナンシャル,その他金融業,太田純,2019-04-01,2023-11-01,4.59,photos_4/7345_アイ・パートナーズフィナンシャル/history/05_太田純/photo_01.jpg,✓,✓,history,
7345,アイ・パートナーズフィナンシャル,その他金融業,中島達,2023-12-01,,,photos_4/7345_アイ・パートナーズフィナンシャル/history/06_中島達/photo_01.jpg,✓,✓,history,
7347,マーキュリアホールディングス,証券・商品先物取引業,石坂泰三,1949-04-01,1957-11-01,8.59,photos_4/7347_マーキュリアホールディングス/history/01_石坂泰三/photo_01.jpg,✓,✓,history,
7347,マーキュリアホールディングス,証券・商品先物取引業,岩下文雄,1957-11-01,1965-05-01,7.5,photos_4/7347_マーキュリアホールディングス/history/02_岩下文雄/photo_01.jpg,✓,✓,history,
7347,マーキュリアホールディングス,証券・商品先物取引業,土光敏夫,1965-05-01,1972-08-01,7.25,photos_4/7347_マーキュリアホールディングス/history/03_土光敏夫/photo_01.jpg,✓,✓,history,
7347,マーキュリアホールディングス,証券・商品先物取引業,玉置敬三,1972-08-01,,,photos_4/7347_マーキュリアホールディングス/history/04_玉置敬三/photo_01.jpg,✓,✓,history,
7347,マーキュリアホールディングス,証券・商品先物取引業,岩田弐夫,,,,photos_4/7347_マーキュリアホールディングス/history/05_岩田弐夫/photo_01.jpg,✓,✓,history,
7347,マーキュリアホールディングス,証券・商品先物取引業,佐波正一,1986-04-01,,,photos_4/7347_マーキュリアホールディングス/history/06_佐波正一/photo_01.jpg,✓,✓,history,
7347,マーキュリアホールディングス,証券・商品先物取引業,渡里杉一郎,1986-04-01,1987-07-01,1.25,photos_4/7347_マーキュリアホールディングス/history/07_渡里杉一郎/photo_01.jpg,✓,✓,history,
7347,マーキュリアホールディングス,証券・商品先物取引業,青井舒一,1987-07-01,1992-06-01,4.92,photos_4/7347_マーキュリアホールディングス/history/08_青井舒一/photo_01.jpg,✓,✓,history,
7347,マーキュリアホールディングス,証券・商品先物取引業,佐藤文夫,1992-06-01,1996-06-01,4.0,photos_4/7347_マーキュリアホールディングス/history/09_佐藤文夫/photo_01.jpg,✓,✓,history,
7347,マーキュリアホールディングス,証券・商品先物取引業,西室泰三,1996-06-01,2000-06-01,4.0,photos_4/7347_マーキュリアホールディングス/history/10_西室泰三/photo_01.jpg,✓,✓,history,
7347,マーキュリアホールディングス,証券・商品先物取引業,岡村正,2000-06-01,2005-06-01,5.0,photos_4/7347_マーキュリアホールディングス/history/11_岡村正/photo_01.jpg,✓,✓,history,
7347,マーキュリアホールディングス,証券・商品先物取引業,西田厚聰,2005-06-01,2009-06-01,4.0,photos_4/7347_マーキュリアホールディングス/history/12_西田厚聰/photo_01.jpg,✓,✓,history,
7347,マーキュリアホールディングス,証券・商品先物取引業,田中久雄,2013-06-01,2015-07-01,2.08,photos_4/7347_マーキュリアホールディングス/history/13_田中久雄/photo_01.jpg,✓,✓,history,
7347,マーキュリアホールディングス,証券・商品先物取引業,室町正志,2015-07-01,2016-06-01,0.92,photos_4/7347_マーキュリアホールディングス/history/14_室町正志/photo_01.jpg,✓,✓,history,
7347,マーキュリアホールディングス,証券・商品先物取引業,綱川智,2016-06-01,2020-03-01,3.75,photos_4/7347_マーキュリアホールディングス/history/15_綱川智/photo_01.jpg,✓,✓,history,
7347,マーキュリアホールディングス,証券・商品先物取引業,車谷暢昭,2020-04-01,2021-04-01,1.0,photos_4/7347_マーキュリアホールディングス/history/16_車谷暢昭/photo_01.jpg,✓,✓,history,
7347,マーキュリアホールディングス,証券・商品先物取引業,島田太郎,2022-03-01,,,photos_4/7347_マーキュリアホールディングス/history/17_島田太郎/photo_01.jpg,✓,✓,history,
7350,おきなわフィナンシャルグループ,銀行業,山城 正保,,（現在）,,photos_4/7350_おきなわフィナンシャルグループ/current/photo_01.jpg,✓,✓,current,
7350,おきなわフィナンシャルグループ,銀行業,福田浩一,2006-10-01,2016-06-29,9.74,photos_4/7350_おきなわフィナンシャルグループ/history/01_福田浩一/photo_01.jpg,✓,✓,history,
7350,おきなわフィナンシャルグループ,銀行業,吉村猛,2016-06-01,2020-06-25,4.07,photos_4/7350_おきなわフィナンシャルグループ/history/02_吉村猛/photo_01.jpg,✓,✓,history,
7350,おきなわフィナンシャルグループ,銀行業,椋梨敬介,2020-06-01,2020-06-25,0.07,photos_4/7350_おきなわフィナンシャルグループ/history/03_椋梨敬介/photo_01.jpg,✓,✓,history,
7351,グッドパッチ,サービス業,,,,,,,,missing,要調査
7352,TWOSTONE&Sons,サービス業,"成績
財政状",2023年6月,（現在）,,photos_4/7352_TWOSTONE&Sons/current/photo_01.jpg,✓,,current,
7353,KIYOラーニング,サービス業,綾部　貴淑,2020年7月,（現在）,,photos_4/7353_KIYOラーニング/current/photo_01.jpg,✓,✓,current,
7354,ダイレクトマーケティングミックス,サービス業,,,,,,,,missing,要調査
7356,Retty,サービス業,,,,,,,,missing,要調査
7357,ジオコード,サービス業,,,,,,,,missing,要調査
7358,ポピンズ,サービス業,,,,,,,,missing,要調査
7359,東京通信グループ,サービス業,古屋 佑樹,2009年４月,（現在）,,photos_4/7359_東京通信グループ/current/photo_01.jpg,✓,✓,current,
7360,オンデック,サービス業,,,,,,,,missing,要調査
7361,ヒューマンクリエイションホールディングス,サービス業,,,,,,,,missing,要調査
7362,T.S.I,サービス業,,,,,,,,missing,要調査
7363,ベビーカレンダー,サービス業,,,,,,,,missing,要調査
7366,LITALICO,サービス業,方 当社,2025年3月,（現在）,,photos_4/7366_LITALICO/current/photo_01.jpg,✓,✓,current,
7367,セルム,サービス業,"部長
前",2026年3月,（現在）,,photos_4/7367_セルム/current/photo_01.jpg,✓,✓,current,
7368,表示灯,サービス業,,,,,,,,missing,要調査
7369,メイホーホールディングス,サービス業,水野成夫,,,,photos_4/7369_メイホーホールディングス/history/01_水野成夫/photo_01.jpg,✓,✓,history,
7369,メイホーホールディングス,サービス業,鹿内信隆,,,,photos_4/7369_メイホーホールディングス/history/02_鹿内信隆/photo_01.jpg,✓,✓,history,
7369,メイホーホールディングス,サービス業,浅野賢澄,,,,photos_4/7369_メイホーホールディングス/history/03_浅野賢澄/photo_01.jpg,✓,✓,history,
7369,メイホーホールディングス,サービス業,石田達郎,,,,photos_4/7369_メイホーホールディングス/history/04_石田達郎/photo_01.jpg,✓,✓,history,
7369,メイホーホールディングス,サービス業,羽佐間重彰,,,,photos_4/7369_メイホーホールディングス/history/05_羽佐間重彰/photo_01.jpg,✓,✓,history,
7369,メイホーホールディングス,サービス業,日枝久,,,,photos_4/7369_メイホーホールディングス/history/06_日枝久/photo_01.jpg,✓,✓,history,
7369,メイホーホールディングス,サービス業,村上光一,,,,photos_4/7369_メイホーホールディングス/history/07_村上光一/photo_01.jpg,✓,✓,history,
7369,メイホーホールディングス,サービス業,豊田皓,,,,photos_4/7369_メイホーホールディングス/history/08_豊田皓/photo_01.jpg,✓,✓,history,
7369,メイホーホールディングス,サービス業,亀山千広,,,,,,,history,
7369,メイホーホールディングス,サービス業,宮内正喜,,,,,,,history,
7369,メイホーホールディングス,サービス業,遠藤龍之介,,,,photos_4/7369_メイホーホールディングス/history/11_遠藤龍之介/photo_01.jpg,✓,✓,history,
7369,メイホーホールディングス,サービス業,金光修,,,,photos_4/7369_メイホーホールディングス/history/12_金光修/photo_01.jpg,✓,✓,history,
7369,メイホーホールディングス,サービス業,港浩一,,,,,,,history,
7369,メイホーホールディングス,サービス業,清水賢治,,,,photos_4/7369_メイホーホールディングス/history/14_清水賢治/photo_01.jpg,✓,✓,history,
7370,Enjin,サービス業,,,,,,,,missing,要調査
7371,Zenken,サービス業,,,,,,,,missing,要調査
7372,デコルテ・ホールディングス,サービス業,新井 賢二,2002年4月,（現在）,,photos_4/7372_デコルテ・ホールディングス/current/photo_01.jpg,✓,✓,current,
7373,アイドマ・ホールディングス,サービス業,,,,,,,,missing,要調査
7374,コンフィデンス・インターワークス,サービス業,,,,,,,,missing,要調査
7375,リファインバースグループ,サービス業,"社名
株",2025年6月,（現在）,,photos_4/7375_リファインバースグループ/current/photo_01.jpg,✓,✓,current,
7376,BCC,サービス業,伊藤 一彦,,（現在）,,photos_4/7376_BCC/current/photo_01.jpg,✓,✓,current,
7376,BCC,サービス業,住田正二,,,,photos_4/7376_BCC/history/01_住田正二/photo_01.jpg,✓,✓,history,
7376,BCC,サービス業,松田昌士,,,,photos_4/7376_BCC/history/02_松田昌士/photo_01.jpg,✓,✓,history,
7376,BCC,サービス業,大塚陸毅,,,,photos_4/7376_BCC/history/03_大塚陸毅/photo_01.jpg,✓,✓,history,
7376,BCC,サービス業,清野智,,,,photos_4/7376_BCC/history/04_清野智/photo_01.jpg,✓,✓,history,
7376,BCC,サービス業,冨田哲郎,,,,photos_4/7376_BCC/history/05_冨田哲郎/photo_01.jpg,✓,✓,history,
7376,BCC,サービス業,深澤祐二,,,,photos_4/7376_BCC/history/06_深澤祐二/photo_01.jpg,✓,✓,history,
7377,DNホールディングス,サービス業,"方
当社",,（現在）,,photos_4/7377_DNホールディングス/current/photo_01.jpg,✓,✓,current,
7378,アシロ,サービス業,山内房治郎,,,,photos_4/7378_アシロ/history/01_山内房治郎/photo_01.jpg,✓,✓,history,
7378,アシロ,サービス業,山内積良,,,,photos_4/7378_アシロ/history/02_山内積良/photo_01.jpg,✓,✓,history,
7378,アシロ,サービス業,山内溥,,,,photos_4/7378_アシロ/history/03_山内溥/photo_01.jpg,✓,✓,history,
7378,アシロ,サービス業,岩田聡,,,,photos_4/7378_アシロ/history/04_岩田聡/photo_01.jpg,✓,✓,history,
7378,アシロ,サービス業,君島達己,,,,,,,history,
7378,アシロ,サービス業,古川俊太郎,,,,photos_4/7378_アシロ/history/06_古川俊太郎/photo_01.jpg,✓,✓,history,
7380,十六フィナンシャルグループ,銀行業,平素,2021年10月,（現在）,,photos_4/7380_十六フィナンシャルグループ/current/photo_01.jpg,✓,✓,current,
7380,十六フィナンシャルグループ,銀行業,勝田泰久,2001-12-01,2003-05-01,1.41,photos_4/7380_十六フィナンシャルグループ/history/01_勝田泰久/photo_01.jpg,✓,✓,history,
7380,十六フィナンシャルグループ,銀行業,川田憲治,2003-05-01,2006-06-01,3.09,photos_4/7380_十六フィナンシャルグループ/history/02_川田憲治/photo_01.jpg,✓,✓,history,
7380,十六フィナンシャルグループ,銀行業,水田廣行,2006-06-01,2007-06-01,1.0,photos_4/7380_十六フィナンシャルグループ/history/03_水田廣行/photo_01.jpg,✓,✓,history,
7380,十六フィナンシャルグループ,銀行業,檜垣誠司,2007-06-01,2013-04-01,5.83,photos_4/7380_十六フィナンシャルグループ/history/04_檜垣誠司/photo_01.jpg,✓,✓,history,
7380,十六フィナンシャルグループ,銀行業,東和浩,2013-04-01,2020-04-01,7.0,photos_4/7380_十六フィナンシャルグループ/history/05_東和浩/photo_01.jpg,✓,✓,history,
7380,十六フィナンシャルグループ,銀行業,南昌宏,2020-04-01,,,photos_4/7380_十六フィナンシャルグループ/history/06_南昌宏/photo_01.jpg,✓,✓,history,
7381,北國フィナンシャルホールディングス,銀行業,,,,,,,,missing,要調査
7383,ネットプロテクションズホールディングス,その他金融業,,,,,,,,missing,要調査
7384,プロクレアホールディングス,銀行業,,,,,,,,missing,要調査
7388,FPパートナー,保険業,"意味
私",2009年12月,（現在）,,photos_4/7388_FPパートナー/current/photo_01.jpg,✓,✓,current,
7388,FPパートナー,保険業,垣見祐二,,,,photos_4/7388_FPパートナー/history/01_垣見祐二/photo_01.jpg,✓,✓,history,
7388,FPパートナー,保険業,小野田聡,,,,photos_4/7388_FPパートナー/history/02_小野田聡/photo_01.jpg,✓,✓,history,
7388,FPパートナー,保険業,奥田久栄,,,,photos_4/7388_FPパートナー/history/03_奥田久栄/photo_01.jpg,✓,✓,history,
7389,あいちフィナンシャルグループ,銀行業,,,,,,,,missing,要調査
7399,ナンシン,輸送用機器,山内房治郎,,,,photos_4/7399_ナンシン/history/01_山内房治郎/photo_01.jpg,✓,✓,history,
7399,ナンシン,輸送用機器,山内積良,,,,photos_4/7399_ナンシン/history/02_山内積良/photo_01.jpg,✓,✓,history,
7399,ナンシン,輸送用機器,山内溥,,,,photos_4/7399_ナンシン/history/03_山内溥/photo_01.jpg,✓,✓,history,
7399,ナンシン,輸送用機器,岩田聡,,,,photos_4/7399_ナンシン/history/04_岩田聡/photo_01.jpg,✓,✓,history,
7399,ナンシン,輸送用機器,君島達己,,,,,,,history,
7399,ナンシン,輸送用機器,古川俊太郎,,,,photos_4/7399_ナンシン/history/06_古川俊太郎/photo_01.jpg,✓,✓,history,
7409,AeroEdge,輸送用機器,表者 　森西,2025年6月,（現在）,,photos_4/7409_AeroEdge/current/photo_01.jpg,✓,✓,current,
7412,アトム,小売業,,,,,,,,missing,要調査
7413,創健社,卸売業,,,,,,,,missing,要調査
7414,小野建,卸売業,,,,,,,,missing,要調査
7416,はるやまホールディングス,小売業,治山 正史,,（現在）,,photos_4/7416_はるやまホールディングス/current/photo_01.jpg,✓,✓,current,
7417,南陽,卸売業,平素,,（現在）,,photos_4/7417_南陽/current/photo_01.jpg,✓,✓,current,
7419,ノジマ,小売業,野島 廣司,,（現在）,,photos_4/7419_ノジマ/current/photo_01.jpg,✓,✓,current,
7420,佐鳥電機,卸売業,宮木男也,1959-04-01,,,photos_4/7420_佐鳥電機/history/01_宮木男也/photo_01.jpg,✓,✓,history,
7420,佐鳥電機,卸売業,青山政次,1964-04-01,1966-05-23,2.14,photos_4/7420_佐鳥電機/history/02_青山政次/photo_01.jpg,✓,✓,history,
7420,佐鳥電機,卸売業,稲盛和夫,1966-05-01,1986-09-30,20.42,photos_4/7420_佐鳥電機/history/03_稲盛和夫/photo_01.jpg,✓,✓,history,
7420,佐鳥電機,卸売業,安城欽寿,1986-10-01,1989-06-01,2.67,photos_4/7420_佐鳥電機/history/04_安城欽寿/photo_01.jpg,✓,✓,history,
7420,佐鳥電機,卸売業,伊藤謙介,1989-06-01,1999-06-29,10.08,photos_4/7420_佐鳥電機/history/05_伊藤謙介/photo_01.jpg,✓,✓,history,
7420,佐鳥電機,卸売業,西口泰夫,1999-06-01,2005-06-28,6.08,photos_4/7420_佐鳥電機/history/06_西口泰夫/photo_01.jpg,✓,✓,history,
7420,佐鳥電機,卸売業,川村誠,2005-06-01,2009-03-31,3.83,,,,history,
7420,佐鳥電機,卸売業,久芳徹夫,2009-04-01,2013-03-31,4.0,photos_4/7420_佐鳥電機/history/08_久芳徹夫/photo_01.jpg,✓,✓,history,
7420,佐鳥電機,卸売業,山口悟郎,2013-04-01,2017-03-31,4.0,photos_4/7420_佐鳥電機/history/09_山口悟郎/photo_01.jpg,✓,✓,history,
7420,佐鳥電機,卸売業,谷本秀夫,2017-04-01,2026-03-31,9.0,photos_4/7420_佐鳥電機/history/10_谷本秀夫/photo_01.jpg,✓,✓,history,
7420,佐鳥電機,卸売業,作島史朗,2017-04-01,,,photos_4/7420_佐鳥電機/history/11_作島史朗/photo_01.jpg,✓,✓,history,
7421,カッパ・クリエイト,小売業,山角　豪,,（現在）,,photos_4/7421_カッパ・クリエイト/current/photo_01.jpg,✓,✓,current,
7421,カッパ・クリエイト,小売業,蔵人金男,,,,photos_4/7421_カッパ・クリエイト/history/01_蔵人金男/photo_01.jpg,✓,✓,history,
7421,カッパ・クリエイト,小売業,渡辺順寛,2002-01-01,,,photos_4/7421_カッパ・クリエイト/history/02_渡辺順寛/photo_01.jpg,✓,✓,history,
7421,カッパ・クリエイト,小売業,野尻公平,,,,photos_4/7421_カッパ・クリエイト/history/03_野尻公平/photo_01.jpg,✓,✓,history,
7422,東邦レマック,卸売業,東邦,,（現在）,,,,,current,
7425,初穂商事,卸売業,,,,,,,,missing,要調査
7426,山大,卸売業,,,,,,,,missing,要調査
7427,エコートレーディング,卸売業,安蔵弥輔,,,,photos_4/7427_エコートレーディング/history/01_安蔵弥輔/photo_01.jpg,✓,✓,history,
7427,エコートレーディング,卸売業,高井亮太郎,1952-09-01,,,photos_4/7427_エコートレーディング/history/02_高井亮太郎/photo_01.jpg,✓,✓,history,
7427,エコートレーディング,卸売業,青木均一,,,,photos_4/7427_エコートレーディング/history/03_青木均一/photo_01.jpg,✓,✓,history,
7427,エコートレーディング,卸売業,木川田一隆,,,,photos_4/7427_エコートレーディング/history/04_木川田一隆/photo_01.jpg,✓,✓,history,
7427,エコートレーディング,卸売業,水野久男,,,,,,,history,
7427,エコートレーディング,卸売業,平岩外四,,,,photos_4/7427_エコートレーディング/history/06_平岩外四/photo_01.jpg,✓,✓,history,
7427,エコートレーディング,卸売業,那須翔,1984-06-01,,,photos_4/7427_エコートレーディング/history/07_那須翔/photo_01.jpg,✓,✓,history,
7427,エコートレーディング,卸売業,荒木浩,1993-06-01,,,photos_4/7427_エコートレーディング/history/08_荒木浩/photo_01.jpg,✓,✓,history,
7427,エコートレーディング,卸売業,南直哉,1999-04-01,,,photos_4/7427_エコートレーディング/history/09_南直哉/photo_01.jpg,✓,✓,history,
7427,エコートレーディング,卸売業,勝俣恒久,2002-09-01,,,photos_4/7427_エコートレーディング/history/10_勝俣恒久/photo_01.jpg,✓,✓,history,
7427,エコートレーディング,卸売業,清水正孝,2008-06-01,,,photos_4/7427_エコートレーディング/history/11_清水正孝/photo_01.jpg,✓,✓,history,
7427,エコートレーディング,卸売業,西澤俊夫,2012-06-01,,,photos_4/7427_エコートレーディング/history/12_西澤俊夫/photo_01.jpg,✓,✓,history,
7427,エコートレーディング,卸売業,廣瀬直己,2012-06-01,,,,,,history,
7427,エコートレーディング,卸売業,小早川智明,2017-06-01,,,photos_4/7427_エコートレーディング/history/14_小早川智明/photo_01.jpg,✓,✓,history,
7427,エコートレーディング,卸売業,新木栄吉,,,,photos_4/7427_エコートレーディング/history/15_新木栄吉/photo_01.jpg,✓,✓,history,
7427,エコートレーディング,卸売業,新井章治,,,,photos_4/7427_エコートレーディング/history/16_新井章治/photo_01.jpg,✓,✓,history,
7427,エコートレーディング,卸売業,菅礼之助,,,,photos_4/7427_エコートレーディング/history/17_菅礼之助/photo_01.jpg,✓,✓,history,
7427,エコートレーディング,卸売業,田村滋美,,,,,,,history,
7427,エコートレーディング,卸売業,下河邉和彦,,,,photos_4/7427_エコートレーディング/history/19_下河邉和彦/photo_01.jpg,✓,✓,history,
7427,エコートレーディング,卸売業,数土文夫,,,,photos_4/7427_エコートレーディング/history/20_数土文夫/photo_01.jpg,✓,✓,history,
7433,伯東,卸売業,,,,,,,,missing,要調査
7434,オータケ,卸売業,未来,2024年6月,（現在）,,photos_4/7434_オータケ/current/photo_01.jpg,✓,✓,current,
7435,ナ・デックス,卸売業,進藤 大資,,（現在）,,,,,current,
7438,コンドーテック,卸売業,,,,,,,,missing,要調査
7442,中山福,卸売業,"社名
中山",2025年6月,（現在）,,photos_4/7442_中山福/current/photo_01.jpg,✓,✓,current,
7443,横浜魚類,卸売業,,,,,,,,missing,要調査
7444,ハリマ共和物産,卸売業,,,,,,,,missing,要調査
7445,ライトオン,小売業,山内房治郎,,,,photos_4/7445_ライトオン/history/01_山内房治郎/photo_01.jpg,✓,✓,history,
7445,ライトオン,小売業,山内積良,,,,photos_4/7445_ライトオン/history/02_山内積良/photo_01.jpg,✓,✓,history,
7445,ライトオン,小売業,山内溥,,,,photos_4/7445_ライトオン/history/03_山内溥/photo_01.jpg,✓,✓,history,
7445,ライトオン,小売業,岩田聡,,,,photos_4/7445_ライトオン/history/04_岩田聡/photo_01.jpg,✓,✓,history,
7445,ライトオン,小売業,君島達己,,,,photos_4/7445_ライトオン/history/05_君島達己/photo_01.jpg,✓,✓,history,
7445,ライトオン,小売業,古川俊太郎,,,,photos_4/7445_ライトオン/history/06_古川俊太郎/photo_01.jpg,✓,✓,history,
7446,東北化学薬品,卸売業,,,,,,,,missing,要調査
7447,ナガイレーベン,卸売業,澤登 一郎,,（現在）,,photos_4/7447_ナガイレーベン/current/photo_01.jpg,✓,✓,current,
7450,サンデー,小売業,,,,,,,,missing,要調査
7453,良品計画,小売業,,,,,,,,missing,要調査
7455,パリミキホールディングス,小売業,,,,,,,,missing,要調査
7456,松田産業,卸売業,海塚新八,,,,photos_4/7456_松田産業/history/01_海塚新八/photo_01.jpg,✓,✓,history,
7456,松田産業,卸売業,松田重次郎,,,,photos_4/7456_松田産業/history/02_松田重次郎/photo_01.jpg,✓,✓,history,
7456,松田産業,卸売業,松田恒次,1951-12-01,,,photos_4/7456_松田産業/history/03_松田恒次/photo_01.jpg,✓,✓,history,
7456,松田産業,卸売業,松田耕平,1970-11-01,,,photos_4/7456_松田産業/history/04_松田耕平/photo_01.jpg,✓,✓,history,
7456,松田産業,卸売業,山崎芳樹,1977-12-01,,,photos_4/7456_松田産業/history/05_山崎芳樹/photo_01.jpg,✓,✓,history,
7456,松田産業,卸売業,山本健一,1984-11-01,,,photos_4/7456_松田産業/history/06_山本健一/photo_01.jpg,✓,✓,history,
7456,松田産業,卸売業,古田徳昌,1987-12-01,,,photos_4/7456_松田産業/history/07_古田徳昌/photo_01.jpg,✓,✓,history,
7456,松田産業,卸売業,和田淑弘,1991-12-01,,,photos_4/7456_松田産業/history/08_和田淑弘/photo_01.jpg,✓,✓,history,
7456,松田産業,卸売業,井巻久一,,,,photos_4/7456_松田産業/history/09_井巻久一/photo_01.jpg,✓,✓,history,
7456,松田産業,卸売業,山内孝,2008-11-01,,,photos_4/7456_松田産業/history/10_山内孝/photo_01.jpg,✓,✓,history,
7456,松田産業,卸売業,小飼雅道,,,,photos_4/7456_松田産業/history/11_小飼雅道/photo_01.jpg,✓,✓,history,
7456,松田産業,卸売業,丸本明,,,,photos_4/7456_松田産業/history/12_丸本明/photo_01.jpg,✓,✓,history,
7456,松田産業,卸売業,毛籠勝弘,,,,photos_4/7456_松田産業/history/13_毛籠勝弘/photo_01.jpg,✓,✓,history,
7458,第一興商,卸売業,,,,,,,,missing,要調査
7459,メディパルホールディングス,卸売業,現職,,,,photos_4/7459_メディパルホールディングス/history/01_現職/photo_01.jpg,✓,✓,history,
7460,ヤギ,卸売業,,,,,,,,missing,要調査
7461,キムラ,卸売業,,,,,,,,missing,要調査
7462,CAPITA,小売業,森勉三,,,,photos_4/7462_CAPITA/history/01_森勉三/photo_01.jpg,✓,✓,history,
7462,CAPITA,小売業,森猛,,,,photos_4/7462_CAPITA/history/02_森猛/photo_01.jpg,✓,✓,history,
7462,CAPITA,小売業,大矢晃久,,,,photos_4/7462_CAPITA/history/03_大矢晃久/photo_01.jpg,✓,✓,history,
7462,CAPITA,小売業,北野稔,,,,photos_4/7462_CAPITA/history/04_北野稔/photo_01.jpg,✓,✓,history,
7462,CAPITA,小売業,阿部匡,,,,photos_4/7462_CAPITA/history/05_阿部匡/photo_01.jpg,✓,✓,history,
7462,CAPITA,小売業,菊池新治,,,,photos_4/7462_CAPITA/history/06_菊池新治/photo_01.jpg,✓,✓,history,
7462,CAPITA,小売業,井沢宅蔵,,,,photos_4/7462_CAPITA/history/07_井沢宅蔵/photo_01.jpg,✓,✓,history,
7463,アドヴァングループ,小売業,"称号
株",2025年7月,（現在）,,photos_4/7463_アドヴァングループ/current/photo_01.jpg,✓,✓,current,
7464,セフテック,卸売業,"挨拶
私",平成7年10月,（現在）,,photos_4/7464_セフテック/current/photo_01.jpg,✓,✓,current,
7466,SPK,卸売業,ダイハツ工業,,,,photos_4/7466_SPK/history/01_ダイハツ工業/photo_01.jpg,✓,✓,history,
7467,萩原電気ホールディングス,卸売業,真藤恒,,,,,,,history,
7467,萩原電気ホールディングス,卸売業,山口開生,,,,photos_4/7467_萩原電気ホールディングス/history/02_山口開生/photo_01.jpg,✓,✓,history,
7467,萩原電気ホールディングス,卸売業,児島仁,,,,photos_4/7467_萩原電気ホールディングス/history/03_児島仁/photo_01.jpg,✓,✓,history,
7467,萩原電気ホールディングス,卸売業,宮津純一郎,,,,photos_4/7467_萩原電気ホールディングス/history/04_宮津純一郎/photo_01.jpg,✓,✓,history,
7467,萩原電気ホールディングス,卸売業,和田紀夫,,,,photos_4/7467_萩原電気ホールディングス/history/05_和田紀夫/photo_01.jpg,✓,✓,history,
7467,萩原電気ホールディングス,卸売業,三浦惺,,,,photos_4/7467_萩原電気ホールディングス/history/06_三浦惺/photo_01.jpg,✓,✓,history,
7467,萩原電気ホールディングス,卸売業,鵜浦博夫,,,,photos_4/7467_萩原電気ホールディングス/history/07_鵜浦博夫/photo_01.jpg,✓,✓,history,
7467,萩原電気ホールディングス,卸売業,澤田純,,,,photos_4/7467_萩原電気ホールディングス/history/08_澤田純/photo_01.jpg,✓,✓,history,
7467,萩原電気ホールディングス,卸売業,島田明,,,,photos_4/7467_萩原電気ホールディングス/history/09_島田明/photo_01.jpg,✓,✓,history,
7472,鳥羽洋行,卸売業,早川徳次,,,,photos_4/7472_鳥羽洋行/history/01_早川徳次/photo_01.jpg,✓,✓,history,
7472,鳥羽洋行,卸売業,佐伯旭,,,,photos_4/7472_鳥羽洋行/history/02_佐伯旭/photo_01.jpg,✓,✓,history,
7472,鳥羽洋行,卸売業,辻晴雄,,,,photos_4/7472_鳥羽洋行/history/03_辻晴雄/photo_01.jpg,✓,✓,history,
7472,鳥羽洋行,卸売業,町田勝彦,,,,photos_4/7472_鳥羽洋行/history/04_町田勝彦/photo_01.jpg,✓,✓,history,
7472,鳥羽洋行,卸売業,片山幹雄,,,,photos_4/7472_鳥羽洋行/history/05_片山幹雄/photo_01.jpg,✓,✓,history,
7472,鳥羽洋行,卸売業,奥田隆司,,,,photos_4/7472_鳥羽洋行/history/06_奥田隆司/photo_01.jpg,✓,✓,history,
7472,鳥羽洋行,卸売業,高橋興三,,,,photos_4/7472_鳥羽洋行/history/07_高橋興三/photo_01.jpg,✓,✓,history,
7472,鳥羽洋行,卸売業,戴正呉,,,,photos_4/7472_鳥羽洋行/history/08_戴正呉/photo_01.jpg,✓,✓,history,
7472,鳥羽洋行,卸売業,野村勝明,,,,photos_4/7472_鳥羽洋行/history/09_野村勝明/photo_01.jpg,✓,✓,history,
7472,鳥羽洋行,卸売業,呉柏勲,,,,photos_4/7472_鳥羽洋行/history/10_呉柏勲/photo_01.jpg,✓,✓,history,
7472,鳥羽洋行,卸売業,沖津雅浩,,,,photos_4/7472_鳥羽洋行/history/11_沖津雅浩/photo_01.jpg,✓,✓,history,
7475,アルビス,小売業,,,,,,,,missing,要調査
7476,アズワン,卸売業,井内　卓嗣,,（現在）,,photos_4/7476_アズワン/current/photo_01.jpg,✓,✓,current,
7476,アズワン,卸売業,ダイハツ工業,,,,photos_4/7476_アズワン/history/01_ダイハツ工業/photo_01.jpg,✓,✓,history,
7477,ムラキ,卸売業,,,,,,,,missing,要調査
7480,スズデン,卸売業,早川徳次,,,,photos_4/7480_スズデン/history/01_早川徳次/photo_01.jpg,✓,✓,history,
7480,スズデン,卸売業,佐伯旭,,,,photos_4/7480_スズデン/history/02_佐伯旭/photo_01.jpg,✓,✓,history,
7480,スズデン,卸売業,辻晴雄,,,,photos_4/7480_スズデン/history/03_辻晴雄/photo_01.jpg,✓,✓,history,
7480,スズデン,卸売業,町田勝彦,,,,photos_4/7480_スズデン/history/04_町田勝彦/photo_01.jpg,✓,✓,history,
7480,スズデン,卸売業,片山幹雄,,,,photos_4/7480_スズデン/history/05_片山幹雄/photo_01.jpg,✓,✓,history,
7480,スズデン,卸売業,奥田隆司,,,,photos_4/7480_スズデン/history/06_奥田隆司/photo_01.jpg,✓,✓,history,
7480,スズデン,卸売業,高橋興三,,,,photos_4/7480_スズデン/history/07_高橋興三/photo_01.jpg,✓,✓,history,
7480,スズデン,卸売業,戴正呉,,,,photos_4/7480_スズデン/history/08_戴正呉/photo_01.jpg,✓,✓,history,
7480,スズデン,卸売業,野村勝明,,,,photos_4/7480_スズデン/history/09_野村勝明/photo_01.jpg,✓,✓,history,
7480,スズデン,卸売業,呉柏勲,,,,photos_4/7480_スズデン/history/10_呉柏勲/photo_01.jpg,✓,✓,history,
7480,スズデン,卸売業,沖津雅浩,,,,photos_4/7480_スズデン/history/11_沖津雅浩/photo_01.jpg,✓,✓,history,
7481,尾家産業,卸売業,,,,,,,,missing,要調査
7482,シモジマ,卸売業,,,,,,,,missing,要調査
7483,ドウシシャ,卸売業,野村　正幸,,（現在）,,photos_4/7483_ドウシシャ/current/photo_01.jpg,✓,✓,current,
7486,サンリン,卸売業,百瀬 久志,,（現在）,,photos_4/7486_サンリン/current/photo_01.jpg,✓,✓,current,
7487,小津産業,卸売業,,,,,,,,missing,要調査
7490,日新商事,卸売業,筒井 博昭,,（現在）,,photos_4/7490_日新商事/current/photo_01.jpg,✓,✓,current,
7490,日新商事,卸売業,初代,,,,photos_4/7490_日新商事/history/01_初代/photo_01.jpg,✓,✓,history,
7490,日新商事,卸売業,二代,,,,photos_4/7490_日新商事/history/02_二代/photo_01.jpg,✓,✓,history,
7490,日新商事,卸売業,三代,,,,photos_4/7490_日新商事/history/03_三代/photo_01.jpg,✓,✓,history,
7490,日新商事,卸売業,四代,,,,photos_4/7490_日新商事/history/04_四代/photo_01.jpg,✓,✓,history,
7490,日新商事,卸売業,五代,,,,photos_4/7490_日新商事/history/05_五代/photo_01.jpg,✓,✓,history,
7490,日新商事,卸売業,六代,,,,photos_4/7490_日新商事/history/06_六代/photo_01.jpg,✓,✓,history,
7490,日新商事,卸売業,七代,,,,photos_4/7490_日新商事/history/07_七代/photo_01.jpg,✓,✓,history,
7490,日新商事,卸売業,八代,,,,photos_4/7490_日新商事/history/08_八代/photo_01.jpg,✓,✓,history,
7490,日新商事,卸売業,九代,,,,photos_4/7490_日新商事/history/09_九代/photo_01.jpg,✓,✓,history,
7490,日新商事,卸売業,十代,,,,photos_4/7490_日新商事/history/10_十代/photo_01.jpg,✓,✓,history,
7490,日新商事,卸売業,十一代,,,,photos_4/7490_日新商事/history/11_十一代/photo_01.jpg,✓,✓,history,
7490,日新商事,卸売業,十二代,,,,photos_4/7490_日新商事/history/12_十二代/photo_01.jpg,✓,✓,history,
7490,日新商事,卸売業,十三代,2021-04-01,,,photos_4/7490_日新商事/history/13_十三代/photo_01.jpg,✓,✓,history,
7494,コナカ,小売業,,,,,,,,missing,要調査
7500,西川計測,卸売業,株主,,（現在）,,photos_4/7500_西川計測/current/photo_01.jpg,✓,✓,current,
7500,西川計測,卸売業,初代,,,,photos_4/7500_西川計測/history/01_初代/photo_01.jpg,✓,✓,history,
7501,ティムコ,卸売業,,,,,,,,missing,要調査
7502,プラザホールディングス,サービス業,,,,,,,,missing,要調査
7504,高速,卸売業,月 執行役,2025年6月,（現在）,,photos_4/7504_高速/current/photo_01.jpg,✓,✓,current,
7504,高速,卸売業,初代,,,,photos_4/7504_高速/history/01_初代/photo_01.jpg,✓,✓,history,
7504,高速,卸売業,橋本圭一郎,,,,photos_4/7504_高速/history/02_橋本圭一郎/photo_01.jpg,✓,✓,history,
7504,高速,卸売業,菅原秀夫,,,,photos_4/7504_高速/history/03_菅原秀夫/photo_01.jpg,✓,✓,history,
7504,高速,卸売業,宮田年耕,,,,photos_4/7504_高速/history/04_宮田年耕/photo_01.jpg,✓,✓,history,
7504,高速,卸売業,前田信弘,,,,photos_4/7504_高速/history/05_前田信弘/photo_01.jpg,✓,✓,history,
7505,扶桑電通,卸売業,有冨　英治,2005年10月,（現在）,,photos_4/7505_扶桑電通/current/photo_01.jpg,✓,✓,current,
7506,ハウス　オブ　ローゼ,小売業,,,,,,,,missing,要調査
7508,G-7ホールディングス,小売業,金田　達三,2000年6月,（現在）,,photos_4/7508_G-7ホールディングス/current/photo_01.jpg,✓,✓,current,
7508,G-7ホールディングス,小売業,現職,,,,photos_4/7508_G-7ホールディングス/history/01_現職/photo_01.jpg,✓,✓,history,
7509,アイエーグループ,小売業,,,,,,,,missing,要調査
7510,たけびし,卸売業,,,,,,,,missing,要調査
7512,イオン北海道,小売業,村井正平,2008-04-01,2013-03-01,4.91,photos_4/7512_イオン北海道/history/01_村井正平/photo_01.jpg,✓,✓,history,
7512,イオン北海道,小売業,梅本和典,2013-03-01,2015-02-01,1.92,photos_4/7512_イオン北海道/history/02_梅本和典/photo_01.jpg,✓,✓,history,
7512,イオン北海道,小売業,岡崎双一,2015-02-01,2019-03-01,4.08,photos_4/7512_イオン北海道/history/03_岡崎双一/photo_01.jpg,✓,✓,history,
7512,イオン北海道,小売業,井出武美,2019-03-01,2025-02-01,5.92,photos_4/7512_イオン北海道/history/04_井出武美/photo_01.jpg,✓,✓,history,
7512,イオン北海道,小売業,古澤康之,2025-03-01,,,photos_4/7512_イオン北海道/history/05_古澤康之/photo_01.jpg,✓,✓,history,
7513,コジマ,小売業,,,,,,,,missing,要調査
7514,ヒマラヤ,小売業,,,,,,,,missing,要調査
7515,マルヨシセンター,小売業,,,,,,,,missing,要調査
7516,コーナン商事,小売業,疋田 直太郎,,（現在）,,photos_4/7516_コーナン商事/current/photo_01.jpg,✓,✓,current,
7516,コーナン商事,小売業,現職,,,,photos_4/7516_コーナン商事/history/01_現職/photo_01.jpg,✓,✓,history,
7520,エコス,小売業,,,,,,,,missing,要調査
7521,ムサシ,卸売業,,,,,,,,missing,要調査
7522,ワタミ,小売業,,,,,,,,missing,要調査
7524,マルシェ,小売業,,,,,,,,missing,要調査
7525,リックス,卸売業,,,,,,,,missing,要調査
7527,システムソフト,情報・通信業,山内房治郎,,,,photos_4/7527_システムソフト/history/01_山内房治郎/photo_01.jpg,✓,✓,history,
7527,システムソフト,情報・通信業,山内積良,,,,photos_4/7527_システムソフト/history/02_山内積良/photo_01.jpg,✓,✓,history,
7527,システムソフト,情報・通信業,山内溥,,,,photos_4/7527_システムソフト/history/03_山内溥/photo_01.jpg,✓,✓,history,
7527,システムソフト,情報・通信業,岩田聡,,,,photos_4/7527_システムソフト/history/04_岩田聡/photo_01.jpg,✓,✓,history,
7527,システムソフト,情報・通信業,君島達己,,,,photos_4/7527_システムソフト/history/05_君島達己/photo_01.jpg,✓,✓,history,
7527,システムソフト,情報・通信業,古川俊太郎,,,,photos_4/7527_システムソフト/history/06_古川俊太郎/photo_01.jpg,✓,✓,history,
7531,清和中央ホールディングス,卸売業,本文,,（現在）,,photos_4/7531_清和中央ホールディングス/current/photo_01.jpg,✓,✓,current,
7532,パン・パシフィック・インターナショナルホールディングス,小売業,"年
株主",2025年９月,（現在）,,photos_4/7532_パン・パシフィック・インターナショナルホールディングス/current/photo_01.jpg,✓,✓,current,
7537,丸文,卸売業,山内房治郎,,,,photos_4/7537_丸文/history/01_山内房治郎/photo_01.jpg,✓,✓,history,
7537,丸文,卸売業,山内積良,,,,photos_4/7537_丸文/history/02_山内積良/photo_01.jpg,✓,✓,history,
7537,丸文,卸売業,山内溥,,,,photos_4/7537_丸文/history/03_山内溥/photo_01.jpg,✓,✓,history,
7537,丸文,卸売業,岩田聡,,,,photos_4/7537_丸文/history/04_岩田聡/photo_01.jpg,✓,✓,history,
7537,丸文,卸売業,君島達己,,,,,,,history,
7537,丸文,卸売業,古川俊太郎,,,,photos_4/7537_丸文/history/06_古川俊太郎/photo_01.jpg,✓,✓,history,
7538,大水,卸売業,,,,,,,,missing,要調査
7539,アイナボホールディングス,卸売業,,,,,,,,missing,要調査
7544,スリーエフ,小売業,月 山口,2027年2月,（現在）,,photos_4/7544_スリーエフ/current/photo_01.jpg,✓,✓,current,
7545,西松屋チェーン,小売業,,,,,,,,missing,要調査
7550,ゼンショーホールディングス,小売業,水野成夫,,,,photos_4/7550_ゼンショーホールディングス/history/01_水野成夫/photo_01.jpg,✓,✓,history,
7550,ゼンショーホールディングス,小売業,鹿内信隆,,,,photos_4/7550_ゼンショーホールディングス/history/02_鹿内信隆/photo_01.jpg,✓,✓,history,
7550,ゼンショーホールディングス,小売業,浅野賢澄,,,,photos_4/7550_ゼンショーホールディングス/history/03_浅野賢澄/photo_01.jpg,✓,✓,history,
7550,ゼンショーホールディングス,小売業,石田達郎,,,,photos_4/7550_ゼンショーホールディングス/history/04_石田達郎/photo_01.jpg,✓,✓,history,
7550,ゼンショーホールディングス,小売業,羽佐間重彰,,,,photos_4/7550_ゼンショーホールディングス/history/05_羽佐間重彰/photo_01.jpg,✓,✓,history,
7550,ゼンショーホールディングス,小売業,日枝久,,,,photos_4/7550_ゼンショーホールディングス/history/06_日枝久/photo_01.jpg,✓,✓,history,
7550,ゼンショーホールディングス,小売業,村上光一,,,,photos_4/7550_ゼンショーホールディングス/history/07_村上光一/photo_01.jpg,✓,✓,history,
7550,ゼンショーホールディングス,小売業,豊田皓,,,,photos_4/7550_ゼンショーホールディングス/history/08_豊田皓/photo_01.jpg,✓,✓,history,
7550,ゼンショーホールディングス,小売業,亀山千広,,,,photos_4/7550_ゼンショーホールディングス/history/09_亀山千広/photo_01.jpg,✓,✓,history,
7550,ゼンショーホールディングス,小売業,宮内正喜,,,,,,,history,
7550,ゼンショーホールディングス,小売業,遠藤龍之介,,,,photos_4/7550_ゼンショーホールディングス/history/11_遠藤龍之介/photo_01.jpg,✓,✓,history,
7550,ゼンショーホールディングス,小売業,金光修,,,,photos_4/7550_ゼンショーホールディングス/history/12_金光修/photo_01.jpg,✓,✓,history,
7550,ゼンショーホールディングス,小売業,港浩一,,,,,,,history,
7550,ゼンショーホールディングス,小売業,清水賢治,,,,photos_4/7550_ゼンショーホールディングス/history/14_清水賢治/photo_01.jpg,✓,✓,history,
7551,ウェッズ,輸送用機器,,,,,,,,missing,要調査
7552,ハピネット,卸売業,水谷 敏之,,（現在）,,photos_4/7552_ハピネット/current/photo_01.jpg,✓,✓,current,
7552,ハピネット,卸売業,河合洋,,,,photos_4/7552_ハピネット/history/01_河合洋/photo_01.jpg,✓,✓,history,
7552,ハピネット,卸売業,苗手一彦,,,,photos_4/7552_ハピネット/history/02_苗手一彦/photo_01.jpg,✓,✓,history,
7552,ハピネット,卸売業,石川徹郎,,,,photos_4/7552_ハピネット/history/03_石川徹郎/photo_01.jpg,✓,✓,history,
7552,ハピネット,卸売業,榎本誠一,,,,photos_4/7552_ハピネット/history/04_榎本誠一/photo_01.jpg,✓,✓,history,
7554,幸楽苑,小売業,井田　傳,2025年8月,（現在）,,photos_4/7554_幸楽苑/current/photo_01.jpg,✓,✓,current,
7555,大田花き,卸売業,,,,,,,,missing,要調査
7561,ハークスレイ,小売業,青木 達也,,（現在）,,photos_4/7561_ハークスレイ/current/photo_01.jpg,✓,✓,current,
7561,ハークスレイ,小売業,猪木寛至,1972-01-01,1989-07-01,17.5,photos_4/7561_ハークスレイ/history/01_猪木寛至/photo_01.jpg,✓,✓,history,
7561,ハークスレイ,小売業,坂口征二,1989-07-01,1999-06-01,9.92,photos_4/7561_ハークスレイ/history/02_坂口征二/photo_01.jpg,✓,✓,history,
7561,ハークスレイ,小売業,藤波辰巳,1999-06-01,2004-06-01,5.0,photos_4/7561_ハークスレイ/history/03_藤波辰巳/photo_01.jpg,✓,✓,history,
7561,ハークスレイ,小売業,草間政一,2004-06-01,2005-05-01,0.91,photos_4/7561_ハークスレイ/history/04_草間政一/photo_01.jpg,✓,✓,history,
7561,ハークスレイ,小売業,菅林直樹,2007-04-01,2013-09-01,6.42,photos_4/7561_ハークスレイ/history/05_菅林直樹/photo_01.jpg,✓,✓,history,
7561,ハークスレイ,小売業,手塚要,2013-09-01,2016-02-01,2.42,photos_4/7561_ハークスレイ/history/06_手塚要/photo_01.jpg,✓,✓,history,
7561,ハークスレイ,小売業,原田克彦,2016-02-01,2018-05-01,2.25,photos_4/7561_ハークスレイ/history/07_原田克彦/photo_01.jpg,✓,✓,history,
7561,ハークスレイ,小売業,大張高己,2020-10-01,2023-12-01,3.16,photos_4/7561_ハークスレイ/history/08_大張高己/photo_01.jpg,✓,✓,history,
7561,ハークスレイ,小売業,棚橋弘至,2023-12-01,,,photos_4/7561_ハークスレイ/history/09_棚橋弘至/photo_01.jpg,✓,✓,history,
7562,安楽亭,小売業,,,,,,,,missing,要調査
7564,ワークマン,小売業,,,,,,,,missing,要調査
7565,萬世電機,卸売業,占部 正浩,,（現在）,,photos_4/7565_萬世電機/current/photo_01.jpg,✓,✓,current,
7567,栄電子,卸売業,,,,,,,,missing,要調査
7570,橋本総業ホールディングス,卸売業,"社名

橋本総",2025年11月,（現在）,,photos_4/7570_橋本総業ホールディングス/current/photo_01.jpg,✓,✓,current,
7571,ヤマノホールディングス,小売業,始者 山野愛,2026年02月,（現在）,,photos_4/7571_ヤマノホールディングス/current/photo_01.jpg,✓,✓,current,
7571,ヤマノホールディングス,小売業,現職,,,,photos_4/7571_ヤマノホールディングス/history/01_現職/photo_01.jpg,✓,✓,history,
7575,日本ライフライン,卸売業,鈴木　啓介,,（現在）,,photos_4/7575_日本ライフライン/current/photo_01.jpg,✓,✓,current,
7578,ニチリョク,小売業,渡邊 将志,,（現在）,,photos_4/7578_ニチリョク/current/photo_01.jpg,✓,✓,current,
7581,サイゼリヤ,小売業,,,,,,,,missing,要調査
7585,かんなん丸,小売業,山内房治郎,,,,photos_4/7585_かんなん丸/history/01_山内房治郎/photo_01.jpg,✓,✓,history,
7585,かんなん丸,小売業,山内積良,,,,photos_4/7585_かんなん丸/history/02_山内積良/photo_01.jpg,✓,✓,history,
7585,かんなん丸,小売業,山内溥,,,,photos_4/7585_かんなん丸/history/03_山内溥/photo_01.jpg,✓,✓,history,
7585,かんなん丸,小売業,岩田聡,,,,photos_4/7585_かんなん丸/history/04_岩田聡/photo_01.jpg,✓,✓,history,
7585,かんなん丸,小売業,君島達己,,,,,,,history,
7585,かんなん丸,小売業,古川俊太郎,,,,photos_4/7585_かんなん丸/history/06_古川俊太郎/photo_01.jpg,✓,✓,history,
7590,タカショー,卸売業,,,,,,,,missing,要調査
7593,VTホールディングス,小売業,高橋 一穂,,（現在）,,photos_4/7593_VTホールディングス/current/photo_01.jpg,✓,✓,current,
7593,VTホールディングス,小売業,小平浪平,,,,photos_4/7593_VTホールディングス/history/01_小平浪平/photo_01.jpg,✓,✓,history,
7593,VTホールディングス,小売業,倉田主税,,,,photos_4/7593_VTホールディングス/history/02_倉田主税/photo_01.jpg,✓,✓,history,
7593,VTホールディングス,小売業,駒井健一郎,,,,photos_4/7593_VTホールディングス/history/03_駒井健一郎/photo_01.jpg,✓,✓,history,
7593,VTホールディングス,小売業,吉山博吉,,,,photos_4/7593_VTホールディングス/history/04_吉山博吉/photo_01.jpg,✓,✓,history,
7593,VTホールディングス,小売業,三田勝茂,,,,photos_4/7593_VTホールディングス/history/05_三田勝茂/photo_01.jpg,✓,✓,history,
7593,VTホールディングス,小売業,金井務,,,,photos_4/7593_VTホールディングス/history/06_金井務/photo_01.jpg,✓,✓,history,
7593,VTホールディングス,小売業,庄山悦彦,,,,photos_4/7593_VTホールディングス/history/07_庄山悦彦/photo_01.jpg,✓,✓,history,
7593,VTホールディングス,小売業,古川一夫,,,,photos_4/7593_VTホールディングス/history/08_古川一夫/photo_01.jpg,✓,✓,history,
7593,VTホールディングス,小売業,川村隆,,,,photos_4/7593_VTホールディングス/history/09_川村隆/photo_01.jpg,✓,✓,history,
7593,VTホールディングス,小売業,中西宏明,,,,photos_4/7593_VTホールディングス/history/10_中西宏明/photo_01.jpg,✓,✓,history,
7593,VTホールディングス,小売業,東原敏昭,,,,photos_4/7593_VTホールディングス/history/11_東原敏昭/photo_01.jpg,✓,✓,history,
7593,VTホールディングス,小売業,小島啓二,,,,photos_4/7593_VTホールディングス/history/12_小島啓二/photo_01.jpg,✓,✓,history,
7593,VTホールディングス,小売業,德永俊昭,,,,photos_4/7593_VTホールディングス/history/13_德永俊昭/photo_01.jpg,✓,✓,history,
7595,アルゴグラフィックス,情報・通信業,松浦裕暁,,,,photos_4/7595_アルゴグラフィックス/history/01_松浦裕暁/photo_01.jpg,✓,✓,history,
7595,アルゴグラフィックス,情報・通信業,國枝信吾,,,,photos_4/7595_アルゴグラフィックス/history/02_國枝信吾/photo_01.jpg,✓,✓,history,
7596,魚力,小売業,,,,,,,,missing,要調査
7599,IDOM,卸売業,,,,,,,,missing,要調査
7600,日本エム・ディ・エム,精密機器,弘中　俊行,2025年3月,（現在）,,photos_4/7600_日本エム・ディ・エム/current/photo_01.jpg,✓,✓,current,
7601,ポプラ,小売業,,,,,,,,missing,要調査
7602,レダックス,卸売業,,,,,,,,missing,要調査
7603,マックハウス,小売業,,,,,,,,missing,要調査
7604,梅の花,小売業,,,,,,,,missing,要調査
7606,ユナイテッドアローズ,小売業,,,,,,,,missing,要調査
7607,進和,卸売業,"役会
取締",2015年11月,（現在）,,photos_4/7607_進和/current/photo_01.jpg,✓,✓,current,
7607,進和,卸売業,山内房治郎,,,,photos_4/7607_進和/history/01_山内房治郎/photo_01.jpg,✓,✓,history,
7607,進和,卸売業,山内積良,,,,photos_4/7607_進和/history/02_山内積良/photo_01.jpg,✓,✓,history,
7607,進和,卸売業,山内溥,,,,photos_4/7607_進和/history/03_山内溥/photo_01.jpg,✓,✓,history,
7607,進和,卸売業,岩田聡,,,,photos_4/7607_進和/history/04_岩田聡/photo_01.jpg,✓,✓,history,
7607,進和,卸売業,君島達己,,,,photos_4/7607_進和/history/05_君島達己/photo_01.jpg,✓,✓,history,
7607,進和,卸売業,古川俊太郎,,,,photos_4/7607_進和/history/06_古川俊太郎/photo_01.jpg,✓,✓,history,
7608,エスケイジャパン,卸売業,,,,,,,,missing,要調査
7609,ダイトロン,卸売業,土屋 伸介,,（現在）,,photos_4/7609_ダイトロン/current/photo_01.jpg,✓,✓,current,
7609,ダイトロン,卸売業,山内房治郎,,,,photos_4/7609_ダイトロン/history/01_山内房治郎/photo_01.jpg,✓,✓,history,
7609,ダイトロン,卸売業,山内積良,,,,photos_4/7609_ダイトロン/history/02_山内積良/photo_01.jpg,✓,✓,history,
7609,ダイトロン,卸売業,山内溥,,,,photos_4/7609_ダイトロン/history/03_山内溥/photo_01.jpg,✓,✓,history,
7609,ダイトロン,卸売業,岩田聡,,,,photos_4/7609_ダイトロン/history/04_岩田聡/photo_01.jpg,✓,✓,history,
7609,ダイトロン,卸売業,君島達己,,,,,,,history,
7609,ダイトロン,卸売業,古川俊太郎,,,,photos_4/7609_ダイトロン/history/06_古川俊太郎/photo_01.jpg,✓,✓,history,
7610,テイツー,小売業,藤原 克治,,（現在）,,photos_4/7610_テイツー/current/photo_01.jpg,✓,✓,current,
7611,ハイデイ日高,小売業,,,,,,,,missing,要調査
7613,シークス,卸売業,山内房治郎,,,,photos_4/7613_シークス/history/01_山内房治郎/photo_01.jpg,✓,✓,history,
7613,シークス,卸売業,山内積良,,,,photos_4/7613_シークス/history/02_山内積良/photo_01.jpg,✓,✓,history,
7613,シークス,卸売業,山内溥,,,,photos_4/7613_シークス/history/03_山内溥/photo_01.jpg,✓,✓,history,
7613,シークス,卸売業,岩田聡,,,,photos_4/7613_シークス/history/04_岩田聡/photo_01.jpg,✓,✓,history,
7613,シークス,卸売業,君島達己,,,,,,,history,
7613,シークス,卸売業,古川俊太郎,,,,photos_4/7613_シークス/history/06_古川俊太郎/photo_01.jpg,✓,✓,history,
7614,オーエムツーネットワーク,小売業,,,,,,,,missing,要調査
7615,京都きもの友禅ホールディングス,小売業,,,,,,,,missing,要調査
7616,コロワイド,小売業,蔵人金男,,,,photos_4/7616_コロワイド/history/01_蔵人金男/photo_01.jpg,✓,✓,history,
7616,コロワイド,小売業,渡辺順寛,2002-01-01,,,photos_4/7616_コロワイド/history/02_渡辺順寛/photo_01.jpg,✓,✓,history,
7616,コロワイド,小売業,野尻公平,,,,photos_4/7616_コロワイド/history/03_野尻公平/photo_01.jpg,✓,✓,history,
7619,田中商事,卸売業,田中商,,（現在）,,photos_4/7619_田中商事/current/photo_01.jpg,✓,✓,current,
7619,田中商事,卸売業,初代,,,,photos_4/7619_田中商事/history/01_初代/photo_01.jpg,✓,✓,history,
7619,田中商事,卸売業,二代,,,,photos_4/7619_田中商事/history/02_二代/photo_01.jpg,✓,✓,history,
7619,田中商事,卸売業,三代,,,,photos_4/7619_田中商事/history/03_三代/photo_01.jpg,✓,✓,history,
7619,田中商事,卸売業,四代,,,,photos_4/7619_田中商事/history/04_四代/photo_01.jpg,✓,✓,history,
7619,田中商事,卸売業,五代,,,,photos_4/7619_田中商事/history/05_五代/photo_01.jpg,✓,✓,history,
7619,田中商事,卸売業,六代,,,,photos_4/7619_田中商事/history/06_六代/photo_01.jpg,✓,✓,history,
7619,田中商事,卸売業,七代,,,,photos_4/7619_田中商事/history/07_七代/photo_01.jpg,✓,✓,history,
7619,田中商事,卸売業,八代,,,,,,,history,
7619,田中商事,卸売業,九代,,,,photos_4/7619_田中商事/history/09_九代/photo_01.jpg,✓,✓,history,
7619,田中商事,卸売業,十代,,,,photos_4/7619_田中商事/history/10_十代/photo_01.jpg,✓,✓,history,
7619,田中商事,卸売業,十一代,,,,photos_4/7619_田中商事/history/11_十一代/photo_01.jpg,✓,✓,history,
7619,田中商事,卸売業,十二代,,,,photos_4/7619_田中商事/history/12_十二代/photo_01.jpg,✓,✓,history,
7619,田中商事,卸売業,十三代,2021-04-01,,,photos_4/7619_田中商事/history/13_十三代/photo_01.jpg,✓,✓,history,
7621,うかい,小売業,,,,,,,,missing,要調査
7624,NaITO,卸売業,,,,,,,,missing,要調査
7625,グローバルダイニング,小売業,,,,,,,,missing,要調査
7628,オーハシテクニカ,卸売業,,,,,,,,missing,要調査
7630,壱番屋,小売業,,,,,,,,missing,要調査
7634,星医療酸器,卸売業,竹中登一,,,,photos_4/7634_星医療酸器/history/01_竹中登一/photo_01.jpg,✓,✓,history,
7634,星医療酸器,卸売業,野木森雅郁,,,,photos_4/7634_星医療酸器/history/02_野木森雅郁/photo_01.jpg,✓,✓,history,
7634,星医療酸器,卸売業,畑中好彦,,,,photos_4/7634_星医療酸器/history/03_畑中好彦/photo_01.jpg,✓,✓,history,
7634,星医療酸器,卸売業,安川健司,,,,photos_4/7634_星医療酸器/history/04_安川健司/photo_01.jpg,✓,✓,history,
7634,星医療酸器,卸売業,岡村直樹,,,,photos_4/7634_星医療酸器/history/05_岡村直樹/photo_01.jpg,✓,✓,history,
7635,杉田エース,卸売業,,,,,,,,missing,要調査
7636,ハンズマン,小売業,,,,,,,,missing,要調査
7637,白銅,卸売業,,,,,,,,missing,要調査
7638,NEW　ART　HOLDINGS,小売業,,,,,,,,missing,要調査
7640,トップカルチャー,小売業,,,,,,,,missing,要調査
7643,ダイイチ,小売業,若園　清,,（現在）,,photos_4/7643_ダイイチ/current/photo_01.jpg,✓,✓,current,
7646,PLANT,小売業,,,,,,,,missing,要調査
7649,スギホールディングス,小売業,杉浦 克典,,（現在）,,photos_4/7649_スギホールディングス/current/photo_01.jpg,✓,✓,current,
7649,スギホールディングス,小売業,現職,,,,photos_4/7649_スギホールディングス/history/01_現職/photo_01.jpg,✓,✓,history,
7670,オーウエル,卸売業,,,,,,,,missing,要調査
7673,ダイコー通産,卸売業,,,,,,,,missing,要調査
7674,NATTY　SWANKYホールディングス,小売業,,,,,,,,missing,要調査
7677,ヤシマキザイ,卸売業,,,,,,,,missing,要調査
7678,あさくま,小売業,,,,,,,,missing,要調査
7679,薬王堂ホールディングス,小売業,西郷 辰弘,,（現在）,,photos_4/7679_薬王堂ホールディングス/current/photo_01.jpg,✓,✓,current,
7681,レオクラン,卸売業,"方
当社",,（現在）,,photos_4/7681_レオクラン/current/photo_01.jpg,✓,✓,current,
7682,浜木綿,小売業,,,,,,,,missing,要調査
7683,ダブルエー,小売業,,,,,,,,missing,要調査
7685,BuySell　Technologies,卸売業,,,,,,,,missing,要調査
7686,カクヤスグループ,小売業,"価値
社会的",2025年7月,（現在）,,photos_4/7686_カクヤスグループ/current/photo_01.jpg,✓,✓,current,
7687,ミクリード,卸売業,,,,,,,,missing,要調査
7689,コパ・コーポレーション,卸売業,,,,,,,,missing,要調査
7692,アースインフィニティ,電気・ガス業,,,,,,,,missing,要調査
7694,いつも,小売業,,,,,,,,missing,要調査
7695,交換できるくん,小売業,山内房治郎,,,,photos_4/7695_交換できるくん/history/01_山内房治郎/photo_01.jpg,✓,✓,history,
7695,交換できるくん,小売業,山内積良,,,,photos_4/7695_交換できるくん/history/02_山内積良/photo_01.jpg,✓,✓,history,
7695,交換できるくん,小売業,山内溥,,,,photos_4/7695_交換できるくん/history/03_山内溥/photo_01.jpg,✓,✓,history,
7695,交換できるくん,小売業,岩田聡,,,,photos_4/7695_交換できるくん/history/04_岩田聡/photo_01.jpg,✓,✓,history,
7695,交換できるくん,小売業,君島達己,,,,,,,history,
7695,交換できるくん,小売業,古川俊太郎,,,,photos_4/7695_交換できるくん/history/06_古川俊太郎/photo_01.jpg,✓,✓,history,
7698,アイスコ,卸売業,,,,,,,,missing,要調査
7701,島津製作所,精密機器,山本 靖則,,（現在）,,photos_4/7701_島津製作所/current/photo_01.jpg,✓,✓,current,
7701,島津製作所,精密機器,初代,,,,photos_4/7701_島津製作所/history/01_初代/photo_01.jpg,✓,✓,history,
7702,JMS,精密機器,,,,,,,,missing,要調査
7707,プレシジョン・システム・サイエンス,精密機器,創業以来,2024年9月,（現在）,,photos_4/7707_プレシジョン・システム・サイエンス/current/photo_01.jpg,✓,✓,current,
7707,プレシジョン・システム・サイエンス,精密機器,立石電機,,,,photos_4/7707_プレシジョン・システム・サイエンス/history/01_立石電機/photo_01.jpg,✓,✓,history,
7707,プレシジョン・システム・サイエンス,精密機器,立石一真,,,,photos_4/7707_プレシジョン・システム・サイエンス/history/02_立石一真/photo_01.jpg,✓,✓,history,
7707,プレシジョン・システム・サイエンス,精密機器,立石孝雄,,,,photos_4/7707_プレシジョン・システム・サイエンス/history/03_立石孝雄/photo_01.jpg,✓,✓,history,
7707,プレシジョン・システム・サイエンス,精密機器,立石義雄,,,,photos_4/7707_プレシジョン・システム・サイエンス/history/04_立石義雄/photo_01.jpg,✓,✓,history,
7707,プレシジョン・システム・サイエンス,精密機器,オムロン,,,,photos_4/7707_プレシジョン・システム・サイエンス/history/05_オムロン/photo_01.jpg,✓,✓,history,
7707,プレシジョン・システム・サイエンス,精密機器,作田久男,,,,photos_4/7707_プレシジョン・システム・サイエンス/history/06_作田久男/photo_01.jpg,✓,✓,history,
7707,プレシジョン・システム・サイエンス,精密機器,山田義仁,,,,photos_4/7707_プレシジョン・システム・サイエンス/history/07_山田義仁/photo_01.jpg,✓,✓,history,
7707,プレシジョン・システム・サイエンス,精密機器,辻永順太,,,,photos_4/7707_プレシジョン・システム・サイエンス/history/08_辻永順太/photo_01.jpg,✓,✓,history,
7709,クボテック,精密機器,,,,,,,,missing,要調査
7711,助川電気工業,精密機器,,,,,,,,missing,要調査
7713,シグマ光機,精密機器,,,,,,,,missing,要調査
7715,長野計器,精密機器,佐藤　正継,2023年5月,（現在）,,photos_4/7715_長野計器/current/photo_01.jpg,✓,✓,current,
7716,ナカニシ,精密機器,日本語,2024年12月,（現在）,,,,,current,
7717,ブイ・テクノロジー,精密機器,大阪鐵工所,,,,photos_4/7717_ブイ・テクノロジー/history/01_大阪鐵工所/photo_01.jpg,✓,✓,history,
7717,ブイ・テクノロジー,精密機器,山岡順太郎,1914-03-01,1915-01-29,0.91,photos_4/7717_ブイ・テクノロジー/history/02_山岡順太郎/photo_01.jpg,✓,✓,history,
7717,ブイ・テクノロジー,精密機器,山口力,,,,photos_4/7717_ブイ・テクノロジー/history/03_山口力/photo_01.jpg,✓,✓,history,
7717,ブイ・テクノロジー,精密機器,中山説太郎,,,,photos_4/7717_ブイ・テクノロジー/history/04_中山説太郎/photo_01.jpg,✓,✓,history,
7717,ブイ・テクノロジー,精密機器,津村秀松,,,,photos_4/7717_ブイ・テクノロジー/history/05_津村秀松/photo_01.jpg,✓,✓,history,
7717,ブイ・テクノロジー,精密機器,飯島幡司,,,,photos_4/7717_ブイ・テクノロジー/history/06_飯島幡司/photo_01.jpg,✓,✓,history,
7717,ブイ・テクノロジー,精密機器,鮎川義介,,,,photos_4/7717_ブイ・テクノロジー/history/07_鮎川義介/photo_01.jpg,✓,✓,history,
7717,ブイ・テクノロジー,精密機器,原田六郎,,,,photos_4/7717_ブイ・テクノロジー/history/08_原田六郎/photo_01.jpg,✓,✓,history,
7717,ブイ・テクノロジー,精密機器,六角三郎,1936-02-01,1943-03-10,7.1,photos_4/7717_ブイ・テクノロジー/history/09_六角三郎/photo_01.jpg,✓,✓,history,
7717,ブイ・テクノロジー,精密機器,日立造船,,,,photos_4/7717_ブイ・テクノロジー/history/10_日立造船/photo_01.jpg,✓,✓,history,
7717,ブイ・テクノロジー,精密機器,出田孝行,1947-04-01,1950-05-30,3.16,photos_4/7717_ブイ・テクノロジー/history/11_出田孝行/photo_01.jpg,✓,✓,history,
7717,ブイ・テクノロジー,精密機器,松原與三松,1950-05-01,1962-11-30,12.58,photos_4/7717_ブイ・テクノロジー/history/12_松原與三松/photo_01.jpg,✓,✓,history,
7717,ブイ・テクノロジー,精密機器,永田敬生,1962-11-01,1979-06-29,16.66,photos_4/7717_ブイ・テクノロジー/history/13_永田敬生/photo_01.jpg,✓,✓,history,
7717,ブイ・テクノロジー,精密機器,木下昌雄,1979-06-01,1979-06-29,0.08,photos_4/7717_ブイ・テクノロジー/history/14_木下昌雄/photo_01.jpg,✓,✓,history,
7717,ブイ・テクノロジー,精密機器,村山利雄,,,,photos_4/7717_ブイ・テクノロジー/history/15_村山利雄/photo_01.jpg,✓,✓,history,
7717,ブイ・テクノロジー,精密機器,藤井義弘,,,,photos_4/7717_ブイ・テクノロジー/history/16_藤井義弘/photo_01.jpg,✓,✓,history,
7717,ブイ・テクノロジー,精密機器,南維三,,,,photos_4/7717_ブイ・テクノロジー/history/17_南維三/photo_01.jpg,✓,✓,history,
7717,ブイ・テクノロジー,精密機器,重藤毅直,,,,photos_4/7717_ブイ・テクノロジー/history/18_重藤毅直/photo_01.jpg,✓,✓,history,
7717,ブイ・テクノロジー,精密機器,古川実,,,,photos_4/7717_ブイ・テクノロジー/history/19_古川実/photo_01.jpg,✓,✓,history,
7717,ブイ・テクノロジー,精密機器,谷所敬,,,,photos_4/7717_ブイ・テクノロジー/history/20_谷所敬/photo_01.jpg,✓,✓,history,
7718,スター精密,機械,早川徳次,,,,photos_4/7718_スター精密/history/01_早川徳次/photo_01.jpg,✓,✓,history,
7718,スター精密,機械,佐伯旭,,,,photos_4/7718_スター精密/history/02_佐伯旭/photo_01.jpg,✓,✓,history,
7718,スター精密,機械,辻晴雄,,,,photos_4/7718_スター精密/history/03_辻晴雄/photo_01.jpg,✓,✓,history,
7718,スター精密,機械,町田勝彦,,,,photos_4/7718_スター精密/history/04_町田勝彦/photo_01.jpg,✓,✓,history,
7718,スター精密,機械,片山幹雄,,,,photos_4/7718_スター精密/history/05_片山幹雄/photo_01.jpg,✓,✓,history,
7718,スター精密,機械,奥田隆司,,,,photos_4/7718_スター精密/history/06_奥田隆司/photo_01.jpg,✓,✓,history,
7718,スター精密,機械,高橋興三,,,,photos_4/7718_スター精密/history/07_高橋興三/photo_01.jpg,✓,✓,history,
7718,スター精密,機械,戴正呉,,,,photos_4/7718_スター精密/history/08_戴正呉/photo_01.jpg,✓,✓,history,
7718,スター精密,機械,野村勝明,,,,photos_4/7718_スター精密/history/09_野村勝明/photo_01.jpg,✓,✓,history,
7718,スター精密,機械,呉柏勲,,,,photos_4/7718_スター精密/history/10_呉柏勲/photo_01.jpg,✓,✓,history,
7718,スター精密,機械,沖津雅浩,,,,photos_4/7718_スター精密/history/11_沖津雅浩/photo_01.jpg,✓,✓,history,
7719,東京衡機,精密機器,"深化
私",2025年3月,（現在）,,photos_4/7719_東京衡機/current/photo_01.jpg,✓,✓,current,
7721,東京計器,精密機器,安蔵弥輔,,,,photos_4/7721_東京計器/history/01_安蔵弥輔/photo_01.jpg,✓,✓,history,
7721,東京計器,精密機器,高井亮太郎,1952-09-01,,,photos_4/7721_東京計器/history/02_高井亮太郎/photo_01.jpg,✓,✓,history,
7721,東京計器,精密機器,青木均一,,,,photos_4/7721_東京計器/history/03_青木均一/photo_01.jpg,✓,✓,history,
7721,東京計器,精密機器,木川田一隆,,,,,,,history,
7721,東京計器,精密機器,水野久男,,,,photos_4/7721_東京計器/history/05_水野久男/photo_01.jpg,✓,✓,history,
7721,東京計器,精密機器,平岩外四,,,,photos_4/7721_東京計器/history/06_平岩外四/photo_01.jpg,✓,✓,history,
7721,東京計器,精密機器,那須翔,1984-06-01,,,,,,history,
7721,東京計器,精密機器,荒木浩,1993-06-01,,,photos_4/7721_東京計器/history/08_荒木浩/photo_01.jpg,✓,✓,history,
7721,東京計器,精密機器,南直哉,1999-04-01,,,photos_4/7721_東京計器/history/09_南直哉/photo_01.jpg,✓,✓,history,
7721,東京計器,精密機器,勝俣恒久,2002-09-01,,,photos_4/7721_東京計器/history/10_勝俣恒久/photo_01.jpg,✓,✓,history,
7721,東京計器,精密機器,清水正孝,2008-06-01,,,photos_4/7721_東京計器/history/11_清水正孝/photo_01.jpg,✓,✓,history,
7721,東京計器,精密機器,西澤俊夫,2012-06-01,,,photos_4/7721_東京計器/history/12_西澤俊夫/photo_01.jpg,✓,✓,history,
7721,東京計器,精密機器,廣瀬直己,2012-06-01,,,photos_4/7721_東京計器/history/13_廣瀬直己/photo_01.jpg,✓,✓,history,
7721,東京計器,精密機器,小早川智明,2017-06-01,,,photos_4/7721_東京計器/history/14_小早川智明/photo_01.jpg,✓,✓,history,
7721,東京計器,精密機器,新木栄吉,,,,photos_4/7721_東京計器/history/15_新木栄吉/photo_01.jpg,✓,✓,history,
7721,東京計器,精密機器,新井章治,,,,photos_4/7721_東京計器/history/16_新井章治/photo_01.jpg,✓,✓,history,
7721,東京計器,精密機器,菅礼之助,,,,photos_4/7721_東京計器/history/17_菅礼之助/photo_01.jpg,✓,✓,history,
7721,東京計器,精密機器,田村滋美,,,,photos_4/7721_東京計器/history/18_田村滋美/photo_01.jpg,✓,✓,history,
7721,東京計器,精密機器,下河邉和彦,,,,photos_4/7721_東京計器/history/19_下河邉和彦/photo_01.jpg,✓,✓,history,
7721,東京計器,精密機器,数土文夫,,,,photos_4/7721_東京計器/history/20_数土文夫/photo_01.jpg,✓,✓,history,
7722,国際計測器,精密機器,,,,,,,,missing,要調査
7723,愛知時計電機,精密機器,,,,,,,,missing,要調査
7725,インターアクション,精密機器,木地 伸雄,,（現在）,,photos_4/7725_インターアクション/current/photo_01.jpg,✓,✓,current,
7726,黒田精工,機械,黒田　浩史,,（現在）,,photos_4/7726_黒田精工/current/photo_01.jpg,✓,✓,current,
7727,オーバル,精密機器,"役職
氏名",,（現在）,,photos_4/7727_オーバル/current/photo_01.jpg,✓,✓,current,
7729,東京精密,精密機器,吉田　均,,（現在）,,photos_4/7729_東京精密/current/photo_01.jpg,✓,✓,current,
7729,東京精密,精密機器,早川徳次,,,,photos_4/7729_東京精密/history/01_早川徳次/photo_01.jpg,✓,✓,history,
7729,東京精密,精密機器,佐伯旭,,,,photos_4/7729_東京精密/history/02_佐伯旭/photo_01.jpg,✓,✓,history,
7729,東京精密,精密機器,辻晴雄,,,,photos_4/7729_東京精密/history/03_辻晴雄/photo_01.jpg,✓,✓,history,
7729,東京精密,精密機器,町田勝彦,,,,photos_4/7729_東京精密/history/04_町田勝彦/photo_01.jpg,✓,✓,history,
7729,東京精密,精密機器,片山幹雄,,,,photos_4/7729_東京精密/history/05_片山幹雄/photo_01.jpg,✓,✓,history,
7729,東京精密,精密機器,奥田隆司,,,,photos_4/7729_東京精密/history/06_奥田隆司/photo_01.jpg,✓,✓,history,
7729,東京精密,精密機器,高橋興三,,,,photos_4/7729_東京精密/history/07_高橋興三/photo_01.jpg,✓,✓,history,
7729,東京精密,精密機器,戴正呉,,,,photos_4/7729_東京精密/history/08_戴正呉/photo_01.jpg,✓,✓,history,
7729,東京精密,精密機器,野村勝明,,,,photos_4/7729_東京精密/history/09_野村勝明/photo_01.jpg,✓,✓,history,
7729,東京精密,精密機器,呉柏勲,,,,photos_4/7729_東京精密/history/10_呉柏勲/photo_01.jpg,✓,✓,history,
7729,東京精密,精密機器,沖津雅浩,,,,photos_4/7729_東京精密/history/11_沖津雅浩/photo_01.jpg,✓,✓,history,
7730,マニー,精密機器,患者,,（現在）,,photos_4/7730_マニー/current/photo_01.jpg,✓,✓,current,
7731,ニコン,精密機器,,,,,,,,missing,要調査
7733,オリンパス,精密機器,,,,,,,,missing,要調査
7734,理研計器,精密機器,,,,,,,,missing,要調査
7735,SCREENホールディングス,電気機器,締役 取締,,（現在）,,photos_4/7735_SCREENホールディングス/current/photo_01.jpg,✓,✓,current,
7739,キヤノン電子,電気機器,"指標
実績値",,（現在）,,photos_4/7739_キヤノン電子/current/photo_01.jpg,✓,✓,current,
7739,キヤノン電子,電気機器,御手洗毅,,,,photos_4/7739_キヤノン電子/history/01_御手洗毅/photo_01.jpg,✓,✓,history,
7739,キヤノン電子,電気機器,前田武男,,,,photos_4/7739_キヤノン電子/history/02_前田武男/photo_01.jpg,✓,✓,history,
7739,キヤノン電子,電気機器,賀来龍三郎,,,,photos_4/7739_キヤノン電子/history/03_賀来龍三郎/photo_01.jpg,✓,✓,history,
7739,キヤノン電子,電気機器,山路敬三,,,,photos_4/7739_キヤノン電子/history/04_山路敬三/photo_01.jpg,✓,✓,history,
7739,キヤノン電子,電気機器,御手洗肇,,,,photos_4/7739_キヤノン電子/history/05_御手洗肇/photo_01.jpg,✓,✓,history,
7739,キヤノン電子,電気機器,御手洗冨士夫,,,,photos_4/7739_キヤノン電子/history/06_御手洗冨士夫/photo_01.jpg,✓,✓,history,
7739,キヤノン電子,電気機器,内田恒二,,,,photos_4/7739_キヤノン電子/history/07_内田恒二/photo_01.jpg,✓,✓,history,
7739,キヤノン電子,電気機器,真栄田雅也,2016-04-01,2020-05-01,4.08,photos_4/7739_キヤノン電子/history/08_真栄田雅也/photo_01.jpg,✓,✓,history,
7739,キヤノン電子,電気機器,小川一登,2026-04-01,,,photos_4/7739_キヤノン電子/history/09_小川一登/photo_01.jpg,✓,✓,history,
7740,タムロン,精密機器,渡辺冨士雄,,,,photos_4/7740_タムロン/history/01_渡辺冨士雄/photo_01.jpg,✓,✓,history,
7740,タムロン,精密機器,新井健之,,,,photos_4/7740_タムロン/history/02_新井健之/photo_01.jpg,✓,✓,history,
7740,タムロン,精密機器,菱川進,,,,photos_4/7740_タムロン/history/03_菱川進/photo_01.jpg,✓,✓,history,
7741,HOYA,精密機器,"締役
指名委",2018年6月,（現在）,,photos_4/7741_HOYA/current/photo_01.jpg,✓,✓,current,
7741,HOYA,精密機器,山中茂の娘婿,,,,photos_4/7741_HOYA/history/01_山中茂の娘婿/photo_01.jpg,✓,✓,history,
7741,HOYA,精密機器,山中茂の長男,,,,photos_4/7741_HOYA/history/02_山中茂の長男/photo_01.jpg,✓,✓,history,
7741,HOYA,精密機器,鈴木哲夫の長男,,,,photos_4/7741_HOYA/history/03_鈴木哲夫の長男/photo_01.jpg,✓,✓,history,
7743,シード,精密機器,株主,2024年4月,（現在）,,photos_4/7743_シード/current/photo_01.jpg,✓,✓,current,
7744,ノーリツ鋼機,精密機器,変化,,（現在）,,,,,current,
7744,ノーリツ鋼機,精密機器,太田治作,1951-03-01,1954-08-01,3.42,photos_4/7744_ノーリツ鋼機/history/01_太田治作/photo_01.jpg,✓,✓,history,
7744,ノーリツ鋼機,精密機器,太田敏郎,1954-08-01,1962-12-01,8.33,photos_4/7744_ノーリツ鋼機/history/02_太田敏郎/photo_01.jpg,✓,✓,history,
7744,ノーリツ鋼機,精密機器,松本良太,1995-01-01,1999-01-01,4.0,photos_4/7744_ノーリツ鋼機/history/03_松本良太/photo_01.jpg,✓,✓,history,
7744,ノーリツ鋼機,精密機器,竹下克彦,1999-01-01,2004-07-01,5.5,photos_4/7744_ノーリツ鋼機/history/04_竹下克彦/photo_01.jpg,✓,✓,history,
7744,ノーリツ鋼機,精密機器,神崎茂治,2004-07-01,2009-09-01,5.17,photos_4/7744_ノーリツ鋼機/history/05_神崎茂治/photo_01.jpg,✓,✓,history,
7744,ノーリツ鋼機,精密機器,國井総一郎,2009-09-01,2020-10-01,11.08,photos_4/7744_ノーリツ鋼機/history/06_國井総一郎/photo_01.jpg,✓,✓,history,
7744,ノーリツ鋼機,精密機器,腹巻知,2020-10-01,,,,,,history,
7745,A&Dホロンホールディングス,精密機器,勝田泰久,2001-12-01,2003-05-01,1.41,photos_4/7745_A&Dホロンホールディングス/history/01_勝田泰久/photo_01.jpg,✓,✓,history,
7745,A&Dホロンホールディングス,精密機器,川田憲治,2003-05-01,2006-06-01,3.09,photos_4/7745_A&Dホロンホールディングス/history/02_川田憲治/photo_01.jpg,✓,✓,history,
7745,A&Dホロンホールディングス,精密機器,水田廣行,2006-06-01,2007-06-01,1.0,,,,history,
7745,A&Dホロンホールディングス,精密機器,檜垣誠司,2007-06-01,2013-04-01,5.83,photos_4/7745_A&Dホロンホールディングス/history/04_檜垣誠司/photo_01.jpg,✓,✓,history,
7745,A&Dホロンホールディングス,精密機器,東和浩,2013-04-01,2020-04-01,7.0,photos_4/7745_A&Dホロンホールディングス/history/05_東和浩/photo_01.jpg,✓,✓,history,
7745,A&Dホロンホールディングス,精密機器,南昌宏,2020-04-01,,,photos_4/7745_A&Dホロンホールディングス/history/06_南昌宏/photo_01.jpg,✓,✓,history,
7746,岡本硝子,精密機器,,,,,,,,missing,要調査
7747,朝日インテック,精密機器,宮田　憲次,,（現在）,,photos_4/7747_朝日インテック/current/photo_01.jpg,✓,✓,current,
7749,メディキット,精密機器,,,,,,,,missing,要調査
7751,キヤノン,電気機器,御手洗毅,,,,photos_4/7751_キヤノン/history/01_御手洗毅/photo_01.jpg,✓,✓,history,
7751,キヤノン,電気機器,前田武男,,,,photos_4/7751_キヤノン/history/02_前田武男/photo_01.jpg,✓,✓,history,
7751,キヤノン,電気機器,賀来龍三郎,,,,,,,history,
7751,キヤノン,電気機器,山路敬三,,,,photos_4/7751_キヤノン/history/04_山路敬三/photo_01.jpg,✓,✓,history,
7751,キヤノン,電気機器,御手洗肇,,,,photos_4/7751_キヤノン/history/05_御手洗肇/photo_01.jpg,✓,✓,history,
7751,キヤノン,電気機器,御手洗冨士夫,,,,photos_4/7751_キヤノン/history/06_御手洗冨士夫/photo_01.jpg,✓,✓,history,
7751,キヤノン,電気機器,内田恒二,,,,photos_4/7751_キヤノン/history/07_内田恒二/photo_01.jpg,✓,✓,history,
7751,キヤノン,電気機器,真栄田雅也,2016-04-01,2020-05-01,4.08,photos_4/7751_キヤノン/history/08_真栄田雅也/photo_01.jpg,✓,✓,history,
7751,キヤノン,電気機器,小川一登,2026-04-01,,,photos_4/7751_キヤノン/history/09_小川一登/photo_01.jpg,✓,✓,history,
7752,リコー,電気機器,会長　山下,2025年4月,（現在）,,photos_4/7752_リコー/current/photo_01.jpg,✓,✓,current,
7760,IMV,精密機器,,,,,,,,missing,要調査
7762,シチズン時計,精密機器,"領域
世界",2026年3月,（現在）,,photos_4/7762_シチズン時計/current/photo_01.jpg,✓,✓,current,
7762,シチズン時計,精密機器,現職,,,,photos_4/7762_シチズン時計/history/01_現職/photo_01.jpg,✓,✓,history,
7769,リズム,精密機器,,,,,,,,missing,要調査
7771,日本精密,精密機器,当社,,（現在）,,photos_4/7771_日本精密/current/photo_01.jpg,✓,✓,current,
7771,日本精密,精密機器,増田義一,,,,photos_4/7771_日本精密/history/01_増田義一/photo_01.jpg,✓,✓,history,
7771,日本精密,精密機器,青木弘,,,,photos_4/7771_日本精密/history/02_青木弘/photo_01.jpg,✓,✓,history,
7771,日本精密,精密機器,佐久間長吉郎,,,,photos_4/7771_日本精密/history/03_佐久間長吉郎/photo_01.jpg,✓,✓,history,
7771,日本精密,精密機器,北島織衛,,,,photos_4/7771_日本精密/history/04_北島織衛/photo_01.jpg,✓,✓,history,
7771,日本精密,精密機器,北島義俊,,,,photos_4/7771_日本精密/history/05_北島義俊/photo_01.jpg,✓,✓,history,
7771,日本精密,精密機器,北島義斉,,,,photos_4/7771_日本精密/history/06_北島義斉/photo_01.jpg,✓,✓,history,
7774,ジャパン・ティッシュエンジニアリング,精密機器,,,,,,,,missing,要調査
7775,大研医器,精密機器,"部長
山田",,（現在）,,photos_4/7775_大研医器/current/photo_01.jpg,✓,✓,current,
7776,セルシード,精密機器,,,,,,,,missing,要調査
7777,スリー・ディー・マトリックス,精密機器,,,,,,,,missing,要調査
7779,CYBERDYNE,精密機器,,,,,,,,missing,要調査
7780,メニコン,精密機器,,,,,,,,missing,要調査
7781,平山ホールディングス,精密機器,円谷英二,,,,photos_4/7781_平山ホールディングス/history/01_円谷英二/photo_01.jpg,✓,✓,history,
7781,平山ホールディングス,精密機器,円谷一,,,,photos_4/7781_平山ホールディングス/history/02_円谷一/photo_01.jpg,✓,✓,history,
7781,平山ホールディングス,精密機器,円谷皐,,,,photos_4/7781_平山ホールディングス/history/03_円谷皐/photo_01.jpg,✓,✓,history,
7781,平山ホールディングス,精密機器,円谷一夫,,,,photos_4/7781_平山ホールディングス/history/04_円谷一夫/photo_01.jpg,✓,✓,history,
7781,平山ホールディングス,精密機器,円谷昌弘,,,,photos_4/7781_平山ホールディングス/history/05_円谷昌弘/photo_01.jpg,✓,✓,history,
7781,平山ホールディングス,精密機器,円谷英明,,,,photos_4/7781_平山ホールディングス/history/06_円谷英明/photo_01.jpg,✓,✓,history,
7781,平山ホールディングス,精密機器,大山茂樹,,,,photos_4/7781_平山ホールディングス/history/07_大山茂樹/photo_01.jpg,✓,✓,history,
7781,平山ホールディングス,精密機器,森島恒行,,,,photos_4/7781_平山ホールディングス/history/08_森島恒行/photo_01.jpg,✓,✓,history,
7781,平山ホールディングス,精密機器,大岡新一,,,,photos_4/7781_平山ホールディングス/history/09_大岡新一/photo_01.jpg,✓,✓,history,
7781,平山ホールディングス,精密機器,塚越隆行,,,,photos_4/7781_平山ホールディングス/history/10_塚越隆行/photo_01.jpg,✓,✓,history,
7781,平山ホールディングス,精密機器,永竹正幸,,,,photos_4/7781_平山ホールディングス/history/11_永竹正幸/photo_01.jpg,✓,✓,history,
7782,シンシア,精密機器,,,,,,,,missing,要調査
7791,ドリームベッド,その他製品,三宅 弘人,2024年3月,（現在）,,photos_4/7791_ドリームベッド/current/photo_01.jpg,✓,✓,current,
7792,コラントッテ,その他製品,小松　克已,,（現在）,,photos_4/7792_コラントッテ/current/photo_01.jpg,✓,✓,current,
7793,イメージ・マジック,その他製品,,,,,,,,missing,要調査
7794,イーディーピー,その他製品,藤森 直治,2022年6月,（現在）,,photos_4/7794_イーディーピー/current/photo_01.jpg,✓,✓,current,
7795,KYORITSU,その他製品,景山　豊,,（現在）,,photos_4/7795_KYORITSU/current/photo_01.jpg,✓,✓,current,
7800,アミファ,その他製品,株主,,（現在）,,photos_4/7800_アミファ/current/photo_01.jpg,✓,✓,current,
7800,アミファ,その他製品,越寿三郎,1926-09-01,1930-05-01,3.66,photos_4/7800_アミファ/history/01_越寿三郎/photo_01.jpg,✓,✓,history,
7800,アミファ,その他製品,名取和作,1930-07-01,1931-05-01,0.83,photos_4/7800_アミファ/history/02_名取和作/photo_01.jpg,✓,✓,history,
7800,アミファ,その他製品,小坂順造,1931-05-01,1956-07-01,25.17,photos_4/7800_アミファ/history/03_小坂順造/photo_01.jpg,✓,✓,history,
7800,アミファ,その他製品,小坂徳三郎,1956-07-01,1971-07-01,15.0,photos_4/7800_アミファ/history/04_小坂徳三郎/photo_01.jpg,✓,✓,history,
7800,アミファ,その他製品,小林周蔵,1971-07-01,1975-08-01,4.08,photos_4/7800_アミファ/history/05_小林周蔵/photo_01.jpg,✓,✓,history,
7800,アミファ,その他製品,小田切新太郎,1974-07-01,1983-08-01,9.08,photos_4/7800_アミファ/history/06_小田切新太郎/photo_01.jpg,✓,✓,history,
7800,アミファ,その他製品,小坂雄太郎,1983-08-01,1990-08-01,7.0,photos_4/7800_アミファ/history/07_小坂雄太郎/photo_01.jpg,✓,✓,history,
7800,アミファ,その他製品,金川千尋,1990-08-01,2010-06-01,19.83,photos_4/7800_アミファ/history/08_金川千尋/photo_01.jpg,✓,✓,history,
7800,アミファ,その他製品,森俊三,2010-06-01,2016-06-01,6.0,photos_4/7800_アミファ/history/09_森俊三/photo_01.jpg,✓,✓,history,
7800,アミファ,その他製品,斉藤恭彦,2016-06-01,,,photos_4/7800_アミファ/history/10_斉藤恭彦/photo_01.jpg,✓,✓,history,
7803,ブシロード,その他製品,,,,,,,,missing,要調査
7804,ビーアンドピー,その他製品,締役　 和田山,,（現在）,,photos_4/7804_ビーアンドピー/current/photo_01.jpg,✓,✓,current,
7805,プリントネット,その他製品,,,,,,,,missing,要調査
7806,MTG,その他製品,松下 剛,2025年9月,（現在）,,photos_4/7806_MTG/current/photo_01.jpg,✓,✓,current,
7807,幸和製作所,その他製品,玉田 秀明,,（現在）,,photos_4/7807_幸和製作所/current/photo_01.jpg,✓,✓,current,
7807,幸和製作所,その他製品,石坂泰三,1949-04-01,1957-11-01,8.59,photos_4/7807_幸和製作所/history/01_石坂泰三/photo_01.jpg,✓,✓,history,
7807,幸和製作所,その他製品,岩下文雄,1957-11-01,1965-05-01,7.5,photos_4/7807_幸和製作所/history/02_岩下文雄/photo_01.jpg,✓,✓,history,
7807,幸和製作所,その他製品,土光敏夫,1965-05-01,1972-08-01,7.25,photos_4/7807_幸和製作所/history/03_土光敏夫/photo_01.jpg,✓,✓,history,
7807,幸和製作所,その他製品,玉置敬三,1972-08-01,,,photos_4/7807_幸和製作所/history/04_玉置敬三/photo_01.jpg,✓,✓,history,
7807,幸和製作所,その他製品,岩田弐夫,,,,photos_4/7807_幸和製作所/history/05_岩田弐夫/photo_01.jpg,✓,✓,history,
7807,幸和製作所,その他製品,佐波正一,1986-04-01,,,photos_4/7807_幸和製作所/history/06_佐波正一/photo_01.jpg,✓,✓,history,
7807,幸和製作所,その他製品,渡里杉一郎,1986-04-01,1987-07-01,1.25,photos_4/7807_幸和製作所/history/07_渡里杉一郎/photo_01.jpg,✓,✓,history,
7807,幸和製作所,その他製品,青井舒一,1987-07-01,1992-06-01,4.92,photos_4/7807_幸和製作所/history/08_青井舒一/photo_01.jpg,✓,✓,history,
7807,幸和製作所,その他製品,佐藤文夫,1992-06-01,1996-06-01,4.0,photos_4/7807_幸和製作所/history/09_佐藤文夫/photo_01.jpg,✓,✓,history,
7807,幸和製作所,その他製品,西室泰三,1996-06-01,2000-06-01,4.0,photos_4/7807_幸和製作所/history/10_西室泰三/photo_01.jpg,✓,✓,history,
7807,幸和製作所,その他製品,岡村正,2000-06-01,2005-06-01,5.0,photos_4/7807_幸和製作所/history/11_岡村正/photo_01.jpg,✓,✓,history,
7807,幸和製作所,その他製品,西田厚聰,2005-06-01,2009-06-01,4.0,photos_4/7807_幸和製作所/history/12_西田厚聰/photo_01.jpg,✓,✓,history,
7807,幸和製作所,その他製品,田中久雄,2013-06-01,2015-07-01,2.08,photos_4/7807_幸和製作所/history/13_田中久雄/photo_01.jpg,✓,✓,history,
7807,幸和製作所,その他製品,室町正志,2015-07-01,2016-06-01,0.92,photos_4/7807_幸和製作所/history/14_室町正志/photo_01.jpg,✓,✓,history,
7807,幸和製作所,その他製品,綱川智,2016-06-01,2020-03-01,3.75,photos_4/7807_幸和製作所/history/15_綱川智/photo_01.jpg,✓,✓,history,
7807,幸和製作所,その他製品,車谷暢昭,2020-04-01,2021-04-01,1.0,photos_4/7807_幸和製作所/history/16_車谷暢昭/photo_01.jpg,✓,✓,history,
7807,幸和製作所,その他製品,島田太郎,2022-03-01,,,photos_4/7807_幸和製作所/history/17_島田太郎/photo_01.jpg,✓,✓,history,
7808,シー・エス・ランバー,その他製品,,,,,,,,missing,要調査
7809,壽屋,その他製品,清水　一行,,（現在）,,photos_4/7809_壽屋/current/photo_01.jpg,✓,✓,current,
7810,クロスフォー,その他製品,,,,,,,,missing,要調査
7811,中本パックス,その他製品,河田 淳,,（現在）,,photos_4/7811_中本パックス/current/photo_01.jpg,✓,✓,current,
7811,中本パックス,その他製品,山内房治郎,,,,photos_4/7811_中本パックス/history/01_山内房治郎/photo_01.jpg,✓,✓,history,
7811,中本パックス,その他製品,山内積良,,,,photos_4/7811_中本パックス/history/02_山内積良/photo_01.jpg,✓,✓,history,
7811,中本パックス,その他製品,山内溥,,,,photos_4/7811_中本パックス/history/03_山内溥/photo_01.jpg,✓,✓,history,
7811,中本パックス,その他製品,岩田聡,,,,photos_4/7811_中本パックス/history/04_岩田聡/photo_01.jpg,✓,✓,history,
7811,中本パックス,その他製品,君島達己,,,,photos_4/7811_中本パックス/history/05_君島達己/photo_01.jpg,✓,✓,history,
7811,中本パックス,その他製品,古川俊太郎,,,,photos_4/7811_中本パックス/history/06_古川俊太郎/photo_01.jpg,✓,✓,history,
7812,クレステック,その他製品,越寿三郎,1926-09-01,1930-05-01,3.66,photos_4/7812_クレステック/history/01_越寿三郎/photo_01.jpg,✓,✓,history,
7812,クレステック,その他製品,名取和作,1930-07-01,1931-05-01,0.83,photos_4/7812_クレステック/history/02_名取和作/photo_01.jpg,✓,✓,history,
7812,クレステック,その他製品,小坂順造,1931-05-01,1956-07-01,25.17,photos_4/7812_クレステック/history/03_小坂順造/photo_01.jpg,✓,✓,history,
7812,クレステック,その他製品,小坂徳三郎,1956-07-01,1971-07-01,15.0,photos_4/7812_クレステック/history/04_小坂徳三郎/photo_01.jpg,✓,✓,history,
7812,クレステック,その他製品,小林周蔵,1971-07-01,1975-08-01,4.08,photos_4/7812_クレステック/history/05_小林周蔵/photo_01.jpg,✓,✓,history,
7812,クレステック,その他製品,小田切新太郎,1974-07-01,1983-08-01,9.08,photos_4/7812_クレステック/history/06_小田切新太郎/photo_01.jpg,✓,✓,history,
7812,クレステック,その他製品,小坂雄太郎,1983-08-01,1990-08-01,7.0,photos_4/7812_クレステック/history/07_小坂雄太郎/photo_01.jpg,✓,✓,history,
7812,クレステック,その他製品,金川千尋,1990-08-01,2010-06-01,19.83,photos_4/7812_クレステック/history/08_金川千尋/photo_01.jpg,✓,✓,history,
7812,クレステック,その他製品,森俊三,2010-06-01,2016-06-01,6.0,photos_4/7812_クレステック/history/09_森俊三/photo_01.jpg,✓,✓,history,
7812,クレステック,その他製品,斉藤恭彦,2016-06-01,,,photos_4/7812_クレステック/history/10_斉藤恭彦/photo_01.jpg,✓,✓,history,
7813,プラッツ,その他製品,,,,,,,,missing,要調査
7814,日本創発グループ,その他製品,"方
　当社",2025年3月,（現在）,,photos_4/7814_日本創発グループ/current/photo_01.jpg,✓,✓,current,
7815,東京ボード工業,その他製品,沖電気,,,,photos_4/7815_東京ボード工業/history/01_沖電気/photo_01.jpg,✓,✓,history,
7815,東京ボード工業,その他製品,浅野総一郎,1912-08-01,1930-11-09,18.27,photos_4/7815_東京ボード工業/history/02_浅野総一郎/photo_01.jpg,✓,✓,history,
7815,東京ボード工業,その他製品,浅野泰治郎,1930-12-01,,,photos_4/7815_東京ボード工業/history/03_浅野泰治郎/photo_01.jpg,✓,✓,history,
7815,東京ボード工業,その他製品,小沢仙吉,1944-04-01,1945-11-01,1.59,photos_4/7815_東京ボード工業/history/04_小沢仙吉/photo_01.jpg,✓,✓,history,
7815,東京ボード工業,その他製品,楊井勇三,1945-11-01,1947-08-01,1.75,photos_4/7815_東京ボード工業/history/05_楊井勇三/photo_01.jpg,✓,✓,history,
7815,東京ボード工業,その他製品,井上良治,1947-08-01,1948-08-01,1.0,photos_4/7815_東京ボード工業/history/06_井上良治/photo_01.jpg,✓,✓,history,
7815,東京ボード工業,その他製品,神戸捨二,1949-04-01,1949-11-01,0.59,photos_4/7815_東京ボード工業/history/07_神戸捨二/photo_01.jpg,✓,✓,history,
7815,東京ボード工業,その他製品,森章,1966-01-01,1972-11-01,6.83,photos_4/7815_東京ボード工業/history/08_森章/photo_01.jpg,✓,✓,history,
7815,東京ボード工業,その他製品,山本正明,1972-11-01,1978-04-01,5.41,photos_4/7815_東京ボード工業/history/09_山本正明/photo_01.jpg,✓,✓,history,
7815,東京ボード工業,その他製品,三宅正男,1978-04-01,1982-05-01,4.08,photos_4/7815_東京ボード工業/history/10_三宅正男/photo_01.jpg,✓,✓,history,
7815,東京ボード工業,その他製品,橋本南海男,1982-05-01,1988-06-01,6.09,photos_4/7815_東京ボード工業/history/11_橋本南海男/photo_01.jpg,✓,✓,history,
7815,東京ボード工業,その他製品,小杉信光,1988-06-01,1992-10-01,4.33,photos_4/7815_東京ボード工業/history/12_小杉信光/photo_01.jpg,✓,✓,history,
7815,東京ボード工業,その他製品,神宮司順,1992-10-01,1995-08-01,2.83,photos_4/7815_東京ボード工業/history/13_神宮司順/photo_01.jpg,✓,✓,history,
7815,東京ボード工業,その他製品,沢村紫光,1995-08-01,1998-06-01,2.83,photos_4/7815_東京ボード工業/history/14_沢村紫光/photo_01.jpg,✓,✓,history,
7815,東京ボード工業,その他製品,篠塚勝正,1998-06-01,,,photos_4/7815_東京ボード工業/history/15_篠塚勝正/photo_01.jpg,✓,✓,history,
7815,東京ボード工業,その他製品,川崎秀一,,,,photos_4/7815_東京ボード工業/history/16_川崎秀一/photo_01.jpg,✓,✓,history,
7815,東京ボード工業,その他製品,鎌上信也,,,,photos_4/7815_東京ボード工業/history/17_鎌上信也/photo_01.jpg,✓,✓,history,
7815,東京ボード工業,その他製品,森孝廣,,,,photos_4/7815_東京ボード工業/history/18_森孝廣/photo_01.jpg,✓,✓,history,
7817,パラマウントベッドホールディングス,その他製品,木村 友彦,,（現在）,,photos_4/7817_パラマウントベッドホールディングス/current/photo_01.jpg,✓,✓,current,
7818,トランザクション,その他製品,"会長
石川",2022年11月,（現在）,,photos_4/7818_トランザクション/current/photo_01.jpg,✓,✓,current,
7819,粧美堂,その他製品,小林忠兵衛,,,,photos_4/7819_粧美堂/history/01_小林忠兵衛/photo_01.jpg,✓,✓,history,
7819,粧美堂,その他製品,祖父は吉太郎,,,,photos_4/7819_粧美堂/history/02_祖父は吉太郎/photo_01.jpg,✓,✓,history,
7820,ニホンフラッシュ,その他製品,,,,,,,,missing,要調査
7821,前田工繊,その他製品,,,,,,,,missing,要調査
7822,永大産業,その他製品,太田治作,1951-03-01,1954-08-01,3.42,photos_4/7822_永大産業/history/01_太田治作/photo_01.jpg,✓,✓,history,
7822,永大産業,その他製品,太田敏郎,1954-08-01,1962-12-01,8.33,photos_4/7822_永大産業/history/02_太田敏郎/photo_01.jpg,✓,✓,history,
7822,永大産業,その他製品,松本良太,1995-01-01,1999-01-01,4.0,photos_4/7822_永大産業/history/03_松本良太/photo_01.jpg,✓,✓,history,
7822,永大産業,その他製品,竹下克彦,1999-01-01,2004-07-01,5.5,photos_4/7822_永大産業/history/04_竹下克彦/photo_01.jpg,✓,✓,history,
7822,永大産業,その他製品,神崎茂治,2004-07-01,2009-09-01,5.17,photos_4/7822_永大産業/history/05_神崎茂治/photo_01.jpg,✓,✓,history,
7822,永大産業,その他製品,國井総一郎,2009-09-01,2020-10-01,11.08,photos_4/7822_永大産業/history/06_國井総一郎/photo_01.jpg,✓,✓,history,
7822,永大産業,その他製品,腹巻知,2020-10-01,,,,,,history,
7823,アートネイチャー,その他製品,,,,,,,,missing,要調査
7826,フルヤ金属,その他製品,古屋 堯民,,（現在）,,photos_4/7826_フルヤ金属/current/photo_01.jpg,✓,✓,current,
7827,オービス,その他製品,,,,,,,,missing,要調査
7831,ウイルコホールディングス,その他製品,,,,,,,,missing,要調査
7832,バンダイナムコホールディングス,その他製品,浅古 有寿,,（現在）,,photos_4/7832_バンダイナムコホールディングス/current/photo_01.jpg,✓,✓,current,
7832,バンダイナムコホールディングス,その他製品,杉浦幸昌,,,,photos_4/7832_バンダイナムコホールディングス/history/01_杉浦幸昌/photo_01.jpg,✓,✓,history,
7832,バンダイナムコホールディングス,その他製品,伍賀槌太,,,,photos_4/7832_バンダイナムコホールディングス/history/02_伍賀槌太/photo_01.jpg,✓,✓,history,
7832,バンダイナムコホールディングス,その他製品,福田祐介,,,,photos_4/7832_バンダイナムコホールディングス/history/03_福田祐介/photo_01.jpg,✓,✓,history,
7833,アイフィスジャパン,その他製品,山内房治郎,,,,photos_4/7833_アイフィスジャパン/history/01_山内房治郎/photo_01.jpg,✓,✓,history,
7833,アイフィスジャパン,その他製品,山内積良,,,,photos_4/7833_アイフィスジャパン/history/02_山内積良/photo_01.jpg,✓,✓,history,
7833,アイフィスジャパン,その他製品,山内溥,,,,photos_4/7833_アイフィスジャパン/history/03_山内溥/photo_01.jpg,✓,✓,history,
7833,アイフィスジャパン,その他製品,岩田聡,,,,photos_4/7833_アイフィスジャパン/history/04_岩田聡/photo_01.jpg,✓,✓,history,
7833,アイフィスジャパン,その他製品,君島達己,,,,,,,history,
7833,アイフィスジャパン,その他製品,古川俊太郎,,,,photos_4/7833_アイフィスジャパン/history/06_古川俊太郎/photo_01.jpg,✓,✓,history,
7836,アビックス,その他製品,,,,,,,,missing,要調査
7837,アールシーコア,その他製品,水野成夫,,,,photos_4/7837_アールシーコア/history/01_水野成夫/photo_01.jpg,✓,✓,history,
7837,アールシーコア,その他製品,鹿内信隆,,,,photos_4/7837_アールシーコア/history/02_鹿内信隆/photo_01.jpg,✓,✓,history,
7837,アールシーコア,その他製品,浅野賢澄,,,,photos_4/7837_アールシーコア/history/03_浅野賢澄/photo_01.jpg,✓,✓,history,
7837,アールシーコア,その他製品,石田達郎,,,,photos_4/7837_アールシーコア/history/04_石田達郎/photo_01.jpg,✓,✓,history,
7837,アールシーコア,その他製品,羽佐間重彰,,,,photos_4/7837_アールシーコア/history/05_羽佐間重彰/photo_01.jpg,✓,✓,history,
7837,アールシーコア,その他製品,日枝久,,,,photos_4/7837_アールシーコア/history/06_日枝久/photo_01.jpg,✓,✓,history,
7837,アールシーコア,その他製品,村上光一,,,,photos_4/7837_アールシーコア/history/07_村上光一/photo_01.jpg,✓,✓,history,
7837,アールシーコア,その他製品,豊田皓,,,,photos_4/7837_アールシーコア/history/08_豊田皓/photo_01.jpg,✓,✓,history,
7837,アールシーコア,その他製品,亀山千広,,,,photos_4/7837_アールシーコア/history/09_亀山千広/photo_01.jpg,✓,✓,history,
7837,アールシーコア,その他製品,宮内正喜,,,,,,,history,
7837,アールシーコア,その他製品,遠藤龍之介,,,,photos_4/7837_アールシーコア/history/11_遠藤龍之介/photo_01.jpg,✓,✓,history,
7837,アールシーコア,その他製品,金光修,,,,photos_4/7837_アールシーコア/history/12_金光修/photo_01.jpg,✓,✓,history,
7837,アールシーコア,その他製品,港浩一,,,,,,,history,
7837,アールシーコア,その他製品,清水賢治,,,,photos_4/7837_アールシーコア/history/14_清水賢治/photo_01.jpg,✓,✓,history,
7839,SHOEI,その他製品,,,,,,,,missing,要調査
7840,フランスベッドホールディングス,その他製品,,,,,,,,missing,要調査
7841,遠藤製作所,その他製品,渡部　大史,2017年4月,（現在）,,photos_4/7841_遠藤製作所/current/photo_01.jpg,✓,✓,current,
7844,マーベラス,情報・通信業,,,,,,,,missing,要調査
7846,パイロットコーポレーション,その他製品,山内房治郎,,,,photos_4/7846_パイロットコーポレーション/history/01_山内房治郎/photo_01.jpg,✓,✓,history,
7846,パイロットコーポレーション,その他製品,山内積良,,,,photos_4/7846_パイロットコーポレーション/history/02_山内積良/photo_01.jpg,✓,✓,history,
7846,パイロットコーポレーション,その他製品,山内溥,,,,photos_4/7846_パイロットコーポレーション/history/03_山内溥/photo_01.jpg,✓,✓,history,
7846,パイロットコーポレーション,その他製品,岩田聡,,,,photos_4/7846_パイロットコーポレーション/history/04_岩田聡/photo_01.jpg,✓,✓,history,
7846,パイロットコーポレーション,その他製品,君島達己,,,,,,,history,
7846,パイロットコーポレーション,その他製品,古川俊太郎,,,,photos_4/7846_パイロットコーポレーション/history/06_古川俊太郎/photo_01.jpg,✓,✓,history,
7847,グラファイトデザイン,その他製品,,,,,,,,missing,要調査
7849,スターツ出版,情報・通信業,,,,,,,,missing,要調査
7850,総合商研,その他製品,,,,,,,,missing,要調査
7851,カワセコンピュータサプライ,その他製品,,,,,,,,missing,要調査
7856,萩原工業,その他製品,浅野 和志,2025年12月,（現在）,,photos_4/7856_萩原工業/current/photo_01.jpg,✓,✓,current,
7857,セキ,その他製品,,,,,,,,missing,要調査
7859,アルメディオ,その他製品,,,,,,,,missing,要調査
7860,エイベックス,情報・通信業,会長 松浦,2022年5月,（現在）,,photos_4/7860_エイベックス/current/photo_01.jpg,✓,✓,current,
7863,平賀,その他製品,中前 圭司,2005年4月,（現在）,,photos_4/7863_平賀/current/photo_01.jpg,✓,✓,current,
7864,フジシールインターナショナル,その他製品,早川徳次,,,,photos_4/7864_フジシールインターナショナル/history/01_早川徳次/photo_01.jpg,✓,✓,history,
7864,フジシールインターナショナル,その他製品,佐伯旭,,,,photos_4/7864_フジシールインターナショナル/history/02_佐伯旭/photo_01.jpg,✓,✓,history,
7864,フジシールインターナショナル,その他製品,辻晴雄,,,,photos_4/7864_フジシールインターナショナル/history/03_辻晴雄/photo_01.jpg,✓,✓,history,
7864,フジシールインターナショナル,その他製品,町田勝彦,,,,photos_4/7864_フジシールインターナショナル/history/04_町田勝彦/photo_01.jpg,✓,✓,history,
7864,フジシールインターナショナル,その他製品,片山幹雄,,,,photos_4/7864_フジシールインターナショナル/history/05_片山幹雄/photo_01.jpg,✓,✓,history,
7864,フジシールインターナショナル,その他製品,奥田隆司,,,,photos_4/7864_フジシールインターナショナル/history/06_奥田隆司/photo_01.jpg,✓,✓,history,
7864,フジシールインターナショナル,その他製品,高橋興三,,,,photos_4/7864_フジシールインターナショナル/history/07_高橋興三/photo_01.jpg,✓,✓,history,
7864,フジシールインターナショナル,その他製品,戴正呉,,,,photos_4/7864_フジシールインターナショナル/history/08_戴正呉/photo_01.jpg,✓,✓,history,
7864,フジシールインターナショナル,その他製品,野村勝明,,,,photos_4/7864_フジシールインターナショナル/history/09_野村勝明/photo_01.jpg,✓,✓,history,
7864,フジシールインターナショナル,その他製品,呉柏勲,,,,photos_4/7864_フジシールインターナショナル/history/10_呉柏勲/photo_01.jpg,✓,✓,history,
7864,フジシールインターナショナル,その他製品,沖津雅浩,,,,photos_4/7864_フジシールインターナショナル/history/11_沖津雅浩/photo_01.jpg,✓,✓,history,
7865,ピープル,その他製品,山内房治郎,,,,photos_4/7865_ピープル/history/01_山内房治郎/photo_01.jpg,✓,✓,history,
7865,ピープル,その他製品,山内積良,,,,photos_4/7865_ピープル/history/02_山内積良/photo_01.jpg,✓,✓,history,
7865,ピープル,その他製品,山内溥,,,,photos_4/7865_ピープル/history/03_山内溥/photo_01.jpg,✓,✓,history,
7865,ピープル,その他製品,岩田聡,,,,photos_4/7865_ピープル/history/04_岩田聡/photo_01.jpg,✓,✓,history,
7865,ピープル,その他製品,君島達己,,,,,,,history,
7865,ピープル,その他製品,古川俊太郎,,,,photos_4/7865_ピープル/history/06_古川俊太郎/photo_01.jpg,✓,✓,history,
7867,タカラトミー,その他製品,小島 一洋,2024年６月,（現在）,,photos_4/7867_タカラトミー/current/photo_01.jpg,✓,✓,current,
7868,広済堂ホールディングス,その他製品,,,,,,,,missing,要調査
7871,フクビ化学工業,化学,,,,,,,,missing,要調査
7872,エステールホールディングス,その他製品,水野成夫,,,,photos_4/7872_エステールホールディングス/history/01_水野成夫/photo_01.jpg,✓,✓,history,
7872,エステールホールディングス,その他製品,鹿内信隆,,,,photos_4/7872_エステールホールディングス/history/02_鹿内信隆/photo_01.jpg,✓,✓,history,
7872,エステールホールディングス,その他製品,浅野賢澄,,,,photos_4/7872_エステールホールディングス/history/03_浅野賢澄/photo_01.jpg,✓,✓,history,
7872,エステールホールディングス,その他製品,石田達郎,,,,photos_4/7872_エステールホールディングス/history/04_石田達郎/photo_01.jpg,✓,✓,history,
7872,エステールホールディングス,その他製品,羽佐間重彰,,,,photos_4/7872_エステールホールディングス/history/05_羽佐間重彰/photo_01.jpg,✓,✓,history,
7872,エステールホールディングス,その他製品,日枝久,,,,photos_4/7872_エステールホールディングス/history/06_日枝久/photo_01.jpg,✓,✓,history,
7872,エステールホールディングス,その他製品,村上光一,,,,photos_4/7872_エステールホールディングス/history/07_村上光一/photo_01.jpg,✓,✓,history,
7872,エステールホールディングス,その他製品,豊田皓,,,,photos_4/7872_エステールホールディングス/history/08_豊田皓/photo_01.jpg,✓,✓,history,
7872,エステールホールディングス,その他製品,亀山千広,,,,photos_4/7872_エステールホールディングス/history/09_亀山千広/photo_01.jpg,✓,✓,history,
7872,エステールホールディングス,その他製品,宮内正喜,,,,,,,history,
7872,エステールホールディングス,その他製品,遠藤龍之介,,,,photos_4/7872_エステールホールディングス/history/11_遠藤龍之介/photo_01.jpg,✓,✓,history,
7872,エステールホールディングス,その他製品,金光修,,,,photos_4/7872_エステールホールディングス/history/12_金光修/photo_01.jpg,✓,✓,history,
7872,エステールホールディングス,その他製品,港浩一,,,,photos_4/7872_エステールホールディングス/history/13_港浩一/photo_01.jpg,✓,✓,history,
7872,エステールホールディングス,その他製品,清水賢治,,,,photos_4/7872_エステールホールディングス/history/14_清水賢治/photo_01.jpg,✓,✓,history,
7874,レック,化学,,,,,,,,missing,要調査
7875,竹田iPホールディングス,その他製品,木全　幸治,2002年6月,（現在）,,photos_4/7875_竹田iPホールディングス/current/photo_01.jpg,✓,✓,current,
7875,竹田iPホールディングス,その他製品,現職,,,,photos_4/7875_竹田iPホールディングス/history/01_現職/photo_01.jpg,✓,✓,history,
7877,永大化工,化学,太田治作,1951-03-01,1954-08-01,3.42,photos_4/7877_永大化工/history/01_太田治作/photo_01.jpg,✓,✓,history,
7877,永大化工,化学,太田敏郎,1954-08-01,1962-12-01,8.33,photos_4/7877_永大化工/history/02_太田敏郎/photo_01.jpg,✓,✓,history,
7877,永大化工,化学,松本良太,1995-01-01,1999-01-01,4.0,photos_4/7877_永大化工/history/03_松本良太/photo_01.jpg,✓,✓,history,
7877,永大化工,化学,竹下克彦,1999-01-01,2004-07-01,5.5,photos_4/7877_永大化工/history/04_竹下克彦/photo_01.jpg,✓,✓,history,
7877,永大化工,化学,神崎茂治,2004-07-01,2009-09-01,5.17,,,,history,
7877,永大化工,化学,國井総一郎,2009-09-01,2020-10-01,11.08,,,,history,
7877,永大化工,化学,腹巻知,2020-10-01,,,,,,history,
7878,光・彩,その他製品,世界,,（現在）,,photos_4/7878_光・彩/current/photo_01.jpg,✓,✓,current,
7879,ノダ,その他製品,山内房治郎,,,,photos_4/7879_ノダ/history/01_山内房治郎/photo_01.jpg,✓,✓,history,
7879,ノダ,その他製品,山内積良,,,,photos_4/7879_ノダ/history/02_山内積良/photo_01.jpg,✓,✓,history,
7879,ノダ,その他製品,山内溥,,,,photos_4/7879_ノダ/history/03_山内溥/photo_01.jpg,✓,✓,history,
7879,ノダ,その他製品,岩田聡,,,,photos_4/7879_ノダ/history/04_岩田聡/photo_01.jpg,✓,✓,history,
7879,ノダ,その他製品,君島達己,,,,,,,history,
7879,ノダ,その他製品,古川俊太郎,,,,photos_4/7879_ノダ/history/06_古川俊太郎/photo_01.jpg,✓,✓,history,
7883,サンメッセ,その他製品,病院 乳腺外,2025年10月,（現在）,,photos_4/7883_サンメッセ/current/photo_01.jpg,✓,✓,current,
7885,タカノ,その他製品,,,,,,,,missing,要調査
7886,ヤマト　モビリティ　&　Mfg.,化学,,,,,,,,missing,要調査
7887,南海プライウッド,その他製品,,,,,,,,missing,要調査
7888,三光合成,化学,,,,,,,,missing,要調査
7893,プロネクサス,その他製品,上野 剛史,2020年12月,（現在）,,photos_4/7893_プロネクサス/current/photo_01.jpg,✓,✓,current,
7896,セブン工業,その他製品,,,,,,,,missing,要調査
7897,ホクシン,その他製品,山内房治郎,,,,photos_4/7897_ホクシン/history/01_山内房治郎/photo_01.jpg,✓,✓,history,
7897,ホクシン,その他製品,山内積良,,,,photos_4/7897_ホクシン/history/02_山内積良/photo_01.jpg,✓,✓,history,
7897,ホクシン,その他製品,山内溥,,,,photos_4/7897_ホクシン/history/03_山内溥/photo_01.jpg,✓,✓,history,
7897,ホクシン,その他製品,岩田聡,,,,photos_4/7897_ホクシン/history/04_岩田聡/photo_01.jpg,✓,✓,history,
7897,ホクシン,その他製品,君島達己,,,,,,,history,
7897,ホクシン,その他製品,古川俊太郎,,,,photos_4/7897_ホクシン/history/06_古川俊太郎/photo_01.jpg,✓,✓,history,
7898,ウッドワン,その他製品,早川徳次,,,,photos_4/7898_ウッドワン/history/01_早川徳次/photo_01.jpg,✓,✓,history,
7898,ウッドワン,その他製品,佐伯旭,,,,photos_4/7898_ウッドワン/history/02_佐伯旭/photo_01.jpg,✓,✓,history,
7898,ウッドワン,その他製品,辻晴雄,,,,photos_4/7898_ウッドワン/history/03_辻晴雄/photo_01.jpg,✓,✓,history,
7898,ウッドワン,その他製品,町田勝彦,,,,photos_4/7898_ウッドワン/history/04_町田勝彦/photo_01.jpg,✓,✓,history,
7898,ウッドワン,その他製品,片山幹雄,,,,photos_4/7898_ウッドワン/history/05_片山幹雄/photo_01.jpg,✓,✓,history,
7898,ウッドワン,その他製品,奥田隆司,,,,photos_4/7898_ウッドワン/history/06_奥田隆司/photo_01.jpg,✓,✓,history,
7898,ウッドワン,その他製品,高橋興三,,,,photos_4/7898_ウッドワン/history/07_高橋興三/photo_01.jpg,✓,✓,history,
7898,ウッドワン,その他製品,戴正呉,,,,photos_4/7898_ウッドワン/history/08_戴正呉/photo_01.jpg,✓,✓,history,
7898,ウッドワン,その他製品,野村勝明,,,,photos_4/7898_ウッドワン/history/09_野村勝明/photo_01.jpg,✓,✓,history,
7898,ウッドワン,その他製品,呉柏勲,,,,photos_4/7898_ウッドワン/history/10_呉柏勲/photo_01.jpg,✓,✓,history,
7898,ウッドワン,その他製品,沖津雅浩,,,,photos_4/7898_ウッドワン/history/11_沖津雅浩/photo_01.jpg,✓,✓,history,
7901,マツモト,その他製品,,,,,,,,missing,要調査
7902,ソノコム,その他製品,円谷英二,,,,photos_4/7902_ソノコム/history/01_円谷英二/photo_01.jpg,✓,✓,history,
7902,ソノコム,その他製品,円谷一,,,,photos_4/7902_ソノコム/history/02_円谷一/photo_01.jpg,✓,✓,history,
7902,ソノコム,その他製品,円谷皐,,,,,,,history,
7902,ソノコム,その他製品,円谷一夫,,,,photos_4/7902_ソノコム/history/04_円谷一夫/photo_01.jpg,✓,✓,history,
7902,ソノコム,その他製品,円谷昌弘,,,,photos_4/7902_ソノコム/history/05_円谷昌弘/photo_01.jpg,✓,✓,history,
7902,ソノコム,その他製品,円谷英明,,,,photos_4/7902_ソノコム/history/06_円谷英明/photo_01.jpg,✓,✓,history,
7902,ソノコム,その他製品,大山茂樹,,,,photos_4/7902_ソノコム/history/07_大山茂樹/photo_01.jpg,✓,✓,history,
7902,ソノコム,その他製品,森島恒行,,,,photos_4/7902_ソノコム/history/08_森島恒行/photo_01.jpg,✓,✓,history,
7902,ソノコム,その他製品,大岡新一,,,,photos_4/7902_ソノコム/history/09_大岡新一/photo_01.jpg,✓,✓,history,
7902,ソノコム,その他製品,塚越隆行,,,,photos_4/7902_ソノコム/history/10_塚越隆行/photo_01.jpg,✓,✓,history,
7902,ソノコム,その他製品,永竹正幸,,,,photos_4/7902_ソノコム/history/11_永竹正幸/photo_01.jpg,✓,✓,history,
7906,ヨネックス,その他製品,"役職
氏名",,（現在）,,photos_4/7906_ヨネックス/current/photo_01.jpg,✓,✓,current,
7908,きもと,化学,小林 正一,,（現在）,,photos_4/7908_きもと/current/photo_01.jpg,✓,✓,current,
7911,TOPPANホールディングス,その他製品,麿 秀晴,,（現在）,,photos_4/7911_TOPPANホールディングス/current/photo_01.jpg,✓,✓,current,
7911,TOPPANホールディングス,その他製品,河合辰太郎,,,,photos_4/7911_TOPPANホールディングス/history/01_河合辰太郎/photo_01.jpg,✓,✓,history,
7911,TOPPANホールディングス,その他製品,伊藤貴志,,,,photos_4/7911_TOPPANホールディングス/history/02_伊藤貴志/photo_01.jpg,✓,✓,history,
7911,TOPPANホールディングス,その他製品,井上源之丞,,,,photos_4/7911_TOPPANホールディングス/history/03_井上源之丞/photo_01.jpg,✓,✓,history,
7911,TOPPANホールディングス,その他製品,山田三郎太,,,,photos_4/7911_TOPPANホールディングス/history/04_山田三郎太/photo_01.jpg,✓,✓,history,
7911,TOPPANホールディングス,その他製品,沢村嘉一,,,,photos_4/7911_TOPPANホールディングス/history/05_沢村嘉一/photo_01.jpg,✓,✓,history,
7911,TOPPANホールディングス,その他製品,鈴木和夫,,,,photos_4/7911_TOPPANホールディングス/history/06_鈴木和夫/photo_01.jpg,✓,✓,history,
7911,TOPPANホールディングス,その他製品,藤田弘道,,,,photos_4/7911_TOPPANホールディングス/history/07_藤田弘道/photo_01.jpg,✓,✓,history,
7911,TOPPANホールディングス,その他製品,足立直樹,,,,photos_4/7911_TOPPANホールディングス/history/08_足立直樹/photo_01.jpg,✓,✓,history,
7911,TOPPANホールディングス,その他製品,金子真吾,,,,photos_4/7911_TOPPANホールディングス/history/09_金子真吾/photo_01.jpg,✓,✓,history,
7911,TOPPANホールディングス,その他製品,麿秀晴,,,,photos_4/7911_TOPPANホールディングス/history/10_麿秀晴/photo_01.jpg,✓,✓,history,
7912,大日本印刷,その他製品,"月
 北島義",2025年10月,（現在）,,photos_4/7912_大日本印刷/current/photo_01.jpg,✓,✓,current,
7912,大日本印刷,その他製品,増田義一,,,,photos_4/7912_大日本印刷/history/01_増田義一/photo_01.jpg,✓,✓,history,
7912,大日本印刷,その他製品,青木弘,,,,photos_4/7912_大日本印刷/history/02_青木弘/photo_01.jpg,✓,✓,history,
7912,大日本印刷,その他製品,佐久間長吉郎,,,,photos_4/7912_大日本印刷/history/03_佐久間長吉郎/photo_01.jpg,✓,✓,history,
7912,大日本印刷,その他製品,北島織衛,,,,photos_4/7912_大日本印刷/history/04_北島織衛/photo_01.jpg,✓,✓,history,
7912,大日本印刷,その他製品,北島義俊,,,,photos_4/7912_大日本印刷/history/05_北島義俊/photo_01.jpg,✓,✓,history,
7912,大日本印刷,その他製品,北島義斉,,,,photos_4/7912_大日本印刷/history/06_北島義斉/photo_01.jpg,✓,✓,history,
7914,共同印刷,その他製品,藤森 康彰,,（現在）,,photos_4/7914_共同印刷/current/photo_01.jpg,✓,✓,current,
7915,NISSHA,その他製品,"役会
当社",2025年1月,（現在）,,photos_4/7915_NISSHA/current/photo_01.jpg,✓,✓,current,
7915,NISSHA,その他製品,越寿三郎,1926-09-01,1930-05-01,3.66,photos_4/7915_NISSHA/history/01_越寿三郎/photo_01.jpg,✓,✓,history,
7915,NISSHA,その他製品,名取和作,1930-07-01,1931-05-01,0.83,photos_4/7915_NISSHA/history/02_名取和作/photo_01.jpg,✓,✓,history,
7915,NISSHA,その他製品,小坂順造,1931-05-01,1956-07-01,25.17,photos_4/7915_NISSHA/history/03_小坂順造/photo_01.jpg,✓,✓,history,
7915,NISSHA,その他製品,小坂徳三郎,1956-07-01,1971-07-01,15.0,photos_4/7915_NISSHA/history/04_小坂徳三郎/photo_01.jpg,✓,✓,history,
7915,NISSHA,その他製品,小林周蔵,1971-07-01,1975-08-01,4.08,,,,history,
7915,NISSHA,その他製品,小田切新太郎,1974-07-01,1983-08-01,9.08,,,,history,
7915,NISSHA,その他製品,小坂雄太郎,1983-08-01,1990-08-01,7.0,,,,history,
7915,NISSHA,その他製品,金川千尋,1990-08-01,2010-06-01,19.83,photos_4/7915_NISSHA/history/08_金川千尋/photo_01.jpg,✓,✓,history,
7915,NISSHA,その他製品,森俊三,2010-06-01,2016-06-01,6.0,photos_4/7915_NISSHA/history/09_森俊三/photo_01.jpg,✓,✓,history,
7915,NISSHA,その他製品,斉藤恭彦,2016-06-01,,,photos_4/7915_NISSHA/history/10_斉藤恭彦/photo_01.jpg,✓,✓,history,
7916,光村印刷,その他製品,,,,,,,,missing,要調査
7917,ZACROS,化学,下田拓,,（現在）,,photos_4/7917_ZACROS/current/photo_01.jpg,✓,✓,current,
7918,ヴィア・ホールディングス,小売業,竹中登一,,,,photos_4/7918_ヴィア・ホールディングス/history/01_竹中登一/photo_01.jpg,✓,✓,history,
7918,ヴィア・ホールディングス,小売業,野木森雅郁,,,,photos_4/7918_ヴィア・ホールディングス/history/02_野木森雅郁/photo_01.jpg,✓,✓,history,
7918,ヴィア・ホールディングス,小売業,畑中好彦,,,,photos_4/7918_ヴィア・ホールディングス/history/03_畑中好彦/photo_01.jpg,✓,✓,history,
7918,ヴィア・ホールディングス,小売業,安川健司,,,,photos_4/7918_ヴィア・ホールディングス/history/04_安川健司/photo_01.jpg,✓,✓,history,
7918,ヴィア・ホールディングス,小売業,岡村直樹,,,,photos_4/7918_ヴィア・ホールディングス/history/05_岡村直樹/photo_01.jpg,✓,✓,history,
7919,野崎印刷紙業,その他製品,小汀利得,,,,photos_4/7919_野崎印刷紙業/history/01_小汀利得/photo_01.jpg,✓,✓,history,
7919,野崎印刷紙業,その他製品,小田嶋定吉,,,,photos_4/7919_野崎印刷紙業/history/02_小田嶋定吉/photo_01.jpg,✓,✓,history,
7919,野崎印刷紙業,その他製品,萬直次,,,,photos_4/7919_野崎印刷紙業/history/03_萬直次/photo_01.jpg,✓,✓,history,
7919,野崎印刷紙業,その他製品,圓城寺次郎,,,,,,,history,
7919,野崎印刷紙業,その他製品,大軒順三,,,,photos_4/7919_野崎印刷紙業/history/05_大軒順三/photo_01.jpg,✓,✓,history,
7919,野崎印刷紙業,その他製品,森田康,,,,photos_4/7919_野崎印刷紙業/history/06_森田康/photo_01.jpg,✓,✓,history,
7919,野崎印刷紙業,その他製品,新井明,,,,photos_4/7919_野崎印刷紙業/history/07_新井明/photo_01.jpg,✓,✓,history,
7919,野崎印刷紙業,その他製品,鶴田卓彦,,,,,,,history,
7919,野崎印刷紙業,その他製品,杉田亮毅,,,,photos_4/7919_野崎印刷紙業/history/09_杉田亮毅/photo_01.jpg,✓,✓,history,
7919,野崎印刷紙業,その他製品,喜多恒雄,,,,photos_4/7919_野崎印刷紙業/history/10_喜多恒雄/photo_01.jpg,✓,✓,history,
7919,野崎印刷紙業,その他製品,岡田直敏,,,,photos_4/7919_野崎印刷紙業/history/11_岡田直敏/photo_01.jpg,✓,✓,history,
7919,野崎印刷紙業,その他製品,長谷部剛,,,,photos_4/7919_野崎印刷紙業/history/12_長谷部剛/photo_01.jpg,✓,✓,history,
7919,野崎印刷紙業,その他製品,飯田展久,,,,photos_4/7919_野崎印刷紙業/history/13_飯田展久/photo_01.jpg,✓,✓,history,
7921,TAKARA　&　COMPANY,その他製品,,,,,,,,missing,要調査
7922,三光産業,その他製品,石井 正和,,（現在）,,photos_4/7922_三光産業/current/photo_01.jpg,✓,✓,current,
7923,トーイン,その他製品,,,,,,,,missing,要調査
7925,前澤化成工業,化学,鮎川 義介,,,,photos_4/7925_前澤化成工業/history/01_鮎川_義介/photo_01.jpg,✓,✓,history,
7925,前澤化成工業,化学,淺原 源七,,,,photos_4/7925_前澤化成工業/history/02_淺原_源七/photo_01.jpg,✓,✓,history,
7925,前澤化成工業,化学,工藤 治人,,,,photos_4/7925_前澤化成工業/history/03_工藤_治人/photo_01.jpg,✓,✓,history,
7925,前澤化成工業,化学,山本 惣治,1945-10-01,,,photos_4/7925_前澤化成工業/history/04_山本_惣治/photo_01.jpg,✓,✓,history,
7925,前澤化成工業,化学,川又 克二,1957-11-01,,,photos_4/7925_前澤化成工業/history/05_川又_克二/photo_01.jpg,✓,✓,history,
7925,前澤化成工業,化学,岩越 忠恕,1973-11-01,,,,,,history,
7925,前澤化成工業,化学,西川 廣人,,,,,,,history,
7925,前澤化成工業,化学,山内 康裕,2019-12-01,,,photos_4/7925_前澤化成工業/history/08_山内_康裕/photo_01.jpg,✓,✓,history,
7927,ムトー精工,化学,,,,,,,,missing,要調査
7928,旭化学工業,化学,日窒化学工業,,,,photos_4/7928_旭化学工業/history/01_日窒化学工業/photo_01.jpg,✓,✓,history,
7928,旭化学工業,化学,旭化成工業,,,,photos_4/7928_旭化学工業/history/02_旭化成工業/photo_01.jpg,✓,✓,history,
7928,旭化学工業,化学,旭化成,,,,photos_4/7928_旭化学工業/history/03_旭化成/photo_01.jpg,✓,✓,history,
7931,未来工業,化学,ダイハツ工業,,,,photos_4/7931_未来工業/history/01_ダイハツ工業/photo_01.jpg,✓,✓,history,
7932,ニッピ,その他製品,伊藤 裕子,,（現在）,,photos_4/7932_ニッピ/current/photo_01.jpg,✓,✓,current,
7936,アシックス,その他製品,富永 満之,,（現在）,,photos_4/7936_アシックス/current/photo_01.jpg,✓,✓,current,
7936,アシックス,その他製品,服部金太郎,,,,photos_4/7936_アシックス/history/01_服部金太郎/photo_01.jpg,✓,✓,history,
7936,アシックス,その他製品,服部玄三,,,,photos_4/7936_アシックス/history/02_服部玄三/photo_01.jpg,✓,✓,history,
7936,アシックス,その他製品,服部正次,,,,photos_4/7936_アシックス/history/03_服部正次/photo_01.jpg,✓,✓,history,
7936,アシックス,その他製品,服部謙太郎,,,,photos_4/7936_アシックス/history/04_服部謙太郎/photo_01.jpg,✓,✓,history,
7936,アシックス,その他製品,服部禮次郎,,,,photos_4/7936_アシックス/history/05_服部禮次郎/photo_01.jpg,✓,✓,history,
7936,アシックス,その他製品,吉村司郎,,,,photos_4/7936_アシックス/history/06_吉村司郎/photo_01.jpg,✓,✓,history,
7936,アシックス,その他製品,関本昌弘,,,,photos_4/7936_アシックス/history/07_関本昌弘/photo_01.jpg,✓,✓,history,
7936,アシックス,その他製品,井上仲七,,,,photos_4/7936_アシックス/history/08_井上仲七/photo_01.jpg,✓,✓,history,
7936,アシックス,その他製品,村野晃一,,,,photos_4/7936_アシックス/history/09_村野晃一/photo_01.jpg,✓,✓,history,
7936,アシックス,その他製品,服部真二,2012-10-01,,,photos_4/7936_アシックス/history/10_服部真二/photo_01.jpg,✓,✓,history,
7936,アシックス,その他製品,中村吉伸,,,,photos_4/7936_アシックス/history/11_中村吉伸/photo_01.jpg,✓,✓,history,
7936,アシックス,その他製品,高橋修司,,,,photos_4/7936_アシックス/history/12_高橋修司/photo_01.jpg,✓,✓,history,
7937,ツツミ,その他製品,,,,,,,,missing,要調査
7938,リーガルコーポレーション,その他製品,,,,,,,,missing,要調査
7939,研創,その他製品,,,,,,,,missing,要調査
7940,ウェーブロックホールディングス,化学,山内房治郎,,,,photos_4/7940_ウェーブロックホールディングス/history/01_山内房治郎/photo_01.jpg,✓,✓,history,
7940,ウェーブロックホールディングス,化学,山内積良,,,,photos_4/7940_ウェーブロックホールディングス/history/02_山内積良/photo_01.jpg,✓,✓,history,
7940,ウェーブロックホールディングス,化学,山内溥,,,,photos_4/7940_ウェーブロックホールディングス/history/03_山内溥/photo_01.jpg,✓,✓,history,
7940,ウェーブロックホールディングス,化学,岩田聡,,,,photos_4/7940_ウェーブロックホールディングス/history/04_岩田聡/photo_01.jpg,✓,✓,history,
7940,ウェーブロックホールディングス,化学,君島達己,,,,,,,history,
7940,ウェーブロックホールディングス,化学,古川俊太郎,,,,photos_4/7940_ウェーブロックホールディングス/history/06_古川俊太郎/photo_01.jpg,✓,✓,history,
7942,JSP,化学,"方針
業績",2024年4月,（現在）,,photos_4/7942_JSP/current/photo_01.jpg,✓,✓,current,
7943,ニチハ,ガラス・土石製品,安宅弥吉,1942-05-01,,,photos_4/7943_ニチハ/history/01_安宅弥吉/photo_01.jpg,✓,✓,history,
7943,ニチハ,ガラス・土石製品,安宅重雄,1942-05-01,1945-10-01,3.42,photos_4/7943_ニチハ/history/02_安宅重雄/photo_01.jpg,✓,✓,history,
7943,ニチハ,ガラス・土石製品,神田正吉,1945-10-01,1957-11-01,12.08,photos_4/7943_ニチハ/history/03_神田正吉/photo_01.jpg,✓,✓,history,
7943,ニチハ,ガラス・土石製品,猪崎久太郎,1957-11-01,1966-11-01,9.0,photos_4/7943_ニチハ/history/04_猪崎久太郎/photo_01.jpg,✓,✓,history,
7943,ニチハ,ガラス・土石製品,越田左多男,1966-11-01,1969-11-01,3.0,,,,history,
7943,ニチハ,ガラス・土石製品,市川政夫,1969-11-01,1976-07-01,6.66,photos_4/7943_ニチハ/history/06_市川政夫/photo_01.jpg,✓,✓,history,
7943,ニチハ,ガラス・土石製品,小松康,1976-07-01,1977-10-01,1.25,photos_4/7943_ニチハ/history/07_小松康/photo_01.jpg,✓,✓,history,
7944,ローランド,その他製品,地位,2022年3月,（現在）,,photos_4/7944_ローランド/current/photo_01.jpg,✓,✓,current,
7946,光陽社,その他製品,,,,,,,,missing,要調査
7947,エフピコ,化学,,,,,,,,missing,要調査
7949,小松ウオール工業,その他製品,"体制
当社",,（現在）,,photos_4/7949_小松ウオール工業/current/photo_01.jpg,✓,✓,current,
7951,ヤマハ,その他製品,,,,,,,,missing,要調査
7952,河合楽器製作所,その他製品,部長 兼,,（現在）,,photos_4/7952_河合楽器製作所/current/photo_01.jpg,✓,✓,current,
7953,菊水化学工業,その他製品,,,,,,,,missing,要調査
7955,クリナップ,その他製品,,,,,,,,missing,要調査
7956,ピジョン,その他製品,,,,,,,,missing,要調査
7957,フジコピアン,その他製品,木 敏樹,,（現在）,,photos_4/7957_フジコピアン/current/photo_01.jpg,✓,✓,current,
7962,キングジム,その他製品,木村 美代子,,（現在）,,photos_4/7962_キングジム/current/photo_01.jpg,✓,✓,current,
7962,キングジム,その他製品,猪木寛至,1972-01-01,1989-07-01,17.5,photos_4/7962_キングジム/history/01_猪木寛至/photo_01.jpg,✓,✓,history,
7962,キングジム,その他製品,坂口征二,1989-07-01,1999-06-01,9.92,photos_4/7962_キングジム/history/02_坂口征二/photo_01.jpg,✓,✓,history,
7962,キングジム,その他製品,藤波辰巳,1999-06-01,2004-06-01,5.0,photos_4/7962_キングジム/history/03_藤波辰巳/photo_01.jpg,✓,✓,history,
7962,キングジム,その他製品,草間政一,2004-06-01,2005-05-01,0.91,photos_4/7962_キングジム/history/04_草間政一/photo_01.jpg,✓,✓,history,
7962,キングジム,その他製品,菅林直樹,2007-04-01,2013-09-01,6.42,photos_4/7962_キングジム/history/05_菅林直樹/photo_01.jpg,✓,✓,history,
7962,キングジム,その他製品,手塚要,2013-09-01,2016-02-01,2.42,photos_4/7962_キングジム/history/06_手塚要/photo_01.jpg,✓,✓,history,
7962,キングジム,その他製品,原田克彦,2016-02-01,2018-05-01,2.25,photos_4/7962_キングジム/history/07_原田克彦/photo_01.jpg,✓,✓,history,
7962,キングジム,その他製品,大張高己,2020-10-01,2023-12-01,3.16,photos_4/7962_キングジム/history/08_大張高己/photo_01.jpg,✓,✓,history,
7962,キングジム,その他製品,棚橋弘至,2023-12-01,,,photos_4/7962_キングジム/history/09_棚橋弘至/photo_01.jpg,✓,✓,history,
7963,興研,その他製品,山内房治郎,,,,photos_4/7963_興研/history/01_山内房治郎/photo_01.jpg,✓,✓,history,
7963,興研,その他製品,山内積良,,,,photos_4/7963_興研/history/02_山内積良/photo_01.jpg,✓,✓,history,
7963,興研,その他製品,山内溥,,,,photos_4/7963_興研/history/03_山内溥/photo_01.jpg,✓,✓,history,
7963,興研,その他製品,岩田聡,,,,photos_4/7963_興研/history/04_岩田聡/photo_01.jpg,✓,✓,history,
7963,興研,その他製品,君島達己,,,,,,,history,
7963,興研,その他製品,古川俊太郎,,,,photos_4/7963_興研/history/06_古川俊太郎/photo_01.jpg,✓,✓,history,
7965,象印マホービン,電気機器,,,,,,,,missing,要調査
7966,リンテック,その他製品,越寿三郎,1926-09-01,1930-05-01,3.66,photos_4/7966_リンテック/history/01_越寿三郎/photo_01.jpg,✓,✓,history,
7966,リンテック,その他製品,名取和作,1930-07-01,1931-05-01,0.83,photos_4/7966_リンテック/history/02_名取和作/photo_01.jpg,✓,✓,history,
7966,リンテック,その他製品,小坂順造,1931-05-01,1956-07-01,25.17,photos_4/7966_リンテック/history/03_小坂順造/photo_01.jpg,✓,✓,history,
7966,リンテック,その他製品,小坂徳三郎,1956-07-01,1971-07-01,15.0,photos_4/7966_リンテック/history/04_小坂徳三郎/photo_01.jpg,✓,✓,history,
7966,リンテック,その他製品,小林周蔵,1971-07-01,1975-08-01,4.08,,,,history,
7966,リンテック,その他製品,小田切新太郎,1974-07-01,1983-08-01,9.08,photos_4/7966_リンテック/history/06_小田切新太郎/photo_01.jpg,✓,✓,history,
7966,リンテック,その他製品,小坂雄太郎,1983-08-01,1990-08-01,7.0,photos_4/7966_リンテック/history/07_小坂雄太郎/photo_01.jpg,✓,✓,history,
7966,リンテック,その他製品,金川千尋,1990-08-01,2010-06-01,19.83,photos_4/7966_リンテック/history/08_金川千尋/photo_01.jpg,✓,✓,history,
7966,リンテック,その他製品,森俊三,2010-06-01,2016-06-01,6.0,photos_4/7966_リンテック/history/09_森俊三/photo_01.jpg,✓,✓,history,
7966,リンテック,その他製品,斉藤恭彦,2016-06-01,,,photos_4/7966_リンテック/history/10_斉藤恭彦/photo_01.jpg,✓,✓,history,
7970,信越ポリマー,化学,越寿三郎,1926-09-01,1930-05-01,3.66,photos_4/7970_信越ポリマー/history/01_越寿三郎/photo_01.jpg,✓,✓,history,
7970,信越ポリマー,化学,名取和作,1930-07-01,1931-05-01,0.83,photos_4/7970_信越ポリマー/history/02_名取和作/photo_01.jpg,✓,✓,history,
7970,信越ポリマー,化学,小坂順造,1931-05-01,1956-07-01,25.17,photos_4/7970_信越ポリマー/history/03_小坂順造/photo_01.jpg,✓,✓,history,
7970,信越ポリマー,化学,小坂徳三郎,1956-07-01,1971-07-01,15.0,photos_4/7970_信越ポリマー/history/04_小坂徳三郎/photo_01.jpg,✓,✓,history,
7970,信越ポリマー,化学,小林周蔵,1971-07-01,1975-08-01,4.08,photos_4/7970_信越ポリマー/history/05_小林周蔵/photo_01.jpg,✓,✓,history,
7970,信越ポリマー,化学,小田切新太郎,1974-07-01,1983-08-01,9.08,photos_4/7970_信越ポリマー/history/06_小田切新太郎/photo_01.jpg,✓,✓,history,
7970,信越ポリマー,化学,小坂雄太郎,1983-08-01,1990-08-01,7.0,photos_4/7970_信越ポリマー/history/07_小坂雄太郎/photo_01.jpg,✓,✓,history,
7970,信越ポリマー,化学,金川千尋,1990-08-01,2010-06-01,19.83,photos_4/7970_信越ポリマー/history/08_金川千尋/photo_01.jpg,✓,✓,history,
7970,信越ポリマー,化学,森俊三,2010-06-01,2016-06-01,6.0,photos_4/7970_信越ポリマー/history/09_森俊三/photo_01.jpg,✓,✓,history,
7970,信越ポリマー,化学,斉藤恭彦,2016-06-01,,,photos_4/7970_信越ポリマー/history/10_斉藤恭彦/photo_01.jpg,✓,✓,history,
7971,東リ,化学,,,,,,,,missing,要調査
7972,イトーキ,その他製品,,,,,,,,missing,要調査
7974,任天堂,その他製品,山内房治郎,,,,photos_4/7974_任天堂/history/01_山内房治郎/photo_01.jpg,✓,✓,history,
7974,任天堂,その他製品,山内積良,,,,photos_4/7974_任天堂/history/02_山内積良/photo_01.jpg,✓,✓,history,
7974,任天堂,その他製品,山内溥,,,,photos_4/7974_任天堂/history/03_山内溥/photo_01.jpg,✓,✓,history,
7974,任天堂,その他製品,岩田聡,,,,photos_4/7974_任天堂/history/04_岩田聡/photo_01.jpg,✓,✓,history,
7974,任天堂,その他製品,君島達己,,,,,,,history,
7974,任天堂,その他製品,古川俊太郎,,,,photos_4/7974_任天堂/history/06_古川俊太郎/photo_01.jpg,✓,✓,history,
7975,リヒトラブ,その他製品,山内房治郎,,,,photos_4/7975_リヒトラブ/history/01_山内房治郎/photo_01.jpg,✓,✓,history,
7975,リヒトラブ,その他製品,山内積良,,,,photos_4/7975_リヒトラブ/history/02_山内積良/photo_01.jpg,✓,✓,history,
7975,リヒトラブ,その他製品,山内溥,,,,photos_4/7975_リヒトラブ/history/03_山内溥/photo_01.jpg,✓,✓,history,
7975,リヒトラブ,その他製品,岩田聡,,,,photos_4/7975_リヒトラブ/history/04_岩田聡/photo_01.jpg,✓,✓,history,
7975,リヒトラブ,その他製品,君島達己,,,,photos_4/7975_リヒトラブ/history/05_君島達己/photo_01.jpg,✓,✓,history,
7975,リヒトラブ,その他製品,古川俊太郎,,,,photos_4/7975_リヒトラブ/history/06_古川俊太郎/photo_01.jpg,✓,✓,history,
7976,三菱鉛筆,その他製品,,,,,,,,missing,要調査
7979,松風,精密機器,,,,,,,,missing,要調査
7980,重松製作所,その他製品,,,,,,,,missing,要調査
7981,タカラスタンダード,その他製品,会長 渡辺岳,,（現在）,,photos_4/7981_タカラスタンダード/current/photo_01.jpg,✓,✓,current,
7981,タカラスタンダード,その他製品,木谷高明,1994-03-01,2005-05-01,11.17,photos_4/7981_タカラスタンダード/history/01_木谷高明/photo_01.jpg,✓,✓,history,
7981,タカラスタンダード,その他製品,吉田眞市,2005-05-01,2007-04-01,1.92,photos_4/7981_タカラスタンダード/history/02_吉田眞市/photo_01.jpg,✓,✓,history,
7981,タカラスタンダード,その他製品,上田陽史,2007-04-01,2010-05-01,3.08,photos_4/7981_タカラスタンダード/history/03_上田陽史/photo_01.jpg,✓,✓,history,
7981,タカラスタンダード,その他製品,森田知冶,2010-05-01,2018-05-01,8.0,photos_4/7981_タカラスタンダード/history/04_森田知冶/photo_01.jpg,✓,✓,history,
7981,タカラスタンダード,その他製品,高橋善之,2018-05-01,2022-05-01,4.0,photos_4/7981_タカラスタンダード/history/05_高橋善之/photo_01.jpg,✓,✓,history,
7981,タカラスタンダード,その他製品,鈴木恵喜,2022-05-01,,,photos_4/7981_タカラスタンダード/history/06_鈴木恵喜/photo_01.jpg,✓,✓,history,
7983,ミロク,その他製品,明治,,（現在）,,photos_4/7983_ミロク/current/photo_01.jpg,✓,✓,current,
7984,コクヨ,その他製品,,,,,,,,missing,要調査
7985,ネポン,金属製品,福田 晴久,,（現在）,,photos_4/7985_ネポン/current/photo_01.jpg,✓,✓,current,
7985,ネポン,金属製品,山内房治郎,,,,photos_4/7985_ネポン/history/01_山内房治郎/photo_01.jpg,✓,✓,history,
7985,ネポン,金属製品,山内積良,,,,photos_4/7985_ネポン/history/02_山内積良/photo_01.jpg,✓,✓,history,
7985,ネポン,金属製品,山内溥,,,,photos_4/7985_ネポン/history/03_山内溥/photo_01.jpg,✓,✓,history,
7985,ネポン,金属製品,岩田聡,,,,photos_4/7985_ネポン/history/04_岩田聡/photo_01.jpg,✓,✓,history,
7985,ネポン,金属製品,君島達己,,,,,,,history,
7985,ネポン,金属製品,古川俊太郎,,,,photos_4/7985_ネポン/history/06_古川俊太郎/photo_01.jpg,✓,✓,history,
7986,日本アイ・エス・ケイ,その他製品,,,,,,,,missing,要調査
7987,ナカバヤシ,その他製品,石坂泰三,1949-04-01,1957-11-01,8.59,photos_4/7987_ナカバヤシ/history/01_石坂泰三/photo_01.jpg,✓,✓,history,
7987,ナカバヤシ,その他製品,岩下文雄,1957-11-01,1965-05-01,7.5,photos_4/7987_ナカバヤシ/history/02_岩下文雄/photo_01.jpg,✓,✓,history,
7987,ナカバヤシ,その他製品,土光敏夫,1965-05-01,1972-08-01,7.25,photos_4/7987_ナカバヤシ/history/03_土光敏夫/photo_01.jpg,✓,✓,history,
7987,ナカバヤシ,その他製品,玉置敬三,1972-08-01,,,,,,history,
7987,ナカバヤシ,その他製品,岩田弐夫,,,,photos_4/7987_ナカバヤシ/history/05_岩田弐夫/photo_01.jpg,✓,✓,history,
7987,ナカバヤシ,その他製品,佐波正一,1986-04-01,,,photos_4/7987_ナカバヤシ/history/06_佐波正一/photo_01.jpg,✓,✓,history,
7987,ナカバヤシ,その他製品,渡里杉一郎,1986-04-01,1987-07-01,1.25,photos_4/7987_ナカバヤシ/history/07_渡里杉一郎/photo_01.jpg,✓,✓,history,
7987,ナカバヤシ,その他製品,青井舒一,1987-07-01,1992-06-01,4.92,photos_4/7987_ナカバヤシ/history/08_青井舒一/photo_01.jpg,✓,✓,history,
7987,ナカバヤシ,その他製品,佐藤文夫,1992-06-01,1996-06-01,4.0,photos_4/7987_ナカバヤシ/history/09_佐藤文夫/photo_01.jpg,✓,✓,history,
7987,ナカバヤシ,その他製品,西室泰三,1996-06-01,2000-06-01,4.0,photos_4/7987_ナカバヤシ/history/10_西室泰三/photo_01.jpg,✓,✓,history,
7987,ナカバヤシ,その他製品,岡村正,2000-06-01,2005-06-01,5.0,photos_4/7987_ナカバヤシ/history/11_岡村正/photo_01.jpg,✓,✓,history,
7987,ナカバヤシ,その他製品,西田厚聰,2005-06-01,2009-06-01,4.0,photos_4/7987_ナカバヤシ/history/12_西田厚聰/photo_01.jpg,✓,✓,history,
7987,ナカバヤシ,その他製品,田中久雄,2013-06-01,2015-07-01,2.08,photos_4/7987_ナカバヤシ/history/13_田中久雄/photo_01.jpg,✓,✓,history,
7987,ナカバヤシ,その他製品,室町正志,2015-07-01,2016-06-01,0.92,photos_4/7987_ナカバヤシ/history/14_室町正志/photo_01.jpg,✓,✓,history,
7987,ナカバヤシ,その他製品,綱川智,2016-06-01,2020-03-01,3.75,photos_4/7987_ナカバヤシ/history/15_綱川智/photo_01.jpg,✓,✓,history,
7987,ナカバヤシ,その他製品,車谷暢昭,2020-04-01,2021-04-01,1.0,photos_4/7987_ナカバヤシ/history/16_車谷暢昭/photo_01.jpg,✓,✓,history,
7987,ナカバヤシ,その他製品,島田太郎,2022-03-01,,,photos_4/7987_ナカバヤシ/history/17_島田太郎/photo_01.jpg,✓,✓,history,
7988,ニフコ,化学,柴尾　雅春,2025年06月,（現在）,,photos_4/7988_ニフコ/current/photo_01.jpg,✓,✓,current,
7989,立川ブラインド工業,金属製品,当社,,（現在）,,photos_4/7989_立川ブラインド工業/current/photo_01.jpg,✓,✓,current,
7990,グローブライド,その他製品,自然志向,,（現在）,,photos_4/7990_グローブライド/current/photo_01.jpg,✓,✓,current,
7991,マミヤ・オーピー,機械,,,,,,,,missing,要調査
7992,セーラー万年筆,その他製品,,,,,,,,missing,要調査
7994,オカムラ,その他製品,越寿三郎,1926-09-01,1930-05-01,3.66,photos_4/7994_オカムラ/history/01_越寿三郎/photo_01.jpg,✓,✓,history,
7994,オカムラ,その他製品,名取和作,1930-07-01,1931-05-01,0.83,photos_4/7994_オカムラ/history/02_名取和作/photo_01.jpg,✓,✓,history,
7994,オカムラ,その他製品,小坂順造,1931-05-01,1956-07-01,25.17,photos_4/7994_オカムラ/history/03_小坂順造/photo_01.jpg,✓,✓,history,
7994,オカムラ,その他製品,小坂徳三郎,1956-07-01,1971-07-01,15.0,photos_4/7994_オカムラ/history/04_小坂徳三郎/photo_01.jpg,✓,✓,history,
7994,オカムラ,その他製品,小林周蔵,1971-07-01,1975-08-01,4.08,,,,history,
7994,オカムラ,その他製品,小田切新太郎,1974-07-01,1983-08-01,9.08,photos_4/7994_オカムラ/history/06_小田切新太郎/photo_01.jpg,✓,✓,history,
7994,オカムラ,その他製品,小坂雄太郎,1983-08-01,1990-08-01,7.0,photos_4/7994_オカムラ/history/07_小坂雄太郎/photo_01.jpg,✓,✓,history,
7994,オカムラ,その他製品,金川千尋,1990-08-01,2010-06-01,19.83,photos_4/7994_オカムラ/history/08_金川千尋/photo_01.jpg,✓,✓,history,
7994,オカムラ,その他製品,森俊三,2010-06-01,2016-06-01,6.0,photos_4/7994_オカムラ/history/09_森俊三/photo_01.jpg,✓,✓,history,
7994,オカムラ,その他製品,斉藤恭彦,2016-06-01,,,photos_4/7994_オカムラ/history/10_斉藤恭彦/photo_01.jpg,✓,✓,history,
7995,バルカー,化学,"役職
氏名",2025年6月,（現在）,,photos_4/7995_バルカー/current/photo_01.jpg,✓,✓,current,
7997,くろがね工作所,その他製品,作所 田中,,（現在）,,photos_4/7997_くろがね工作所/current/photo_01.jpg,✓,✓,current,
7997,くろがね工作所,その他製品,ダイハツ工業,,,,photos_4/7997_くろがね工作所/history/01_ダイハツ工業/photo_01.jpg,✓,✓,history,
7999,MUTOHホールディングス,電気機器,,,,,,,,missing,要調査
8001,伊藤忠商事,卸売業,初代,,,,photos_4/8001_伊藤忠商事/history/01_初代/photo_01.jpg,✓,✓,history,
8001,伊藤忠商事,卸売業,二代,,,,photos_4/8001_伊藤忠商事/history/02_二代/photo_01.jpg,✓,✓,history,
8001,伊藤忠商事,卸売業,三代,,,,photos_4/8001_伊藤忠商事/history/03_三代/photo_01.jpg,✓,✓,history,
8001,伊藤忠商事,卸売業,四代,,,,photos_4/8001_伊藤忠商事/history/04_四代/photo_01.jpg,✓,✓,history,
8001,伊藤忠商事,卸売業,五代,,,,photos_4/8001_伊藤忠商事/history/05_五代/photo_01.jpg,✓,✓,history,
8001,伊藤忠商事,卸売業,六代,,,,photos_4/8001_伊藤忠商事/history/06_六代/photo_01.jpg,✓,✓,history,
8001,伊藤忠商事,卸売業,七代,,,,photos_4/8001_伊藤忠商事/history/07_七代/photo_01.jpg,✓,✓,history,
8001,伊藤忠商事,卸売業,八代,,,,photos_4/8001_伊藤忠商事/history/08_八代/photo_01.jpg,✓,✓,history,
8001,伊藤忠商事,卸売業,九代,,,,photos_4/8001_伊藤忠商事/history/09_九代/photo_01.jpg,✓,✓,history,
8001,伊藤忠商事,卸売業,十代,,,,photos_4/8001_伊藤忠商事/history/10_十代/photo_01.jpg,✓,✓,history,
8001,伊藤忠商事,卸売業,十一代,,,,photos_4/8001_伊藤忠商事/history/11_十一代/photo_01.jpg,✓,✓,history,
8001,伊藤忠商事,卸売業,十二代,,,,photos_4/8001_伊藤忠商事/history/12_十二代/photo_01.jpg,✓,✓,history,
8001,伊藤忠商事,卸売業,十三代,2021-04-01,,,photos_4/8001_伊藤忠商事/history/13_十三代/photo_01.jpg,✓,✓,history,
8002,丸紅,卸売業,,,,,,,,missing,要調査
8005,スクロール,小売業,"日生

略歴",2012年4月,（現在）,,photos_4/8005_スクロール/current/photo_01.jpg,✓,✓,current,
8006,ユアサ・フナショク,卸売業,,,,,,,,missing,要調査
8007,高島,卸売業,,,,,,,,missing,要調査
8008,ヨンドシーホールディングス,小売業,山内房治郎,,,,photos_4/8008_ヨンドシーホールディングス/history/01_山内房治郎/photo_01.jpg,✓,✓,history,
8008,ヨンドシーホールディングス,小売業,山内積良,,,,photos_4/8008_ヨンドシーホールディングス/history/02_山内積良/photo_01.jpg,✓,✓,history,
8008,ヨンドシーホールディングス,小売業,山内溥,,,,photos_4/8008_ヨンドシーホールディングス/history/03_山内溥/photo_01.jpg,✓,✓,history,
8008,ヨンドシーホールディングス,小売業,岩田聡,,,,photos_4/8008_ヨンドシーホールディングス/history/04_岩田聡/photo_01.jpg,✓,✓,history,
8008,ヨンドシーホールディングス,小売業,君島達己,,,,photos_4/8008_ヨンドシーホールディングス/history/05_君島達己/photo_01.jpg,✓,✓,history,
8008,ヨンドシーホールディングス,小売業,古川俊太郎,,,,photos_4/8008_ヨンドシーホールディングス/history/06_古川俊太郎/photo_01.jpg,✓,✓,history,
8011,三陽商会,繊維製品,,,,,,,,missing,要調査
8012,長瀬産業,卸売業,上島宏之,2023年11月,（現在）,,photos_4/8012_長瀬産業/current/photo_01.jpg,✓,✓,current,
8013,ナイガイ,繊維製品,,,,,,,,missing,要調査
8014,蝶理,卸売業,迫田　竜之,2024年4月,（現在）,,photos_4/8014_蝶理/current/photo_01.jpg,✓,✓,current,
8014,蝶理,卸売業,日窒化学工業,,,,photos_4/8014_蝶理/history/01_日窒化学工業/photo_01.jpg,✓,✓,history,
8014,蝶理,卸売業,旭化成工業,,,,photos_4/8014_蝶理/history/02_旭化成工業/photo_01.jpg,✓,✓,history,
8014,蝶理,卸売業,旭化成,,,,photos_4/8014_蝶理/history/03_旭化成/photo_01.jpg,✓,✓,history,
8015,豊田通商,卸売業,貸谷　伊知郎,2005年4月,（現在）,,photos_4/8015_豊田通商/current/photo_01.jpg,✓,✓,current,
8016,オンワードホールディングス,繊維製品,,,,,,,,missing,要調査
8018,三共生興,卸売業,上 明,2025年3月,（現在）,,photos_4/8018_三共生興/current/photo_01.jpg,✓,✓,current,
8020,兼松,卸売業,宮部　佳也,,（現在）,,photos_4/8020_兼松/current/photo_01.jpg,✓,✓,current,
8020,兼松,卸売業,兼松房治郎,,,,photos_4/8020_兼松/history/01_兼松房治郎/photo_01.jpg,✓,✓,history,
8020,兼松,卸売業,北村寅之助,,,,photos_4/8020_兼松/history/02_北村寅之助/photo_01.jpg,✓,✓,history,
8020,兼松,卸売業,藤井松四郎,,,,photos_4/8020_兼松/history/03_藤井松四郎/photo_01.jpg,✓,✓,history,
8020,兼松,卸売業,林荘太郎,,,,photos_4/8020_兼松/history/04_林荘太郎/photo_01.jpg,✓,✓,history,
8020,兼松,卸売業,谷口三樹三郎,,,,photos_4/8020_兼松/history/05_谷口三樹三郎/photo_01.jpg,✓,✓,history,
8020,兼松,卸売業,沖豊治,,,,photos_4/8020_兼松/history/06_沖豊治/photo_01.jpg,✓,✓,history,
8020,兼松,卸売業,町田業太,,,,,,,history,
8020,兼松,卸売業,清川正二,,,,photos_4/8020_兼松/history/08_清川正二/photo_01.jpg,✓,✓,history,
8020,兼松,卸売業,松浦巖,,,,,,,history,
8020,兼松,卸売業,鈴木英夫,,,,photos_4/8020_兼松/history/10_鈴木英夫/photo_01.jpg,✓,✓,history,
8020,兼松,卸売業,小田啓二,,,,photos_4/8020_兼松/history/11_小田啓二/photo_01.jpg,✓,✓,history,
8020,兼松,卸売業,四十宮正男,,,,photos_4/8020_兼松/history/12_四十宮正男/photo_01.jpg,✓,✓,history,
8020,兼松,卸売業,倉地正,,,,photos_4/8020_兼松/history/13_倉地正/photo_01.jpg,✓,✓,history,
8020,兼松,卸売業,三輪徳泰,,,,photos_4/8020_兼松/history/14_三輪徳泰/photo_01.jpg,✓,✓,history,
8020,兼松,卸売業,下嶋政幸,,,,photos_4/8020_兼松/history/15_下嶋政幸/photo_01.jpg,✓,✓,history,
8020,兼松,卸売業,谷川薫,,,,photos_4/8020_兼松/history/16_谷川薫/photo_01.jpg,✓,✓,history,
8022,美津濃,その他製品,世界,,（現在）,,photos_4/8022_美津濃/current/photo_01.jpg,✓,✓,current,
8023,DAIKO　XTECH,情報・通信業,松山 晃一郎,2004年4月,（現在）,,photos_4/8023_DAIKO_XTECH/current/photo_01.jpg,✓,✓,current,
8025,ツカモトコーポレーション,卸売業,,,,,,,,missing,要調査
8029,ルックホールディングス,繊維製品,"月
株",2025年3月,（現在）,,photos_4/8029_ルックホールディングス/current/photo_01.jpg,✓,✓,current,
8030,中央魚類,卸売業,,,,,,,,missing,要調査
8031,三井物産,卸売業,"月
 堀",2025年4月,（現在）,,photos_4/8031_三井物産/current/photo_01.jpg,✓,✓,current,
8032,日本紙パルプ商事,卸売業,初代,,,,photos_4/8032_日本紙パルプ商事/history/01_初代/photo_01.jpg,✓,✓,history,
8032,日本紙パルプ商事,卸売業,二代,,,,photos_4/8032_日本紙パルプ商事/history/02_二代/photo_01.jpg,✓,✓,history,
8032,日本紙パルプ商事,卸売業,三代,,,,photos_4/8032_日本紙パルプ商事/history/03_三代/photo_01.jpg,✓,✓,history,
8032,日本紙パルプ商事,卸売業,四代,,,,photos_4/8032_日本紙パルプ商事/history/04_四代/photo_01.jpg,✓,✓,history,
8032,日本紙パルプ商事,卸売業,五代,,,,photos_4/8032_日本紙パルプ商事/history/05_五代/photo_01.jpg,✓,✓,history,
8032,日本紙パルプ商事,卸売業,六代,,,,photos_4/8032_日本紙パルプ商事/history/06_六代/photo_01.jpg,✓,✓,history,
8032,日本紙パルプ商事,卸売業,七代,,,,photos_4/8032_日本紙パルプ商事/history/07_七代/photo_01.jpg,✓,✓,history,
8032,日本紙パルプ商事,卸売業,八代,,,,photos_4/8032_日本紙パルプ商事/history/08_八代/photo_01.jpg,✓,✓,history,
8032,日本紙パルプ商事,卸売業,九代,,,,photos_4/8032_日本紙パルプ商事/history/09_九代/photo_01.jpg,✓,✓,history,
8032,日本紙パルプ商事,卸売業,十代,,,,photos_4/8032_日本紙パルプ商事/history/10_十代/photo_01.jpg,✓,✓,history,
8032,日本紙パルプ商事,卸売業,十一代,,,,photos_4/8032_日本紙パルプ商事/history/11_十一代/photo_01.jpg,✓,✓,history,
8032,日本紙パルプ商事,卸売業,十二代,,,,photos_4/8032_日本紙パルプ商事/history/12_十二代/photo_01.jpg,✓,✓,history,
8032,日本紙パルプ商事,卸売業,十三代,2021-04-01,,,photos_4/8032_日本紙パルプ商事/history/13_十三代/photo_01.jpg,✓,✓,history,
8035,東京エレクトロン,電気機器,平素,,（現在）,,photos_4/8035_東京エレクトロン/current/photo_01.jpg,✓,✓,current,
8035,東京エレクトロン,電気機器,遠藤幸吉,,,,photos_4/8035_東京エレクトロン/history/01_遠藤幸吉/photo_01.jpg,✓,✓,history,
8035,東京エレクトロン,電気機器,久保徳雄,,,,photos_4/8035_東京エレクトロン/history/02_久保徳雄/photo_01.jpg,✓,✓,history,
8035,東京エレクトロン,電気機器,小高敏夫,,,,photos_4/8035_東京エレクトロン/history/03_小高敏夫/photo_01.jpg,✓,✓,history,
8035,東京エレクトロン,電気機器,井上皓,,,,photos_4/8035_東京エレクトロン/history/04_井上皓/photo_01.jpg,✓,✓,history,
8035,東京エレクトロン,電気機器,東哲郎,,,,photos_4/8035_東京エレクトロン/history/05_東哲郎/photo_01.jpg,✓,✓,history,
8035,東京エレクトロン,電気機器,佐藤潔,,,,photos_4/8035_東京エレクトロン/history/06_佐藤潔/photo_01.jpg,✓,✓,history,
8035,東京エレクトロン,電気機器,竹中博司,,,,photos_4/8035_東京エレクトロン/history/07_竹中博司/photo_01.jpg,✓,✓,history,
8035,東京エレクトロン,電気機器,河合利樹,,,,photos_4/8035_東京エレクトロン/history/08_河合利樹/photo_01.jpg,✓,✓,history,
8037,カメイ,卸売業,,,,,,,,missing,要調査
8039,築地魚市場,卸売業,,,,,,,,missing,要調査
8040,東京ソワール,繊維製品,"方針
東京",2024年3月,（現在）,,photos_4/8040_東京ソワール/current/photo_01.jpg,✓,✓,current,
8041,OUGホールディングス,卸売業,,,,,,,,missing,要調査
8043,スターゼン,卸売業,感動体験,2024年4月,（現在）,,photos_4/8043_スターゼン/current/photo_01.jpg,✓,✓,current,
8045,横浜丸魚,卸売業,横浜丸,2026年2月,（現在）,,photos_4/8045_横浜丸魚/current/photo_01.jpg,✓,✓,current,
8046,丸藤シートパイル,卸売業,,,,,,,,missing,要調査
8050,セイコーグループ,精密機器,"修司
近年我",,（現在）,,photos_4/8050_セイコーグループ/current/photo_01.jpg,✓,✓,current,
8050,セイコーグループ,精密機器,服部金太郎,,,,photos_4/8050_セイコーグループ/history/01_服部金太郎/photo_01.jpg,✓,✓,history,
8050,セイコーグループ,精密機器,服部玄三,,,,photos_4/8050_セイコーグループ/history/02_服部玄三/photo_01.jpg,✓,✓,history,
8050,セイコーグループ,精密機器,服部正次,,,,photos_4/8050_セイコーグループ/history/03_服部正次/photo_01.jpg,✓,✓,history,
8050,セイコーグループ,精密機器,服部謙太郎,,,,photos_4/8050_セイコーグループ/history/04_服部謙太郎/photo_01.jpg,✓,✓,history,
8050,セイコーグループ,精密機器,服部禮次郎,,,,photos_4/8050_セイコーグループ/history/05_服部禮次郎/photo_01.jpg,✓,✓,history,
8050,セイコーグループ,精密機器,吉村司郎,,,,photos_4/8050_セイコーグループ/history/06_吉村司郎/photo_01.jpg,✓,✓,history,
8050,セイコーグループ,精密機器,関本昌弘,,,,photos_4/8050_セイコーグループ/history/07_関本昌弘/photo_01.jpg,✓,✓,history,
8050,セイコーグループ,精密機器,井上仲七,,,,photos_4/8050_セイコーグループ/history/08_井上仲七/photo_01.jpg,✓,✓,history,
8050,セイコーグループ,精密機器,村野晃一,,,,photos_4/8050_セイコーグループ/history/09_村野晃一/photo_01.jpg,✓,✓,history,
8050,セイコーグループ,精密機器,服部真二,2012-10-01,,,photos_4/8050_セイコーグループ/history/10_服部真二/photo_01.jpg,✓,✓,history,
8050,セイコーグループ,精密機器,中村吉伸,,,,photos_4/8050_セイコーグループ/history/11_中村吉伸/photo_01.jpg,✓,✓,history,
8050,セイコーグループ,精密機器,高橋修司,,,,photos_4/8050_セイコーグループ/history/12_高橋修司/photo_01.jpg,✓,✓,history,
8051,山善,卸売業,岸田　 貢司,,（現在）,,photos_4/8051_山善/current/photo_01.jpg,✓,✓,current,
8052,椿本興業,卸売業,香田 昌司,2025年5月,（現在）,,photos_4/8052_椿本興業/current/photo_01.jpg,✓,✓,current,
8053,住友商事,卸売業,上野 真吾,2024年5月,（現在）,,photos_4/8053_住友商事/current/photo_01.jpg,✓,✓,current,
8053,住友商事,卸売業,初代,,,,photos_4/8053_住友商事/history/01_初代/photo_01.jpg,✓,✓,history,
8053,住友商事,卸売業,第二代,,,,photos_4/8053_住友商事/history/02_第二代/photo_01.jpg,✓,✓,history,
8053,住友商事,卸売業,第三代,,,,photos_4/8053_住友商事/history/03_第三代/photo_01.jpg,✓,✓,history,
8053,住友商事,卸売業,第四代,,,,photos_4/8053_住友商事/history/04_第四代/photo_01.jpg,✓,✓,history,
8053,住友商事,卸売業,第五代,,,,photos_4/8053_住友商事/history/05_第五代/photo_01.jpg,✓,✓,history,
8053,住友商事,卸売業,第六代,,,,photos_4/8053_住友商事/history/06_第六代/photo_01.jpg,✓,✓,history,
8053,住友商事,卸売業,第七代,,,,photos_4/8053_住友商事/history/07_第七代/photo_01.jpg,✓,✓,history,
8053,住友商事,卸売業,第八代,,,,photos_4/8053_住友商事/history/08_第八代/photo_01.jpg,✓,✓,history,
8053,住友商事,卸売業,第九代,,,,photos_4/8053_住友商事/history/09_第九代/photo_01.jpg,✓,✓,history,
8053,住友商事,卸売業,第十代,,,,photos_4/8053_住友商事/history/10_第十代/photo_01.jpg,✓,✓,history,
8053,住友商事,卸売業,第十一代,,,,photos_4/8053_住友商事/history/11_第十一代/photo_01.jpg,✓,✓,history,
8053,住友商事,卸売業,第十二代,,,,photos_4/8053_住友商事/history/12_第十二代/photo_01.jpg,✓,✓,history,
8056,BIPROGY,情報・通信業,齊藤　昇,,（現在）,,photos_4/8056_BIPROGY/current/photo_01.jpg,✓,✓,current,
8056,BIPROGY,情報・通信業,西川晃一郎,,,,photos_4/8056_BIPROGY/history/01_西川晃一郎/photo_01.jpg,✓,✓,history,
8056,BIPROGY,情報・通信業,石栗一民,,,,photos_4/8056_BIPROGY/history/02_石栗一民/photo_01.jpg,✓,✓,history,
8056,BIPROGY,情報・通信業,天野順一,,,,photos_4/8056_BIPROGY/history/03_天野順一/photo_01.jpg,✓,✓,history,
8056,BIPROGY,情報・通信業,島田精一,,,,photos_4/8056_BIPROGY/history/04_島田精一/photo_01.jpg,✓,✓,history,
8056,BIPROGY,情報・通信業,籾井勝人,,,,photos_4/8056_BIPROGY/history/05_籾井勝人/photo_01.jpg,✓,✓,history,
8056,BIPROGY,情報・通信業,黒川茂,,,,photos_4/8056_BIPROGY/history/06_黒川茂/photo_01.jpg,✓,✓,history,
8056,BIPROGY,情報・通信業,平岡昭良,,,,photos_4/8056_BIPROGY/history/07_平岡昭良/photo_01.jpg,✓,✓,history,
8056,BIPROGY,情報・通信業,齊藤昇,,,,photos_4/8056_BIPROGY/history/08_齊藤昇/photo_01.jpg,✓,✓,history,
8057,内田洋行,卸売業,,,,,,,,missing,要調査
8058,三菱商事,卸売業,,,,,,,,missing,要調査
8059,第一実業,卸売業,船渡 雄司,,（現在）,,photos_4/8059_第一実業/current/photo_01.jpg,✓,✓,current,
8060,キヤノンマーケティングジャパン,卸売業,御手洗毅,,,,photos_4/8060_キヤノンマーケティングジャパン/history/01_御手洗毅/photo_01.jpg,✓,✓,history,
8060,キヤノンマーケティングジャパン,卸売業,前田武男,,,,photos_4/8060_キヤノンマーケティングジャパン/history/02_前田武男/photo_01.jpg,✓,✓,history,
8060,キヤノンマーケティングジャパン,卸売業,賀来龍三郎,,,,photos_4/8060_キヤノンマーケティングジャパン/history/03_賀来龍三郎/photo_01.jpg,✓,✓,history,
8060,キヤノンマーケティングジャパン,卸売業,山路敬三,,,,photos_4/8060_キヤノンマーケティングジャパン/history/04_山路敬三/photo_01.jpg,✓,✓,history,
8060,キヤノンマーケティングジャパン,卸売業,御手洗肇,,,,photos_4/8060_キヤノンマーケティングジャパン/history/05_御手洗肇/photo_01.jpg,✓,✓,history,
8060,キヤノンマーケティングジャパン,卸売業,御手洗冨士夫,,,,photos_4/8060_キヤノンマーケティングジャパン/history/06_御手洗冨士夫/photo_01.jpg,✓,✓,history,
8060,キヤノンマーケティングジャパン,卸売業,内田恒二,,,,,,,history,
8060,キヤノンマーケティングジャパン,卸売業,真栄田雅也,2016-04-01,2020-05-01,4.08,photos_4/8060_キヤノンマーケティングジャパン/history/08_真栄田雅也/photo_01.jpg,✓,✓,history,
8060,キヤノンマーケティングジャパン,卸売業,小川一登,2026-04-01,,,photos_4/8060_キヤノンマーケティングジャパン/history/09_小川一登/photo_01.jpg,✓,✓,history,
8061,西華産業,卸売業,,,,,,,,missing,要調査
8065,佐藤商事,卸売業,海塚新八,,,,,,,history,
8065,佐藤商事,卸売業,松田重次郎,,,,photos_4/8065_佐藤商事/history/02_松田重次郎/photo_01.jpg,✓,✓,history,
8065,佐藤商事,卸売業,松田恒次,1951-12-01,,,,,,history,
8065,佐藤商事,卸売業,松田耕平,1970-11-01,,,photos_4/8065_佐藤商事/history/04_松田耕平/photo_01.jpg,✓,✓,history,
8065,佐藤商事,卸売業,山崎芳樹,1977-12-01,,,photos_4/8065_佐藤商事/history/05_山崎芳樹/photo_01.jpg,✓,✓,history,
8065,佐藤商事,卸売業,山本健一,1984-11-01,,,photos_4/8065_佐藤商事/history/06_山本健一/photo_01.jpg,✓,✓,history,
8065,佐藤商事,卸売業,古田徳昌,1987-12-01,,,photos_4/8065_佐藤商事/history/07_古田徳昌/photo_01.jpg,✓,✓,history,
8065,佐藤商事,卸売業,和田淑弘,1991-12-01,,,photos_4/8065_佐藤商事/history/08_和田淑弘/photo_01.jpg,✓,✓,history,
8065,佐藤商事,卸売業,井巻久一,,,,photos_4/8065_佐藤商事/history/09_井巻久一/photo_01.jpg,✓,✓,history,
8065,佐藤商事,卸売業,山内孝,2008-11-01,,,photos_4/8065_佐藤商事/history/10_山内孝/photo_01.jpg,✓,✓,history,
8065,佐藤商事,卸売業,小飼雅道,,,,photos_4/8065_佐藤商事/history/11_小飼雅道/photo_01.jpg,✓,✓,history,
8065,佐藤商事,卸売業,丸本明,,,,photos_4/8065_佐藤商事/history/12_丸本明/photo_01.jpg,✓,✓,history,
8065,佐藤商事,卸売業,毛籠勝弘,,,,photos_4/8065_佐藤商事/history/13_毛籠勝弘/photo_01.jpg,✓,✓,history,
8066,三谷商事,卸売業,,,,,,,,missing,要調査
8070,東京産業,卸売業,,,,,,,,missing,要調査
8074,ユアサ商事,卸売業,田村　博之,2023年4月,（現在）,,photos_4/8074_ユアサ商事/current/photo_01.jpg,✓,✓,current,
8074,ユアサ商事,卸売業,初代,,,,photos_4/8074_ユアサ商事/history/01_初代/photo_01.jpg,✓,✓,history,
8074,ユアサ商事,卸売業,二代,,,,photos_4/8074_ユアサ商事/history/02_二代/photo_01.jpg,✓,✓,history,
8074,ユアサ商事,卸売業,三代,,,,photos_4/8074_ユアサ商事/history/03_三代/photo_01.jpg,✓,✓,history,
8074,ユアサ商事,卸売業,四代,,,,photos_4/8074_ユアサ商事/history/04_四代/photo_01.jpg,✓,✓,history,
8074,ユアサ商事,卸売業,五代,,,,photos_4/8074_ユアサ商事/history/05_五代/photo_01.jpg,✓,✓,history,
8074,ユアサ商事,卸売業,六代,,,,photos_4/8074_ユアサ商事/history/06_六代/photo_01.jpg,✓,✓,history,
8074,ユアサ商事,卸売業,七代,,,,photos_4/8074_ユアサ商事/history/07_七代/photo_01.jpg,✓,✓,history,
8074,ユアサ商事,卸売業,八代,,,,photos_4/8074_ユアサ商事/history/08_八代/photo_01.jpg,✓,✓,history,
8074,ユアサ商事,卸売業,九代,,,,photos_4/8074_ユアサ商事/history/09_九代/photo_01.jpg,✓,✓,history,
8074,ユアサ商事,卸売業,十代,,,,photos_4/8074_ユアサ商事/history/10_十代/photo_01.jpg,✓,✓,history,
8074,ユアサ商事,卸売業,十一代,,,,photos_4/8074_ユアサ商事/history/11_十一代/photo_01.jpg,✓,✓,history,
8074,ユアサ商事,卸売業,十二代,,,,photos_4/8074_ユアサ商事/history/12_十二代/photo_01.jpg,✓,✓,history,
8074,ユアサ商事,卸売業,十三代,2021-04-01,,,photos_4/8074_ユアサ商事/history/13_十三代/photo_01.jpg,✓,✓,history,
8075,神鋼商事,卸売業,明日,,（現在）,,photos_4/8075_神鋼商事/current/photo_01.jpg,✓,✓,current,
8075,神鋼商事,卸売業,黒川勇熊,,,,photos_4/8075_神鋼商事/history/01_黒川勇熊/photo_01.jpg,✓,✓,history,
8075,神鋼商事,卸売業,鈴木岩治郎,,,,photos_4/8075_神鋼商事/history/02_鈴木岩治郎/photo_01.jpg,✓,✓,history,
8075,神鋼商事,卸売業,伊藤乙次郎,,,,photos_4/8075_神鋼商事/history/03_伊藤乙次郎/photo_01.jpg,✓,✓,history,
8075,神鋼商事,卸売業,永安晋次郎,,,,photos_4/8075_神鋼商事/history/04_永安晋次郎/photo_01.jpg,✓,✓,history,
8075,神鋼商事,卸売業,田宮嘉右衛門,,,,photos_4/8075_神鋼商事/history/05_田宮嘉右衛門/photo_01.jpg,✓,✓,history,
8075,神鋼商事,卸売業,浅田長平,,,,photos_4/8075_神鋼商事/history/06_浅田長平/photo_01.jpg,✓,✓,history,
8075,神鋼商事,卸売業,町永三郎,,,,photos_4/8075_神鋼商事/history/07_町永三郎/photo_01.jpg,✓,✓,history,
8075,神鋼商事,卸売業,外島健吉,,,,photos_4/8075_神鋼商事/history/08_外島健吉/photo_01.jpg,✓,✓,history,
8075,神鋼商事,卸売業,井上義海,,,,photos_4/8075_神鋼商事/history/09_井上義海/photo_01.jpg,✓,✓,history,
8075,神鋼商事,卸売業,鈴木博章,,,,photos_4/8075_神鋼商事/history/10_鈴木博章/photo_01.jpg,✓,✓,history,
8075,神鋼商事,卸売業,杉澤英男,,,,photos_4/8075_神鋼商事/history/11_杉澤英男/photo_01.jpg,✓,✓,history,
8075,神鋼商事,卸売業,高橋孝吉,,,,photos_4/8075_神鋼商事/history/12_高橋孝吉/photo_01.jpg,✓,✓,history,
8075,神鋼商事,卸売業,牧冬彦,,,,photos_4/8075_神鋼商事/history/13_牧冬彦/photo_01.jpg,✓,✓,history,
8075,神鋼商事,卸売業,亀高素吉,,,,photos_4/8075_神鋼商事/history/14_亀高素吉/photo_01.jpg,✓,✓,history,
8075,神鋼商事,卸売業,熊本昌弘,,,,photos_4/8075_神鋼商事/history/15_熊本昌弘/photo_01.jpg,✓,✓,history,
8075,神鋼商事,卸売業,水越浩士,,,,photos_4/8075_神鋼商事/history/16_水越浩士/photo_01.jpg,✓,✓,history,
8075,神鋼商事,卸売業,犬伏泰夫,,,,photos_4/8075_神鋼商事/history/17_犬伏泰夫/photo_01.jpg,✓,✓,history,
8075,神鋼商事,卸売業,佐藤廣士,,,,photos_4/8075_神鋼商事/history/18_佐藤廣士/photo_01.jpg,✓,✓,history,
8075,神鋼商事,卸売業,川崎博也,,,,photos_4/8075_神鋼商事/history/19_川崎博也/photo_01.jpg,✓,✓,history,
8075,神鋼商事,卸売業,山口貢,,,,photos_4/8075_神鋼商事/history/20_山口貢/photo_01.jpg,✓,✓,history,
8076,カノークス,卸売業,"方針
当社",2015年4月,（現在）,,photos_4/8076_カノークス/current/photo_01.jpg,✓,✓,current,
8077,トルク,卸売業,,,,,,,,missing,要調査
8078,阪和興業,卸売業,稲山嘉寛,1970-03-01,1973-05-01,3.17,photos_4/8078_阪和興業/history/01_稲山嘉寛/photo_01.jpg,✓,✓,history,
8078,阪和興業,卸売業,平井富三郎,1973-05-01,1976-06-01,3.09,photos_4/8078_阪和興業/history/02_平井富三郎/photo_01.jpg,✓,✓,history,
8078,阪和興業,卸売業,田坂輝敬,1976-06-01,1977-01-01,0.59,photos_4/8078_阪和興業/history/03_田坂輝敬/photo_01.jpg,✓,✓,history,
8078,阪和興業,卸売業,斎藤英四郎,1977-01-01,1981-06-01,4.41,photos_4/8078_阪和興業/history/04_斎藤英四郎/photo_01.jpg,✓,✓,history,
8078,阪和興業,卸売業,武田豊,1981-06-01,1987-06-01,6.0,photos_4/8078_阪和興業/history/05_武田豊/photo_01.jpg,✓,✓,history,
8078,阪和興業,卸売業,齋藤裕,1987-06-01,1993-06-01,6.0,photos_4/8078_阪和興業/history/06_齋藤裕/photo_01.jpg,✓,✓,history,
8078,阪和興業,卸売業,今井敬,1993-06-01,1998-03-01,4.75,photos_4/8078_阪和興業/history/07_今井敬/photo_01.jpg,✓,✓,history,
8078,阪和興業,卸売業,千速晃,1998-04-01,2003-03-01,4.91,,,,history,
8078,阪和興業,卸売業,三村明夫,2003-04-01,2008-03-01,4.92,photos_4/8078_阪和興業/history/09_三村明夫/photo_01.jpg,✓,✓,history,
8078,阪和興業,卸売業,宗岡正二,2008-04-01,2014-03-01,5.91,photos_4/8078_阪和興業/history/10_宗岡正二/photo_01.jpg,✓,✓,history,
8079,正栄食品工業,卸売業,,,,,,,,missing,要調査
8081,カナデン,卸売業,守屋　太,2025年10月,（現在）,,photos_4/8081_カナデン/current/photo_01.jpg,✓,✓,current,
8084,RYODEN,卸売業,,,,,,,,missing,要調査
8085,ナラサキ産業,卸売業,兼 中村,,（現在）,,photos_4/8085_ナラサキ産業/current/photo_01.jpg,✓,✓,current,
8086,ニプロ,精密機器,ダイハツ工業,,,,photos_4/8086_ニプロ/history/01_ダイハツ工業/photo_01.jpg,✓,✓,history,
8088,岩谷産業,卸売業,,,,,,,,missing,要調査
8089,ナイス,卸売業,演会　第二部,,（現在）,,photos_4/8089_ナイス/current/photo_01.jpg,✓,✓,current,
8091,ニチモウ,卸売業,食卓,,（現在）,,,,,current,
8093,極東貿易,卸売業,,,,,,,,missing,要調査
8095,アステナホールディングス,卸売業,戸口 智,,（現在）,,photos_4/8095_アステナホールディングス/current/photo_01.jpg,✓,✓,current,
8097,三愛オブリ,卸売業,,,,,,,,missing,要調査
8098,稲畑産業,卸売業,,,,,,,,missing,要調査
8101,GSIクレオス,卸売業,,,,,,,,missing,要調査
8103,明和産業,卸売業,,,,,,,,missing,要調査
8104,クワザワホールディングス,卸売業,小平浪平,,,,photos_4/8104_クワザワホールディングス/history/01_小平浪平/photo_01.jpg,✓,✓,history,
8104,クワザワホールディングス,卸売業,倉田主税,,,,photos_4/8104_クワザワホールディングス/history/02_倉田主税/photo_01.jpg,✓,✓,history,
8104,クワザワホールディングス,卸売業,駒井健一郎,,,,photos_4/8104_クワザワホールディングス/history/03_駒井健一郎/photo_01.jpg,✓,✓,history,
8104,クワザワホールディングス,卸売業,吉山博吉,,,,photos_4/8104_クワザワホールディングス/history/04_吉山博吉/photo_01.jpg,✓,✓,history,
8104,クワザワホールディングス,卸売業,三田勝茂,,,,photos_4/8104_クワザワホールディングス/history/05_三田勝茂/photo_01.jpg,✓,✓,history,
8104,クワザワホールディングス,卸売業,金井務,,,,photos_4/8104_クワザワホールディングス/history/06_金井務/photo_01.jpg,✓,✓,history,
8104,クワザワホールディングス,卸売業,庄山悦彦,,,,photos_4/8104_クワザワホールディングス/history/07_庄山悦彦/photo_01.jpg,✓,✓,history,
8104,クワザワホールディングス,卸売業,古川一夫,,,,photos_4/8104_クワザワホールディングス/history/08_古川一夫/photo_01.jpg,✓,✓,history,
8104,クワザワホールディングス,卸売業,川村隆,,,,photos_4/8104_クワザワホールディングス/history/09_川村隆/photo_01.jpg,✓,✓,history,
8104,クワザワホールディングス,卸売業,中西宏明,,,,photos_4/8104_クワザワホールディングス/history/10_中西宏明/photo_01.jpg,✓,✓,history,
8104,クワザワホールディングス,卸売業,東原敏昭,,,,photos_4/8104_クワザワホールディングス/history/11_東原敏昭/photo_01.jpg,✓,✓,history,
8104,クワザワホールディングス,卸売業,小島啓二,,,,photos_4/8104_クワザワホールディングス/history/12_小島啓二/photo_01.jpg,✓,✓,history,
8104,クワザワホールディングス,卸売業,德永俊昭,,,,photos_4/8104_クワザワホールディングス/history/13_德永俊昭/photo_01.jpg,✓,✓,history,
8105,堀田丸正,卸売業,,,,,,,,missing,要調査
8107,キムラタン,繊維製品,,,,,,,,missing,要調査
8111,ゴールドウイン,繊維製品,自然,2024年5月,（現在）,,photos_4/8111_ゴールドウイン/current/photo_01.jpg,✓,✓,current,
8113,ユニ・チャーム,化学,,,,,,,,missing,要調査
8115,ムーンバット,卸売業,,,,,,,,missing,要調査
8117,中央自動車工業,卸売業,本田 宗一郎,,,,photos_4/8117_中央自動車工業/history/01_本田_宗一郎/photo_01.jpg,✓,✓,history,
8117,中央自動車工業,卸売業,河島 喜好,1973-10-01,,,photos_4/8117_中央自動車工業/history/02_河島_喜好/photo_01.jpg,✓,✓,history,
8117,中央自動車工業,卸売業,久米 是志,1983-10-01,,,photos_4/8117_中央自動車工業/history/03_久米_是志/photo_01.jpg,✓,✓,history,
8117,中央自動車工業,卸売業,川本 信彦,,,,photos_4/8117_中央自動車工業/history/04_川本_信彦/photo_01.jpg,✓,✓,history,
8117,中央自動車工業,卸売業,吉野 浩行,,,,photos_4/8117_中央自動車工業/history/05_吉野_浩行/photo_01.jpg,✓,✓,history,
8117,中央自動車工業,卸売業,福井 威夫,,,,photos_4/8117_中央自動車工業/history/06_福井_威夫/photo_01.jpg,✓,✓,history,
8117,中央自動車工業,卸売業,伊東 孝紳,,,,photos_4/8117_中央自動車工業/history/07_伊東_孝紳/photo_01.jpg,✓,✓,history,
8117,中央自動車工業,卸売業,八郷 隆弘,,,,photos_4/8117_中央自動車工業/history/08_八郷_隆弘/photo_01.jpg,✓,✓,history,
8117,中央自動車工業,卸売業,三部 敏宏,,,,photos_4/8117_中央自動車工業/history/09_三部_敏宏/photo_01.jpg,✓,✓,history,
8118,キング,繊維製品,,,,,,,,missing,要調査
8119,三栄コーポレーション,卸売業,"月
株",2026年3月,（現在）,,photos_4/8119_三栄コーポレーション/current/photo_01.jpg,✓,✓,current,
8123,川辺,卸売業,,,,,,,,missing,要調査
8125,ワキタ,卸売業,,,,,,,,missing,要調査
8127,ヤマトインターナショナル,繊維製品,盤若　智基,,（現在）,,photos_4/8127_ヤマトインターナショナル/current/photo_01.jpg,✓,✓,current,
8129,東邦ホールディングス,卸売業,安蔵弥輔,,,,photos_4/8129_東邦ホールディングス/history/01_安蔵弥輔/photo_01.jpg,✓,✓,history,
8129,東邦ホールディングス,卸売業,高井亮太郎,1952-09-01,,,,,,history,
8129,東邦ホールディングス,卸売業,青木均一,,,,photos_4/8129_東邦ホールディングス/history/03_青木均一/photo_01.jpg,✓,✓,history,
8129,東邦ホールディングス,卸売業,木川田一隆,,,,photos_4/8129_東邦ホールディングス/history/04_木川田一隆/photo_01.jpg,✓,✓,history,
8129,東邦ホールディングス,卸売業,水野久男,,,,photos_4/8129_東邦ホールディングス/history/05_水野久男/photo_01.jpg,✓,✓,history,
8129,東邦ホールディングス,卸売業,平岩外四,,,,photos_4/8129_東邦ホールディングス/history/06_平岩外四/photo_01.jpg,✓,✓,history,
8129,東邦ホールディングス,卸売業,那須翔,1984-06-01,,,photos_4/8129_東邦ホールディングス/history/07_那須翔/photo_01.jpg,✓,✓,history,
8129,東邦ホールディングス,卸売業,荒木浩,1993-06-01,,,photos_4/8129_東邦ホールディングス/history/08_荒木浩/photo_01.jpg,✓,✓,history,
8129,東邦ホールディングス,卸売業,南直哉,1999-04-01,,,photos_4/8129_東邦ホールディングス/history/09_南直哉/photo_01.jpg,✓,✓,history,
8129,東邦ホールディングス,卸売業,勝俣恒久,2002-09-01,,,photos_4/8129_東邦ホールディングス/history/10_勝俣恒久/photo_01.jpg,✓,✓,history,
8129,東邦ホールディングス,卸売業,清水正孝,2008-06-01,,,photos_4/8129_東邦ホールディングス/history/11_清水正孝/photo_01.jpg,✓,✓,history,
8129,東邦ホールディングス,卸売業,西澤俊夫,2012-06-01,,,photos_4/8129_東邦ホールディングス/history/12_西澤俊夫/photo_01.jpg,✓,✓,history,
8129,東邦ホールディングス,卸売業,廣瀬直己,2012-06-01,,,photos_4/8129_東邦ホールディングス/history/13_廣瀬直己/photo_01.jpg,✓,✓,history,
8129,東邦ホールディングス,卸売業,小早川智明,2017-06-01,,,photos_4/8129_東邦ホールディングス/history/14_小早川智明/photo_01.jpg,✓,✓,history,
8129,東邦ホールディングス,卸売業,新木栄吉,,,,photos_4/8129_東邦ホールディングス/history/15_新木栄吉/photo_01.jpg,✓,✓,history,
8129,東邦ホールディングス,卸売業,新井章治,,,,photos_4/8129_東邦ホールディングス/history/16_新井章治/photo_01.jpg,✓,✓,history,
8129,東邦ホールディングス,卸売業,菅礼之助,,,,photos_4/8129_東邦ホールディングス/history/17_菅礼之助/photo_01.jpg,✓,✓,history,
8129,東邦ホールディングス,卸売業,田村滋美,,,,photos_4/8129_東邦ホールディングス/history/18_田村滋美/photo_01.jpg,✓,✓,history,
8129,東邦ホールディングス,卸売業,下河邉和彦,,,,photos_4/8129_東邦ホールディングス/history/19_下河邉和彦/photo_01.jpg,✓,✓,history,
8129,東邦ホールディングス,卸売業,数土文夫,,,,photos_4/8129_東邦ホールディングス/history/20_数土文夫/photo_01.jpg,✓,✓,history,
8130,サンゲツ,卸売業,,,,,,,,missing,要調査
8131,ミツウロコグループホールディングス,卸売業,田島 晃平,,（現在）,,photos_4/8131_ミツウロコグループホールディングス/current/photo_01.jpg,✓,✓,current,
8131,ミツウロコグループホールディングス,卸売業,石坂泰三,1949-04-01,1957-11-01,8.59,photos_4/8131_ミツウロコグループホールディングス/history/01_石坂泰三/photo_01.jpg,✓,✓,history,
8131,ミツウロコグループホールディングス,卸売業,岩下文雄,1957-11-01,1965-05-01,7.5,photos_4/8131_ミツウロコグループホールディングス/history/02_岩下文雄/photo_01.jpg,✓,✓,history,
8131,ミツウロコグループホールディングス,卸売業,土光敏夫,1965-05-01,1972-08-01,7.25,photos_4/8131_ミツウロコグループホールディングス/history/03_土光敏夫/photo_01.jpg,✓,✓,history,
8131,ミツウロコグループホールディングス,卸売業,玉置敬三,1972-08-01,,,photos_4/8131_ミツウロコグループホールディングス/history/04_玉置敬三/photo_01.jpg,✓,✓,history,
8131,ミツウロコグループホールディングス,卸売業,岩田弐夫,,,,photos_4/8131_ミツウロコグループホールディングス/history/05_岩田弐夫/photo_01.jpg,✓,✓,history,
8131,ミツウロコグループホールディングス,卸売業,佐波正一,1986-04-01,,,photos_4/8131_ミツウロコグループホールディングス/history/06_佐波正一/photo_01.jpg,✓,✓,history,
8131,ミツウロコグループホールディングス,卸売業,渡里杉一郎,1986-04-01,1987-07-01,1.25,photos_4/8131_ミツウロコグループホールディングス/history/07_渡里杉一郎/photo_01.jpg,✓,✓,history,
8131,ミツウロコグループホールディングス,卸売業,青井舒一,1987-07-01,1992-06-01,4.92,photos_4/8131_ミツウロコグループホールディングス/history/08_青井舒一/photo_01.jpg,✓,✓,history,
8131,ミツウロコグループホールディングス,卸売業,佐藤文夫,1992-06-01,1996-06-01,4.0,photos_4/8131_ミツウロコグループホールディングス/history/09_佐藤文夫/photo_01.jpg,✓,✓,history,
8131,ミツウロコグループホールディングス,卸売業,西室泰三,1996-06-01,2000-06-01,4.0,photos_4/8131_ミツウロコグループホールディングス/history/10_西室泰三/photo_01.jpg,✓,✓,history,
8131,ミツウロコグループホールディングス,卸売業,岡村正,2000-06-01,2005-06-01,5.0,photos_4/8131_ミツウロコグループホールディングス/history/11_岡村正/photo_01.jpg,✓,✓,history,
8131,ミツウロコグループホールディングス,卸売業,西田厚聰,2005-06-01,2009-06-01,4.0,photos_4/8131_ミツウロコグループホールディングス/history/12_西田厚聰/photo_01.jpg,✓,✓,history,
8131,ミツウロコグループホールディングス,卸売業,田中久雄,2013-06-01,2015-07-01,2.08,photos_4/8131_ミツウロコグループホールディングス/history/13_田中久雄/photo_01.jpg,✓,✓,history,
8131,ミツウロコグループホールディングス,卸売業,室町正志,2015-07-01,2016-06-01,0.92,photos_4/8131_ミツウロコグループホールディングス/history/14_室町正志/photo_01.jpg,✓,✓,history,
8131,ミツウロコグループホールディングス,卸売業,綱川智,2016-06-01,2020-03-01,3.75,photos_4/8131_ミツウロコグループホールディングス/history/15_綱川智/photo_01.jpg,✓,✓,history,
8131,ミツウロコグループホールディングス,卸売業,車谷暢昭,2020-04-01,2021-04-01,1.0,photos_4/8131_ミツウロコグループホールディングス/history/16_車谷暢昭/photo_01.jpg,✓,✓,history,
8131,ミツウロコグループホールディングス,卸売業,島田太郎,2022-03-01,,,photos_4/8131_ミツウロコグループホールディングス/history/17_島田太郎/photo_01.jpg,✓,✓,history,
8132,シナネンホールディングス,卸売業,家庭向,2024年12月,（現在）,,photos_4/8132_シナネンホールディングス/current/photo_01.jpg,✓,✓,current,
8132,シナネンホールディングス,卸売業,水野成夫,,,,photos_4/8132_シナネンホールディングス/history/01_水野成夫/photo_01.jpg,✓,✓,history,
8132,シナネンホールディングス,卸売業,鹿内信隆,,,,,,,history,
8132,シナネンホールディングス,卸売業,浅野賢澄,,,,photos_4/8132_シナネンホールディングス/history/03_浅野賢澄/photo_01.jpg,✓,✓,history,
8132,シナネンホールディングス,卸売業,石田達郎,,,,photos_4/8132_シナネンホールディングス/history/04_石田達郎/photo_01.jpg,✓,✓,history,
8132,シナネンホールディングス,卸売業,羽佐間重彰,,,,photos_4/8132_シナネンホールディングス/history/05_羽佐間重彰/photo_01.jpg,✓,✓,history,
8132,シナネンホールディングス,卸売業,日枝久,,,,photos_4/8132_シナネンホールディングス/history/06_日枝久/photo_01.jpg,✓,✓,history,
8132,シナネンホールディングス,卸売業,村上光一,,,,photos_4/8132_シナネンホールディングス/history/07_村上光一/photo_01.jpg,✓,✓,history,
8132,シナネンホールディングス,卸売業,豊田皓,,,,photos_4/8132_シナネンホールディングス/history/08_豊田皓/photo_01.jpg,✓,✓,history,
8132,シナネンホールディングス,卸売業,亀山千広,,,,photos_4/8132_シナネンホールディングス/history/09_亀山千広/photo_01.jpg,✓,✓,history,
8132,シナネンホールディングス,卸売業,宮内正喜,,,,,,,history,
8132,シナネンホールディングス,卸売業,遠藤龍之介,,,,photos_4/8132_シナネンホールディングス/history/11_遠藤龍之介/photo_01.jpg,✓,✓,history,
8132,シナネンホールディングス,卸売業,金光修,,,,photos_4/8132_シナネンホールディングス/history/12_金光修/photo_01.jpg,✓,✓,history,
8132,シナネンホールディングス,卸売業,港浩一,,,,photos_4/8132_シナネンホールディングス/history/13_港浩一/photo_01.jpg,✓,✓,history,
8132,シナネンホールディングス,卸売業,清水賢治,,,,photos_4/8132_シナネンホールディングス/history/14_清水賢治/photo_01.jpg,✓,✓,history,
8133,伊藤忠エネクス,卸売業,田畑　信幸,2025年6月,（現在）,,photos_4/8133_伊藤忠エネクス/current/photo_01.jpg,✓,✓,current,
8133,伊藤忠エネクス,卸売業,初代,,,,photos_4/8133_伊藤忠エネクス/history/01_初代/photo_01.jpg,✓,✓,history,
8133,伊藤忠エネクス,卸売業,二代,,,,photos_4/8133_伊藤忠エネクス/history/02_二代/photo_01.jpg,✓,✓,history,
8133,伊藤忠エネクス,卸売業,三代,,,,photos_4/8133_伊藤忠エネクス/history/03_三代/photo_01.jpg,✓,✓,history,
8133,伊藤忠エネクス,卸売業,四代,,,,photos_4/8133_伊藤忠エネクス/history/04_四代/photo_01.jpg,✓,✓,history,
8133,伊藤忠エネクス,卸売業,五代,,,,photos_4/8133_伊藤忠エネクス/history/05_五代/photo_01.jpg,✓,✓,history,
8133,伊藤忠エネクス,卸売業,六代,,,,photos_4/8133_伊藤忠エネクス/history/06_六代/photo_01.jpg,✓,✓,history,
8133,伊藤忠エネクス,卸売業,七代,,,,photos_4/8133_伊藤忠エネクス/history/07_七代/photo_01.jpg,✓,✓,history,
8133,伊藤忠エネクス,卸売業,八代,,,,photos_4/8133_伊藤忠エネクス/history/08_八代/photo_01.jpg,✓,✓,history,
8133,伊藤忠エネクス,卸売業,九代,,,,photos_4/8133_伊藤忠エネクス/history/09_九代/photo_01.jpg,✓,✓,history,
8133,伊藤忠エネクス,卸売業,十代,,,,photos_4/8133_伊藤忠エネクス/history/10_十代/photo_01.jpg,✓,✓,history,
8133,伊藤忠エネクス,卸売業,十一代,,,,photos_4/8133_伊藤忠エネクス/history/11_十一代/photo_01.jpg,✓,✓,history,
8133,伊藤忠エネクス,卸売業,十二代,,,,photos_4/8133_伊藤忠エネクス/history/12_十二代/photo_01.jpg,✓,✓,history,
8133,伊藤忠エネクス,卸売業,十三代,2021-04-01,,,photos_4/8133_伊藤忠エネクス/history/13_十三代/photo_01.jpg,✓,✓,history,
8135,ゼット,卸売業,当社,,（現在）,,photos_4/8135_ゼット/current/photo_01.jpg,✓,✓,current,
8136,サンリオ,卸売業,,,,,,,,missing,要調査
8137,サンワテクノス,卸売業,立石電機,,,,photos_4/8137_サンワテクノス/history/01_立石電機/photo_01.jpg,✓,✓,history,
8137,サンワテクノス,卸売業,立石一真,,,,photos_4/8137_サンワテクノス/history/02_立石一真/photo_01.jpg,✓,✓,history,
8137,サンワテクノス,卸売業,立石孝雄,,,,photos_4/8137_サンワテクノス/history/03_立石孝雄/photo_01.jpg,✓,✓,history,
8137,サンワテクノス,卸売業,立石義雄,,,,photos_4/8137_サンワテクノス/history/04_立石義雄/photo_01.jpg,✓,✓,history,
8137,サンワテクノス,卸売業,オムロン,,,,photos_4/8137_サンワテクノス/history/05_オムロン/photo_01.jpg,✓,✓,history,
8137,サンワテクノス,卸売業,作田久男,,,,photos_4/8137_サンワテクノス/history/06_作田久男/photo_01.jpg,✓,✓,history,
8137,サンワテクノス,卸売業,山田義仁,,,,photos_4/8137_サンワテクノス/history/07_山田義仁/photo_01.jpg,✓,✓,history,
8137,サンワテクノス,卸売業,辻永順太,,,,photos_4/8137_サンワテクノス/history/08_辻永順太/photo_01.jpg,✓,✓,history,
8138,三京化成,卸売業,小川 和夫,,（現在）,,photos_4/8138_三京化成/current/photo_01.jpg,✓,✓,current,
8139,ナガホリ,卸売業,,,,,,,,missing,要調査
8141,新光商事,卸売業,日本語,,（現在）,,photos_4/8141_新光商事/current/photo_01.jpg,✓,✓,current,
8141,新光商事,卸売業,初代,,,,photos_4/8141_新光商事/history/01_初代/photo_01.jpg,✓,✓,history,
8141,新光商事,卸売業,第二代,,,,photos_4/8141_新光商事/history/02_第二代/photo_01.jpg,✓,✓,history,
8141,新光商事,卸売業,第三代,,,,photos_4/8141_新光商事/history/03_第三代/photo_01.jpg,✓,✓,history,
8141,新光商事,卸売業,第四代,,,,photos_4/8141_新光商事/history/04_第四代/photo_01.jpg,✓,✓,history,
8141,新光商事,卸売業,第五代,,,,photos_4/8141_新光商事/history/05_第五代/photo_01.jpg,✓,✓,history,
8141,新光商事,卸売業,第六代,,,,photos_4/8141_新光商事/history/06_第六代/photo_01.jpg,✓,✓,history,
8141,新光商事,卸売業,第七代,,,,photos_4/8141_新光商事/history/07_第七代/photo_01.jpg,✓,✓,history,
8141,新光商事,卸売業,第八代,,,,photos_4/8141_新光商事/history/08_第八代/photo_01.jpg,✓,✓,history,
8141,新光商事,卸売業,第九代,,,,photos_4/8141_新光商事/history/09_第九代/photo_01.jpg,✓,✓,history,
8141,新光商事,卸売業,第十代,,,,photos_4/8141_新光商事/history/10_第十代/photo_01.jpg,✓,✓,history,
8141,新光商事,卸売業,第十一代,,,,photos_4/8141_新光商事/history/11_第十一代/photo_01.jpg,✓,✓,history,
8141,新光商事,卸売業,第十二代,,,,photos_4/8141_新光商事/history/12_第十二代/photo_01.jpg,✓,✓,history,
8142,トーホー,卸売業,奥野 邦治,2025年4月,（現在）,,photos_4/8142_トーホー/current/photo_01.jpg,✓,✓,current,
8143,ラピーヌ,繊維製品,,,,,,,,missing,要調査
8144,デンキョーグループホールディングス,卸売業,山内房治郎,,,,photos_4/8144_デンキョーグループホールディングス/history/01_山内房治郎/photo_01.jpg,✓,✓,history,
8144,デンキョーグループホールディングス,卸売業,山内積良,,,,photos_4/8144_デンキョーグループホールディングス/history/02_山内積良/photo_01.jpg,✓,✓,history,
8144,デンキョーグループホールディングス,卸売業,山内溥,,,,photos_4/8144_デンキョーグループホールディングス/history/03_山内溥/photo_01.jpg,✓,✓,history,
8144,デンキョーグループホールディングス,卸売業,岩田聡,,,,photos_4/8144_デンキョーグループホールディングス/history/04_岩田聡/photo_01.jpg,✓,✓,history,
8144,デンキョーグループホールディングス,卸売業,君島達己,,,,,,,history,
8144,デンキョーグループホールディングス,卸売業,古川俊太郎,,,,photos_4/8144_デンキョーグループホールディングス/history/06_古川俊太郎/photo_01.jpg,✓,✓,history,
8147,トミタ,卸売業,,,,,,,,missing,要調査
8150,三信電気,卸売業,岩垂邦彦,,,,photos_4/8150_三信電気/history/01_岩垂邦彦/photo_01.jpg,✓,✓,history,
8150,三信電気,卸売業,大畑源一郎,,,,photos_4/8150_三信電気/history/02_大畑源一郎/photo_01.jpg,✓,✓,history,
8150,三信電気,卸売業,志田文雄,,,,photos_4/8150_三信電気/history/03_志田文雄/photo_01.jpg,✓,✓,history,
8150,三信電気,卸売業,梶井剛,,,,photos_4/8150_三信電気/history/04_梶井剛/photo_01.jpg,✓,✓,history,
8150,三信電気,卸売業,佐伯長生,,,,photos_4/8150_三信電気/history/05_佐伯長生/photo_01.jpg,✓,✓,history,
8150,三信電気,卸売業,渡辺斌衡,,,,photos_4/8150_三信電気/history/06_渡辺斌衡/photo_01.jpg,✓,✓,history,
8150,三信電気,卸売業,小林宏治,,,,,,,history,
8150,三信電気,卸売業,田中忠雄,,,,photos_4/8150_三信電気/history/08_田中忠雄/photo_01.jpg,✓,✓,history,
8150,三信電気,卸売業,関本忠弘,,,,photos_4/8150_三信電気/history/09_関本忠弘/photo_01.jpg,✓,✓,history,
8150,三信電気,卸売業,金子尚志,,,,photos_4/8150_三信電気/history/10_金子尚志/photo_01.jpg,✓,✓,history,
8150,三信電気,卸売業,西垣浩司,,,,photos_4/8150_三信電気/history/11_西垣浩司/photo_01.jpg,✓,✓,history,
8150,三信電気,卸売業,金杉明信,,,,photos_4/8150_三信電気/history/12_金杉明信/photo_01.jpg,✓,✓,history,
8150,三信電気,卸売業,矢野薫,,,,photos_4/8150_三信電気/history/13_矢野薫/photo_01.jpg,✓,✓,history,
8150,三信電気,卸売業,遠藤信博,,,,photos_4/8150_三信電気/history/14_遠藤信博/photo_01.jpg,✓,✓,history,
8150,三信電気,卸売業,新野隆,,,,photos_4/8150_三信電気/history/15_新野隆/photo_01.jpg,✓,✓,history,
8150,三信電気,卸売業,森田隆之,,,,photos_4/8150_三信電気/history/16_森田隆之/photo_01.jpg,✓,✓,history,
8151,東陽テクニカ,卸売業,河合洋,,,,photos_4/8151_東陽テクニカ/history/01_河合洋/photo_01.jpg,✓,✓,history,
8151,東陽テクニカ,卸売業,苗手一彦,,,,photos_4/8151_東陽テクニカ/history/02_苗手一彦/photo_01.jpg,✓,✓,history,
8151,東陽テクニカ,卸売業,石川徹郎,,,,photos_4/8151_東陽テクニカ/history/03_石川徹郎/photo_01.jpg,✓,✓,history,
8151,東陽テクニカ,卸売業,榎本誠一,,,,photos_4/8151_東陽テクニカ/history/04_榎本誠一/photo_01.jpg,✓,✓,history,
8152,ソマール,卸売業,,,,,,,,missing,要調査
8153,モスフードサービス,卸売業,"値観
創業者",,（現在）,,photos_4/8153_モスフードサービス/current/photo_01.jpg,✓,✓,current,
8154,加賀電子,卸売業,,,,,,,,missing,要調査
8157,都築電気,情報・通信業,,,,,,,,missing,要調査
8158,ソーダニッカ,卸売業,社会,,（現在）,,photos_4/8158_ソーダニッカ/current/photo_01.jpg,✓,✓,current,
8158,ソーダニッカ,卸売業,石橋太郎,,,,,,,history,
8158,ソーダニッカ,卸売業,矢崎一郎,,,,photos_4/8158_ソーダニッカ/history/02_矢崎一郎/photo_01.jpg,✓,✓,history,
8158,ソーダニッカ,卸売業,小倉英一,,,,photos_4/8158_ソーダニッカ/history/03_小倉英一/photo_01.jpg,✓,✓,history,
8158,ソーダニッカ,卸売業,二井秀明,,,,photos_4/8158_ソーダニッカ/history/04_二井秀明/photo_01.jpg,✓,✓,history,
8158,ソーダニッカ,卸売業,柳康洋,,,,photos_4/8158_ソーダニッカ/history/05_柳康洋/photo_01.jpg,✓,✓,history,
8158,ソーダニッカ,卸売業,長洲崇彦,,,,,,,history,
8159,立花エレテック,卸売業,布山 尚,2021年9月,（現在）,,photos_4/8159_立花エレテック/current/photo_01.jpg,✓,✓,current,
8160,木曽路,小売業,理念 木曽路,,（現在）,,,,,current,
8163,SRSホールディングス,小売業,,,,,,,,missing,要調査
8165,千趣会,小売業,,,,,,,,missing,要調査
8166,タカキュー,小売業,,,,,,,,missing,要調査
8167,リテールパートナーズ,小売業,村井正平,2008-04-01,2013-03-01,4.91,photos_4/8167_リテールパートナーズ/history/01_村井正平/photo_01.jpg,✓,✓,history,
8167,リテールパートナーズ,小売業,梅本和典,2013-03-01,2015-02-01,1.92,photos_4/8167_リテールパートナーズ/history/02_梅本和典/photo_01.jpg,✓,✓,history,
8167,リテールパートナーズ,小売業,岡崎双一,2015-02-01,2019-03-01,4.08,photos_4/8167_リテールパートナーズ/history/03_岡崎双一/photo_01.jpg,✓,✓,history,
8167,リテールパートナーズ,小売業,井出武美,2019-03-01,2025-02-01,5.92,photos_4/8167_リテールパートナーズ/history/04_井出武美/photo_01.jpg,✓,✓,history,
8167,リテールパートナーズ,小売業,古澤康之,2025-03-01,,,photos_4/8167_リテールパートナーズ/history/05_古澤康之/photo_01.jpg,✓,✓,history,
8173,上新電機,小売業,井植歳男,,,,photos_4/8173_上新電機/history/01_井植歳男/photo_01.jpg,✓,✓,history,
8173,上新電機,小売業,井植祐郎,,,,photos_4/8173_上新電機/history/02_井植祐郎/photo_01.jpg,✓,✓,history,
8173,上新電機,小売業,井植薫,,,,photos_4/8173_上新電機/history/03_井植薫/photo_01.jpg,✓,✓,history,
8173,上新電機,小売業,井植敏,,,,photos_4/8173_上新電機/history/04_井植敏/photo_01.jpg,✓,✓,history,
8173,上新電機,小売業,高野泰明,,,,photos_4/8173_上新電機/history/05_高野泰明/photo_01.jpg,✓,✓,history,
8173,上新電機,小売業,近藤定男,,,,photos_4/8173_上新電機/history/06_近藤定男/photo_01.jpg,✓,✓,history,
8173,上新電機,小売業,桑野幸徳,,,,,,,history,
8173,上新電機,小売業,井植敏雅,,,,photos_4/8173_上新電機/history/08_井植敏雅/photo_01.jpg,✓,✓,history,
8173,上新電機,小売業,佐野精一郎,,,,photos_4/8173_上新電機/history/09_佐野精一郎/photo_01.jpg,✓,✓,history,
8173,上新電機,小売業,伊藤正人,,,,photos_4/8173_上新電機/history/10_伊藤正人/photo_01.jpg,✓,✓,history,
8173,上新電機,小売業,中川能亨,,,,photos_4/8173_上新電機/history/11_中川能亨/photo_01.jpg,✓,✓,history,
8173,上新電機,小売業,井垣誠一郎,,,,photos_4/8173_上新電機/history/12_井垣誠一郎/photo_01.jpg,✓,✓,history,
8174,日本瓦斯,小売業,,,,,,,,missing,要調査
8179,ロイヤルホールディングス,小売業,,,,,,,,missing,要調査
8181,東天紅,小売業,,,,,,,,missing,要調査
8185,チヨダ,小売業,町野　雅俊,,（現在）,,photos_4/8185_チヨダ/current/photo_01.jpg,✓,✓,current,
8194,ライフコーポレーション,小売業,現職,,,,photos_4/8194_ライフコーポレーション/history/01_現職/photo_01.jpg,✓,✓,history,
8198,マックスバリュ東海,小売業,店舗,,（現在）,,photos_4/8198_マックスバリュ東海/current/photo_01.jpg,✓,✓,current,
8200,リンガーハット,小売業,,,,,,,,missing,要調査
8202,ラオックスホールディングス,小売業,現職,,,,photos_4/8202_ラオックスホールディングス/history/01_現職/photo_01.jpg,✓,✓,history,
8203,MrMaxHD,小売業,平野 能章,,（現在）,,photos_4/8203_MrMaxHD/current/photo_01.jpg,✓,✓,current,
8207,テンアライド,小売業,,,,,,,,missing,要調査
8209,フレンドリー,小売業,,,,,,,,missing,要調査
8214,AOKIホールディングス,小売業,"戦略
業績",,（現在）,,,,,current,
8214,AOKIホールディングス,小売業,河合辰太郎,,,,photos_4/8214_AOKIホールディングス/history/01_河合辰太郎/photo_01.jpg,✓,✓,history,
8214,AOKIホールディングス,小売業,伊藤貴志,,,,photos_4/8214_AOKIホールディングス/history/02_伊藤貴志/photo_01.jpg,✓,✓,history,
8214,AOKIホールディングス,小売業,井上源之丞,,,,photos_4/8214_AOKIホールディングス/history/03_井上源之丞/photo_01.jpg,✓,✓,history,
8214,AOKIホールディングス,小売業,山田三郎太,,,,photos_4/8214_AOKIホールディングス/history/04_山田三郎太/photo_01.jpg,✓,✓,history,
8214,AOKIホールディングス,小売業,沢村嘉一,,,,,,,history,
8214,AOKIホールディングス,小売業,鈴木和夫,,,,photos_4/8214_AOKIホールディングス/history/06_鈴木和夫/photo_01.jpg,✓,✓,history,
8214,AOKIホールディングス,小売業,藤田弘道,,,,photos_4/8214_AOKIホールディングス/history/07_藤田弘道/photo_01.jpg,✓,✓,history,
8214,AOKIホールディングス,小売業,足立直樹,,,,,,,history,
8214,AOKIホールディングス,小売業,金子真吾,,,,photos_4/8214_AOKIホールディングス/history/09_金子真吾/photo_01.jpg,✓,✓,history,
8214,AOKIホールディングス,小売業,麿秀晴,,,,photos_4/8214_AOKIホールディングス/history/10_麿秀晴/photo_01.jpg,✓,✓,history,
8217,オークワ,小売業,,,,,,,,missing,要調査
8218,コメリ,小売業,,,,,,,,missing,要調査
8219,青山商事,小売業,洋服,2025年4月,（現在）,,photos_4/8219_青山商事/current/photo_01.jpg,✓,✓,current,
8219,青山商事,小売業,初代,,,,photos_4/8219_青山商事/history/01_初代/photo_01.jpg,✓,✓,history,
8219,青山商事,小売業,二代,,,,photos_4/8219_青山商事/history/02_二代/photo_01.jpg,✓,✓,history,
8219,青山商事,小売業,三代,,,,photos_4/8219_青山商事/history/03_三代/photo_01.jpg,✓,✓,history,
8219,青山商事,小売業,四代,,,,photos_4/8219_青山商事/history/04_四代/photo_01.jpg,✓,✓,history,
8219,青山商事,小売業,五代,,,,photos_4/8219_青山商事/history/05_五代/photo_01.jpg,✓,✓,history,
8219,青山商事,小売業,六代,,,,photos_4/8219_青山商事/history/06_六代/photo_01.jpg,✓,✓,history,
8219,青山商事,小売業,七代,,,,photos_4/8219_青山商事/history/07_七代/photo_01.jpg,✓,✓,history,
8219,青山商事,小売業,八代,,,,photos_4/8219_青山商事/history/08_八代/photo_01.jpg,✓,✓,history,
8219,青山商事,小売業,九代,,,,photos_4/8219_青山商事/history/09_九代/photo_01.jpg,✓,✓,history,
8219,青山商事,小売業,十代,,,,photos_4/8219_青山商事/history/10_十代/photo_01.jpg,✓,✓,history,
8219,青山商事,小売業,十一代,,,,photos_4/8219_青山商事/history/11_十一代/photo_01.jpg,✓,✓,history,
8219,青山商事,小売業,十二代,,,,photos_4/8219_青山商事/history/12_十二代/photo_01.jpg,✓,✓,history,
8219,青山商事,小売業,十三代,2021-04-01,,,photos_4/8219_青山商事/history/13_十三代/photo_01.jpg,✓,✓,history,
8225,タカチホ,卸売業,,,,,,,,missing,要調査
8226,理経,卸売業,猪坂 哲,,（現在）,,photos_4/8226_理経/current/photo_01.jpg,✓,✓,current,
8227,しまむら,小売業,,,,,,,,missing,要調査
8230,はせがわ,小売業,,,,,,,,missing,要調査
8233,高島屋,小売業,"連携
 中長期",2025年11月,（現在）,,photos_4/8233_高島屋/current/photo_01.jpg,✓,✓,current,
8237,松屋,小売業,現職,,,,photos_4/8237_松屋/history/01_現職/photo_01.jpg,✓,✓,history,
8242,エイチ・ツー・オー　リテイリング,小売業,現職,,,,photos_4/8242_エイチ・ツー・オー_リテイリング/history/01_現職/photo_01.jpg,✓,✓,history,
8244,近鉄百貨店,小売業,京都近鉄百貨店,,,,photos_4/8244_近鉄百貨店/history/01_京都近鉄百貨店/photo_01.jpg,✓,✓,history,
8247,大和,小売業,石橋義一郎,,,,photos_4/8247_大和/history/01_石橋義一郎/photo_01.jpg,✓,✓,history,
8247,大和,小売業,石橋信夫,,,,,,,history,
8247,大和,小売業,石橋殾一,,,,photos_4/8247_大和/history/03_石橋殾一/photo_01.jpg,✓,✓,history,
8247,大和,小売業,上村圭一,,,,photos_4/8247_大和/history/04_上村圭一/photo_01.jpg,✓,✓,history,
8247,大和,小売業,石橋伸康,,,,photos_4/8247_大和/history/05_石橋伸康/photo_01.jpg,✓,✓,history,
8247,大和,小売業,東郷武,,,,photos_4/8247_大和/history/06_東郷武/photo_01.jpg,✓,✓,history,
8247,大和,小売業,樋口武男,,,,photos_4/8247_大和/history/07_樋口武男/photo_01.jpg,✓,✓,history,
8247,大和,小売業,村上健治,,,,photos_4/8247_大和/history/08_村上健治/photo_01.jpg,✓,✓,history,
8247,大和,小売業,大野直竹,,,,photos_4/8247_大和/history/09_大野直竹/photo_01.jpg,✓,✓,history,
8247,大和,小売業,芳井敬一,,,,photos_4/8247_大和/history/10_芳井敬一/photo_01.jpg,✓,✓,history,
8247,大和,小売業,大友浩嗣,,,,photos_4/8247_大和/history/11_大友浩嗣/photo_01.jpg,✓,✓,history,
8252,丸井グループ,小売業,現職,2005-04-01,,,photos_4/8252_丸井グループ/history/01_現職/photo_01.jpg,✓,✓,history,
8253,クレディセゾン,その他金融業,,,,,,,,missing,要調査
8254,さいか屋,小売業,,,,,,,,missing,要調査
8255,アクシアル　リテイリング,小売業,猪木寛至,1972-01-01,1989-07-01,17.5,photos_4/8255_アクシアル_リテイリング/history/01_猪木寛至/photo_01.jpg,✓,✓,history,
8255,アクシアル　リテイリング,小売業,坂口征二,1989-07-01,1999-06-01,9.92,photos_4/8255_アクシアル_リテイリング/history/02_坂口征二/photo_01.jpg,✓,✓,history,
8255,アクシアル　リテイリング,小売業,藤波辰巳,1999-06-01,2004-06-01,5.0,photos_4/8255_アクシアル_リテイリング/history/03_藤波辰巳/photo_01.jpg,✓,✓,history,
8255,アクシアル　リテイリング,小売業,草間政一,2004-06-01,2005-05-01,0.91,photos_4/8255_アクシアル_リテイリング/history/04_草間政一/photo_01.jpg,✓,✓,history,
8255,アクシアル　リテイリング,小売業,菅林直樹,2007-04-01,2013-09-01,6.42,photos_4/8255_アクシアル_リテイリング/history/05_菅林直樹/photo_01.jpg,✓,✓,history,
8255,アクシアル　リテイリング,小売業,手塚要,2013-09-01,2016-02-01,2.42,photos_4/8255_アクシアル_リテイリング/history/06_手塚要/photo_01.jpg,✓,✓,history,
8255,アクシアル　リテイリング,小売業,原田克彦,2016-02-01,2018-05-01,2.25,photos_4/8255_アクシアル_リテイリング/history/07_原田克彦/photo_01.jpg,✓,✓,history,
8255,アクシアル　リテイリング,小売業,大張高己,2020-10-01,2023-12-01,3.16,photos_4/8255_アクシアル_リテイリング/history/08_大張高己/photo_01.jpg,✓,✓,history,
8255,アクシアル　リテイリング,小売業,棚橋弘至,2023-12-01,,,photos_4/8255_アクシアル_リテイリング/history/09_棚橋弘至/photo_01.jpg,✓,✓,history,
8260,井筒屋,小売業,初代,,,,photos_4/8260_井筒屋/history/01_初代/photo_01.jpg,✓,✓,history,
8267,イオン,小売業,村井正平,2008-04-01,2013-03-01,4.91,photos_4/8267_イオン/history/01_村井正平/photo_01.jpg,✓,✓,history,
8267,イオン,小売業,梅本和典,2013-03-01,2015-02-01,1.92,photos_4/8267_イオン/history/02_梅本和典/photo_01.jpg,✓,✓,history,
8267,イオン,小売業,岡崎双一,2015-02-01,2019-03-01,4.08,photos_4/8267_イオン/history/03_岡崎双一/photo_01.jpg,✓,✓,history,
8267,イオン,小売業,井出武美,2019-03-01,2025-02-01,5.92,photos_4/8267_イオン/history/04_井出武美/photo_01.jpg,✓,✓,history,
8267,イオン,小売業,古澤康之,2025-03-01,,,photos_4/8267_イオン/history/05_古澤康之/photo_01.jpg,✓,✓,history,
8273,イズミ,小売業,基本方針,,（現在）,,photos_4/8273_イズミ/current/photo_01.jpg,✓,✓,current,
8275,フォーバル,卸売業,初代法人,,,,photos_4/8275_フォーバル/history/01_初代法人/photo_01.jpg,✓,✓,history,
8275,フォーバル,卸売業,宇野康秀,,,,photos_4/8275_フォーバル/history/02_宇野康秀/photo_01.jpg,✓,✓,history,
8275,フォーバル,卸売業,鈴木達,,,,photos_4/8275_フォーバル/history/03_鈴木達/photo_01.jpg,✓,✓,history,
8275,フォーバル,卸売業,武林聡,,,,photos_4/8275_フォーバル/history/04_武林聡/photo_01.jpg,✓,✓,history,
8275,フォーバル,卸売業,鈴木孝博,,,,photos_4/8275_フォーバル/history/05_鈴木孝博/photo_01.jpg,✓,✓,history,
8275,フォーバル,卸売業,大澤智憲,,,,,,,history,
8276,平和堂,小売業,,,,,,,,missing,要調査
8278,フジ,小売業,山口　普,2024年3月,（現在）,,photos_4/8278_フジ/current/photo_01.jpg,✓,✓,current,
8278,フジ,小売業,水野成夫,,,,photos_4/8278_フジ/history/01_水野成夫/photo_01.jpg,✓,✓,history,
8278,フジ,小売業,鹿内信隆,,,,photos_4/8278_フジ/history/02_鹿内信隆/photo_01.jpg,✓,✓,history,
8278,フジ,小売業,浅野賢澄,,,,photos_4/8278_フジ/history/03_浅野賢澄/photo_01.jpg,✓,✓,history,
8278,フジ,小売業,石田達郎,,,,photos_4/8278_フジ/history/04_石田達郎/photo_01.jpg,✓,✓,history,
8278,フジ,小売業,羽佐間重彰,,,,photos_4/8278_フジ/history/05_羽佐間重彰/photo_01.jpg,✓,✓,history,
8278,フジ,小売業,日枝久,,,,photos_4/8278_フジ/history/06_日枝久/photo_01.jpg,✓,✓,history,
8278,フジ,小売業,村上光一,,,,photos_4/8278_フジ/history/07_村上光一/photo_01.jpg,✓,✓,history,
8278,フジ,小売業,豊田皓,,,,photos_4/8278_フジ/history/08_豊田皓/photo_01.jpg,✓,✓,history,
8278,フジ,小売業,亀山千広,,,,photos_4/8278_フジ/history/09_亀山千広/photo_01.jpg,✓,✓,history,
8278,フジ,小売業,宮内正喜,,,,,,,history,
8278,フジ,小売業,遠藤龍之介,,,,photos_4/8278_フジ/history/11_遠藤龍之介/photo_01.jpg,✓,✓,history,
8278,フジ,小売業,金光修,,,,photos_4/8278_フジ/history/12_金光修/photo_01.jpg,✓,✓,history,
8278,フジ,小売業,港浩一,,,,photos_4/8278_フジ/history/13_港浩一/photo_01.jpg,✓,✓,history,
8278,フジ,小売業,清水賢治,,,,photos_4/8278_フジ/history/14_清水賢治/photo_01.jpg,✓,✓,history,
8279,ヤオコー,小売業,,,,,,,,missing,要調査
8281,ゼビオホールディングス,小売業,,,,,,,,missing,要調査
8282,ケーズホールディングス,小売業,,,,,,,,missing,要調査
8283,PALTAC,卸売業,"会長
糟谷",2011年6月,（現在）,,photos_4/8283_PALTAC/current/photo_01.jpg,✓,✓,current,
8283,PALTAC,卸売業,小林忠兵衛,,,,photos_4/8283_PALTAC/history/01_小林忠兵衛/photo_01.jpg,✓,✓,history,
8283,PALTAC,卸売業,祖父は吉太郎,,,,photos_4/8283_PALTAC/history/02_祖父は吉太郎/photo_01.jpg,✓,✓,history,
8285,三谷産業,卸売業,,,,,,,,missing,要調査
8289,Olympicグループ,小売業,,,,,,,,missing,要調査
8291,日産東京販売ホールディングス,小売業,竹林 彰,,（現在）,,photos_4/8291_日産東京販売ホールディングス/current/photo_01.jpg,✓,✓,current,
8291,日産東京販売ホールディングス,小売業,鮎川 義介,,,,photos_4/8291_日産東京販売ホールディングス/history/01_鮎川_義介/photo_01.jpg,✓,✓,history,
8291,日産東京販売ホールディングス,小売業,淺原 源七,,,,photos_4/8291_日産東京販売ホールディングス/history/02_淺原_源七/photo_01.jpg,✓,✓,history,
8291,日産東京販売ホールディングス,小売業,工藤 治人,,,,photos_4/8291_日産東京販売ホールディングス/history/03_工藤_治人/photo_01.jpg,✓,✓,history,
8291,日産東京販売ホールディングス,小売業,山本 惣治,1945-10-01,,,photos_4/8291_日産東京販売ホールディングス/history/04_山本_惣治/photo_01.jpg,✓,✓,history,
8291,日産東京販売ホールディングス,小売業,川又 克二,1957-11-01,,,photos_4/8291_日産東京販売ホールディングス/history/05_川又_克二/photo_01.jpg,✓,✓,history,
8291,日産東京販売ホールディングス,小売業,岩越 忠恕,1973-11-01,,,photos_4/8291_日産東京販売ホールディングス/history/06_岩越_忠恕/photo_01.jpg,✓,✓,history,
8291,日産東京販売ホールディングス,小売業,西川 廣人,,,,,,,history,
8291,日産東京販売ホールディングス,小売業,山内 康裕,2019-12-01,,,photos_4/8291_日産東京販売ホールディングス/history/08_山内_康裕/photo_01.jpg,✓,✓,history,
8304,あおぞら銀行,銀行業,,,,,,,,missing,要調査
8306,三菱UFJフィナンシャル・グループ,銀行業,亀澤 宏規,2025年10月,（現在）,,photos_4/8306_三菱UFJフィナンシャル・グループ/current/photo_01.jpg,✓,✓,current,
8306,三菱UFJフィナンシャル・グループ,銀行業,畔柳信雄,2005-10-01,2010-04-01,4.5,photos_4/8306_三菱UFJフィナンシャル・グループ/history/01_畔柳信雄/photo_01.jpg,✓,✓,history,
8306,三菱UFJフィナンシャル・グループ,銀行業,永易克典,2010-04-01,2013-04-01,3.0,photos_4/8306_三菱UFJフィナンシャル・グループ/history/02_永易克典/photo_01.jpg,✓,✓,history,
8306,三菱UFJフィナンシャル・グループ,銀行業,平野信行,2013-04-01,2019-04-01,6.0,photos_4/8306_三菱UFJフィナンシャル・グループ/history/03_平野信行/photo_01.jpg,✓,✓,history,
8306,三菱UFJフィナンシャル・グループ,銀行業,三毛兼承,2019-04-01,2020-04-01,1.0,photos_4/8306_三菱UFJフィナンシャル・グループ/history/04_三毛兼承/photo_01.jpg,✓,✓,history,
8306,三菱UFJフィナンシャル・グループ,銀行業,亀澤宏規,2020-04-01,2026-03-01,5.91,photos_4/8306_三菱UFJフィナンシャル・グループ/history/05_亀澤宏規/photo_01.jpg,✓,✓,history,
8306,三菱UFJフィナンシャル・グループ,銀行業,半沢淳一,2026-04-01,,,photos_4/8306_三菱UFJフィナンシャル・グループ/history/06_半沢淳一/photo_01.jpg,✓,✓,history,
8308,りそなホールディングス,銀行業,勝田泰久,2001-12-01,2003-05-01,1.41,photos_4/8308_りそなホールディングス/history/01_勝田泰久/photo_01.jpg,✓,✓,history,
8308,りそなホールディングス,銀行業,川田憲治,2003-05-01,2006-06-01,3.09,photos_4/8308_りそなホールディングス/history/02_川田憲治/photo_01.jpg,✓,✓,history,
8308,りそなホールディングス,銀行業,水田廣行,2006-06-01,2007-06-01,1.0,photos_4/8308_りそなホールディングス/history/03_水田廣行/photo_01.jpg,✓,✓,history,
8308,りそなホールディングス,銀行業,檜垣誠司,2007-06-01,2013-04-01,5.83,photos_4/8308_りそなホールディングス/history/04_檜垣誠司/photo_01.jpg,✓,✓,history,
8308,りそなホールディングス,銀行業,東和浩,2013-04-01,2020-04-01,7.0,photos_4/8308_りそなホールディングス/history/05_東和浩/photo_01.jpg,✓,✓,history,
8308,りそなホールディングス,銀行業,南昌宏,2020-04-01,,,photos_4/8308_りそなホールディングス/history/06_南昌宏/photo_01.jpg,✓,✓,history,
8309,三井住友トラストグループ,銀行業,"締役
大久保",2006年6月,（現在）,,photos_4/8309_三井住友トラストグループ/current/photo_01.jpg,✓,✓,current,
8309,三井住友トラストグループ,銀行業,田辺和夫,2011-04-01,2012-03-01,0.92,photos_4/8309_三井住友トラストグループ/history/01_田辺和夫/photo_01.jpg,✓,✓,history,
8309,三井住友トラストグループ,銀行業,北村邦太郎,2012-04-01,2017-03-01,4.91,photos_4/8309_三井住友トラストグループ/history/02_北村邦太郎/photo_01.jpg,✓,✓,history,
8309,三井住友トラストグループ,銀行業,大久保哲夫,2017-04-01,2021-03-01,3.92,photos_4/8309_三井住友トラストグループ/history/03_大久保哲夫/photo_01.jpg,✓,✓,history,
8309,三井住友トラストグループ,銀行業,高倉透,2021-04-01,2026-04-01,5.0,photos_4/8309_三井住友トラストグループ/history/04_高倉透/photo_01.jpg,✓,✓,history,
8309,三井住友トラストグループ,銀行業,大山一也,2026-04-01,,,photos_4/8309_三井住友トラストグループ/history/05_大山一也/photo_01.jpg,✓,✓,history,
8316,三井住友フィナンシャルグループ,銀行業,西川善文,2002-12-01,2005-06-01,2.5,photos_4/8316_三井住友フィナンシャルグループ/history/01_西川善文/photo_01.jpg,✓,✓,history,
8316,三井住友フィナンシャルグループ,銀行業,北山禎介,2005-06-01,2011-03-01,5.75,photos_4/8316_三井住友フィナンシャルグループ/history/02_北山禎介/photo_01.jpg,✓,✓,history,
8316,三井住友フィナンシャルグループ,銀行業,宮田孝一,2011-04-01,2017-03-01,5.92,photos_4/8316_三井住友フィナンシャルグループ/history/03_宮田孝一/photo_01.jpg,✓,✓,history,
8316,三井住友フィナンシャルグループ,銀行業,國部毅,2017-04-01,2019-04-01,2.0,photos_4/8316_三井住友フィナンシャルグループ/history/04_國部毅/photo_01.jpg,✓,✓,history,
8316,三井住友フィナンシャルグループ,銀行業,太田純,2019-04-01,2023-11-01,4.59,photos_4/8316_三井住友フィナンシャルグループ/history/05_太田純/photo_01.jpg,✓,✓,history,
8316,三井住友フィナンシャルグループ,銀行業,中島達,2023-12-01,,,photos_4/8316_三井住友フィナンシャルグループ/history/06_中島達/photo_01.jpg,✓,✓,history,
8331,千葉銀行,銀行業,,,,,,,,missing,要調査
8334,群馬銀行,銀行業,,,,,,,,missing,要調査
8336,武蔵野銀行,銀行業,,,,,,,,missing,要調査
8337,千葉興業銀行,銀行業,"査役
金杉",,（現在）,,photos_4/8337_千葉興業銀行/current/photo_01.jpg,✓,✓,current,
8338,筑波銀行,銀行業,,,,,,,,missing,要調査
8341,七十七銀行,銀行業,,,,,,,,missing,要調査
8343,秋田銀行,銀行業,,,,,,,,missing,要調査
8344,山形銀行,銀行業,,,,,,,,missing,要調査
8345,岩手銀行,銀行業,,,,,,,,missing,要調査
8346,東邦銀行,銀行業,,,,,,,,missing,要調査
8349,東北銀行,銀行業,,,,,,,,missing,要調査
8354,ふくおかフィナンシャルグループ,銀行業,地域,2007年4月,（現在）,,photos_4/8354_ふくおかフィナンシャルグループ/current/photo_01.jpg,✓,✓,current,
8354,ふくおかフィナンシャルグループ,銀行業,谷正明,2014-06-01,,,photos_4/8354_ふくおかフィナンシャルグループ/history/01_谷正明/photo_01.jpg,✓,✓,history,
8354,ふくおかフィナンシャルグループ,銀行業,柴戸隆成,2022-03-01,,,photos_4/8354_ふくおかフィナンシャルグループ/history/02_柴戸隆成/photo_01.jpg,✓,✓,history,
8354,ふくおかフィナンシャルグループ,銀行業,五島久,,,,photos_4/8354_ふくおかフィナンシャルグループ/history/03_五島久/photo_01.jpg,✓,✓,history,
8358,スルガ銀行,銀行業,,,,,,,,missing,要調査
8359,八十二銀行,銀行業,,,,,,,,missing,要調査
8360,山梨中央銀行,銀行業,,,,,,,,missing,要調査
8361,大垣共立銀行,銀行業,,,,,,,,missing,要調査
8362,福井銀行,銀行業,,,,,,,,missing,要調査
8364,清水銀行,銀行業,,,,,,,,missing,要調査
8365,富山銀行,銀行業,,,,,,,,missing,要調査
8366,滋賀銀行,銀行業,,,,,,,,missing,要調査
8367,南都銀行,銀行業,,,,,,,,missing,要調査
8368,百五銀行,銀行業,,,,,,,,missing,要調査
8370,紀陽銀行,銀行業,,,,,,,,missing,要調査
8377,ほくほくフィナンシャルグループ,銀行業,,,,,,,,missing,要調査
8381,山陰合同銀行,銀行業,,,,,,,,missing,要調査
8383,鳥取銀行,銀行業,,,,,,,,missing,要調査
8386,百十四銀行,銀行業,宮本園丸,,,,photos_4/8386_百十四銀行/history/01_宮本園丸/photo_01.jpg,✓,✓,history,
8386,百十四銀行,銀行業,鎌田房次,,,,photos_4/8386_百十四銀行/history/02_鎌田房次/photo_01.jpg,✓,✓,history,
8386,百十四銀行,銀行業,井上耕作,,,,photos_4/8386_百十四銀行/history/03_井上耕作/photo_01.jpg,✓,✓,history,
8386,百十四銀行,銀行業,中村新太郎,,,,photos_4/8386_百十四銀行/history/04_中村新太郎/photo_01.jpg,✓,✓,history,
8386,百十四銀行,銀行業,宮武耕造,,,,photos_4/8386_百十四銀行/history/05_宮武耕造/photo_01.jpg,✓,✓,history,
8386,百十四銀行,銀行業,塩田伊三郎,,,,photos_4/8386_百十四銀行/history/06_塩田伊三郎/photo_01.jpg,✓,✓,history,
8386,百十四銀行,銀行業,里見信三,,,,photos_4/8386_百十四銀行/history/07_里見信三/photo_01.jpg,✓,✓,history,
8386,百十四銀行,銀行業,綾田整治,,,,photos_4/8386_百十四銀行/history/08_綾田整治/photo_01.jpg,✓,✓,history,
8386,百十四銀行,銀行業,中條晴夫,1995-05-01,1995-05-17,0.04,photos_4/8386_百十四銀行/history/09_中條晴夫/photo_01.jpg,✓,✓,history,
8386,百十四銀行,銀行業,松本恭輔,2005-09-01,2005-09-04,0.01,photos_4/8386_百十四銀行/history/10_松本恭輔/photo_01.jpg,✓,✓,history,
8386,百十四銀行,銀行業,綾田修作,,,,photos_4/8386_百十四銀行/history/11_綾田修作/photo_01.jpg,✓,✓,history,
8386,百十四銀行,銀行業,竹崎克彦,,,,photos_4/8386_百十四銀行/history/12_竹崎克彦/photo_01.jpg,✓,✓,history,
8386,百十四銀行,銀行業,渡邉智樹,,,,photos_4/8386_百十四銀行/history/13_渡邉智樹/photo_01.jpg,✓,✓,history,
8386,百十四銀行,銀行業,綾田裕次郎,,,,photos_4/8386_百十四銀行/history/14_綾田裕次郎/photo_01.jpg,✓,✓,history,
8387,四国銀行,銀行業,伊東弘敦,,,,photos_4/8387_四国銀行/history/01_伊東弘敦/photo_01.jpg,✓,✓,history,
8387,四国銀行,銀行業,梅原利之,,,,photos_4/8387_四国銀行/history/02_梅原利之/photo_01.jpg,✓,✓,history,
8387,四国銀行,銀行業,松田清宏,,,,photos_4/8387_四国銀行/history/03_松田清宏/photo_01.jpg,✓,✓,history,
8387,四国銀行,銀行業,泉雅文,,,,photos_4/8387_四国銀行/history/04_泉雅文/photo_01.jpg,✓,✓,history,
8387,四国銀行,銀行業,半井真司,,,,photos_4/8387_四国銀行/history/05_半井真司/photo_01.jpg,✓,✓,history,
8387,四国銀行,銀行業,西牧世博,,,,photos_4/8387_四国銀行/history/06_西牧世博/photo_01.jpg,✓,✓,history,
8387,四国銀行,銀行業,四之宮和幸,,,,photos_4/8387_四国銀行/history/07_四之宮和幸/photo_01.jpg,✓,✓,history,
8388,阿波銀行,銀行業,,,,,,,,missing,要調査
8392,大分銀行,銀行業,,,,,,,,missing,要調査
8393,宮崎銀行,銀行業,副頭取,,,,photos_4/8393_宮崎銀行/history/01_副頭取/photo_01.jpg,✓,✓,history,
8393,宮崎銀行,銀行業,安田善之助,,,,photos_4/8393_宮崎銀行/history/02_安田善之助/photo_01.jpg,✓,✓,history,
8395,佐賀銀行,銀行業,副頭取,,,,photos_4/8395_佐賀銀行/history/01_副頭取/photo_01.jpg,✓,✓,history,
8395,佐賀銀行,銀行業,安田善之助,,,,photos_4/8395_佐賀銀行/history/02_安田善之助/photo_01.jpg,✓,✓,history,
8399,琉球銀行,銀行業,,,,,,,,missing,要調査
8410,セブン銀行,銀行業,銀行 松橋,,（現在）,,,,,current,
8411,みずほフィナンシャルグループ,銀行業,,,,,,,,missing,要調査
8416,高知銀行,銀行業,,,,,,,,missing,要調査
8418,山口フィナンシャルグループ,銀行業,福田浩一,2006-10-01,2016-06-29,9.74,photos_4/8418_山口フィナンシャルグループ/history/01_福田浩一/photo_01.jpg,✓,✓,history,
8418,山口フィナンシャルグループ,銀行業,吉村猛,2016-06-01,2020-06-25,4.07,photos_4/8418_山口フィナンシャルグループ/history/02_吉村猛/photo_01.jpg,✓,✓,history,
8418,山口フィナンシャルグループ,銀行業,椋梨敬介,2020-06-01,2020-06-25,0.07,photos_4/8418_山口フィナンシャルグループ/history/03_椋梨敬介/photo_01.jpg,✓,✓,history,
8424,芙蓉総合リース,その他金融業,,,,,,,,missing,要調査
8425,みずほリース,その他金融業,,,,,,,,missing,要調査
8439,東京センチュリー,その他金融業,藤原 弘治,,（現在）,,photos_4/8439_東京センチュリー/current/photo_01.jpg,✓,✓,current,
8473,SBIホールディングス,証券・商品先物取引業,,,,,,,,missing,要調査
8508,Jトラスト,その他金融業,"小
中",2025年6月,（現在）,,photos_4/8508_Jトラスト/current/photo_01.jpg,✓,✓,current,
8511,日本証券金融,その他金融業,,,,,,,,missing,要調査
8515,アイフル,その他金融業,,,,,,,,missing,要調査
8518,日本アジア投資,証券・商品先物取引業,丸山　俊,,（現在）,,photos_4/8518_日本アジア投資/current/photo_01.jpg,✓,✓,current,
8522,名古屋銀行,銀行業,,,,,,,,missing,要調査
8524,北洋銀行,銀行業,武井正直,,,,photos_4/8524_北洋銀行/history/01_武井正直/photo_01.jpg,✓,✓,history,
8537,大光銀行,銀行業,東大法学部卒,,,,photos_4/8537_大光銀行/history/01_東大法学部卒/photo_01.jpg,✓,✓,history,
8537,大光銀行,銀行業,元大蔵省,,,,photos_4/8537_大光銀行/history/02_元大蔵省/photo_01.jpg,✓,✓,history,
8537,大光銀行,銀行業,京大法学部卒,,,,photos_4/8537_大光銀行/history/03_京大法学部卒/photo_01.jpg,✓,✓,history,
8537,大光銀行,銀行業,新潟県出身,,,,photos_4/8537_大光銀行/history/04_新潟県出身/photo_01.jpg,✓,✓,history,
8541,愛媛銀行,銀行業,,,,,,,,missing,要調査
8542,トマト銀行,銀行業,渡辺源太郎,,,,photos_4/8542_トマト銀行/history/01_渡辺源太郎/photo_01.jpg,✓,✓,history,
8542,トマト銀行,銀行業,奥多計三,,,,photos_4/8542_トマト銀行/history/02_奥多計三/photo_01.jpg,✓,✓,history,
8542,トマト銀行,銀行業,寺尾知之,,,,photos_4/8542_トマト銀行/history/03_寺尾知之/photo_01.jpg,✓,✓,history,
8542,トマト銀行,銀行業,日下辰太,,,,photos_4/8542_トマト銀行/history/04_日下辰太/photo_01.jpg,✓,✓,history,
8542,トマト銀行,銀行業,立林文二,,,,photos_4/8542_トマト銀行/history/05_立林文二/photo_01.jpg,✓,✓,history,
8542,トマト銀行,銀行業,前田勇,,,,photos_4/8542_トマト銀行/history/06_前田勇/photo_01.jpg,✓,✓,history,
8542,トマト銀行,銀行業,吉田憲治,,,,photos_4/8542_トマト銀行/history/07_吉田憲治/photo_01.jpg,✓,✓,history,
8542,トマト銀行,銀行業,吉田忠明,,,,photos_4/8542_トマト銀行/history/08_吉田忠明/photo_01.jpg,✓,✓,history,
8542,トマト銀行,銀行業,中川隆進,,,,photos_4/8542_トマト銀行/history/09_中川隆進/photo_01.jpg,✓,✓,history,
8542,トマト銀行,銀行業,高木晶悟,,,,photos_4/8542_トマト銀行/history/10_高木晶悟/photo_01.jpg,✓,✓,history,
8544,京葉銀行,銀行業,,,,,,,,missing,要調査
8550,栃木銀行,銀行業,,,,,,,,missing,要調査
8551,北日本銀行,銀行業,,,,,,,,missing,要調査
8558,東和銀行,銀行業,高木祥吉,2007-10-01,2009-11-20,2.14,photos_4/8558_東和銀行/history/01_高木祥吉/photo_01.jpg,✓,✓,history,
8558,東和銀行,銀行業,井澤吉幸,2009-12-01,2015-03-31,5.33,photos_4/8558_東和銀行/history/02_井澤吉幸/photo_01.jpg,✓,✓,history,
8558,東和銀行,銀行業,西室泰三,2015-04-01,2015-05-01,0.08,photos_4/8558_東和銀行/history/03_西室泰三/photo_01.jpg,✓,✓,history,
8558,東和銀行,銀行業,長門正貢,2015-05-01,2016-03-31,0.92,photos_4/8558_東和銀行/history/04_長門正貢/photo_01.jpg,✓,✓,history,
8558,東和銀行,銀行業,池田憲人,2016-04-01,2024-03-31,8.0,photos_4/8558_東和銀行/history/05_池田憲人/photo_01.jpg,✓,✓,history,
8558,東和銀行,銀行業,笠間貴之,2024-04-01,,,photos_4/8558_東和銀行/history/06_笠間貴之/photo_01.jpg,✓,✓,history,
8562,福島銀行,銀行業,,,,,,,,missing,要調査
8563,大東銀行,銀行業,多田勝美,,,,photos_4/8563_大東銀行/history/01_多田勝美/photo_01.jpg,✓,✓,history,
8563,大東銀行,銀行業,麻田守孝,,,,photos_4/8563_大東銀行/history/02_麻田守孝/photo_01.jpg,✓,✓,history,
8563,大東銀行,銀行業,三鍋伊佐雄,,,,photos_4/8563_大東銀行/history/03_三鍋伊佐雄/photo_01.jpg,✓,✓,history,
8563,大東銀行,銀行業,熊切直美,,,,photos_4/8563_大東銀行/history/04_熊切直美/photo_01.jpg,✓,✓,history,
8563,大東銀行,銀行業,小林克満,,,,photos_4/8563_大東銀行/history/05_小林克満/photo_01.jpg,✓,✓,history,
8563,大東銀行,銀行業,竹内啓,,,,photos_4/8563_大東銀行/history/06_竹内啓/photo_01.jpg,✓,✓,history,
8566,リコーリース,その他金融業,,,,,,,,missing,要調査
8570,イオンフィナンシャルサービス,その他金融業,深山 友晴,,（現在）,,photos_4/8570_イオンフィナンシャルサービス/current/photo_01.jpg,✓,✓,current,
8572,アコム,その他金融業,畔柳信雄,2005-10-01,2010-04-01,4.5,photos_4/8572_アコム/history/01_畔柳信雄/photo_01.jpg,✓,✓,history,
8572,アコム,その他金融業,永易克典,2010-04-01,2013-04-01,3.0,photos_4/8572_アコム/history/02_永易克典/photo_01.jpg,✓,✓,history,
8572,アコム,その他金融業,平野信行,2013-04-01,2019-04-01,6.0,photos_4/8572_アコム/history/03_平野信行/photo_01.jpg,✓,✓,history,
8572,アコム,その他金融業,三毛兼承,2019-04-01,2020-04-01,1.0,photos_4/8572_アコム/history/04_三毛兼承/photo_01.jpg,✓,✓,history,
8572,アコム,その他金融業,亀澤宏規,2020-04-01,2026-03-01,5.91,photos_4/8572_アコム/history/05_亀澤宏規/photo_01.jpg,✓,✓,history,
8572,アコム,その他金融業,半沢淳一,2026-04-01,,,photos_4/8572_アコム/history/06_半沢淳一/photo_01.jpg,✓,✓,history,
8584,ジャックス,その他金融業,,,,,,,,missing,要調査
8585,オリエントコーポレーション,その他金融業,,,,,,,,missing,要調査
8591,オリックス,その他金融業,,,,,,,,missing,要調査
8593,三菱HCキャピタル,その他金融業,,,,,,,,missing,要調査
8595,ジャフコ　グループ,証券・商品先物取引業,,,,,,,,missing,要調査
8596,九州リースサービス,その他金融業,石井幸孝,,,,photos_4/8596_九州リースサービス/history/01_石井幸孝/photo_01.jpg,✓,✓,history,
8596,九州リースサービス,その他金融業,田中浩二,,,,photos_4/8596_九州リースサービス/history/02_田中浩二/photo_01.jpg,✓,✓,history,
8596,九州リースサービス,その他金融業,石原進,,,,photos_4/8596_九州リースサービス/history/03_石原進/photo_01.jpg,✓,✓,history,
8596,九州リースサービス,その他金融業,唐池恒二,,,,photos_4/8596_九州リースサービス/history/04_唐池恒二/photo_01.jpg,✓,✓,history,
8596,九州リースサービス,その他金融業,青柳俊彦,,,,photos_4/8596_九州リースサービス/history/05_青柳俊彦/photo_01.jpg,✓,✓,history,
8596,九州リースサービス,その他金融業,古宮洋二,,,,,,,history,
8600,トモニホールディングス,銀行業,平素,令和5年4月,（現在）,,photos_4/8600_トモニホールディングス/current/photo_01.jpg,✓,✓,current,
8601,大和証券グループ本社,証券・商品先物取引業,"合計

日本経",2024年4月,（現在）,,photos_4/8601_大和証券グループ本社/current/photo_01.jpg,✓,✓,current,
8604,野村ホールディングス,証券・商品先物取引業,現職,,,,photos_4/8604_野村ホールディングス/history/01_現職/photo_01.jpg,✓,✓,history,
8609,岡三証券グループ,証券・商品先物取引業,,,,,,,,missing,要調査
8613,丸三証券,証券・商品先物取引業,菊地　稔,2017年6月,（現在）,,photos_4/8613_丸三証券/current/photo_01.jpg,✓,✓,current,
8614,東洋証券,証券・商品先物取引業,小川 憲洋,,（現在）,,photos_4/8614_東洋証券/current/photo_01.jpg,✓,✓,current,
8616,東海東京フィナンシャル・ホールディングス,証券・商品先物取引業,"会長
石田",,（現在）,,photos_4/8616_東海東京フィナンシャル・ホールディングス/current/photo_01.jpg,✓,✓,current,
8616,東海東京フィナンシャル・ホールディングス,証券・商品先物取引業,畔柳信雄,2005-10-01,2010-04-01,4.5,photos_4/8616_東海東京フィナンシャル・ホールディングス/history/01_畔柳信雄/photo_01.jpg,✓,✓,history,
8616,東海東京フィナンシャル・ホールディングス,証券・商品先物取引業,永易克典,2010-04-01,2013-04-01,3.0,photos_4/8616_東海東京フィナンシャル・ホールディングス/history/02_永易克典/photo_01.jpg,✓,✓,history,
8616,東海東京フィナンシャル・ホールディングス,証券・商品先物取引業,平野信行,2013-04-01,2019-04-01,6.0,photos_4/8616_東海東京フィナンシャル・ホールディングス/history/03_平野信行/photo_01.jpg,✓,✓,history,
8616,東海東京フィナンシャル・ホールディングス,証券・商品先物取引業,三毛兼承,2019-04-01,2020-04-01,1.0,photos_4/8616_東海東京フィナンシャル・ホールディングス/history/04_三毛兼承/photo_01.jpg,✓,✓,history,
8616,東海東京フィナンシャル・ホールディングス,証券・商品先物取引業,亀澤宏規,2020-04-01,2026-03-01,5.91,photos_4/8616_東海東京フィナンシャル・ホールディングス/history/05_亀澤宏規/photo_01.jpg,✓,✓,history,
8616,東海東京フィナンシャル・ホールディングス,証券・商品先物取引業,半沢淳一,2026-04-01,,,photos_4/8616_東海東京フィナンシャル・ホールディングス/history/06_半沢淳一/photo_01.jpg,✓,✓,history,
8617,光世証券,証券・商品先物取引業,,,,,,,,missing,要調査
8622,水戸証券,証券・商品先物取引業,,,,,,,,missing,要調査
8624,いちよし証券,証券・商品先物取引業,,,,,,,,missing,要調査
8628,松井証券,証券・商品先物取引業,,,,,,,,missing,要調査
8630,SOMPOホールディングス,保険業,,,,,,,,missing,要調査
8697,日本取引所グループ,その他金融業,,,,,,,,missing,要調査
8698,マネックスグループ,証券・商品先物取引業,,,,,,,,missing,要調査
8699,HSホールディングス,証券・商品先物取引業,松下幸之助,,,,photos_4/8699_HSホールディングス/history/01_松下幸之助/photo_01.jpg,✓,✓,history,
8699,HSホールディングス,証券・商品先物取引業,松下正治,1961-01-01,,,photos_4/8699_HSホールディングス/history/02_松下正治/photo_01.jpg,✓,✓,history,
8699,HSホールディングス,証券・商品先物取引業,山下俊彦,1977-02-01,,,photos_4/8699_HSホールディングス/history/03_山下俊彦/photo_01.jpg,✓,✓,history,
8699,HSホールディングス,証券・商品先物取引業,谷井昭雄,1986-02-01,,,photos_4/8699_HSホールディングス/history/04_谷井昭雄/photo_01.jpg,✓,✓,history,
8699,HSホールディングス,証券・商品先物取引業,森下洋一,1993-02-01,,,photos_4/8699_HSホールディングス/history/05_森下洋一/photo_01.jpg,✓,✓,history,
8699,HSホールディングス,証券・商品先物取引業,中村邦夫,2000-06-01,,,photos_4/8699_HSホールディングス/history/06_中村邦夫/photo_01.jpg,✓,✓,history,
8699,HSホールディングス,証券・商品先物取引業,大坪文雄,2006-06-01,,,photos_4/8699_HSホールディングス/history/07_大坪文雄/photo_01.jpg,✓,✓,history,
8699,HSホールディングス,証券・商品先物取引業,津賀一宏,2012-06-01,2021-06-01,9.0,photos_4/8699_HSホールディングス/history/08_津賀一宏/photo_01.jpg,✓,✓,history,
8699,HSホールディングス,証券・商品先物取引業,楠見雄規,2021-06-01,,,photos_4/8699_HSホールディングス/history/09_楠見雄規/photo_01.jpg,✓,✓,history,
8700,丸八証券,証券・商品先物取引業,鈴木　卓也,2024年12月,（現在）,,photos_4/8700_丸八証券/current/photo_01.jpg,✓,✓,current,
8700,丸八証券,証券・商品先物取引業,中村金一郎,,,,photos_4/8700_丸八証券/history/01_中村金一郎/photo_01.jpg,✓,✓,history,
8700,丸八証券,証券・商品先物取引業,太刀川高利,,,,photos_4/8700_丸八証券/history/02_太刀川高利/photo_01.jpg,✓,✓,history,
8700,丸八証券,証券・商品先物取引業,吉田則雄,,,,photos_4/8700_丸八証券/history/03_吉田則雄/photo_01.jpg,✓,✓,history,
8700,丸八証券,証券・商品先物取引業,井戸辻康行,,,,photos_4/8700_丸八証券/history/04_井戸辻康行/photo_01.jpg,✓,✓,history,
8700,丸八証券,証券・商品先物取引業,山崎正行,,,,photos_4/8700_丸八証券/history/05_山崎正行/photo_01.jpg,✓,✓,history,
8700,丸八証券,証券・商品先物取引業,島田守,,,,photos_4/8700_丸八証券/history/06_島田守/photo_01.jpg,✓,✓,history,
8700,丸八証券,証券・商品先物取引業,中村吉孝,,,,photos_4/8700_丸八証券/history/07_中村吉孝/photo_01.jpg,✓,✓,history,
8700,丸八証券,証券・商品先物取引業,駒林秀雄,,,,photos_4/8700_丸八証券/history/08_駒林秀雄/photo_01.jpg,✓,✓,history,
8700,丸八証券,証券・商品先物取引業,伊沢健,,,,photos_4/8700_丸八証券/history/09_伊沢健/photo_01.jpg,✓,✓,history,
8700,丸八証券,証券・商品先物取引業,星野泰則,,,,photos_4/8700_丸八証券/history/10_星野泰則/photo_01.jpg,✓,✓,history,
8700,丸八証券,証券・商品先物取引業,鈴木卓也,,,,photos_4/8700_丸八証券/history/11_鈴木卓也/photo_01.jpg,✓,✓,history,
8704,トレイダーズホールディングス,証券・商品先物取引業,金丸 貴行,,（現在）,,photos_4/8704_トレイダーズホールディングス/current/photo_01.jpg,✓,✓,current,
8704,トレイダーズホールディングス,証券・商品先物取引業,服部金太郎,,,,photos_4/8704_トレイダーズホールディングス/history/01_服部金太郎/photo_01.jpg,✓,✓,history,
8704,トレイダーズホールディングス,証券・商品先物取引業,服部玄三,,,,photos_4/8704_トレイダーズホールディングス/history/02_服部玄三/photo_01.jpg,✓,✓,history,
8704,トレイダーズホールディングス,証券・商品先物取引業,服部正次,,,,photos_4/8704_トレイダーズホールディングス/history/03_服部正次/photo_01.jpg,✓,✓,history,
8704,トレイダーズホールディングス,証券・商品先物取引業,服部謙太郎,,,,photos_4/8704_トレイダーズホールディングス/history/04_服部謙太郎/photo_01.jpg,✓,✓,history,
8704,トレイダーズホールディングス,証券・商品先物取引業,服部禮次郎,,,,photos_4/8704_トレイダーズホールディングス/history/05_服部禮次郎/photo_01.jpg,✓,✓,history,
8704,トレイダーズホールディングス,証券・商品先物取引業,吉村司郎,,,,photos_4/8704_トレイダーズホールディングス/history/06_吉村司郎/photo_01.jpg,✓,✓,history,
8704,トレイダーズホールディングス,証券・商品先物取引業,関本昌弘,,,,photos_4/8704_トレイダーズホールディングス/history/07_関本昌弘/photo_01.jpg,✓,✓,history,
8704,トレイダーズホールディングス,証券・商品先物取引業,井上仲七,,,,photos_4/8704_トレイダーズホールディングス/history/08_井上仲七/photo_01.jpg,✓,✓,history,
8704,トレイダーズホールディングス,証券・商品先物取引業,村野晃一,,,,photos_4/8704_トレイダーズホールディングス/history/09_村野晃一/photo_01.jpg,✓,✓,history,
8704,トレイダーズホールディングス,証券・商品先物取引業,服部真二,2012-10-01,,,photos_4/8704_トレイダーズホールディングス/history/10_服部真二/photo_01.jpg,✓,✓,history,
8704,トレイダーズホールディングス,証券・商品先物取引業,中村吉伸,,,,photos_4/8704_トレイダーズホールディングス/history/11_中村吉伸/photo_01.jpg,✓,✓,history,
8704,トレイダーズホールディングス,証券・商品先物取引業,高橋修司,,,,photos_4/8704_トレイダーズホールディングス/history/12_高橋修司/photo_01.jpg,✓,✓,history,
8705,日産証券グループ,証券・商品先物取引業,鮎川 義介,,,,photos_4/8705_日産証券グループ/history/01_鮎川_義介/photo_01.jpg,✓,✓,history,
8705,日産証券グループ,証券・商品先物取引業,淺原 源七,,,,photos_4/8705_日産証券グループ/history/02_淺原_源七/photo_01.jpg,✓,✓,history,
8705,日産証券グループ,証券・商品先物取引業,工藤 治人,,,,photos_4/8705_日産証券グループ/history/03_工藤_治人/photo_01.jpg,✓,✓,history,
8705,日産証券グループ,証券・商品先物取引業,山本 惣治,1945-10-01,,,photos_4/8705_日産証券グループ/history/04_山本_惣治/photo_01.jpg,✓,✓,history,
8705,日産証券グループ,証券・商品先物取引業,川又 克二,1957-11-01,,,photos_4/8705_日産証券グループ/history/05_川又_克二/photo_01.jpg,✓,✓,history,
8705,日産証券グループ,証券・商品先物取引業,岩越 忠恕,1973-11-01,,,photos_4/8705_日産証券グループ/history/06_岩越_忠恕/photo_01.jpg,✓,✓,history,
8705,日産証券グループ,証券・商品先物取引業,西川 廣人,,,,photos_4/8705_日産証券グループ/history/07_西川_廣人/photo_01.jpg,✓,✓,history,
8705,日産証券グループ,証券・商品先物取引業,山内 康裕,2019-12-01,,,photos_4/8705_日産証券グループ/history/08_山内_康裕/photo_01.jpg,✓,✓,history,
8706,極東証券,証券・商品先物取引業,,,,,,,,missing,要調査
8707,岩井コスモホールディングス,証券・商品先物取引業,,,,,,,,missing,要調査
8708,アイザワ証券グループ,証券・商品先物取引業,,,,,,,,missing,要調査
8713,フィデアホールディングス,銀行業,里村正治,,,,,,,history,
8713,フィデアホールディングス,銀行業,田尾祐一,,,,photos_4/8713_フィデアホールディングス/history/02_田尾祐一/photo_01.jpg,✓,✓,history,
8713,フィデアホールディングス,銀行業,新野正博,,,,photos_4/8713_フィデアホールディングス/history/03_新野正博/photo_01.jpg,✓,✓,history,
8714,池田泉州ホールディングス,銀行業,,,,,,,,missing,要調査
8715,アニコム　ホールディングス,保険業,小森　伸昭,,（現在）,,photos_4/8715_アニコム_ホールディングス/current/photo_01.jpg,✓,✓,current,
8725,MS&ADインシュアランスグループホールディングス,保険業,現職,,,,photos_4/8725_MS&ADインシュアランスグループホールディングス/history/01_現職/photo_01.jpg,✓,✓,history,
8737,あかつき本社,証券・商品先物取引業,,,,,,,,missing,要調査
8739,スパークス・グループ,証券・商品先物取引業,"宣言
当社",2024年6月,（現在）,,photos_4/8739_スパークス・グループ/current/photo_01.jpg,✓,✓,current,
8742,小林洋行,証券・商品先物取引業,,,,,,,,missing,要調査
8746,UNBANKED,証券・商品先物取引業,,,,,,,,missing,要調査
8747,豊トラスティ証券,証券・商品先物取引業,田辺和夫,2011-04-01,2012-03-01,0.92,photos_4/8747_豊トラスティ証券/history/01_田辺和夫/photo_01.jpg,✓,✓,history,
8747,豊トラスティ証券,証券・商品先物取引業,北村邦太郎,2012-04-01,2017-03-01,4.91,photos_4/8747_豊トラスティ証券/history/02_北村邦太郎/photo_01.jpg,✓,✓,history,
8747,豊トラスティ証券,証券・商品先物取引業,大久保哲夫,2017-04-01,2021-03-01,3.92,photos_4/8747_豊トラスティ証券/history/03_大久保哲夫/photo_01.jpg,✓,✓,history,
8747,豊トラスティ証券,証券・商品先物取引業,高倉透,2021-04-01,2026-04-01,5.0,photos_4/8747_豊トラスティ証券/history/04_高倉透/photo_01.jpg,✓,✓,history,
8747,豊トラスティ証券,証券・商品先物取引業,大山一也,2026-04-01,,,photos_4/8747_豊トラスティ証券/history/05_大山一也/photo_01.jpg,✓,✓,history,
8750,第一生命ホールディングス,保険業,柳沢保恵,,,,photos_4/8750_第一生命ホールディングス/history/01_柳沢保恵/photo_01.jpg,✓,✓,history,
8750,第一生命ホールディングス,保険業,矢野恒太,,,,photos_4/8750_第一生命ホールディングス/history/02_矢野恒太/photo_01.jpg,✓,✓,history,
8750,第一生命ホールディングス,保険業,石坂泰三,,,,,,,history,
8750,第一生命ホールディングス,保険業,矢野一郎,,,,photos_4/8750_第一生命ホールディングス/history/04_矢野一郎/photo_01.jpg,✓,✓,history,
8750,第一生命ホールディングス,保険業,浜口吉兵衛,,,,photos_4/8750_第一生命ホールディングス/history/05_浜口吉兵衛/photo_01.jpg,✓,✓,history,
8750,第一生命ホールディングス,保険業,矢田恒久,,,,photos_4/8750_第一生命ホールディングス/history/06_矢田恒久/photo_01.jpg,✓,✓,history,
8750,第一生命ホールディングス,保険業,塚本亮一,,,,photos_4/8750_第一生命ホールディングス/history/07_塚本亮一/photo_01.jpg,✓,✓,history,
8750,第一生命ホールディングス,保険業,牧山公郎,,,,photos_4/8750_第一生命ホールディングス/history/08_牧山公郎/photo_01.jpg,✓,✓,history,
8750,第一生命ホールディングス,保険業,西尾信一,,,,photos_4/8750_第一生命ホールディングス/history/09_西尾信一/photo_01.jpg,✓,✓,history,
8750,第一生命ホールディングス,保険業,桜井孝頴,,,,photos_4/8750_第一生命ホールディングス/history/10_桜井孝頴/photo_01.jpg,✓,✓,history,
8750,第一生命ホールディングス,保険業,森田富治郎,,,,photos_4/8750_第一生命ホールディングス/history/11_森田富治郎/photo_01.jpg,✓,✓,history,
8750,第一生命ホールディングス,保険業,斎藤勝利,,,,photos_4/8750_第一生命ホールディングス/history/12_斎藤勝利/photo_01.jpg,✓,✓,history,
8750,第一生命ホールディングス,保険業,渡邉光一郎,,,,photos_4/8750_第一生命ホールディングス/history/13_渡邉光一郎/photo_01.jpg,✓,✓,history,
8750,第一生命ホールディングス,保険業,稲垣精二,,,,photos_4/8750_第一生命ホールディングス/history/14_稲垣精二/photo_01.jpg,✓,✓,history,
8750,第一生命ホールディングス,保険業,菊田徹也,,,,photos_4/8750_第一生命ホールディングス/history/15_菊田徹也/photo_01.jpg,✓,✓,history,
8766,東京海上ホールディングス,保険業,"副 
共同",,（現在）,,photos_4/8766_東京海上ホールディングス/current/photo_01.jpg,✓,✓,current,
8766,東京海上ホールディングス,保険業,石原邦夫,2002-04-01,2007-06-01,5.17,photos_4/8766_東京海上ホールディングス/history/01_石原邦夫/photo_01.jpg,✓,✓,history,
8766,東京海上ホールディングス,保険業,隅修三,2007-06-01,2008-07-01,1.08,photos_4/8766_東京海上ホールディングス/history/02_隅修三/photo_01.jpg,✓,✓,history,
8766,東京海上ホールディングス,保険業,永野毅,2013-06-01,2019-06-01,6.0,photos_4/8766_東京海上ホールディングス/history/03_永野毅/photo_01.jpg,✓,✓,history,
8766,東京海上ホールディングス,保険業,小宮暁,2019-06-01,2025-06-01,6.0,photos_4/8766_東京海上ホールディングス/history/04_小宮暁/photo_01.jpg,✓,✓,history,
8766,東京海上ホールディングス,保険業,小池昌洋,2025-06-01,,,photos_4/8766_東京海上ホールディングス/history/05_小池昌洋/photo_01.jpg,✓,✓,history,
8769,アドバンテッジリスクマネジメント,サービス業,,,,,,,,missing,要調査
8771,イー・ギャランティ,その他金融業,江藤 公則,,（現在）,,photos_4/8771_イー・ギャランティ/current/photo_01.jpg,✓,✓,current,
8772,アサックス,その他金融業,,,,,,,,missing,要調査
8783,GFA,その他金融業,,,,,,,,missing,要調査
8789,フィンテック　グローバル,その他金融業,"報酬

報酬構",,（現在）,,photos_4/8789_フィンテック_グローバル/current/photo_01.jpg,✓,✓,current,
8789,フィンテック　グローバル,その他金融業,畔柳信雄,2005-10-01,2010-04-01,4.5,photos_4/8789_フィンテック_グローバル/history/01_畔柳信雄/photo_01.jpg,✓,✓,history,
8789,フィンテック　グローバル,その他金融業,永易克典,2010-04-01,2013-04-01,3.0,photos_4/8789_フィンテック_グローバル/history/02_永易克典/photo_01.jpg,✓,✓,history,
8789,フィンテック　グローバル,その他金融業,平野信行,2013-04-01,2019-04-01,6.0,photos_4/8789_フィンテック_グローバル/history/03_平野信行/photo_01.jpg,✓,✓,history,
8789,フィンテック　グローバル,その他金融業,三毛兼承,2019-04-01,2020-04-01,1.0,photos_4/8789_フィンテック_グローバル/history/04_三毛兼承/photo_01.jpg,✓,✓,history,
8789,フィンテック　グローバル,その他金融業,亀澤宏規,2020-04-01,2026-03-01,5.91,photos_4/8789_フィンテック_グローバル/history/05_亀澤宏規/photo_01.jpg,✓,✓,history,
8789,フィンテック　グローバル,その他金融業,半沢淳一,2026-04-01,,,photos_4/8789_フィンテック_グローバル/history/06_半沢淳一/photo_01.jpg,✓,✓,history,
8793,NECキャピタルソリューション,その他金融業,岩垂邦彦,,,,photos_4/8793_NECキャピタルソリューション/history/01_岩垂邦彦/photo_01.jpg,✓,✓,history,
8793,NECキャピタルソリューション,その他金融業,大畑源一郎,,,,photos_4/8793_NECキャピタルソリューション/history/02_大畑源一郎/photo_01.jpg,✓,✓,history,
8793,NECキャピタルソリューション,その他金融業,志田文雄,,,,photos_4/8793_NECキャピタルソリューション/history/03_志田文雄/photo_01.jpg,✓,✓,history,
8793,NECキャピタルソリューション,その他金融業,梶井剛,,,,photos_4/8793_NECキャピタルソリューション/history/04_梶井剛/photo_01.jpg,✓,✓,history,
8793,NECキャピタルソリューション,その他金融業,佐伯長生,,,,photos_4/8793_NECキャピタルソリューション/history/05_佐伯長生/photo_01.jpg,✓,✓,history,
8793,NECキャピタルソリューション,その他金融業,渡辺斌衡,,,,photos_4/8793_NECキャピタルソリューション/history/06_渡辺斌衡/photo_01.jpg,✓,✓,history,
8793,NECキャピタルソリューション,その他金融業,小林宏治,,,,photos_4/8793_NECキャピタルソリューション/history/07_小林宏治/photo_01.jpg,✓,✓,history,
8793,NECキャピタルソリューション,その他金融業,田中忠雄,,,,photos_4/8793_NECキャピタルソリューション/history/08_田中忠雄/photo_01.jpg,✓,✓,history,
8793,NECキャピタルソリューション,その他金融業,関本忠弘,,,,photos_4/8793_NECキャピタルソリューション/history/09_関本忠弘/photo_01.jpg,✓,✓,history,
8793,NECキャピタルソリューション,その他金融業,金子尚志,,,,photos_4/8793_NECキャピタルソリューション/history/10_金子尚志/photo_01.jpg,✓,✓,history,
8793,NECキャピタルソリューション,その他金融業,西垣浩司,,,,photos_4/8793_NECキャピタルソリューション/history/11_西垣浩司/photo_01.jpg,✓,✓,history,
8793,NECキャピタルソリューション,その他金融業,金杉明信,,,,photos_4/8793_NECキャピタルソリューション/history/12_金杉明信/photo_01.jpg,✓,✓,history,
8793,NECキャピタルソリューション,その他金融業,矢野薫,,,,photos_4/8793_NECキャピタルソリューション/history/13_矢野薫/photo_01.jpg,✓,✓,history,
8793,NECキャピタルソリューション,その他金融業,遠藤信博,,,,photos_4/8793_NECキャピタルソリューション/history/14_遠藤信博/photo_01.jpg,✓,✓,history,
8793,NECキャピタルソリューション,その他金融業,新野隆,,,,photos_4/8793_NECキャピタルソリューション/history/15_新野隆/photo_01.jpg,✓,✓,history,
8793,NECキャピタルソリューション,その他金融業,森田隆之,,,,photos_4/8793_NECキャピタルソリューション/history/16_森田隆之/photo_01.jpg,✓,✓,history,
8795,T&Dホールディングス,保険業,"締役
執行役",2025年6月,（現在）,,photos_4/8795_T&Dホールディングス/current/photo_01.jpg,✓,,current,
8795,T&Dホールディングス,保険業,宮戸直輝,,,,photos_4/8795_T&Dホールディングス/history/01_宮戸直輝/photo_01.jpg,✓,✓,history,
8795,T&Dホールディングス,保険業,中込賢次,,,,photos_4/8795_T&Dホールディングス/history/02_中込賢次/photo_01.jpg,✓,✓,history,
8795,T&Dホールディングス,保険業,喜田哲弘,,,,photos_4/8795_T&Dホールディングス/history/03_喜田哲弘/photo_01.jpg,✓,✓,history,
8795,T&Dホールディングス,保険業,上原弘久,,,,photos_4/8795_T&Dホールディングス/history/04_上原弘久/photo_01.jpg,✓,✓,history,
8795,T&Dホールディングス,保険業,森山昌彦,,,,photos_4/8795_T&Dホールディングス/history/05_森山昌彦/photo_01.jpg,✓,✓,history,
8798,アドバンスクリエイト,保険業,,,,,,,,missing,要調査
8801,三井不動産,不動産業,"会長
菰田",2025年6月,（現在）,,photos_4/8801_三井不動産/current/photo_01.jpg,✓,✓,current,
8801,三井不動産,不動産業,小池正彪,,,,photos_4/8801_三井不動産/history/01_小池正彪/photo_01.jpg,✓,✓,history,
8801,三井不動産,不動産業,井上逸郎,,,,photos_4/8801_三井不動産/history/02_井上逸郎/photo_01.jpg,✓,✓,history,
8801,三井不動産,不動産業,山尾忠治,,,,photos_4/8801_三井不動産/history/03_山尾忠治/photo_01.jpg,✓,✓,history,
8801,三井不動産,不動産業,江戸英雄,,,,photos_4/8801_三井不動産/history/04_江戸英雄/photo_01.jpg,✓,✓,history,
8801,三井不動産,不動産業,坪井東,,,,photos_4/8801_三井不動産/history/05_坪井東/photo_01.jpg,✓,✓,history,
8801,三井不動産,不動産業,田中順一郎,,,,photos_4/8801_三井不動産/history/06_田中順一郎/photo_01.jpg,✓,✓,history,
8801,三井不動産,不動産業,岩沙弘道,,,,photos_4/8801_三井不動産/history/07_岩沙弘道/photo_01.jpg,✓,✓,history,
8801,三井不動産,不動産業,菰田正信,,,,photos_4/8801_三井不動産/history/08_菰田正信/photo_01.jpg,✓,✓,history,
8801,三井不動産,不動産業,植田俊,,,,photos_4/8801_三井不動産/history/09_植田俊/photo_01.jpg,✓,✓,history,
8802,三菱地所,不動産業,渡辺武次郎,,,,photos_4/8802_三菱地所/history/01_渡辺武次郎/photo_01.jpg,✓,✓,history,
8802,三菱地所,不動産業,中田乙一,,,,photos_4/8802_三菱地所/history/02_中田乙一/photo_01.jpg,✓,✓,history,
8802,三菱地所,不動産業,伊藤達二,,,,photos_4/8802_三菱地所/history/03_伊藤達二/photo_01.jpg,✓,✓,history,
8802,三菱地所,不動産業,髙木丈太郎,,,,photos_4/8802_三菱地所/history/04_髙木丈太郎/photo_01.jpg,✓,✓,history,
8802,三菱地所,不動産業,福澤武,,,,photos_4/8802_三菱地所/history/05_福澤武/photo_01.jpg,✓,✓,history,
8802,三菱地所,不動産業,髙木茂,,,,photos_4/8802_三菱地所/history/06_髙木茂/photo_01.jpg,✓,✓,history,
8802,三菱地所,不動産業,木村惠司,,,,photos_4/8802_三菱地所/history/07_木村惠司/photo_01.jpg,✓,✓,history,
8802,三菱地所,不動産業,杉山博孝,,,,photos_4/8802_三菱地所/history/08_杉山博孝/photo_01.jpg,✓,✓,history,
8802,三菱地所,不動産業,吉田淳一,,,,photos_4/8802_三菱地所/history/09_吉田淳一/photo_01.jpg,✓,✓,history,
8802,三菱地所,不動産業,中島篤,,,,photos_4/8802_三菱地所/history/10_中島篤/photo_01.jpg,✓,✓,history,
8803,平和不動産,不動産業,唯一無二,2024年3月,（現在）,,photos_4/8803_平和不動産/current/photo_01.jpg,✓,✓,current,
8803,平和不動産,不動産業,藍澤彌八,,,,photos_4/8803_平和不動産/history/01_藍澤彌八/photo_01.jpg,✓,✓,history,
8803,平和不動産,不動産業,小林光次,,,,photos_4/8803_平和不動産/history/02_小林光次/photo_01.jpg,✓,✓,history,
8803,平和不動産,不動産業,田口真二,,,,photos_4/8803_平和不動産/history/03_田口真二/photo_01.jpg,✓,✓,history,
8803,平和不動産,不動産業,相原正一郎,,,,photos_4/8803_平和不動産/history/04_相原正一郎/photo_01.jpg,✓,✓,history,
8803,平和不動産,不動産業,河本国雄,,,,photos_4/8803_平和不動産/history/05_河本国雄/photo_01.jpg,✓,✓,history,
8803,平和不動産,不動産業,新谷勝,,,,photos_4/8803_平和不動産/history/06_新谷勝/photo_01.jpg,✓,✓,history,
8803,平和不動産,不動産業,井阪健一,,,,photos_4/8803_平和不動産/history/07_井阪健一/photo_01.jpg,✓,✓,history,
8803,平和不動産,不動産業,金原策太郎,,,,photos_4/8803_平和不動産/history/08_金原策太郎/photo_01.jpg,✓,✓,history,
8803,平和不動産,不動産業,吉野貞雄,,,,photos_4/8803_平和不動産/history/09_吉野貞雄/photo_01.jpg,✓,✓,history,
8803,平和不動産,不動産業,岩熊博之,,,,photos_4/8803_平和不動産/history/10_岩熊博之/photo_01.jpg,✓,✓,history,
8803,平和不動産,不動産業,土本清幸,,,,photos_4/8803_平和不動産/history/11_土本清幸/photo_01.jpg,✓,✓,history,
8804,東京建物,不動産業,中沢彦吉,1896-08-01,1898-07-15,1.95,photos_4/8804_東京建物/history/01_中沢彦吉/photo_01.jpg,✓,✓,history,
8804,東京建物,不動産業,名村泰三,1898-07-01,1898-07-15,0.04,photos_4/8804_東京建物/history/02_名村泰三/photo_01.jpg,✓,✓,history,
8804,東京建物,不動産業,安田善三郎,1912-05-01,1919-08-20,7.3,photos_4/8804_東京建物/history/03_安田善三郎/photo_01.jpg,✓,✓,history,
8804,東京建物,不動産業,安田善雄,1919-08-01,1923-09-03,4.09,photos_4/8804_東京建物/history/04_安田善雄/photo_01.jpg,✓,✓,history,
8804,東京建物,不動産業,藪田岩松,1923-09-01,1927-06-27,3.82,photos_4/8804_東京建物/history/05_藪田岩松/photo_01.jpg,✓,✓,history,
8804,東京建物,不動産業,宮本繁次郎,1927-07-01,1927-07-28,0.07,photos_4/8804_東京建物/history/06_宮本繁次郎/photo_01.jpg,✓,✓,history,
8804,東京建物,不動産業,川崎清男,1937-12-01,1944-01-11,6.11,photos_4/8804_東京建物/history/07_川崎清男/photo_01.jpg,✓,✓,history,
8804,東京建物,不動産業,石毛竹治郎,1944-01-01,1945-10-30,1.83,photos_4/8804_東京建物/history/08_石毛竹治郎/photo_01.jpg,✓,✓,history,
8804,東京建物,不動産業,磯部橘之丞,1947-03-01,1948-02-05,0.93,photos_4/8804_東京建物/history/09_磯部橘之丞/photo_01.jpg,✓,✓,history,
8804,東京建物,不動産業,藤村謙二,1948-03-01,1957-08-28,9.49,photos_4/8804_東京建物/history/10_藤村謙二/photo_01.jpg,✓,✓,history,
8804,東京建物,不動産業,小池光男,1957-08-01,1963-08-29,6.08,photos_4/8804_東京建物/history/11_小池光男/photo_01.jpg,✓,✓,history,
8804,東京建物,不動産業,弥富武,1963-08-01,1975-05-28,11.82,photos_4/8804_東京建物/history/12_弥富武/photo_01.jpg,✓,✓,history,
8804,東京建物,不動産業,西川英夫,1975-06-01,1979-03-30,3.83,photos_4/8804_東京建物/history/13_西川英夫/photo_01.jpg,✓,✓,history,
8804,東京建物,不動産業,柴田隆三,1979-03-01,1989-03-30,10.08,photos_4/8804_東京建物/history/14_柴田隆三/photo_01.jpg,✓,✓,history,
8804,東京建物,不動産業,石井正勝,1989-03-01,1995-03-30,6.08,photos_4/8804_東京建物/history/15_石井正勝/photo_01.jpg,✓,✓,history,
8804,東京建物,不動産業,南敬介,1995-03-01,1995-03-30,0.08,photos_4/8804_東京建物/history/16_南敬介/photo_01.jpg,✓,✓,history,
8804,東京建物,不動産業,畑中誠,,,,photos_4/8804_東京建物/history/17_畑中誠/photo_01.jpg,✓,✓,history,
8804,東京建物,不動産業,佐久間一,,,,photos_4/8804_東京建物/history/18_佐久間一/photo_01.jpg,✓,✓,history,
8804,東京建物,不動産業,野村均,,,,photos_4/8804_東京建物/history/19_野村均/photo_01.jpg,✓,✓,history,
8804,東京建物,不動産業,小澤克人,,,,photos_4/8804_東京建物/history/20_小澤克人/photo_01.jpg,✓,✓,history,
8818,京阪神ビルディング,不動産業,"社名

京阪神",2025年3月,（現在）,,,,,current,
8818,京阪神ビルディング,不動産業,渡辺武次郎,,,,photos_4/8818_京阪神ビルディング/history/01_渡辺武次郎/photo_01.jpg,✓,✓,history,
8818,京阪神ビルディング,不動産業,中田乙一,,,,photos_4/8818_京阪神ビルディング/history/02_中田乙一/photo_01.jpg,✓,✓,history,
8818,京阪神ビルディング,不動産業,伊藤達二,,,,photos_4/8818_京阪神ビルディング/history/03_伊藤達二/photo_01.jpg,✓,✓,history,
8818,京阪神ビルディング,不動産業,髙木丈太郎,,,,photos_4/8818_京阪神ビルディング/history/04_髙木丈太郎/photo_01.jpg,✓,✓,history,
8818,京阪神ビルディング,不動産業,福澤武,,,,photos_4/8818_京阪神ビルディング/history/05_福澤武/photo_01.jpg,✓,✓,history,
8818,京阪神ビルディング,不動産業,髙木茂,,,,photos_4/8818_京阪神ビルディング/history/06_髙木茂/photo_01.jpg,✓,✓,history,
8818,京阪神ビルディング,不動産業,木村惠司,,,,photos_4/8818_京阪神ビルディング/history/07_木村惠司/photo_01.jpg,✓,✓,history,
8818,京阪神ビルディング,不動産業,杉山博孝,,,,photos_4/8818_京阪神ビルディング/history/08_杉山博孝/photo_01.jpg,✓,✓,history,
8818,京阪神ビルディング,不動産業,吉田淳一,,,,photos_4/8818_京阪神ビルディング/history/09_吉田淳一/photo_01.jpg,✓,✓,history,
8818,京阪神ビルディング,不動産業,中島篤,,,,photos_4/8818_京阪神ビルディング/history/10_中島篤/photo_01.jpg,✓,✓,history,
8830,住友不動産,不動産業,泉不動産,,,,photos_4/8830_住友不動産/history/01_泉不動産/photo_01.jpg,✓,✓,history,
8830,住友不動産,不動産業,菅野秀次郎,,,,photos_4/8830_住友不動産/history/02_菅野秀次郎/photo_01.jpg,✓,✓,history,
8830,住友不動産,不動産業,瀬山誠五郎,,,,photos_4/8830_住友不動産/history/03_瀬山誠五郎/photo_01.jpg,✓,✓,history,
8830,住友不動産,不動産業,住友不動産,,,,photos_4/8830_住友不動産/history/04_住友不動産/photo_01.jpg,✓,✓,history,
8830,住友不動産,不動産業,安藤太郎,,,,photos_4/8830_住友不動産/history/05_安藤太郎/photo_01.jpg,✓,✓,history,
8830,住友不動産,不動産業,高城申一郎,,,,photos_4/8830_住友不動産/history/06_高城申一郎/photo_01.jpg,✓,✓,history,
8830,住友不動産,不動産業,高島準司,,,,photos_4/8830_住友不動産/history/07_高島準司/photo_01.jpg,✓,✓,history,
8830,住友不動産,不動産業,小野寺研一,,,,photos_4/8830_住友不動産/history/08_小野寺研一/photo_01.jpg,✓,✓,history,
8830,住友不動産,不動産業,仁島浩順,,,,photos_4/8830_住友不動産/history/09_仁島浩順/photo_01.jpg,✓,✓,history,
8835,太平洋興発,卸売業,,,,,,,,missing,要調査
8836,RISE,不動産業,,,,,,,,missing,要調査
8841,テーオーシー,不動産業,大谷米太郎,1963-01-01,,,photos_4/8841_テーオーシー/history/01_大谷米太郎/photo_01.jpg,✓,✓,history,
8841,テーオーシー,不動産業,大谷米一,1973-05-01,,,photos_4/8841_テーオーシー/history/02_大谷米一/photo_01.jpg,✓,✓,history,
8841,テーオーシー,不動産業,大谷和彦,1993-06-01,,,photos_4/8841_テーオーシー/history/03_大谷和彦/photo_01.jpg,✓,✓,history,
8841,テーオーシー,不動産業,清水肇,2025-02-01,2025-02-04,0.01,photos_4/8841_テーオーシー/history/04_清水肇/photo_01.jpg,✓,✓,history,
8844,コスモスイニシア,不動産業,髙智 亮大朗,,（現在）,,photos_4/8844_コスモスイニシア/current/photo_01.jpg,✓,✓,current,
8848,レオパレス21,不動産業,深山祐助,,,,photos_4/8848_レオパレス21/history/01_深山祐助/photo_01.jpg,✓,✓,history,
8848,レオパレス21,不動産業,大場富夫,,,,photos_4/8848_レオパレス21/history/02_大場富夫/photo_01.jpg,✓,✓,history,
8848,レオパレス21,不動産業,北川芳輝,,,,photos_4/8848_レオパレス21/history/03_北川芳輝/photo_01.jpg,✓,✓,history,
8848,レオパレス21,不動産業,深山英世,,,,photos_4/8848_レオパレス21/history/04_深山英世/photo_01.jpg,✓,✓,history,
8848,レオパレス21,不動産業,宮尾文也,,,,photos_4/8848_レオパレス21/history/05_宮尾文也/photo_01.jpg,✓,✓,history,
8850,スターツコーポレーション,不動産業,,,,,,,,missing,要調査
8860,フジ住宅,不動産業,今井 光郎,2008年10月,（現在）,,photos_4/8860_フジ住宅/current/photo_01.jpg,✓,✓,current,
8860,フジ住宅,不動産業,水野成夫,,,,photos_4/8860_フジ住宅/history/01_水野成夫/photo_01.jpg,✓,✓,history,
8860,フジ住宅,不動産業,鹿内信隆,,,,photos_4/8860_フジ住宅/history/02_鹿内信隆/photo_01.jpg,✓,✓,history,
8860,フジ住宅,不動産業,浅野賢澄,,,,photos_4/8860_フジ住宅/history/03_浅野賢澄/photo_01.jpg,✓,✓,history,
8860,フジ住宅,不動産業,石田達郎,,,,photos_4/8860_フジ住宅/history/04_石田達郎/photo_01.jpg,✓,✓,history,
8860,フジ住宅,不動産業,羽佐間重彰,,,,photos_4/8860_フジ住宅/history/05_羽佐間重彰/photo_01.jpg,✓,✓,history,
8860,フジ住宅,不動産業,日枝久,,,,photos_4/8860_フジ住宅/history/06_日枝久/photo_01.jpg,✓,✓,history,
8860,フジ住宅,不動産業,村上光一,,,,photos_4/8860_フジ住宅/history/07_村上光一/photo_01.jpg,✓,✓,history,
8860,フジ住宅,不動産業,豊田皓,,,,photos_4/8860_フジ住宅/history/08_豊田皓/photo_01.jpg,✓,✓,history,
8860,フジ住宅,不動産業,亀山千広,,,,photos_4/8860_フジ住宅/history/09_亀山千広/photo_01.jpg,✓,✓,history,
8860,フジ住宅,不動産業,宮内正喜,,,,,,,history,
8860,フジ住宅,不動産業,遠藤龍之介,,,,photos_4/8860_フジ住宅/history/11_遠藤龍之介/photo_01.jpg,✓,✓,history,
8860,フジ住宅,不動産業,金光修,,,,photos_4/8860_フジ住宅/history/12_金光修/photo_01.jpg,✓,✓,history,
8860,フジ住宅,不動産業,港浩一,,,,,,,history,
8860,フジ住宅,不動産業,清水賢治,,,,photos_4/8860_フジ住宅/history/14_清水賢治/photo_01.jpg,✓,✓,history,
8864,空港施設,不動産業,空港内外,2022年5月,（現在）,,photos_4/8864_空港施設/current/photo_01.jpg,✓,✓,current,
8869,明和地所,不動産業,,,,,,,,missing,要調査
8871,ゴールドクレスト,不動産業,山内房治郎,,,,photos_4/8871_ゴールドクレスト/history/01_山内房治郎/photo_01.jpg,✓,✓,history,
8871,ゴールドクレスト,不動産業,山内積良,,,,photos_4/8871_ゴールドクレスト/history/02_山内積良/photo_01.jpg,✓,✓,history,
8871,ゴールドクレスト,不動産業,山内溥,,,,photos_4/8871_ゴールドクレスト/history/03_山内溥/photo_01.jpg,✓,✓,history,
8871,ゴールドクレスト,不動産業,岩田聡,,,,photos_4/8871_ゴールドクレスト/history/04_岩田聡/photo_01.jpg,✓,✓,history,
8871,ゴールドクレスト,不動産業,君島達己,,,,,,,history,
8871,ゴールドクレスト,不動産業,古川俊太郎,,,,photos_4/8871_ゴールドクレスト/history/06_古川俊太郎/photo_01.jpg,✓,✓,history,
8876,リログループ,サービス業,第四次,2025年３月,（現在）,,photos_4/8876_リログループ/current/photo_01.jpg,✓,✓,current,
8876,リログループ,サービス業,山内房治郎,,,,photos_4/8876_リログループ/history/01_山内房治郎/photo_01.jpg,✓,✓,history,
8876,リログループ,サービス業,山内積良,,,,photos_4/8876_リログループ/history/02_山内積良/photo_01.jpg,✓,✓,history,
8876,リログループ,サービス業,山内溥,,,,photos_4/8876_リログループ/history/03_山内溥/photo_01.jpg,✓,✓,history,
8876,リログループ,サービス業,岩田聡,,,,photos_4/8876_リログループ/history/04_岩田聡/photo_01.jpg,✓,✓,history,
8876,リログループ,サービス業,君島達己,,,,,,,history,
8876,リログループ,サービス業,古川俊太郎,,,,photos_4/8876_リログループ/history/06_古川俊太郎/photo_01.jpg,✓,✓,history,
8877,エスリード,不動産業,森泰吉郎,,,,photos_4/8877_エスリード/history/01_森泰吉郎/photo_01.jpg,✓,✓,history,
8877,エスリード,不動産業,森稔,,,,photos_4/8877_エスリード/history/02_森稔/photo_01.jpg,✓,✓,history,
8877,エスリード,不動産業,森章,,,,,,,history,
8877,エスリード,不動産業,伊達美和子,,,,photos_4/8877_エスリード/history/04_伊達美和子/photo_01.jpg,✓,✓,history,
8881,日神グループホールディングス,不動産業,現職,,,,photos_4/8881_日神グループホールディングス/history/01_現職/photo_01.jpg,✓,✓,history,
8887,クミカ,不動産業,,,,,,,,missing,要調査
8891,AMGホールディングス,不動産業,"会長
伊藤",,（現在）,,photos_4/8891_AMGホールディングス/current/photo_01.jpg,✓,✓,current,
8892,日本エスコン,不動産業,伊藤 貴俊,,（現在）,,photos_4/8892_日本エスコン/current/photo_01.jpg,✓,✓,current,
8894,REVOLUTION,不動産業,,,,,,,,missing,要調査
8897,MIRARTHホールディングス,不動産業,,,,,,,,missing,要調査
8898,センチュリー21・ジャパン,不動産業,,,,,,,,missing,要調査
8904,AVANTIA,不動産業,,,,,,,,missing,要調査
8908,毎日コムネット,不動産業,,,,,,,,missing,要調査
8912,エリアクエスト,不動産業,,,,,,,,missing,要調査
8914,エリアリンク,不動産業,鈴木 貴佳,,（現在）,,photos_4/8914_エリアリンク/current/photo_01.jpg,✓,✓,current,
8917,ファースト住建,不動産業,石坂泰三,1949-04-01,1957-11-01,8.59,photos_4/8917_ファースト住建/history/01_石坂泰三/photo_01.jpg,✓,✓,history,
8917,ファースト住建,不動産業,岩下文雄,1957-11-01,1965-05-01,7.5,photos_4/8917_ファースト住建/history/02_岩下文雄/photo_01.jpg,✓,✓,history,
8917,ファースト住建,不動産業,土光敏夫,1965-05-01,1972-08-01,7.25,photos_4/8917_ファースト住建/history/03_土光敏夫/photo_01.jpg,✓,✓,history,
8917,ファースト住建,不動産業,玉置敬三,1972-08-01,,,photos_4/8917_ファースト住建/history/04_玉置敬三/photo_01.jpg,✓,✓,history,
8917,ファースト住建,不動産業,岩田弐夫,,,,photos_4/8917_ファースト住建/history/05_岩田弐夫/photo_01.jpg,✓,✓,history,
8917,ファースト住建,不動産業,佐波正一,1986-04-01,,,photos_4/8917_ファースト住建/history/06_佐波正一/photo_01.jpg,✓,✓,history,
8917,ファースト住建,不動産業,渡里杉一郎,1986-04-01,1987-07-01,1.25,photos_4/8917_ファースト住建/history/07_渡里杉一郎/photo_01.jpg,✓,✓,history,
8917,ファースト住建,不動産業,青井舒一,1987-07-01,1992-06-01,4.92,photos_4/8917_ファースト住建/history/08_青井舒一/photo_01.jpg,✓,✓,history,
8917,ファースト住建,不動産業,佐藤文夫,1992-06-01,1996-06-01,4.0,photos_4/8917_ファースト住建/history/09_佐藤文夫/photo_01.jpg,✓,✓,history,
8917,ファースト住建,不動産業,西室泰三,1996-06-01,2000-06-01,4.0,photos_4/8917_ファースト住建/history/10_西室泰三/photo_01.jpg,✓,✓,history,
8917,ファースト住建,不動産業,岡村正,2000-06-01,2005-06-01,5.0,photos_4/8917_ファースト住建/history/11_岡村正/photo_01.jpg,✓,✓,history,
8917,ファースト住建,不動産業,西田厚聰,2005-06-01,2009-06-01,4.0,photos_4/8917_ファースト住建/history/12_西田厚聰/photo_01.jpg,✓,✓,history,
8917,ファースト住建,不動産業,田中久雄,2013-06-01,2015-07-01,2.08,photos_4/8917_ファースト住建/history/13_田中久雄/photo_01.jpg,✓,✓,history,
8917,ファースト住建,不動産業,室町正志,2015-07-01,2016-06-01,0.92,photos_4/8917_ファースト住建/history/14_室町正志/photo_01.jpg,✓,✓,history,
8917,ファースト住建,不動産業,綱川智,2016-06-01,2020-03-01,3.75,photos_4/8917_ファースト住建/history/15_綱川智/photo_01.jpg,✓,✓,history,
8917,ファースト住建,不動産業,車谷暢昭,2020-04-01,2021-04-01,1.0,photos_4/8917_ファースト住建/history/16_車谷暢昭/photo_01.jpg,✓,✓,history,
8917,ファースト住建,不動産業,島田太郎,2022-03-01,,,photos_4/8917_ファースト住建/history/17_島田太郎/photo_01.jpg,✓,✓,history,
8918,ランド,不動産業,,,,,,,,missing,要調査
8919,カチタス,不動産業,,,,,,,,missing,要調査
8920,東祥,サービス業,"報告
　当",2025年3月,（現在）,,photos_4/8920_東祥/current/photo_01.jpg,✓,✓,current,
8923,トーセイ,不動産業,山口　誠一郎,2004年7月,（現在）,,photos_4/8923_トーセイ/current/photo_01.jpg,✓,✓,current,
8927,明豊エンタープライズ,不動産業,,,,,,,,missing,要調査
8928,穴吹興産,不動産業,,,,,,,,missing,要調査
8929,青山財産ネットワークス,不動産業,,,,,,,,missing,要調査
8931,和田興産,不動産業,,,,,,,,missing,要調査
8934,サンフロンティア不動産,不動産業,堀口 智顕,2025年9月,（現在）,,photos_4/8934_サンフロンティア不動産/current/photo_01.jpg,✓,✓,current,
8934,サンフロンティア不動産,不動産業,小池正彪,,,,photos_4/8934_サンフロンティア不動産/history/01_小池正彪/photo_01.jpg,✓,✓,history,
8934,サンフロンティア不動産,不動産業,井上逸郎,,,,photos_4/8934_サンフロンティア不動産/history/02_井上逸郎/photo_01.jpg,✓,✓,history,
8934,サンフロンティア不動産,不動産業,山尾忠治,,,,photos_4/8934_サンフロンティア不動産/history/03_山尾忠治/photo_01.jpg,✓,✓,history,
8934,サンフロンティア不動産,不動産業,江戸英雄,,,,photos_4/8934_サンフロンティア不動産/history/04_江戸英雄/photo_01.jpg,✓,✓,history,
8934,サンフロンティア不動産,不動産業,坪井東,,,,photos_4/8934_サンフロンティア不動産/history/05_坪井東/photo_01.jpg,✓,✓,history,
8934,サンフロンティア不動産,不動産業,田中順一郎,,,,photos_4/8934_サンフロンティア不動産/history/06_田中順一郎/photo_01.jpg,✓,✓,history,
8934,サンフロンティア不動産,不動産業,岩沙弘道,,,,photos_4/8934_サンフロンティア不動産/history/07_岩沙弘道/photo_01.jpg,✓,✓,history,
8934,サンフロンティア不動産,不動産業,菰田正信,,,,photos_4/8934_サンフロンティア不動産/history/08_菰田正信/photo_01.jpg,✓,✓,history,
8934,サンフロンティア不動産,不動産業,植田俊,,,,photos_4/8934_サンフロンティア不動産/history/09_植田俊/photo_01.jpg,✓,✓,history,
8935,FJネクストホールディングス,不動産業,"締役
社外取",2025年6月,（現在）,,photos_4/8935_FJネクストホールディングス/current/photo_01.jpg,✓,✓,current,
8938,グローム・ホールディングス,不動産業,,,,,,,,missing,要調査
8940,インテリックス,不動産業,,,,,,,,missing,要調査
8944,ランドビジネス,不動産業,,,,,,,,missing,要調査
8945,サンネクスタグループ,不動産業,,,,,,,,missing,要調査
8946,ASIAN　STAR,不動産業,"理由
企業統",,（現在）,,photos_4/8946_ASIAN_STAR/current/photo_01.jpg,✓,✓,current,
8995,誠建設工業,不動産業,,,,,,,,missing,要調査
8996,ハウスフリーダム,不動産業,,,,,,,,missing,要調査
8999,グランディハウス,不動産業,,,,,,,,missing,要調査
9001,東武鉄道,陸運業,吉野伝治,1940-01-01,1940-02-03,0.09,photos_5/9001_東武鉄道/history/01_吉野伝治/photo_01.jpg,✓,✓,history,
9001,東武鉄道,陸運業,原邦造,1940-04-01,1941-06-25,1.23,photos_5/9001_東武鉄道/history/02_原邦造/photo_01.jpg,✓,✓,history,
9001,東武鉄道,陸運業,内田隆滋,1994-06-01,1999-06-01,5.0,photos_5/9001_東武鉄道/history/03_内田隆滋/photo_01.jpg,✓,✓,history,
9001,東武鉄道,陸運業,根津嘉澄,1999-06-01,2023-06-01,24.0,photos_5/9001_東武鉄道/history/04_根津嘉澄/photo_01.jpg,✓,✓,history,
9001,東武鉄道,陸運業,都筑豊,2023-06-01,,,photos_5/9001_東武鉄道/history/05_都筑豊/photo_01.jpg,✓,✓,history,
9003,相鉄ホールディングス,陸運業,,,,,,,,missing,要調査
9005,東急,陸運業,,,,,,,,missing,要調査
9006,京浜急行電鉄,陸運業,平素,2025年5月,（現在）,,photos_5/9006_京浜急行電鉄/current/photo_01.jpg,✓,✓,current,
9007,小田急電鉄,陸運業,利光鶴松,,,,photos_5/9007_小田急電鉄/history/01_利光鶴松/photo_01.jpg,✓,✓,history,
9007,小田急電鉄,陸運業,五島慶太,,,,photos_5/9007_小田急電鉄/history/02_五島慶太/photo_01.jpg,✓,✓,history,
9007,小田急電鉄,陸運業,安藤楢六,,,,photos_5/9007_小田急電鉄/history/03_安藤楢六/photo_01.jpg,✓,✓,history,
9008,京王電鉄,陸運業,,,,,,,,missing,要調査
9009,京成電鉄,陸運業,本多貞次郎,,,,photos_5/9009_京成電鉄/history/01_本多貞次郎/photo_01.jpg,✓,✓,history,
9009,京成電鉄,陸運業,後藤圀彦,,,,photos_5/9009_京成電鉄/history/02_後藤圀彦/photo_01.jpg,✓,✓,history,
9009,京成電鉄,陸運業,吉田秀弥,,,,photos_5/9009_京成電鉄/history/03_吉田秀弥/photo_01.jpg,✓,✓,history,
9009,京成電鉄,陸運業,大山秀雄,,,,photos_5/9009_京成電鉄/history/04_大山秀雄/photo_01.jpg,✓,✓,history,
9009,京成電鉄,陸運業,佐藤光夫,,,,photos_5/9009_京成電鉄/history/05_佐藤光夫/photo_01.jpg,✓,✓,history,
9009,京成電鉄,陸運業,村田倉夫,,,,photos_5/9009_京成電鉄/history/06_村田倉夫/photo_01.jpg,✓,✓,history,
9009,京成電鉄,陸運業,妹尾弘人,,,,photos_5/9009_京成電鉄/history/07_妹尾弘人/photo_01.jpg,✓,✓,history,
9009,京成電鉄,陸運業,大塚弘,,,,,,,history,
9009,京成電鉄,陸運業,花田力,,,,photos_5/9009_京成電鉄/history/09_花田力/photo_01.jpg,✓,✓,history,
9009,京成電鉄,陸運業,三枝紀生,,,,photos_5/9009_京成電鉄/history/10_三枝紀生/photo_01.jpg,✓,✓,history,
9009,京成電鉄,陸運業,小林敏也,,,,photos_5/9009_京成電鉄/history/11_小林敏也/photo_01.jpg,✓,✓,history,
9010,富士急行,陸運業,,,,,,,,missing,要調査
9012,秩父鉄道,陸運業,柿原万蔵,,,,photos_5/9012_秩父鉄道/history/01_柿原万蔵/photo_01.jpg,✓,✓,history,
9012,秩父鉄道,陸運業,柿原定吉,,,,photos_5/9012_秩父鉄道/history/02_柿原定吉/photo_01.jpg,✓,✓,history,
9012,秩父鉄道,陸運業,諸井恒平,,,,photos_5/9012_秩父鉄道/history/03_諸井恒平/photo_01.jpg,✓,✓,history,
9012,秩父鉄道,陸運業,柿原亀吉,,,,photos_5/9012_秩父鉄道/history/04_柿原亀吉/photo_01.jpg,✓,✓,history,
9012,秩父鉄道,陸運業,柿原謙一,,,,photos_5/9012_秩父鉄道/history/05_柿原謙一/photo_01.jpg,✓,✓,history,
9012,秩父鉄道,陸運業,柿原恭一,,,,photos_5/9012_秩父鉄道/history/06_柿原恭一/photo_01.jpg,✓,✓,history,
9017,新潟交通,陸運業,,,,,,,,missing,要調査
9020,東日本旅客鉄道,陸運業,住田正二,,,,photos_5/9020_東日本旅客鉄道/history/01_住田正二/photo_01.jpg,✓,✓,history,
9020,東日本旅客鉄道,陸運業,松田昌士,,,,photos_5/9020_東日本旅客鉄道/history/02_松田昌士/photo_01.jpg,✓,✓,history,
9020,東日本旅客鉄道,陸運業,大塚陸毅,,,,photos_5/9020_東日本旅客鉄道/history/03_大塚陸毅/photo_01.jpg,✓,✓,history,
9020,東日本旅客鉄道,陸運業,清野智,,,,photos_5/9020_東日本旅客鉄道/history/04_清野智/photo_01.jpg,✓,✓,history,
9020,東日本旅客鉄道,陸運業,冨田哲郎,,,,photos_5/9020_東日本旅客鉄道/history/05_冨田哲郎/photo_01.jpg,✓,✓,history,
9020,東日本旅客鉄道,陸運業,深澤祐二,,,,photos_5/9020_東日本旅客鉄道/history/06_深澤祐二/photo_01.jpg,✓,✓,history,
9021,西日本旅客鉄道,陸運業,日付,2005年4月,（現在）,,photos_5/9021_西日本旅客鉄道/current/photo_01.jpg,✓,✓,current,
9022,東海旅客鉄道,陸運業,須田寬,,,,photos_5/9022_東海旅客鉄道/history/01_須田寬/photo_01.jpg,✓,✓,history,
9022,東海旅客鉄道,陸運業,葛西敬之,,,,photos_5/9022_東海旅客鉄道/history/02_葛西敬之/photo_01.jpg,✓,✓,history,
9022,東海旅客鉄道,陸運業,松本正之,,,,,,,history,
9022,東海旅客鉄道,陸運業,山田佳臣,,,,photos_5/9022_東海旅客鉄道/history/04_山田佳臣/photo_01.jpg,✓,✓,history,
9022,東海旅客鉄道,陸運業,柘植康英,,,,photos_5/9022_東海旅客鉄道/history/05_柘植康英/photo_01.jpg,✓,✓,history,
9022,東海旅客鉄道,陸運業,金子慎,,,,photos_5/9022_東海旅客鉄道/history/06_金子慎/photo_01.jpg,✓,✓,history,
9022,東海旅客鉄道,陸運業,丹羽俊介,,,,photos_5/9022_東海旅客鉄道/history/07_丹羽俊介/photo_01.jpg,✓,✓,history,
9023,東京地下鉄,陸運業,奥義光,2011-06-01,2017-06-28,6.08,photos_5/9023_東京地下鉄/history/01_奥義光/photo_01.jpg,✓,✓,history,
9023,東京地下鉄,陸運業,山村明義,2017-06-01,2025-06-25,8.07,photos_5/9023_東京地下鉄/history/02_山村明義/photo_01.jpg,✓,✓,history,
9023,東京地下鉄,陸運業,濱中昭一郎,,,,photos_5/9023_東京地下鉄/history/03_濱中昭一郎/photo_01.jpg,✓,✓,history,
9023,東京地下鉄,陸運業,吉田二郎,,,,photos_5/9023_東京地下鉄/history/04_吉田二郎/photo_01.jpg,✓,✓,history,
9023,東京地下鉄,陸運業,安富正文,,,,photos_5/9023_東京地下鉄/history/05_安富正文/photo_01.jpg,✓,✓,history,
9023,東京地下鉄,陸運業,本田勝,,,,photos_5/9023_東京地下鉄/history/06_本田勝/photo_01.jpg,✓,✓,history,
9023,東京地下鉄,陸運業,川澄俊文,,,,photos_5/9023_東京地下鉄/history/07_川澄俊文/photo_01.jpg,✓,✓,history,
9024,西武ホールディングス,陸運業,,,,,,,,missing,要調査
9025,鴻池運輸,陸運業,鴻池 忠彦,2025年4月,（現在）,,photos_5/9025_鴻池運輸/current/photo_01.jpg,✓,✓,current,
9028,ゼロ,陸運業,挨拶 株主,2024年7月,（現在）,,,,,current,
9029,ヒガシホールディングス,陸運業,"一覧
各種",2025年4月,（現在）,,photos_5/9029_ヒガシホールディングス/current/photo_01.jpg,✓,✓,current,
9031,西日本鉄道,陸運業,,,,,,,,missing,要調査
9033,広島電鉄,陸運業,大林芳五郎,,,,photos_5/9033_広島電鉄/history/01_大林芳五郎/photo_01.jpg,✓,✓,history,
9033,広島電鉄,陸運業,藤田謙一,,,,photos_5/9033_広島電鉄/history/02_藤田謙一/photo_01.jpg,✓,✓,history,
9033,広島電鉄,陸運業,松浦泰次郎,,,,,,,history,
9033,広島電鉄,陸運業,松本勝太郎,,,,photos_5/9033_広島電鉄/history/04_松本勝太郎/photo_01.jpg,✓,✓,history,
9033,広島電鉄,陸運業,三宅兼一,,,,photos_5/9033_広島電鉄/history/05_三宅兼一/photo_01.jpg,✓,✓,history,
9033,広島電鉄,陸運業,倉田信太郎,,,,photos_5/9033_広島電鉄/history/06_倉田信太郎/photo_01.jpg,✓,✓,history,
9033,広島電鉄,陸運業,多山恒次郎,,,,photos_5/9033_広島電鉄/history/07_多山恒次郎/photo_01.jpg,✓,✓,history,
9033,広島電鉄,陸運業,山口吾一,,,,photos_5/9033_広島電鉄/history/08_山口吾一/photo_01.jpg,✓,✓,history,
9033,広島電鉄,陸運業,伊藤信之,,,,photos_5/9033_広島電鉄/history/09_伊藤信之/photo_01.jpg,✓,✓,history,
9033,広島電鉄,陸運業,堀江明,,,,photos_5/9033_広島電鉄/history/10_堀江明/photo_01.jpg,✓,✓,history,
9033,広島電鉄,陸運業,石松正二,,,,photos_5/9033_広島電鉄/history/11_石松正二/photo_01.jpg,✓,✓,history,
9033,広島電鉄,陸運業,奥窪央雄,,,,photos_5/9033_広島電鉄/history/12_奥窪央雄/photo_01.jpg,✓,✓,history,
9033,広島電鉄,陸運業,大田哲哉,,,,photos_5/9033_広島電鉄/history/13_大田哲哉/photo_01.jpg,✓,✓,history,
9033,広島電鉄,陸運業,越智秀信,,,,photos_5/9033_広島電鉄/history/14_越智秀信/photo_01.jpg,✓,✓,history,
9033,広島電鉄,陸運業,椋田昌夫,,,,photos_5/9033_広島電鉄/history/15_椋田昌夫/photo_01.jpg,✓,✓,history,
9033,広島電鉄,陸運業,仮井康裕,,,,photos_5/9033_広島電鉄/history/16_仮井康裕/photo_01.jpg,✓,✓,history,
9034,南総通運,陸運業,国沢新兵衛,1937-10-01,1940-11-01,3.09,photos_5/9034_南総通運/history/01_国沢新兵衛/photo_01.jpg,✓,✓,history,
9034,南総通運,陸運業,村上義一,1940-11-01,1943-07-01,2.66,photos_5/9034_南総通運/history/02_村上義一/photo_01.jpg,✓,✓,history,
9034,南総通運,陸運業,久保田敬一,1943-07-01,1946-02-01,2.59,photos_5/9034_南総通運/history/03_久保田敬一/photo_01.jpg,✓,✓,history,
9034,南総通運,陸運業,早川慎一,1946-02-01,1954-04-01,8.16,photos_5/9034_南総通運/history/04_早川慎一/photo_01.jpg,✓,✓,history,
9034,南総通運,陸運業,安座上真,1954-04-01,1955-06-01,1.17,photos_5/9034_南総通運/history/05_安座上真/photo_01.jpg,✓,✓,history,
9034,南総通運,陸運業,金丸冨夫,1955-06-01,1960-05-01,4.92,photos_5/9034_南総通運/history/06_金丸冨夫/photo_01.jpg,✓,✓,history,
9034,南総通運,陸運業,福島敏行,1960-05-01,1968-01-01,7.67,photos_5/9034_南総通運/history/07_福島敏行/photo_01.jpg,✓,✓,history,
9034,南総通運,陸運業,沢村貴義,1968-01-01,1976-06-01,8.42,photos_5/9034_南総通運/history/08_沢村貴義/photo_01.jpg,✓,✓,history,
9034,南総通運,陸運業,広瀬真一,1976-06-01,1983-06-01,7.0,photos_5/9034_南総通運/history/09_広瀬真一/photo_01.jpg,✓,✓,history,
9034,南総通運,陸運業,長岡毅,1983-06-01,,,photos_5/9034_南総通運/history/10_長岡毅/photo_01.jpg,✓,✓,history,
9034,南総通運,陸運業,濱中昭一郎,,,,photos_5/9034_南総通運/history/11_濱中昭一郎/photo_01.jpg,✓,✓,history,
9034,南総通運,陸運業,岡部正彦,,,,photos_5/9034_南総通運/history/12_岡部正彦/photo_01.jpg,✓,✓,history,
9034,南総通運,陸運業,川合正矩,,,,photos_5/9034_南総通運/history/13_川合正矩/photo_01.jpg,✓,✓,history,
9034,南総通運,陸運業,渡邉健二,,,,photos_5/9034_南総通運/history/14_渡邉健二/photo_01.jpg,✓,✓,history,
9034,南総通運,陸運業,齋藤充,,,,photos_5/9034_南総通運/history/15_齋藤充/photo_01.jpg,✓,✓,history,
9034,南総通運,陸運業,堀切智,,,,photos_5/9034_南総通運/history/16_堀切智/photo_01.jpg,✓,✓,history,
9034,南総通運,陸運業,竹添進二郎,,,,photos_5/9034_南総通運/history/17_竹添進二郎/photo_01.jpg,✓,✓,history,
9036,東部ネットワーク,陸運業,若山 良孝,,（現在）,,photos_5/9036_東部ネットワーク/current/photo_01.jpg,✓,✓,current,
9037,ハマキョウレックス,陸運業,運輸大臣,1947-04-01,1951-12-01,4.67,photos_5/9037_ハマキョウレックス/history/01_運輸大臣/photo_01.jpg,✓,✓,history,
9037,ハマキョウレックス,陸運業,金森又一郎の孫,1987-06-01,1994-06-01,7.0,photos_5/9037_ハマキョウレックス/history/02_金森又一郎の孫/photo_01.jpg,✓,✓,history,
9039,サカイ引越センター,陸運業,,,,,,,,missing,要調査
9041,近鉄グループホールディングス,陸運業,運輸大臣,1947-04-01,1951-12-01,4.67,photos_5/9041_近鉄グループホールディングス/history/01_運輸大臣/photo_01.jpg,✓,✓,history,
9041,近鉄グループホールディングス,陸運業,金森又一郎の孫,1987-06-01,1994-06-01,7.0,photos_5/9041_近鉄グループホールディングス/history/02_金森又一郎の孫/photo_01.jpg,✓,✓,history,
9042,阪急阪神ホールディングス,陸運業,,,,,,,,missing,要調査
9044,南海電気鉄道,陸運業,大軌,1937-02-01,1947-04-25,10.23,photos_5/9044_南海電気鉄道/history/01_大軌/photo_01.jpg,✓,✓,history,
9044,南海電気鉄道,陸運業,近鉄中興の祖,1951-12-01,1973-05-25,21.48,photos_5/9044_南海電気鉄道/history/02_近鉄中興の祖/photo_01.jpg,✓,✓,history,
9044,南海電気鉄道,陸運業,金森又一郎の孫,1987-06-01,1994-06-29,7.08,photos_5/9044_南海電気鉄道/history/03_金森又一郎の孫/photo_01.jpg,✓,✓,history,
9045,京阪ホールディングス,陸運業,当社,,（現在）,,photos_5/9045_京阪ホールディングス/current/photo_01.jpg,✓,✓,current,
9046,神戸電鉄,陸運業,,,,,,,,missing,要調査
9048,名古屋鉄道,陸運業,須田寬,,,,photos_5/9048_名古屋鉄道/history/01_須田寬/photo_01.jpg,✓,✓,history,
9048,名古屋鉄道,陸運業,葛西敬之,,,,photos_5/9048_名古屋鉄道/history/02_葛西敬之/photo_01.jpg,✓,✓,history,
9048,名古屋鉄道,陸運業,松本正之,,,,photos_5/9048_名古屋鉄道/history/03_松本正之/photo_01.jpg,✓,✓,history,
9048,名古屋鉄道,陸運業,山田佳臣,,,,photos_5/9048_名古屋鉄道/history/04_山田佳臣/photo_01.jpg,✓,✓,history,
9048,名古屋鉄道,陸運業,柘植康英,,,,photos_5/9048_名古屋鉄道/history/05_柘植康英/photo_01.jpg,✓,✓,history,
9048,名古屋鉄道,陸運業,金子慎,,,,photos_5/9048_名古屋鉄道/history/06_金子慎/photo_01.jpg,✓,✓,history,
9048,名古屋鉄道,陸運業,丹羽俊介,,,,photos_5/9048_名古屋鉄道/history/07_丹羽俊介/photo_01.jpg,✓,✓,history,
9049,京福電気鉄道,陸運業,,,,,,,,missing,要調査
9051,センコン物流,陸運業,小平浪平,,,,photos_5/9051_センコン物流/history/01_小平浪平/photo_01.jpg,✓,✓,history,
9051,センコン物流,陸運業,倉田主税,,,,photos_5/9051_センコン物流/history/02_倉田主税/photo_01.jpg,✓,✓,history,
9051,センコン物流,陸運業,駒井健一郎,,,,photos_5/9051_センコン物流/history/03_駒井健一郎/photo_01.jpg,✓,✓,history,
9051,センコン物流,陸運業,吉山博吉,,,,photos_5/9051_センコン物流/history/04_吉山博吉/photo_01.jpg,✓,✓,history,
9051,センコン物流,陸運業,三田勝茂,,,,photos_5/9051_センコン物流/history/05_三田勝茂/photo_01.jpg,✓,✓,history,
9051,センコン物流,陸運業,金井務,,,,photos_5/9051_センコン物流/history/06_金井務/photo_01.jpg,✓,✓,history,
9051,センコン物流,陸運業,庄山悦彦,,,,photos_5/9051_センコン物流/history/07_庄山悦彦/photo_01.jpg,✓,✓,history,
9051,センコン物流,陸運業,古川一夫,,,,photos_5/9051_センコン物流/history/08_古川一夫/photo_01.jpg,✓,✓,history,
9051,センコン物流,陸運業,川村隆,,,,,,,history,
9051,センコン物流,陸運業,中西宏明,,,,photos_5/9051_センコン物流/history/10_中西宏明/photo_01.jpg,✓,✓,history,
9051,センコン物流,陸運業,東原敏昭,,,,photos_5/9051_センコン物流/history/11_東原敏昭/photo_01.jpg,✓,✓,history,
9051,センコン物流,陸運業,小島啓二,,,,photos_5/9051_センコン物流/history/12_小島啓二/photo_01.jpg,✓,✓,history,
9051,センコン物流,陸運業,德永俊昭,,,,photos_5/9051_センコン物流/history/13_德永俊昭/photo_01.jpg,✓,✓,history,
9052,山陽電気鉄道,陸運業,,,,,,,,missing,要調査
9057,遠州トラック,陸運業,海塚新八,,,,photos_5/9057_遠州トラック/history/01_海塚新八/photo_01.jpg,✓,✓,history,
9057,遠州トラック,陸運業,松田重次郎,,,,photos_5/9057_遠州トラック/history/02_松田重次郎/photo_01.jpg,✓,✓,history,
9057,遠州トラック,陸運業,松田恒次,1951-12-01,,,photos_5/9057_遠州トラック/history/03_松田恒次/photo_01.jpg,✓,✓,history,
9057,遠州トラック,陸運業,松田耕平,1970-11-01,,,photos_5/9057_遠州トラック/history/04_松田耕平/photo_01.jpg,✓,✓,history,
9057,遠州トラック,陸運業,山崎芳樹,1977-12-01,,,photos_5/9057_遠州トラック/history/05_山崎芳樹/photo_01.jpg,✓,✓,history,
9057,遠州トラック,陸運業,山本健一,1984-11-01,,,photos_5/9057_遠州トラック/history/06_山本健一/photo_01.jpg,✓,✓,history,
9057,遠州トラック,陸運業,古田徳昌,1987-12-01,,,photos_5/9057_遠州トラック/history/07_古田徳昌/photo_01.jpg,✓,✓,history,
9057,遠州トラック,陸運業,和田淑弘,1991-12-01,,,photos_5/9057_遠州トラック/history/08_和田淑弘/photo_01.jpg,✓,✓,history,
9057,遠州トラック,陸運業,井巻久一,,,,photos_5/9057_遠州トラック/history/09_井巻久一/photo_01.jpg,✓,✓,history,
9057,遠州トラック,陸運業,山内孝,2008-11-01,,,photos_5/9057_遠州トラック/history/10_山内孝/photo_01.jpg,✓,✓,history,
9057,遠州トラック,陸運業,小飼雅道,,,,photos_5/9057_遠州トラック/history/11_小飼雅道/photo_01.jpg,✓,✓,history,
9057,遠州トラック,陸運業,丸本明,,,,photos_5/9057_遠州トラック/history/12_丸本明/photo_01.jpg,✓,✓,history,
9057,遠州トラック,陸運業,毛籠勝弘,,,,photos_5/9057_遠州トラック/history/13_毛籠勝弘/photo_01.jpg,✓,✓,history,
9059,カンダホールディングス,陸運業,水野成夫,,,,photos_5/9059_カンダホールディングス/history/01_水野成夫/photo_01.jpg,✓,✓,history,
9059,カンダホールディングス,陸運業,鹿内信隆,,,,,,,history,
9059,カンダホールディングス,陸運業,浅野賢澄,,,,photos_5/9059_カンダホールディングス/history/03_浅野賢澄/photo_01.jpg,✓,✓,history,
9059,カンダホールディングス,陸運業,石田達郎,,,,photos_5/9059_カンダホールディングス/history/04_石田達郎/photo_01.jpg,✓,✓,history,
9059,カンダホールディングス,陸運業,羽佐間重彰,,,,photos_5/9059_カンダホールディングス/history/05_羽佐間重彰/photo_01.jpg,✓,✓,history,
9059,カンダホールディングス,陸運業,日枝久,,,,photos_5/9059_カンダホールディングス/history/06_日枝久/photo_01.jpg,✓,✓,history,
9059,カンダホールディングス,陸運業,村上光一,,,,photos_5/9059_カンダホールディングス/history/07_村上光一/photo_01.jpg,✓,✓,history,
9059,カンダホールディングス,陸運業,豊田皓,,,,photos_5/9059_カンダホールディングス/history/08_豊田皓/photo_01.jpg,✓,✓,history,
9059,カンダホールディングス,陸運業,亀山千広,,,,photos_5/9059_カンダホールディングス/history/09_亀山千広/photo_01.jpg,✓,✓,history,
9059,カンダホールディングス,陸運業,宮内正喜,,,,,,,history,
9059,カンダホールディングス,陸運業,遠藤龍之介,,,,photos_5/9059_カンダホールディングス/history/11_遠藤龍之介/photo_01.jpg,✓,✓,history,
9059,カンダホールディングス,陸運業,金光修,,,,photos_5/9059_カンダホールディングス/history/12_金光修/photo_01.jpg,✓,✓,history,
9059,カンダホールディングス,陸運業,港浩一,,,,,,,history,
9059,カンダホールディングス,陸運業,清水賢治,,,,photos_5/9059_カンダホールディングス/history/14_清水賢治/photo_01.jpg,✓,✓,history,
9060,日本ロジテム,陸運業,,,,,,,,missing,要調査
9063,岡山県貨物運送,陸運業,,,,,,,,missing,要調査
9064,ヤマトホールディングス,陸運業,,,,,,,,missing,要調査
9065,山九,陸運業,世界,,（現在）,,photos_5/9065_山九/current/photo_01.jpg,✓,✓,current,
9067,丸運,陸運業,,,,,,,,missing,要調査
9068,丸全昭和運輸,陸運業,会長　浅井,2025年12月,（現在）,,photos_5/9068_丸全昭和運輸/current/photo_01.jpg,✓,✓,current,
9069,センコーグループホールディングス,陸運業,,,,,,,,missing,要調査
9072,ニッコンホールディングス,陸運業,現職,,,,photos_5/9072_ニッコンホールディングス/history/01_現職/photo_01.jpg,✓,✓,history,
9073,京極運輸商事,陸運業,森岡昌純,,,,photos_5/9073_京極運輸商事/history/01_森岡昌純/photo_01.jpg,✓,✓,history,
9073,京極運輸商事,陸運業,吉川泰二郎,,,,photos_5/9073_京極運輸商事/history/02_吉川泰二郎/photo_01.jpg,✓,✓,history,
9073,京極運輸商事,陸運業,近藤廉平,,,,photos_5/9073_京極運輸商事/history/03_近藤廉平/photo_01.jpg,✓,✓,history,
9073,京極運輸商事,陸運業,伊東米治郎,,,,photos_5/9073_京極運輸商事/history/04_伊東米治郎/photo_01.jpg,✓,✓,history,
9073,京極運輸商事,陸運業,白仁武,,,,photos_5/9073_京極運輸商事/history/05_白仁武/photo_01.jpg,✓,✓,history,
9073,京極運輸商事,陸運業,各務鎌吉,,,,photos_5/9073_京極運輸商事/history/06_各務鎌吉/photo_01.jpg,✓,✓,history,
9073,京極運輸商事,陸運業,大谷登,,,,photos_5/9073_京極運輸商事/history/07_大谷登/photo_01.jpg,✓,✓,history,
9073,京極運輸商事,陸運業,寺井久信,,,,photos_5/9073_京極運輸商事/history/08_寺井久信/photo_01.jpg,✓,✓,history,
9073,京極運輸商事,陸運業,市原章則,,,,photos_5/9073_京極運輸商事/history/09_市原章則/photo_01.jpg,✓,✓,history,
9073,京極運輸商事,陸運業,浅尾新甫,,,,photos_5/9073_京極運輸商事/history/10_浅尾新甫/photo_01.jpg,✓,✓,history,
9073,京極運輸商事,陸運業,児玉忠康,,,,photos_5/9073_京極運輸商事/history/11_児玉忠康/photo_01.jpg,✓,✓,history,
9073,京極運輸商事,陸運業,有吉義弥,,,,photos_5/9073_京極運輸商事/history/12_有吉義弥/photo_01.jpg,✓,✓,history,
9073,京極運輸商事,陸運業,菊地庄次郎,,,,photos_5/9073_京極運輸商事/history/13_菊地庄次郎/photo_01.jpg,✓,✓,history,
9073,京極運輸商事,陸運業,小野晋,,,,photos_5/9073_京極運輸商事/history/14_小野晋/photo_01.jpg,✓,✓,history,
9073,京極運輸商事,陸運業,宮岡公夫,,,,photos_5/9073_京極運輸商事/history/15_宮岡公夫/photo_01.jpg,✓,✓,history,
9073,京極運輸商事,陸運業,根本二郎,,,,,,,history,
9073,京極運輸商事,陸運業,河村健太郎,,,,photos_5/9073_京極運輸商事/history/17_河村健太郎/photo_01.jpg,✓,✓,history,
9073,京極運輸商事,陸運業,草刈隆郎,,,,photos_5/9073_京極運輸商事/history/18_草刈隆郎/photo_01.jpg,✓,✓,history,
9073,京極運輸商事,陸運業,宮原耕治,,,,photos_5/9073_京極運輸商事/history/19_宮原耕治/photo_01.jpg,✓,✓,history,
9073,京極運輸商事,陸運業,工藤泰三,,,,photos_5/9073_京極運輸商事/history/20_工藤泰三/photo_01.jpg,✓,✓,history,
9074,日本石油輸送,陸運業,原　昌一郎,,（現在）,,photos_5/9074_日本石油輸送/current/photo_01.jpg,✓,✓,current,
9075,福山通運,陸運業,国沢新兵衛,1937-10-01,1940-11-01,3.09,photos_5/9075_福山通運/history/01_国沢新兵衛/photo_01.jpg,✓,✓,history,
9075,福山通運,陸運業,村上義一,1940-11-01,1943-07-01,2.66,photos_5/9075_福山通運/history/02_村上義一/photo_01.jpg,✓,✓,history,
9075,福山通運,陸運業,久保田敬一,1943-07-01,1946-02-01,2.59,photos_5/9075_福山通運/history/03_久保田敬一/photo_01.jpg,✓,✓,history,
9075,福山通運,陸運業,早川慎一,1946-02-01,1954-04-01,8.16,photos_5/9075_福山通運/history/04_早川慎一/photo_01.jpg,✓,✓,history,
9075,福山通運,陸運業,安座上真,1954-04-01,1955-06-01,1.17,photos_5/9075_福山通運/history/05_安座上真/photo_01.jpg,✓,✓,history,
9075,福山通運,陸運業,金丸冨夫,1955-06-01,1960-05-01,4.92,,,,history,
9075,福山通運,陸運業,福島敏行,1960-05-01,1968-01-01,7.67,photos_5/9075_福山通運/history/07_福島敏行/photo_01.jpg,✓,✓,history,
9075,福山通運,陸運業,沢村貴義,1968-01-01,1976-06-01,8.42,photos_5/9075_福山通運/history/08_沢村貴義/photo_01.jpg,✓,✓,history,
9075,福山通運,陸運業,広瀬真一,1976-06-01,1983-06-01,7.0,photos_5/9075_福山通運/history/09_広瀬真一/photo_01.jpg,✓,✓,history,
9075,福山通運,陸運業,長岡毅,1983-06-01,,,photos_5/9075_福山通運/history/10_長岡毅/photo_01.jpg,✓,✓,history,
9075,福山通運,陸運業,濱中昭一郎,,,,,,,history,
9075,福山通運,陸運業,岡部正彦,,,,photos_5/9075_福山通運/history/12_岡部正彦/photo_01.jpg,✓,✓,history,
9075,福山通運,陸運業,川合正矩,,,,photos_5/9075_福山通運/history/13_川合正矩/photo_01.jpg,✓,✓,history,
9075,福山通運,陸運業,渡邉健二,,,,photos_5/9075_福山通運/history/14_渡邉健二/photo_01.jpg,✓,✓,history,
9075,福山通運,陸運業,齋藤充,,,,photos_5/9075_福山通運/history/15_齋藤充/photo_01.jpg,✓,✓,history,
9075,福山通運,陸運業,堀切智,,,,photos_5/9075_福山通運/history/16_堀切智/photo_01.jpg,✓,✓,history,
9075,福山通運,陸運業,竹添進二郎,,,,photos_5/9075_福山通運/history/17_竹添進二郎/photo_01.jpg,✓,✓,history,
9076,セイノーホールディングス,陸運業,,,,,,,,missing,要調査
9081,神奈川中央交通,陸運業,,,,,,,,missing,要調査
9082,大和自動車交通,陸運業,東京自動車工業,,,,photos_5/9082_大和自動車交通/history/01_東京自動車工業/photo_01.jpg,✓,✓,history,
9082,大和自動車交通,陸運業,松方五郎,1937-04-01,1940-05-01,3.08,photos_5/9082_大和自動車交通/history/02_松方五郎/photo_01.jpg,✓,✓,history,
9082,大和自動車交通,陸運業,鈴木重康,1940-05-01,1941-04-01,0.92,photos_5/9082_大和自動車交通/history/03_鈴木重康/photo_01.jpg,✓,✓,history,
9082,大和自動車交通,陸運業,林桂,1942-01-01,1945-07-01,3.5,photos_5/9082_大和自動車交通/history/04_林桂/photo_01.jpg,✓,✓,history,
9082,大和自動車交通,陸運業,弓削靖,1945-07-01,1946-12-01,1.42,photos_5/9082_大和自動車交通/history/05_弓削靖/photo_01.jpg,✓,✓,history,
9082,大和自動車交通,陸運業,三宮吾郎,1946-12-01,1949-07-01,2.58,photos_5/9082_大和自動車交通/history/06_三宮吾郎/photo_01.jpg,✓,✓,history,
9082,大和自動車交通,陸運業,いすゞ自動車,,,,photos_5/9082_大和自動車交通/history/07_いすゞ自動車/photo_01.jpg,✓,✓,history,
9082,大和自動車交通,陸運業,楠木直道,1962-01-01,1965-06-01,3.41,photos_5/9082_大和自動車交通/history/08_楠木直道/photo_01.jpg,✓,✓,history,
9082,大和自動車交通,陸運業,大橋英吉,1965-06-01,1970-06-01,5.0,photos_5/9082_大和自動車交通/history/09_大橋英吉/photo_01.jpg,✓,✓,history,
9082,大和自動車交通,陸運業,荒牧寅雄,1970-06-01,1976-01-01,5.59,photos_5/9082_大和自動車交通/history/10_荒牧寅雄/photo_01.jpg,✓,✓,history,
9082,大和自動車交通,陸運業,岡本利雄,1976-01-01,1984-01-01,8.0,photos_5/9082_大和自動車交通/history/11_岡本利雄/photo_01.jpg,✓,✓,history,
9082,大和自動車交通,陸運業,飛山一男,1984-01-01,1992-01-01,8.0,photos_5/9082_大和自動車交通/history/12_飛山一男/photo_01.jpg,✓,✓,history,
9082,大和自動車交通,陸運業,関和平,1992-01-01,1998-06-01,6.41,photos_5/9082_大和自動車交通/history/13_関和平/photo_01.jpg,✓,✓,history,
9082,大和自動車交通,陸運業,稲生武,1998-06-01,2000-12-01,2.5,photos_5/9082_大和自動車交通/history/14_稲生武/photo_01.jpg,✓,✓,history,
9082,大和自動車交通,陸運業,井田義則,2000-12-01,2007-06-01,6.5,photos_5/9082_大和自動車交通/history/15_井田義則/photo_01.jpg,✓,✓,history,
9082,大和自動車交通,陸運業,細井行,2007-06-01,2015-06-01,8.0,photos_5/9082_大和自動車交通/history/16_細井行/photo_01.jpg,✓,✓,history,
9082,大和自動車交通,陸運業,片山正則,2015-06-01,2023-03-01,7.75,photos_5/9082_大和自動車交通/history/17_片山正則/photo_01.jpg,✓,✓,history,
9082,大和自動車交通,陸運業,南真介,2023-04-01,,,photos_5/9082_大和自動車交通/history/18_南真介/photo_01.jpg,✓,✓,history,
9083,神姫バス,陸運業,,,,,,,,missing,要調査
9087,タカセ,陸運業,日 大宮司,2024年1月,（現在）,,photos_5/9087_タカセ/current/photo_01.jpg,✓,✓,current,
9087,タカセ,陸運業,ダイハツ工業,,,,photos_5/9087_タカセ/history/01_ダイハツ工業/photo_01.jpg,✓,✓,history,
9090,AZ-COM丸和ホールディングス,陸運業,佐見 勝,2025年6月,（現在）,,,,,current,
9101,日本郵船,海運業,月 曽我,2023年4月,（現在）,,photos_5/9101_日本郵船/current/photo_01.jpg,✓,✓,current,
9101,日本郵船,海運業,森岡昌純,,,,photos_5/9101_日本郵船/history/01_森岡昌純/photo_01.jpg,✓,✓,history,
9101,日本郵船,海運業,吉川泰二郎,,,,photos_5/9101_日本郵船/history/02_吉川泰二郎/photo_01.jpg,✓,✓,history,
9101,日本郵船,海運業,近藤廉平,,,,photos_5/9101_日本郵船/history/03_近藤廉平/photo_01.jpg,✓,✓,history,
9101,日本郵船,海運業,伊東米治郎,,,,photos_5/9101_日本郵船/history/04_伊東米治郎/photo_01.jpg,✓,✓,history,
9101,日本郵船,海運業,白仁武,,,,photos_5/9101_日本郵船/history/05_白仁武/photo_01.jpg,✓,✓,history,
9101,日本郵船,海運業,各務鎌吉,,,,photos_5/9101_日本郵船/history/06_各務鎌吉/photo_01.jpg,✓,✓,history,
9101,日本郵船,海運業,大谷登,,,,photos_5/9101_日本郵船/history/07_大谷登/photo_01.jpg,✓,✓,history,
9101,日本郵船,海運業,寺井久信,,,,photos_5/9101_日本郵船/history/08_寺井久信/photo_01.jpg,✓,✓,history,
9101,日本郵船,海運業,市原章則,,,,photos_5/9101_日本郵船/history/09_市原章則/photo_01.jpg,✓,✓,history,
9101,日本郵船,海運業,浅尾新甫,,,,photos_5/9101_日本郵船/history/10_浅尾新甫/photo_01.jpg,✓,✓,history,
9101,日本郵船,海運業,児玉忠康,,,,photos_5/9101_日本郵船/history/11_児玉忠康/photo_01.jpg,✓,✓,history,
9101,日本郵船,海運業,有吉義弥,,,,photos_5/9101_日本郵船/history/12_有吉義弥/photo_01.jpg,✓,✓,history,
9101,日本郵船,海運業,菊地庄次郎,,,,photos_5/9101_日本郵船/history/13_菊地庄次郎/photo_01.jpg,✓,✓,history,
9101,日本郵船,海運業,小野晋,,,,photos_5/9101_日本郵船/history/14_小野晋/photo_01.jpg,✓,✓,history,
9101,日本郵船,海運業,宮岡公夫,,,,photos_5/9101_日本郵船/history/15_宮岡公夫/photo_01.jpg,✓,✓,history,
9101,日本郵船,海運業,根本二郎,,,,photos_5/9101_日本郵船/history/16_根本二郎/photo_01.jpg,✓,✓,history,
9101,日本郵船,海運業,河村健太郎,,,,photos_5/9101_日本郵船/history/17_河村健太郎/photo_01.jpg,✓,✓,history,
9101,日本郵船,海運業,草刈隆郎,,,,photos_5/9101_日本郵船/history/18_草刈隆郎/photo_01.jpg,✓,✓,history,
9101,日本郵船,海運業,宮原耕治,,,,photos_5/9101_日本郵船/history/19_宮原耕治/photo_01.jpg,✓,✓,history,
9101,日本郵船,海運業,工藤泰三,,,,photos_5/9101_日本郵船/history/20_工藤泰三/photo_01.jpg,✓,✓,history,
9104,商船三井,海運業,,,,,,,,missing,要調査
9107,川崎汽船,海運業,川崎汽船,2022年5月,（現在）,,photos_5/9107_川崎汽船/current/photo_01.jpg,✓,✓,current,
9107,川崎汽船,海運業,現職,2025-03-01,,,photos_5/9107_川崎汽船/history/01_現職/photo_01.jpg,✓,✓,history,
9110,NSユナイテッド海運,海運業,当社  山中,,（現在）,,photos_5/9110_NSユナイテッド海運/current/photo_01.jpg,✓,✓,current,
9115,明海グループ,海運業,内田　貴也,,（現在）,,photos_5/9115_明海グループ/current/photo_01.jpg,✓,✓,current,
9119,飯野海運,海運業,現職,2025-03-01,,,photos_5/9119_飯野海運/history/01_現職/photo_01.jpg,✓,✓,history,
9127,玉井商船,海運業,,,,,,,,missing,要調査
9130,共栄タンカー,海運業,近藤　耕司,2025年6月,（現在）,,photos_5/9130_共栄タンカー/current/photo_01.jpg,✓,✓,current,
9142,九州旅客鉄道,陸運業,月 九州旅,2025年３月,（現在）,,photos_5/9142_九州旅客鉄道/current/photo_01.jpg,✓,✓,current,
9142,九州旅客鉄道,陸運業,石井幸孝,,,,photos_5/9142_九州旅客鉄道/history/01_石井幸孝/photo_01.jpg,✓,✓,history,
9142,九州旅客鉄道,陸運業,田中浩二,,,,photos_5/9142_九州旅客鉄道/history/02_田中浩二/photo_01.jpg,✓,✓,history,
9142,九州旅客鉄道,陸運業,石原進,,,,photos_5/9142_九州旅客鉄道/history/03_石原進/photo_01.jpg,✓,✓,history,
9142,九州旅客鉄道,陸運業,唐池恒二,,,,photos_5/9142_九州旅客鉄道/history/04_唐池恒二/photo_01.jpg,✓,✓,history,
9142,九州旅客鉄道,陸運業,青柳俊彦,,,,photos_5/9142_九州旅客鉄道/history/05_青柳俊彦/photo_01.jpg,✓,✓,history,
9142,九州旅客鉄道,陸運業,古宮洋二,,,,photos_5/9142_九州旅客鉄道/history/06_古宮洋二/photo_01.jpg,✓,✓,history,
9143,SGホールディングス,陸運業,,,,,,,,missing,要調査
9145,ビーイングホールディングス,陸運業,松下幸之助,,,,photos_5/9145_ビーイングホールディングス/history/01_松下幸之助/photo_01.jpg,✓,✓,history,
9145,ビーイングホールディングス,陸運業,松下正治,1961-01-01,,,photos_5/9145_ビーイングホールディングス/history/02_松下正治/photo_01.jpg,✓,✓,history,
9145,ビーイングホールディングス,陸運業,山下俊彦,1977-02-01,,,photos_5/9145_ビーイングホールディングス/history/03_山下俊彦/photo_01.jpg,✓,✓,history,
9145,ビーイングホールディングス,陸運業,谷井昭雄,1986-02-01,,,photos_5/9145_ビーイングホールディングス/history/04_谷井昭雄/photo_01.jpg,✓,✓,history,
9145,ビーイングホールディングス,陸運業,森下洋一,1993-02-01,,,photos_5/9145_ビーイングホールディングス/history/05_森下洋一/photo_01.jpg,✓,✓,history,
9145,ビーイングホールディングス,陸運業,中村邦夫,2000-06-01,,,photos_5/9145_ビーイングホールディングス/history/06_中村邦夫/photo_01.jpg,✓,✓,history,
9145,ビーイングホールディングス,陸運業,大坪文雄,2006-06-01,,,photos_5/9145_ビーイングホールディングス/history/07_大坪文雄/photo_01.jpg,✓,✓,history,
9145,ビーイングホールディングス,陸運業,津賀一宏,2012-06-01,2021-06-01,9.0,photos_5/9145_ビーイングホールディングス/history/08_津賀一宏/photo_01.jpg,✓,✓,history,
9145,ビーイングホールディングス,陸運業,楠見雄規,2021-06-01,,,photos_5/9145_ビーイングホールディングス/history/09_楠見雄規/photo_01.jpg,✓,✓,history,
9147,NIPPON　EXPRESSホールディングス,陸運業,国沢新兵衛,1937-10-01,1940-11-01,3.09,photos_5/9147_NIPPON_EXPRESSホールディングス/history/01_国沢新兵衛/photo_01.jpg,✓,✓,history,
9147,NIPPON　EXPRESSホールディングス,陸運業,村上義一,1940-11-01,1943-07-01,2.66,photos_5/9147_NIPPON_EXPRESSホールディングス/history/02_村上義一/photo_01.jpg,✓,✓,history,
9147,NIPPON　EXPRESSホールディングス,陸運業,久保田敬一,1943-07-01,1946-02-01,2.59,photos_5/9147_NIPPON_EXPRESSホールディングス/history/03_久保田敬一/photo_01.jpg,✓,✓,history,
9147,NIPPON　EXPRESSホールディングス,陸運業,早川慎一,1946-02-01,1954-04-01,8.16,photos_5/9147_NIPPON_EXPRESSホールディングス/history/04_早川慎一/photo_01.jpg,✓,✓,history,
9147,NIPPON　EXPRESSホールディングス,陸運業,安座上真,1954-04-01,1955-06-01,1.17,photos_5/9147_NIPPON_EXPRESSホールディングス/history/05_安座上真/photo_01.jpg,✓,✓,history,
9147,NIPPON　EXPRESSホールディングス,陸運業,金丸冨夫,1955-06-01,1960-05-01,4.92,photos_5/9147_NIPPON_EXPRESSホールディングス/history/06_金丸冨夫/photo_01.jpg,✓,✓,history,
9147,NIPPON　EXPRESSホールディングス,陸運業,福島敏行,1960-05-01,1968-01-01,7.67,photos_5/9147_NIPPON_EXPRESSホールディングス/history/07_福島敏行/photo_01.jpg,✓,✓,history,
9147,NIPPON　EXPRESSホールディングス,陸運業,沢村貴義,1968-01-01,1976-06-01,8.42,photos_5/9147_NIPPON_EXPRESSホールディングス/history/08_沢村貴義/photo_01.jpg,✓,✓,history,
9147,NIPPON　EXPRESSホールディングス,陸運業,広瀬真一,1976-06-01,1983-06-01,7.0,photos_5/9147_NIPPON_EXPRESSホールディングス/history/09_広瀬真一/photo_01.jpg,✓,✓,history,
9147,NIPPON　EXPRESSホールディングス,陸運業,長岡毅,1983-06-01,,,photos_5/9147_NIPPON_EXPRESSホールディングス/history/10_長岡毅/photo_01.jpg,✓,✓,history,
9147,NIPPON　EXPRESSホールディングス,陸運業,濱中昭一郎,,,,photos_5/9147_NIPPON_EXPRESSホールディングス/history/11_濱中昭一郎/photo_01.jpg,✓,✓,history,
9147,NIPPON　EXPRESSホールディングス,陸運業,岡部正彦,,,,photos_5/9147_NIPPON_EXPRESSホールディングス/history/12_岡部正彦/photo_01.jpg,✓,✓,history,
9147,NIPPON　EXPRESSホールディングス,陸運業,川合正矩,,,,photos_5/9147_NIPPON_EXPRESSホールディングス/history/13_川合正矩/photo_01.jpg,✓,✓,history,
9147,NIPPON　EXPRESSホールディングス,陸運業,渡邉健二,,,,photos_5/9147_NIPPON_EXPRESSホールディングス/history/14_渡邉健二/photo_01.jpg,✓,✓,history,
9147,NIPPON　EXPRESSホールディングス,陸運業,齋藤充,,,,photos_5/9147_NIPPON_EXPRESSホールディングス/history/15_齋藤充/photo_01.jpg,✓,✓,history,
9147,NIPPON　EXPRESSホールディングス,陸運業,堀切智,,,,photos_5/9147_NIPPON_EXPRESSホールディングス/history/16_堀切智/photo_01.jpg,✓,✓,history,
9147,NIPPON　EXPRESSホールディングス,陸運業,竹添進二郎,,,,photos_5/9147_NIPPON_EXPRESSホールディングス/history/17_竹添進二郎/photo_01.jpg,✓,✓,history,
9158,シーユーシー,サービス業,,,,,,,,missing,要調査
9159,W　TOKYO,サービス業,,,,,,,,missing,要調査
9160,ノバレーゼ,サービス業,元気,2024年12月,（現在）,,photos_5/9160_ノバレーゼ/current/photo_01.jpg,✓,✓,current,
9162,ブリーチ,サービス業,,,,,,,,missing,要調査
9163,ナレルグループ,サービス業,,,,,,,,missing,要調査
9165,クオルテック,サービス業,,,,,,,,missing,要調査
9166,GENDA,サービス業,片岡 尚,,（現在）,,photos_5/9166_GENDA/current/photo_01.jpg,✓,✓,current,
9168,ライズ・コンサルティング・グループ,サービス業,,,,,,,,missing,要調査
9171,栗林商船,海運業,"役職
氏名",2025年7月,（現在）,,,,,current,
9173,東海汽船,海運業,,,,,,,,missing,要調査
9193,東京汽船,倉庫・運輸関連業,,,,,,,,missing,要調査
9201,日本航空,空運業,,,,,,,,missing,要調査
9202,ANAホールディングス,空運業,,,,,,,,missing,要調査
9204,スカイマーク,空運業,日 執行役,2024年6月,（現在）,,photos_5/9204_スカイマーク/current/photo_01.jpg,✓,✓,current,
9206,スターフライヤー,空運業,,,,,,,,missing,要調査
9211,エフ・コード,サービス業,立石電機,,,,photos_5/9211_エフ・コード/history/01_立石電機/photo_01.jpg,✓,✓,history,
9211,エフ・コード,サービス業,立石一真,,,,photos_5/9211_エフ・コード/history/02_立石一真/photo_01.jpg,✓,✓,history,
9211,エフ・コード,サービス業,立石孝雄,,,,photos_5/9211_エフ・コード/history/03_立石孝雄/photo_01.jpg,✓,✓,history,
9211,エフ・コード,サービス業,立石義雄,,,,photos_5/9211_エフ・コード/history/04_立石義雄/photo_01.jpg,✓,✓,history,
9211,エフ・コード,サービス業,オムロン,,,,photos_5/9211_エフ・コード/history/05_オムロン/photo_01.jpg,✓,✓,history,
9211,エフ・コード,サービス業,作田久男,,,,photos_5/9211_エフ・コード/history/06_作田久男/photo_01.jpg,✓,✓,history,
9211,エフ・コード,サービス業,山田義仁,,,,photos_5/9211_エフ・コード/history/07_山田義仁/photo_01.jpg,✓,✓,history,
9211,エフ・コード,サービス業,辻永順太,,,,photos_5/9211_エフ・コード/history/08_辻永順太/photo_01.jpg,✓,✓,history,
9212,Green　Earth　Institute,サービス業,,,,,,,,missing,要調査
9213,セイファート,サービス業,,,,,,,,missing,要調査
9214,Recovery　International,サービス業,,,,,,,,missing,要調査
9215,CaSy,サービス業,,,,,,,,missing,要調査
9216,ビーウィズ,サービス業,"方
当社",2025/08/29,（現在）,,photos_5/9216_ビーウィズ/current/photo_01.jpg,✓,✓,current,
9218,メンタルヘルステクノロジーズ,サービス業,刀禰真之,,（現在）,,photos_5/9218_メンタルヘルステクノロジーズ/current/photo_01.jpg,✓,✓,current,
9219,ギックス,サービス業,東京,,（現在）,,photos_5/9219_ギックス/current/photo_01.jpg,✓,✓,current,
9220,エフビー介護サービス,サービス業,,,,,,,,missing,要調査
9221,フルハシEPO,サービス業,,,,,,,,missing,要調査
9223,ASNOVA,サービス業,当社  上田桂,,（現在）,,photos_5/9223_ASNOVA/current/photo_01.jpg,✓,✓,current,
9225,ブリッジコンサルティンググループ,サービス業,宮崎 良一,2023年6月,（現在）,,photos_5/9225_ブリッジコンサルティンググループ/current/photo_01.jpg,✓,✓,current,
9227,マイクロ波化学,サービス業,吉野 巌,,（現在）,,photos_5/9227_マイクロ波化学/current/photo_01.jpg,✓,✓,current,
9229,サンウェルズ,サービス業,"社名
株",2025年3月,（現在）,,photos_5/9229_サンウェルズ/current/photo_01.jpg,✓,✓,current,
9233,アジア航測,空運業,"住所

東京都",2025年9月,（現在）,,photos_5/9233_アジア航測/current/photo_01.jpg,✓,✓,current,
9235,売れるネット広告社グループ,サービス業,,,,,,,,missing,要調査
9236,ジャパンM&Aソリューション,サービス業,相談,2019年11月,（現在）,,photos_5/9236_ジャパンM&Aソリューション/current/photo_01.jpg,✓,,current,
9237,笑美面,サービス業,,,,,,,,missing,要調査
9238,バリュークリエーション,サービス業,,,,,,,,missing,要調査
9240,デリバリーコンサルティング,サービス業,,,,,,,,missing,要調査
9241,フューチャーリンクネットワーク,サービス業,,,,,,,,missing,要調査
9242,メディア総研,サービス業,,,,,,,,missing,要調査
9244,デジタリフト,サービス業,輿石 雅志,,（現在）,,photos_5/9244_デジタリフト/current/photo_01.jpg,✓,✓,current,
9245,リベロ,サービス業,鹿島 秀俊,,（現在）,,photos_5/9245_リベロ/current/photo_01.jpg,✓,✓,current,
9246,プロジェクトホールディングス,サービス業,土井 悠之介,,（現在）,,photos_5/9246_プロジェクトホールディングス/current/photo_01.jpg,✓,✓,current,
9247,TREホールディングス,サービス業,業所　産業廃,2026年02月,（現在）,,photos_5/9247_TREホールディングス/current/photo_01.jpg,✓,✓,current,
9248,人・夢・技術グループ,サービス業,野本 昌弘,2025年12月,（現在）,,photos_5/9248_人・夢・技術グループ/current/photo_01.jpg,✓,✓,current,
9249,日本エコシステム,サービス業,小平浪平,,,,photos_5/9249_日本エコシステム/history/01_小平浪平/photo_01.jpg,✓,✓,history,
9249,日本エコシステム,サービス業,倉田主税,,,,photos_5/9249_日本エコシステム/history/02_倉田主税/photo_01.jpg,✓,✓,history,
9249,日本エコシステム,サービス業,駒井健一郎,,,,photos_5/9249_日本エコシステム/history/03_駒井健一郎/photo_01.jpg,✓,✓,history,
9249,日本エコシステム,サービス業,吉山博吉,,,,photos_5/9249_日本エコシステム/history/04_吉山博吉/photo_01.jpg,✓,✓,history,
9249,日本エコシステム,サービス業,三田勝茂,,,,photos_5/9249_日本エコシステム/history/05_三田勝茂/photo_01.jpg,✓,✓,history,
9249,日本エコシステム,サービス業,金井務,,,,photos_5/9249_日本エコシステム/history/06_金井務/photo_01.jpg,✓,✓,history,
9249,日本エコシステム,サービス業,庄山悦彦,,,,photos_5/9249_日本エコシステム/history/07_庄山悦彦/photo_01.jpg,✓,✓,history,
9249,日本エコシステム,サービス業,古川一夫,,,,photos_5/9249_日本エコシステム/history/08_古川一夫/photo_01.jpg,✓,✓,history,
9249,日本エコシステム,サービス業,川村隆,,,,photos_5/9249_日本エコシステム/history/09_川村隆/photo_01.jpg,✓,✓,history,
9249,日本エコシステム,サービス業,中西宏明,,,,photos_5/9249_日本エコシステム/history/10_中西宏明/photo_01.jpg,✓,✓,history,
9249,日本エコシステム,サービス業,東原敏昭,,,,photos_5/9249_日本エコシステム/history/11_東原敏昭/photo_01.jpg,✓,✓,history,
9249,日本エコシステム,サービス業,小島啓二,,,,photos_5/9249_日本エコシステム/history/12_小島啓二/photo_01.jpg,✓,✓,history,
9249,日本エコシステム,サービス業,德永俊昭,,,,photos_5/9249_日本エコシステム/history/13_德永俊昭/photo_01.jpg,✓,✓,history,
9250,GRCS,サービス業,木 慈和,2021年11月,（現在）,,photos_5/9250_GRCS/current/photo_01.jpg,✓,✓,current,
9251,AB&Company,サービス業,市瀬 一浩,,（現在）,,photos_5/9251_AB&Company/current/photo_01.jpg,✓,,current,
9252,ラストワンマイル,サービス業,会長 兼,,（現在）,,photos_5/9252_ラストワンマイル/current/photo_01.jpg,✓,✓,current,
9253,スローガン,サービス業,掲載,,（現在）,,,,,current,
9254,ラバブルマーケティンググループ,サービス業,,,,,,,,missing,要調査
9256,サクシード,サービス業,,,,,,,,missing,要調査
9258,CS-C,サービス業,椙原 健,,（現在）,,photos_5/9258_CS-C/current/photo_01.jpg,✓,✓,current,
9259,タカヨシホールディングス,サービス業,,,,,,,,missing,要調査
9262,シルバーライフ,小売業,服部金太郎,,,,photos_5/9262_シルバーライフ/history/01_服部金太郎/photo_01.jpg,✓,✓,history,
9262,シルバーライフ,小売業,服部玄三,,,,photos_5/9262_シルバーライフ/history/02_服部玄三/photo_01.jpg,✓,✓,history,
9262,シルバーライフ,小売業,服部正次,,,,photos_5/9262_シルバーライフ/history/03_服部正次/photo_01.jpg,✓,✓,history,
9262,シルバーライフ,小売業,服部謙太郎,,,,photos_5/9262_シルバーライフ/history/04_服部謙太郎/photo_01.jpg,✓,✓,history,
9262,シルバーライフ,小売業,服部禮次郎,,,,photos_5/9262_シルバーライフ/history/05_服部禮次郎/photo_01.jpg,✓,✓,history,
9262,シルバーライフ,小売業,吉村司郎,,,,photos_5/9262_シルバーライフ/history/06_吉村司郎/photo_01.jpg,✓,✓,history,
9262,シルバーライフ,小売業,関本昌弘,,,,photos_5/9262_シルバーライフ/history/07_関本昌弘/photo_01.jpg,✓,✓,history,
9262,シルバーライフ,小売業,井上仲七,,,,photos_5/9262_シルバーライフ/history/08_井上仲七/photo_01.jpg,✓,✓,history,
9262,シルバーライフ,小売業,村野晃一,,,,photos_5/9262_シルバーライフ/history/09_村野晃一/photo_01.jpg,✓,✓,history,
9262,シルバーライフ,小売業,服部真二,2012-10-01,,,photos_5/9262_シルバーライフ/history/10_服部真二/photo_01.jpg,✓,✓,history,
9262,シルバーライフ,小売業,中村吉伸,,,,photos_5/9262_シルバーライフ/history/11_中村吉伸/photo_01.jpg,✓,✓,history,
9262,シルバーライフ,小売業,高橋修司,,,,photos_5/9262_シルバーライフ/history/12_高橋修司/photo_01.jpg,✓,✓,history,
9264,ポエック,卸売業,会長　来山,,（現在）,,photos_5/9264_ポエック/current/photo_01.jpg,✓,✓,current,
9265,ヤマシタヘルスケアホールディングス,卸売業,,,,,,,,missing,要調査
9267,Genky　DrugStores,小売業,,,,,,,,missing,要調査
9268,オプティマスグループ,卸売業,山中 信哉,2015年1月,（現在）,,photos_5/9268_オプティマスグループ/current/photo_01.jpg,✓,✓,current,
9268,オプティマスグループ,卸売業,本田 宗一郎,,,,photos_5/9268_オプティマスグループ/history/01_本田_宗一郎/photo_01.jpg,✓,✓,history,
9268,オプティマスグループ,卸売業,河島 喜好,1973-10-01,,,,,,history,
9268,オプティマスグループ,卸売業,久米 是志,1983-10-01,,,photos_5/9268_オプティマスグループ/history/03_久米_是志/photo_01.jpg,✓,✓,history,
9268,オプティマスグループ,卸売業,川本 信彦,,,,photos_5/9268_オプティマスグループ/history/04_川本_信彦/photo_01.jpg,✓,✓,history,
9268,オプティマスグループ,卸売業,吉野 浩行,,,,photos_5/9268_オプティマスグループ/history/05_吉野_浩行/photo_01.jpg,✓,✓,history,
9268,オプティマスグループ,卸売業,福井 威夫,,,,photos_5/9268_オプティマスグループ/history/06_福井_威夫/photo_01.jpg,✓,✓,history,
9268,オプティマスグループ,卸売業,伊東 孝紳,,,,photos_5/9268_オプティマスグループ/history/07_伊東_孝紳/photo_01.jpg,✓,✓,history,
9268,オプティマスグループ,卸売業,八郷 隆弘,,,,photos_5/9268_オプティマスグループ/history/08_八郷_隆弘/photo_01.jpg,✓,✓,history,
9268,オプティマスグループ,卸売業,三部 敏宏,,,,photos_5/9268_オプティマスグループ/history/09_三部_敏宏/photo_01.jpg,✓,✓,history,
9270,バリュエンスホールディングス,卸売業,ティ,2023-02-01,2023-02-14,0.04,photos_5/9270_バリュエンスホールディングス/history/01_ティ/photo_01.jpg,✓,✓,history,
9271,和心,小売業,,,,,,,,missing,要調査
9272,ブティックス,サービス業,,,,,,,,missing,要調査
9273,コーア商事ホールディングス,卸売業,医薬品専,2027年7月,（現在）,,photos_5/9273_コーア商事ホールディングス/current/photo_01.jpg,✓,✓,current,
9274,KPPグループホールディングス,卸売業,,,,,,,,missing,要調査
9275,ナルミヤ・インターナショナル,小売業,,,,,,,,missing,要調査
9278,ブックオフグループホールディングス,小売業,,,,,,,,missing,要調査
9279,ギフトホールディングス,小売業,現職,,,,photos_5/9279_ギフトホールディングス/history/01_現職/photo_01.jpg,✓,✓,history,
9301,三菱倉庫,倉庫・運輸関連業,,,,,,,,missing,要調査
9302,三井倉庫ホールディングス,倉庫・運輸関連業,,,,,,,,missing,要調査
9303,住友倉庫,倉庫・運輸関連業,会長 会長執,,（現在）,,photos_5/9303_住友倉庫/current/photo_01.jpg,✓,✓,current,
9303,住友倉庫,倉庫・運輸関連業,移築され,,,,photos_5/9303_住友倉庫/history/01_移築され/photo_01.jpg,✓,✓,history,
9304,澁澤倉庫,倉庫・運輸関連業,,,,,,,,missing,要調査
9305,ヤマタネ,卸売業,,,,,,,,missing,要調査
9306,東陽倉庫,倉庫・運輸関連業,株主,,（現在）,,photos_5/9306_東陽倉庫/current/photo_01.jpg,✓,✓,current,
9306,東陽倉庫,倉庫・運輸関連業,岩松茂輔,1981-05-01,1983-06-01,2.08,photos_5/9306_東陽倉庫/history/01_岩松茂輔/photo_01.jpg,✓,✓,history,
9306,東陽倉庫,倉庫・運輸関連業,嶋井澄,1983-06-01,1988-06-01,5.0,photos_5/9306_東陽倉庫/history/02_嶋井澄/photo_01.jpg,✓,✓,history,
9306,東陽倉庫,倉庫・運輸関連業,小今井傓治,1988-06-01,1994-06-01,6.0,photos_5/9306_東陽倉庫/history/03_小今井傓治/photo_01.jpg,✓,✓,history,
9306,東陽倉庫,倉庫・運輸関連業,中久信,1994-06-01,2000-06-01,6.0,photos_5/9306_東陽倉庫/history/04_中久信/photo_01.jpg,✓,✓,history,
9306,東陽倉庫,倉庫・運輸関連業,福士英二,2000-06-01,2003-04-01,2.83,photos_5/9306_東陽倉庫/history/05_福士英二/photo_01.jpg,✓,✓,history,
9306,東陽倉庫,倉庫・運輸関連業,山本博巳,2003-04-01,2006-06-01,3.17,photos_5/9306_東陽倉庫/history/06_山本博巳/photo_01.jpg,✓,✓,history,
9306,東陽倉庫,倉庫・運輸関連業,鈴木登夫,2006-06-01,2013-06-01,7.0,photos_5/9306_東陽倉庫/history/07_鈴木登夫/photo_01.jpg,✓,✓,history,
9306,東陽倉庫,倉庫・運輸関連業,中谷康夫,2013-06-01,2022-03-01,8.75,photos_5/9306_東陽倉庫/history/08_中谷康夫/photo_01.jpg,✓,✓,history,
9306,東陽倉庫,倉庫・運輸関連業,髙木宏明,2022-04-01,2024-02-01,1.84,photos_5/9306_東陽倉庫/history/09_髙木宏明/photo_01.jpg,✓,✓,history,
9307,杉村倉庫,倉庫・運輸関連業,,,,,,,,missing,要調査
9308,乾汽船,海運業,"基準
当社",,（現在）,,photos_5/9308_乾汽船/current/photo_01.jpg,✓,✓,current,
9310,日本トランスシティ,倉庫・運輸関連業,地域,,（現在）,,photos_5/9310_日本トランスシティ/current/photo_01.jpg,✓,✓,current,
9311,アサガミ,倉庫・運輸関連業,徳間康快,1954-03-01,2000-09-20,46.56,,,,history,
9311,アサガミ,倉庫・運輸関連業,松下武義,2001-01-01,2008-02-22,7.14,,,,history,
9311,アサガミ,倉庫・運輸関連業,岩渕徹,2008-02-01,2013-10-01,5.66,photos_5/9311_アサガミ/history/03_岩渕徹/photo_01.jpg,✓,✓,history,
9311,アサガミ,倉庫・運輸関連業,平野健一,2013-10-01,2020-03-31,6.5,photos_5/9311_アサガミ/history/04_平野健一/photo_01.jpg,✓,✓,history,
9311,アサガミ,倉庫・運輸関連業,小宮英行,2020-04-01,,,photos_5/9311_アサガミ/history/05_小宮英行/photo_01.jpg,✓,✓,history,
9312,ケイヒン,倉庫・運輸関連業,,,,,,,,missing,要調査
9313,丸八倉庫,倉庫・運輸関連業,,,,,,,,missing,要調査
9319,中央倉庫,倉庫・運輸関連業,円谷英二,,,,photos_5/9319_中央倉庫/history/01_円谷英二/photo_01.jpg,✓,✓,history,
9319,中央倉庫,倉庫・運輸関連業,円谷一,,,,photos_5/9319_中央倉庫/history/02_円谷一/photo_01.jpg,✓,✓,history,
9319,中央倉庫,倉庫・運輸関連業,円谷皐,,,,photos_5/9319_中央倉庫/history/03_円谷皐/photo_01.jpg,✓,✓,history,
9319,中央倉庫,倉庫・運輸関連業,円谷一夫,,,,photos_5/9319_中央倉庫/history/04_円谷一夫/photo_01.jpg,✓,✓,history,
9319,中央倉庫,倉庫・運輸関連業,円谷昌弘,,,,photos_5/9319_中央倉庫/history/05_円谷昌弘/photo_01.jpg,✓,✓,history,
9319,中央倉庫,倉庫・運輸関連業,円谷英明,,,,photos_5/9319_中央倉庫/history/06_円谷英明/photo_01.jpg,✓,✓,history,
9319,中央倉庫,倉庫・運輸関連業,大山茂樹,,,,photos_5/9319_中央倉庫/history/07_大山茂樹/photo_01.jpg,✓,✓,history,
9319,中央倉庫,倉庫・運輸関連業,森島恒行,,,,photos_5/9319_中央倉庫/history/08_森島恒行/photo_01.jpg,✓,✓,history,
9319,中央倉庫,倉庫・運輸関連業,大岡新一,,,,photos_5/9319_中央倉庫/history/09_大岡新一/photo_01.jpg,✓,✓,history,
9319,中央倉庫,倉庫・運輸関連業,塚越隆行,,,,photos_5/9319_中央倉庫/history/10_塚越隆行/photo_01.jpg,✓,✓,history,
9319,中央倉庫,倉庫・運輸関連業,永竹正幸,,,,photos_5/9319_中央倉庫/history/11_永竹正幸/photo_01.jpg,✓,✓,history,
9322,川西倉庫,倉庫・運輸関連業,川西　二郎,,（現在）,,photos_5/9322_川西倉庫/current/photo_01.jpg,✓,✓,current,
9324,安田倉庫,倉庫・運輸関連業,,,,,,,,missing,要調査
9325,ファイズホールディングス,倉庫・運輸関連業,現職,,,,photos_5/9325_ファイズホールディングス/history/01_現職/photo_01.jpg,✓,✓,history,
9326,関通,倉庫・運輸関連業,"共感
物流",2026年2月,（現在）,,photos_5/9326_関通/current/photo_01.jpg,✓,✓,current,
9326,関通,倉庫・運輸関連業,山内房治郎,,,,photos_5/9326_関通/history/01_山内房治郎/photo_01.jpg,✓,✓,history,
9326,関通,倉庫・運輸関連業,山内積良,,,,photos_5/9326_関通/history/02_山内積良/photo_01.jpg,✓,✓,history,
9326,関通,倉庫・運輸関連業,山内溥,,,,photos_5/9326_関通/history/03_山内溥/photo_01.jpg,✓,✓,history,
9326,関通,倉庫・運輸関連業,岩田聡,,,,photos_5/9326_関通/history/04_岩田聡/photo_01.jpg,✓,✓,history,
9326,関通,倉庫・運輸関連業,君島達己,,,,photos_5/9326_関通/history/05_君島達己/photo_01.jpg,✓,✓,history,
9326,関通,倉庫・運輸関連業,古川俊太郎,,,,photos_5/9326_関通/history/06_古川俊太郎/photo_01.jpg,✓,✓,history,
9327,イー・ロジット,倉庫・運輸関連業,,,,,,,,missing,要調査
9330,揚羽,サービス業,数多,2023年9月,（現在）,,photos_5/9330_揚羽/current/photo_01.jpg,✓,✓,current,
9331,キャスター,サービス業,,,,,,,,missing,要調査
9332,NISSOホールディングス,サービス業,,,,,,,,missing,要調査
9336,大栄環境,サービス業,経歴,2002年3月,（現在）,,photos_5/9336_大栄環境/current/photo_01.jpg,✓,✓,current,
9337,トリドリ,サービス業,,,,,,,,missing,要調査
9338,INFORICH,サービス業,,,,,,,,missing,要調査
9339,コーチ・エィ,サービス業,,,,,,,,missing,要調査
9340,アソインターナショナル,サービス業,,,,,,,,missing,要調査
9341,GENOVA,サービス業,,,,,,,,missing,要調査
9342,スマサポ,サービス業,,,,,,,,missing,要調査
9343,アイビス,サービス業,神谷栄治,,（現在）,,photos_5/9343_アイビス/current/photo_01.jpg,✓,✓,current,
9344,アクシスコンサルティング,サービス業,山尾 幸弘,2024年9月,（現在）,,photos_5/9344_アクシスコンサルティング/current/photo_01.jpg,✓,✓,current,
9345,ビズメイツ,サービス業,鈴木 伸明,2012年6月,（現在）,,photos_5/9345_ビズメイツ/current/photo_01.jpg,✓,✓,current,
9346,ココルポート,サービス業,佐原 敦矢,,（現在）,,photos_5/9346_ココルポート/current/photo_01.jpg,✓,✓,current,
9347,日本管財ホールディングス,サービス業,後藤猛太郎伯爵,,,,photos_5/9347_日本管財ホールディングス/history/01_後藤猛太郎伯爵/photo_01.jpg,✓,✓,history,
9347,日本管財ホールディングス,サービス業,桂二郎,,,,photos_5/9347_日本管財ホールディングス/history/02_桂二郎/photo_01.jpg,✓,✓,history,
9347,日本管財ホールディングス,サービス業,飯田一馬,,,,photos_5/9347_日本管財ホールディングス/history/03_飯田一馬/photo_01.jpg,✓,✓,history,
9347,日本管財ホールディングス,サービス業,藤田謙一,,,,photos_5/9347_日本管財ホールディングス/history/04_藤田謙一/photo_01.jpg,✓,✓,history,
9347,日本管財ホールディングス,サービス業,横田永之助,,,,photos_5/9347_日本管財ホールディングス/history/05_横田永之助/photo_01.jpg,✓,✓,history,
9347,日本管財ホールディングス,サービス業,中谷貞頼,,,,photos_5/9347_日本管財ホールディングス/history/06_中谷貞頼/photo_01.jpg,✓,✓,history,
9347,日本管財ホールディングス,サービス業,松方乙彦,,,,photos_5/9347_日本管財ホールディングス/history/07_松方乙彦/photo_01.jpg,✓,✓,history,
9347,日本管財ホールディングス,サービス業,森田佐吉,,,,photos_5/9347_日本管財ホールディングス/history/08_森田佐吉/photo_01.jpg,✓,✓,history,
9347,日本管財ホールディングス,サービス業,真鍋八千代,,,,photos_5/9347_日本管財ホールディングス/history/09_真鍋八千代/photo_01.jpg,✓,✓,history,
9347,日本管財ホールディングス,サービス業,中村雅哉,,,,,,,history,
9347,日本管財ホールディングス,サービス業,市川濤雄,,,,photos_5/9347_日本管財ホールディングス/history/11_市川濤雄/photo_01.jpg,✓,✓,history,
9347,日本管財ホールディングス,サービス業,佐藤直樹,,,,photos_5/9347_日本管財ホールディングス/history/12_佐藤直樹/photo_01.jpg,✓,✓,history,
9348,ispace,サービス業,,,,,,,,missing,要調査
9351,東洋埠頭,倉庫・運輸関連業,当社,,（現在）,,photos_5/9351_東洋埠頭/current/photo_01.jpg,✓,✓,current,
9353,櫻島埠頭,倉庫・運輸関連業,,,,,,,,missing,要調査
9355,リンコーコーポレーション,倉庫・運輸関連業,"来船
船舶代",2026年2月,（現在）,,photos_5/9355_リンコーコーポレーション/current/photo_01.jpg,✓,✓,current,
9360,鈴与シンワート,情報・通信業,"理念

鈴与",,（現在）,,photos_5/9360_鈴与シンワート/current/photo_01.jpg,✓,✓,current,
9361,伏木海陸運送,倉庫・運輸関連業,,,,,,,,missing,要調査
9362,兵機海運,倉庫・運輸関連業,大東 慶治,,（現在）,,photos_5/9362_兵機海運/current/photo_01.jpg,✓,✓,current,
9363,大運,倉庫・運輸関連業,,,,,,,,missing,要調査
9364,上組,倉庫・運輸関連業,"挨拶
 企業理",2025年6月,（現在）,,photos_5/9364_上組/current/photo_01.jpg,✓,✓,current,
9365,トレーディア,倉庫・運輸関連業,,,,,,,,missing,要調査
9366,サンリツ,倉庫・運輸関連業,柴本守人,2023年3月,（現在）,,photos_5/9366_サンリツ/current/photo_01.jpg,✓,✓,current,
9367,大東港運,倉庫・運輸関連業,,,,,,,,missing,要調査
9368,キムラユニティー,倉庫・運輸関連業,木村 幸夫,2016年4月,（現在）,,photos_5/9368_キムラユニティー/current/photo_01.jpg,✓,✓,current,
9369,キユーソー流通システム,倉庫・運輸関連業,,,,,,,,missing,要調査
9376,ユーラシア旅行社,サービス業,,,,,,,,missing,要調査
9380,東海運,倉庫・運輸関連業,須田寬,,,,photos_5/9380_東海運/history/01_須田寬/photo_01.jpg,✓,✓,history,
9380,東海運,倉庫・運輸関連業,葛西敬之,,,,photos_5/9380_東海運/history/02_葛西敬之/photo_01.jpg,✓,✓,history,
9380,東海運,倉庫・運輸関連業,松本正之,,,,photos_5/9380_東海運/history/03_松本正之/photo_01.jpg,✓,✓,history,
9380,東海運,倉庫・運輸関連業,山田佳臣,,,,photos_5/9380_東海運/history/04_山田佳臣/photo_01.jpg,✓,✓,history,
9380,東海運,倉庫・運輸関連業,柘植康英,,,,photos_5/9380_東海運/history/05_柘植康英/photo_01.jpg,✓,✓,history,
9380,東海運,倉庫・運輸関連業,金子慎,,,,photos_5/9380_東海運/history/06_金子慎/photo_01.jpg,✓,✓,history,
9380,東海運,倉庫・運輸関連業,丹羽俊介,,,,photos_5/9380_東海運/history/07_丹羽俊介/photo_01.jpg,✓,✓,history,
9381,エーアイテイー,倉庫・運輸関連業,岩松茂輔,1981-05-01,1983-06-01,2.08,photos_5/9381_エーアイテイー/history/01_岩松茂輔/photo_01.jpg,✓,✓,history,
9381,エーアイテイー,倉庫・運輸関連業,嶋井澄,1983-06-01,1988-06-01,5.0,photos_5/9381_エーアイテイー/history/02_嶋井澄/photo_01.jpg,✓,✓,history,
9381,エーアイテイー,倉庫・運輸関連業,小今井傓治,1988-06-01,1994-06-01,6.0,photos_5/9381_エーアイテイー/history/03_小今井傓治/photo_01.jpg,✓,✓,history,
9381,エーアイテイー,倉庫・運輸関連業,中久信,1994-06-01,2000-06-01,6.0,photos_5/9381_エーアイテイー/history/04_中久信/photo_01.jpg,✓,✓,history,
9381,エーアイテイー,倉庫・運輸関連業,福士英二,2000-06-01,2003-04-01,2.83,photos_5/9381_エーアイテイー/history/05_福士英二/photo_01.jpg,✓,✓,history,
9381,エーアイテイー,倉庫・運輸関連業,山本博巳,2003-04-01,2006-06-01,3.17,photos_5/9381_エーアイテイー/history/06_山本博巳/photo_01.jpg,✓,✓,history,
9381,エーアイテイー,倉庫・運輸関連業,鈴木登夫,2006-06-01,2013-06-01,7.0,photos_5/9381_エーアイテイー/history/07_鈴木登夫/photo_01.jpg,✓,✓,history,
9381,エーアイテイー,倉庫・運輸関連業,中谷康夫,2013-06-01,2022-03-01,8.75,photos_5/9381_エーアイテイー/history/08_中谷康夫/photo_01.jpg,✓,✓,history,
9381,エーアイテイー,倉庫・運輸関連業,髙木宏明,2022-04-01,2024-02-01,1.84,photos_5/9381_エーアイテイー/history/09_髙木宏明/photo_01.jpg,✓,✓,history,
9385,ショーエイコーポレーション,化学,当社,,（現在）,,photos_5/9385_ショーエイコーポレーション/current/photo_01.jpg,✓,✓,current,
9385,ショーエイコーポレーション,化学,山内房治郎,,,,photos_5/9385_ショーエイコーポレーション/history/01_山内房治郎/photo_01.jpg,✓,✓,history,
9385,ショーエイコーポレーション,化学,山内積良,,,,photos_5/9385_ショーエイコーポレーション/history/02_山内積良/photo_01.jpg,✓,✓,history,
9385,ショーエイコーポレーション,化学,山内溥,,,,photos_5/9385_ショーエイコーポレーション/history/03_山内溥/photo_01.jpg,✓,✓,history,
9385,ショーエイコーポレーション,化学,岩田聡,,,,photos_5/9385_ショーエイコーポレーション/history/04_岩田聡/photo_01.jpg,✓,✓,history,
9385,ショーエイコーポレーション,化学,君島達己,,,,,,,history,
9385,ショーエイコーポレーション,化学,古川俊太郎,,,,photos_5/9385_ショーエイコーポレーション/history/06_古川俊太郎/photo_01.jpg,✓,✓,history,
9401,TBSホールディングス,情報・通信業,,,,,,,,missing,要調査
9404,日本テレビホールディングス,情報・通信業,,,,,,,,missing,要調査
9405,朝日放送グループホールディングス,情報・通信業,石井光次郎,,,,photos_5/9405_朝日放送グループホールディングス/history/01_石井光次郎/photo_01.jpg,✓,✓,history,
9405,朝日放送グループホールディングス,情報・通信業,飯島幡司,,,,photos_5/9405_朝日放送グループホールディングス/history/02_飯島幡司/photo_01.jpg,✓,✓,history,
9405,朝日放送グループホールディングス,情報・通信業,鈴木剛,,,,photos_5/9405_朝日放送グループホールディングス/history/03_鈴木剛/photo_01.jpg,✓,✓,history,
9405,朝日放送グループホールディングス,情報・通信業,平井常次郎,,,,photos_5/9405_朝日放送グループホールディングス/history/04_平井常次郎/photo_01.jpg,✓,✓,history,
9405,朝日放送グループホールディングス,情報・通信業,原清,,,,photos_5/9405_朝日放送グループホールディングス/history/05_原清/photo_01.jpg,✓,✓,history,
9405,朝日放送グループホールディングス,情報・通信業,福田保朝,,,,photos_5/9405_朝日放送グループホールディングス/history/06_福田保朝/photo_01.jpg,✓,✓,history,
9405,朝日放送グループホールディングス,情報・通信業,藤井桑正,,,,photos_5/9405_朝日放送グループホールディングス/history/07_藤井桑正/photo_01.jpg,✓,✓,history,
9405,朝日放送グループホールディングス,情報・通信業,柴田俊治,,,,photos_5/9405_朝日放送グループホールディングス/history/08_柴田俊治/photo_01.jpg,✓,✓,history,
9405,朝日放送グループホールディングス,情報・通信業,西村嘉郎,,,,photos_5/9405_朝日放送グループホールディングス/history/09_西村嘉郎/photo_01.jpg,✓,✓,history,
9405,朝日放送グループホールディングス,情報・通信業,渡辺克信,,,,photos_5/9405_朝日放送グループホールディングス/history/10_渡辺克信/photo_01.jpg,✓,✓,history,
9405,朝日放送グループホールディングス,情報・通信業,脇阪聰史,,,,photos_5/9405_朝日放送グループホールディングス/history/11_脇阪聰史/photo_01.jpg,✓,✓,history,
9405,朝日放送グループホールディングス,情報・通信業,沖中進,,,,photos_5/9405_朝日放送グループホールディングス/history/12_沖中進/photo_01.jpg,✓,✓,history,
9408,BSNメディアホールディングス,情報・通信業,,,,,,,,missing,要調査
9409,テレビ朝日ホールディングス,情報・通信業,赤尾好夫,1957-11-01,,,photos_5/9409_テレビ朝日ホールディングス/history/01_赤尾好夫/photo_01.jpg,✓,✓,history,
9409,テレビ朝日ホールディングス,情報・通信業,山内直元,1965-03-01,1965-03-31,0.08,photos_5/9409_テレビ朝日ホールディングス/history/02_山内直元/photo_01.jpg,✓,✓,history,
9409,テレビ朝日ホールディングス,情報・通信業,横田武夫,1970-04-01,1970-04-03,0.01,photos_5/9409_テレビ朝日ホールディングス/history/03_横田武夫/photo_01.jpg,✓,✓,history,
9409,テレビ朝日ホールディングス,情報・通信業,高野信,1974-11-01,1974-11-29,0.08,photos_5/9409_テレビ朝日ホールディングス/history/04_高野信/photo_01.jpg,✓,✓,history,
9409,テレビ朝日ホールディングス,情報・通信業,中川英造,1981-06-01,1981-06-29,0.08,photos_5/9409_テレビ朝日ホールディングス/history/05_中川英造/photo_01.jpg,✓,✓,history,
9409,テレビ朝日ホールディングス,情報・通信業,田代喜久雄,1983-06-01,1983-06-29,0.08,photos_5/9409_テレビ朝日ホールディングス/history/06_田代喜久雄/photo_01.jpg,✓,✓,history,
9409,テレビ朝日ホールディングス,情報・通信業,桑田弘一郎,1989-06-01,1989-06-29,0.08,photos_5/9409_テレビ朝日ホールディングス/history/07_桑田弘一郎/photo_01.jpg,✓,✓,history,
9409,テレビ朝日ホールディングス,情報・通信業,伊藤邦男,1993-06-01,1993-06-24,0.06,photos_5/9409_テレビ朝日ホールディングス/history/08_伊藤邦男/photo_01.jpg,✓,✓,history,
9409,テレビ朝日ホールディングス,情報・通信業,広瀬道貞,1999-06-01,1999-06-24,0.06,photos_5/9409_テレビ朝日ホールディングス/history/09_広瀬道貞/photo_01.jpg,✓,✓,history,
9409,テレビ朝日ホールディングス,情報・通信業,君和田正夫,2005-06-01,2005-06-29,0.08,photos_5/9409_テレビ朝日ホールディングス/history/10_君和田正夫/photo_01.jpg,✓,✓,history,
9409,テレビ朝日ホールディングス,情報・通信業,早河洋,2009-06-01,2009-06-25,0.07,photos_5/9409_テレビ朝日ホールディングス/history/11_早河洋/photo_01.jpg,✓,✓,history,
9409,テレビ朝日ホールディングス,情報・通信業,テレビ朝日,,,,photos_5/9409_テレビ朝日ホールディングス/history/12_テレビ朝日/photo_01.jpg,✓,✓,history,
9409,テレビ朝日ホールディングス,情報・通信業,吉田慎一,2014-07-01,,,photos_5/9409_テレビ朝日ホールディングス/history/13_吉田慎一/photo_01.jpg,✓,✓,history,
9409,テレビ朝日ホールディングス,情報・通信業,角南源五,2016-06-01,2016-06-29,0.08,photos_5/9409_テレビ朝日ホールディングス/history/14_角南源五/photo_01.jpg,✓,✓,history,
9409,テレビ朝日ホールディングス,情報・通信業,亀山慶二,2019-06-01,2019-06-27,0.07,photos_5/9409_テレビ朝日ホールディングス/history/15_亀山慶二/photo_01.jpg,✓,✓,history,
9409,テレビ朝日ホールディングス,情報・通信業,篠塚浩,2022-06-01,2022-06-30,0.08,photos_5/9409_テレビ朝日ホールディングス/history/16_篠塚浩/photo_01.jpg,✓,✓,history,
9409,テレビ朝日ホールディングス,情報・通信業,西新,2025-06-01,2025-06-27,0.07,photos_5/9409_テレビ朝日ホールディングス/history/17_西新/photo_01.jpg,✓,✓,history,
9412,スカパーJSATホールディングス,情報・通信業,,,,,,,,missing,要調査
9413,テレビ東京ホールディングス,情報・通信業,,,,,,,,missing,要調査
9414,日本BS放送,情報・通信業,,,,,,,,missing,要調査
9416,ビジョン,情報・通信業,佐野 健一,,（現在）,,photos_5/9416_ビジョン/current/photo_01.jpg,✓,✓,current,
9416,ビジョン,情報・通信業,井植歳男,,,,photos_5/9416_ビジョン/history/01_井植歳男/photo_01.jpg,✓,✓,history,
9416,ビジョン,情報・通信業,井植祐郎,,,,photos_5/9416_ビジョン/history/02_井植祐郎/photo_01.jpg,✓,✓,history,
9416,ビジョン,情報・通信業,井植薫,,,,photos_5/9416_ビジョン/history/03_井植薫/photo_01.jpg,✓,✓,history,
9416,ビジョン,情報・通信業,井植敏,,,,photos_5/9416_ビジョン/history/04_井植敏/photo_01.jpg,✓,✓,history,
9416,ビジョン,情報・通信業,高野泰明,,,,photos_5/9416_ビジョン/history/05_高野泰明/photo_01.jpg,✓,✓,history,
9416,ビジョン,情報・通信業,近藤定男,,,,photos_5/9416_ビジョン/history/06_近藤定男/photo_01.jpg,✓,✓,history,
9416,ビジョン,情報・通信業,桑野幸徳,,,,photos_5/9416_ビジョン/history/07_桑野幸徳/photo_01.jpg,✓,✓,history,
9416,ビジョン,情報・通信業,井植敏雅,,,,photos_5/9416_ビジョン/history/08_井植敏雅/photo_01.jpg,✓,✓,history,
9416,ビジョン,情報・通信業,佐野精一郎,,,,photos_5/9416_ビジョン/history/09_佐野精一郎/photo_01.jpg,✓,✓,history,
9416,ビジョン,情報・通信業,伊藤正人,,,,photos_5/9416_ビジョン/history/10_伊藤正人/photo_01.jpg,✓,✓,history,
9416,ビジョン,情報・通信業,中川能亨,,,,photos_5/9416_ビジョン/history/11_中川能亨/photo_01.jpg,✓,✓,history,
9416,ビジョン,情報・通信業,井垣誠一郎,,,,photos_5/9416_ビジョン/history/12_井垣誠一郎/photo_01.jpg,✓,✓,history,
9417,スマートバリュー,情報・通信業,,,,,,,,missing,要調査
9418,U-NEXT　HOLDINGS,情報・通信業,基本方針,,（現在）,,photos_5/9418_U-NEXT_HOLDINGS/current/photo_01.jpg,✓,✓,current,
9419,ワイヤレスゲート,情報・通信業,成田 徹,,（現在）,,photos_5/9419_ワイヤレスゲート/current/photo_01.jpg,✓,✓,current,
9421,エヌジェイホールディングス,情報・通信業,福田  尚弘,,（現在）,,photos_5/9421_エヌジェイホールディングス/current/photo_01.jpg,✓,✓,current,
9423,フォーバル・リアルストレート,情報・通信業,,,,,,,,missing,要調査
9424,日本通信,情報・通信業,日本通,2021年11月,（現在）,,photos_5/9424_日本通信/current/photo_01.jpg,✓,✓,current,
9425,ReYuu　Japan,情報・通信業,重富 崇史,2023年8月,（現在）,,photos_5/9425_ReYuu_Japan/current/photo_01.jpg,✓,✓,current,
9428,クロップス,情報・通信業,前田　有幾,,（現在）,,photos_5/9428_クロップス/current/photo_01.jpg,✓,✓,current,
9432,日本電信電話,情報・通信業,"方
取",2025年10月,（現在）,,photos_5/9432_日本電信電話/current/photo_01.jpg,✓,✓,current,
9432,日本電信電話,情報・通信業,真藤恒,,,,,,,history,
9432,日本電信電話,情報・通信業,山口開生,,,,photos_5/9432_日本電信電話/history/02_山口開生/photo_01.jpg,✓,✓,history,
9432,日本電信電話,情報・通信業,児島仁,,,,photos_5/9432_日本電信電話/history/03_児島仁/photo_01.jpg,✓,✓,history,
9432,日本電信電話,情報・通信業,宮津純一郎,,,,photos_5/9432_日本電信電話/history/04_宮津純一郎/photo_01.jpg,✓,✓,history,
9432,日本電信電話,情報・通信業,和田紀夫,,,,photos_5/9432_日本電信電話/history/05_和田紀夫/photo_01.jpg,✓,✓,history,
9432,日本電信電話,情報・通信業,三浦惺,,,,photos_5/9432_日本電信電話/history/06_三浦惺/photo_01.jpg,✓,✓,history,
9432,日本電信電話,情報・通信業,鵜浦博夫,,,,photos_5/9432_日本電信電話/history/07_鵜浦博夫/photo_01.jpg,✓,✓,history,
9432,日本電信電話,情報・通信業,澤田純,,,,photos_5/9432_日本電信電話/history/08_澤田純/photo_01.jpg,✓,✓,history,
9432,日本電信電話,情報・通信業,島田明,,,,photos_5/9432_日本電信電話/history/09_島田明/photo_01.jpg,✓,✓,history,
9433,KDDI,情報・通信業,,,,,,,,missing,要調査
9434,ソフトバンク,情報・通信業,,,,,,,,missing,要調査
9435,光通信,情報・通信業,和田　英明,,（現在）,,photos_5/9435_光通信/current/photo_01.jpg,✓,✓,current,
9436,沖縄セルラー電話,情報・通信業,,,,,,,,missing,要調査
9438,エムティーアイ,情報・通信業,,,,,,,,missing,要調査
9439,エム・エイチ・グループ,サービス業,"締役
徐",2001年12月,（現在）,,photos_5/9439_エム・エイチ・グループ/current/photo_01.jpg,✓,✓,current,
9439,エム・エイチ・グループ,サービス業,現職,,,,photos_5/9439_エム・エイチ・グループ/history/01_現職/photo_01.jpg,✓,✓,history,
9441,ベルパーク,情報・通信業,西川健土,,（現在）,,photos_5/9441_ベルパーク/current/photo_01.jpg,✓,✓,current,
9444,トーシンホールディングス,情報・通信業,,,,,,,,missing,要調査
9445,フォーバルテレコム,情報・通信業,初代法人,,,,photos_5/9445_フォーバルテレコム/history/01_初代法人/photo_01.jpg,✓,✓,history,
9445,フォーバルテレコム,情報・通信業,宇野康秀,,,,photos_5/9445_フォーバルテレコム/history/02_宇野康秀/photo_01.jpg,✓,✓,history,
9445,フォーバルテレコム,情報・通信業,鈴木達,,,,photos_5/9445_フォーバルテレコム/history/03_鈴木達/photo_01.jpg,✓,✓,history,
9445,フォーバルテレコム,情報・通信業,武林聡,,,,photos_5/9445_フォーバルテレコム/history/04_武林聡/photo_01.jpg,✓,✓,history,
9445,フォーバルテレコム,情報・通信業,鈴木孝博,,,,photos_5/9445_フォーバルテレコム/history/05_鈴木孝博/photo_01.jpg,✓,✓,history,
9445,フォーバルテレコム,情報・通信業,大澤智憲,,,,,,,history,
9446,サカイホールディングス,情報・通信業,,,,,,,,missing,要調査
9449,GMOインターネットグループ,情報・通信業,,,,,,,,missing,要調査
9450,ファイバーゲート,情報・通信業,創業,,（現在）,,photos_5/9450_ファイバーゲート/current/photo_01.jpg,✓,✓,current,
9466,アイドママーケティングコミュニケーション,情報・通信業,石坂泰三,1949-04-01,1957-11-01,8.59,photos_5/9466_アイドママーケティングコミュニケーション/history/01_石坂泰三/photo_01.jpg,✓,✓,history,
9466,アイドママーケティングコミュニケーション,情報・通信業,岩下文雄,1957-11-01,1965-05-01,7.5,photos_5/9466_アイドママーケティングコミュニケーション/history/02_岩下文雄/photo_01.jpg,✓,✓,history,
9466,アイドママーケティングコミュニケーション,情報・通信業,土光敏夫,1965-05-01,1972-08-01,7.25,photos_5/9466_アイドママーケティングコミュニケーション/history/03_土光敏夫/photo_01.jpg,✓,✓,history,
9466,アイドママーケティングコミュニケーション,情報・通信業,玉置敬三,1972-08-01,,,photos_5/9466_アイドママーケティングコミュニケーション/history/04_玉置敬三/photo_01.jpg,✓,✓,history,
9466,アイドママーケティングコミュニケーション,情報・通信業,岩田弐夫,,,,photos_5/9466_アイドママーケティングコミュニケーション/history/05_岩田弐夫/photo_01.jpg,✓,✓,history,
9466,アイドママーケティングコミュニケーション,情報・通信業,佐波正一,1986-04-01,,,photos_5/9466_アイドママーケティングコミュニケーション/history/06_佐波正一/photo_01.jpg,✓,✓,history,
9466,アイドママーケティングコミュニケーション,情報・通信業,渡里杉一郎,1986-04-01,1987-07-01,1.25,photos_5/9466_アイドママーケティングコミュニケーション/history/07_渡里杉一郎/photo_01.jpg,✓,✓,history,
9466,アイドママーケティングコミュニケーション,情報・通信業,青井舒一,1987-07-01,1992-06-01,4.92,photos_5/9466_アイドママーケティングコミュニケーション/history/08_青井舒一/photo_01.jpg,✓,✓,history,
9466,アイドママーケティングコミュニケーション,情報・通信業,佐藤文夫,1992-06-01,1996-06-01,4.0,photos_5/9466_アイドママーケティングコミュニケーション/history/09_佐藤文夫/photo_01.jpg,✓,✓,history,
9466,アイドママーケティングコミュニケーション,情報・通信業,西室泰三,1996-06-01,2000-06-01,4.0,photos_5/9466_アイドママーケティングコミュニケーション/history/10_西室泰三/photo_01.jpg,✓,✓,history,
9466,アイドママーケティングコミュニケーション,情報・通信業,岡村正,2000-06-01,2005-06-01,5.0,photos_5/9466_アイドママーケティングコミュニケーション/history/11_岡村正/photo_01.jpg,✓,✓,history,
9466,アイドママーケティングコミュニケーション,情報・通信業,西田厚聰,2005-06-01,2009-06-01,4.0,photos_5/9466_アイドママーケティングコミュニケーション/history/12_西田厚聰/photo_01.jpg,✓,✓,history,
9466,アイドママーケティングコミュニケーション,情報・通信業,田中久雄,2013-06-01,2015-07-01,2.08,photos_5/9466_アイドママーケティングコミュニケーション/history/13_田中久雄/photo_01.jpg,✓,✓,history,
9466,アイドママーケティングコミュニケーション,情報・通信業,室町正志,2015-07-01,2016-06-01,0.92,photos_5/9466_アイドママーケティングコミュニケーション/history/14_室町正志/photo_01.jpg,✓,✓,history,
9466,アイドママーケティングコミュニケーション,情報・通信業,綱川智,2016-06-01,2020-03-01,3.75,photos_5/9466_アイドママーケティングコミュニケーション/history/15_綱川智/photo_01.jpg,✓,✓,history,
9466,アイドママーケティングコミュニケーション,情報・通信業,車谷暢昭,2020-04-01,2021-04-01,1.0,photos_5/9466_アイドママーケティングコミュニケーション/history/16_車谷暢昭/photo_01.jpg,✓,✓,history,
9466,アイドママーケティングコミュニケーション,情報・通信業,島田太郎,2022-03-01,,,photos_5/9466_アイドママーケティングコミュニケーション/history/17_島田太郎/photo_01.jpg,✓,✓,history,
9467,アルファポリス,情報・通信業,杉浦幸昌,,,,photos_5/9467_アルファポリス/history/01_杉浦幸昌/photo_01.jpg,✓,✓,history,
9467,アルファポリス,情報・通信業,伍賀槌太,,,,photos_5/9467_アルファポリス/history/02_伍賀槌太/photo_01.jpg,✓,✓,history,
9467,アルファポリス,情報・通信業,福田祐介,,,,photos_5/9467_アルファポリス/history/03_福田祐介/photo_01.jpg,✓,✓,history,
9468,KADOKAWA,情報・通信業,,,,,,,,missing,要調査
9470,学研ホールディングス,情報・通信業,,,,,,,,missing,要調査
9474,ゼンリン,情報・通信業,基本方針,2025年6月,（現在）,,photos_5/9474_ゼンリン/current/photo_01.jpg,✓,✓,current,
9475,昭文社ホールディングス,情報・通信業,,,,,,,,missing,要調査
9476,中央経済社ホールディングス,情報・通信業,,,,,,,,missing,要調査
9478,SEホールディングス・アンド・インキュベーションズ,情報・通信業,,,,,,,,missing,要調査
9501,東京電力ホールディングス,電気・ガス業,安蔵弥輔,,,,photos_5/9501_東京電力ホールディングス/history/01_安蔵弥輔/photo_01.jpg,✓,✓,history,
9501,東京電力ホールディングス,電気・ガス業,高井亮太郎,1952-09-01,,,photos_5/9501_東京電力ホールディングス/history/02_高井亮太郎/photo_01.jpg,✓,✓,history,
9501,東京電力ホールディングス,電気・ガス業,青木均一,,,,photos_5/9501_東京電力ホールディングス/history/03_青木均一/photo_01.jpg,✓,✓,history,
9501,東京電力ホールディングス,電気・ガス業,木川田一隆,,,,photos_5/9501_東京電力ホールディングス/history/04_木川田一隆/photo_01.jpg,✓,✓,history,
9501,東京電力ホールディングス,電気・ガス業,水野久男,,,,photos_5/9501_東京電力ホールディングス/history/05_水野久男/photo_01.jpg,✓,✓,history,
9501,東京電力ホールディングス,電気・ガス業,平岩外四,,,,photos_5/9501_東京電力ホールディングス/history/06_平岩外四/photo_01.jpg,✓,✓,history,
9501,東京電力ホールディングス,電気・ガス業,那須翔,1984-06-01,,,photos_5/9501_東京電力ホールディングス/history/07_那須翔/photo_01.jpg,✓,✓,history,
9501,東京電力ホールディングス,電気・ガス業,荒木浩,1993-06-01,,,photos_5/9501_東京電力ホールディングス/history/08_荒木浩/photo_01.jpg,✓,✓,history,
9501,東京電力ホールディングス,電気・ガス業,南直哉,1999-04-01,,,photos_5/9501_東京電力ホールディングス/history/09_南直哉/photo_01.jpg,✓,✓,history,
9501,東京電力ホールディングス,電気・ガス業,勝俣恒久,2002-09-01,,,photos_5/9501_東京電力ホールディングス/history/10_勝俣恒久/photo_01.jpg,✓,✓,history,
9501,東京電力ホールディングス,電気・ガス業,清水正孝,2008-06-01,,,photos_5/9501_東京電力ホールディングス/history/11_清水正孝/photo_01.jpg,✓,✓,history,
9501,東京電力ホールディングス,電気・ガス業,西澤俊夫,2012-06-01,,,photos_5/9501_東京電力ホールディングス/history/12_西澤俊夫/photo_01.jpg,✓,✓,history,
9501,東京電力ホールディングス,電気・ガス業,廣瀬直己,2012-06-01,,,photos_5/9501_東京電力ホールディングス/history/13_廣瀬直己/photo_01.jpg,✓,✓,history,
9501,東京電力ホールディングス,電気・ガス業,小早川智明,2017-06-01,,,photos_5/9501_東京電力ホールディングス/history/14_小早川智明/photo_01.jpg,✓,✓,history,
9501,東京電力ホールディングス,電気・ガス業,新木栄吉,,,,photos_5/9501_東京電力ホールディングス/history/15_新木栄吉/photo_01.jpg,✓,✓,history,
9501,東京電力ホールディングス,電気・ガス業,新井章治,,,,photos_5/9501_東京電力ホールディングス/history/16_新井章治/photo_01.jpg,✓,✓,history,
9501,東京電力ホールディングス,電気・ガス業,菅礼之助,,,,photos_5/9501_東京電力ホールディングス/history/17_菅礼之助/photo_01.jpg,✓,✓,history,
9501,東京電力ホールディングス,電気・ガス業,田村滋美,,,,photos_5/9501_東京電力ホールディングス/history/18_田村滋美/photo_01.jpg,✓,✓,history,
9501,東京電力ホールディングス,電気・ガス業,下河邉和彦,,,,photos_5/9501_東京電力ホールディングス/history/19_下河邉和彦/photo_01.jpg,✓,✓,history,
9501,東京電力ホールディングス,電気・ガス業,数土文夫,,,,photos_5/9501_東京電力ホールディングス/history/20_数土文夫/photo_01.jpg,✓,✓,history,
9502,中部電力,電気・ガス業,井上五郎,,,,photos_5/9502_中部電力/history/01_井上五郎/photo_01.jpg,✓,✓,history,
9502,中部電力,電気・ガス業,横山通夫,,,,photos_5/9502_中部電力/history/02_横山通夫/photo_01.jpg,✓,✓,history,
9502,中部電力,電気・ガス業,加藤乙三郎,,,,photos_5/9502_中部電力/history/03_加藤乙三郎/photo_01.jpg,✓,✓,history,
9502,中部電力,電気・ガス業,田中精一,,,,photos_5/9502_中部電力/history/04_田中精一/photo_01.jpg,✓,✓,history,
9502,中部電力,電気・ガス業,松永亀三郎,,,,photos_5/9502_中部電力/history/05_松永亀三郎/photo_01.jpg,✓,✓,history,
9502,中部電力,電気・ガス業,安部浩平,,,,photos_5/9502_中部電力/history/06_安部浩平/photo_01.jpg,✓,✓,history,
9502,中部電力,電気・ガス業,太田宏次,1995-06-01,2001-06-01,6.0,photos_5/9502_中部電力/history/07_太田宏次/photo_01.jpg,✓,✓,history,
9502,中部電力,電気・ガス業,川口文夫,2001-06-01,2006-06-01,5.0,,,,history,
9502,中部電力,電気・ガス業,三田敏雄,2006-06-01,2010-06-01,4.0,photos_5/9502_中部電力/history/09_三田敏雄/photo_01.jpg,✓,✓,history,
9502,中部電力,電気・ガス業,水野明久,2010-06-01,2015-06-01,5.0,photos_5/9502_中部電力/history/10_水野明久/photo_01.jpg,✓,✓,history,
9502,中部電力,電気・ガス業,勝野哲,2015-06-01,2020-03-01,4.75,photos_5/9502_中部電力/history/11_勝野哲/photo_01.jpg,✓,✓,history,
9502,中部電力,電気・ガス業,林欣吾,2020-04-01,,,photos_5/9502_中部電力/history/12_林欣吾/photo_01.jpg,✓,✓,history,
9503,関西電力,電気・ガス業,太田垣士郎,1951-05-01,1959-11-01,8.5,photos_5/9503_関西電力/history/01_太田垣士郎/photo_01.jpg,✓,✓,history,
9503,関西電力,電気・ガス業,芦原義重,1959-11-01,1970-11-01,11.0,photos_5/9503_関西電力/history/02_芦原義重/photo_01.jpg,✓,✓,history,
9503,関西電力,電気・ガス業,吉村清三,1970-11-01,1975-05-01,4.5,photos_5/9503_関西電力/history/03_吉村清三/photo_01.jpg,✓,✓,history,
9503,関西電力,電気・ガス業,森岡俊男,1975-05-01,1977-06-01,2.09,photos_5/9503_関西電力/history/04_森岡俊男/photo_01.jpg,✓,✓,history,
9503,関西電力,電気・ガス業,小林庄一郎,1977-06-01,1985-11-01,8.42,photos_5/9503_関西電力/history/05_小林庄一郎/photo_01.jpg,✓,✓,history,
9503,関西電力,電気・ガス業,森井清二,1985-11-01,1991-11-01,6.0,photos_5/9503_関西電力/history/06_森井清二/photo_01.jpg,✓,✓,history,
9503,関西電力,電気・ガス業,秋山喜久,1991-11-01,1999-06-01,7.58,photos_5/9503_関西電力/history/07_秋山喜久/photo_01.jpg,✓,✓,history,
9503,関西電力,電気・ガス業,石川博志,1999-06-01,2001-06-01,2.0,photos_5/9503_関西電力/history/08_石川博志/photo_01.jpg,✓,✓,history,
9503,関西電力,電気・ガス業,藤洋作,2001-06-01,2005-06-01,4.0,photos_5/9503_関西電力/history/09_藤洋作/photo_01.jpg,✓,✓,history,
9503,関西電力,電気・ガス業,森詳介,2005-06-01,2010-06-01,5.0,photos_5/9503_関西電力/history/10_森詳介/photo_01.jpg,✓,✓,history,
9503,関西電力,電気・ガス業,八木誠,2010-06-01,2016-06-01,6.0,photos_5/9503_関西電力/history/11_八木誠/photo_01.jpg,✓,✓,history,
9503,関西電力,電気・ガス業,岩根茂樹,2016-06-01,2020-03-01,3.75,photos_5/9503_関西電力/history/12_岩根茂樹/photo_01.jpg,✓,✓,history,
9503,関西電力,電気・ガス業,森本孝,2020-03-01,2022-06-01,2.25,photos_5/9503_関西電力/history/13_森本孝/photo_01.jpg,✓,✓,history,
9503,関西電力,電気・ガス業,森望,2022-06-01,,,photos_5/9503_関西電力/history/14_森望/photo_01.jpg,✓,✓,history,
9504,中国電力,電気・ガス業,島田兵蔵,,,,photos_5/9504_中国電力/history/01_島田兵蔵/photo_01.jpg,✓,✓,history,
9504,中国電力,電気・ガス業,櫻内乾雄,,,,photos_5/9504_中国電力/history/02_櫻内乾雄/photo_01.jpg,✓,✓,history,
9504,中国電力,電気・ガス業,山根寛作,,,,photos_5/9504_中国電力/history/03_山根寛作/photo_01.jpg,✓,✓,history,
9504,中国電力,電気・ガス業,松谷健一郎,,,,photos_5/9504_中国電力/history/04_松谷健一郎/photo_01.jpg,✓,✓,history,
9504,中国電力,電気・ガス業,多田公煕,,,,,,,history,
9504,中国電力,電気・ガス業,髙須司登,,,,photos_5/9504_中国電力/history/06_髙須司登/photo_01.jpg,✓,✓,history,
9504,中国電力,電気・ガス業,白倉茂生,,,,photos_5/9504_中国電力/history/07_白倉茂生/photo_01.jpg,✓,✓,history,
9504,中国電力,電気・ガス業,山下隆,,,,photos_5/9504_中国電力/history/08_山下隆/photo_01.jpg,✓,✓,history,
9504,中国電力,電気・ガス業,苅田知英,,,,photos_5/9504_中国電力/history/09_苅田知英/photo_01.jpg,✓,✓,history,
9504,中国電力,電気・ガス業,清水希茂,,,,photos_5/9504_中国電力/history/10_清水希茂/photo_01.jpg,✓,✓,history,
9504,中国電力,電気・ガス業,瀧本夏彦,,,,photos_5/9504_中国電力/history/11_瀧本夏彦/photo_01.jpg,✓,✓,history,
9504,中国電力,電気・ガス業,中川賢剛,,,,photos_5/9504_中国電力/history/12_中川賢剛/photo_01.jpg,✓,✓,history,
9505,北陸電力,電気・ガス業,,,,,,,,missing,要調査
9506,東北電力,電気・ガス業,,,,,,,,missing,要調査
9507,四国電力,電気・ガス業,締役 副,,（現在）,,photos_5/9507_四国電力/current/photo_01.jpg,✓,✓,current,
9508,九州電力,電気・ガス業,西山 勝,2025年２月,（現在）,,photos_5/9508_九州電力/current/photo_01.jpg,✓,✓,current,
9509,北海道電力,電気・ガス業,安蔵弥輔,,,,photos_5/9509_北海道電力/history/01_安蔵弥輔/photo_01.jpg,✓,✓,history,
9509,北海道電力,電気・ガス業,高井亮太郎,1952-09-01,,,photos_5/9509_北海道電力/history/02_高井亮太郎/photo_01.jpg,✓,✓,history,
9509,北海道電力,電気・ガス業,青木均一,,,,photos_5/9509_北海道電力/history/03_青木均一/photo_01.jpg,✓,✓,history,
9509,北海道電力,電気・ガス業,木川田一隆,,,,photos_5/9509_北海道電力/history/04_木川田一隆/photo_01.jpg,✓,✓,history,
9509,北海道電力,電気・ガス業,水野久男,,,,photos_5/9509_北海道電力/history/05_水野久男/photo_01.jpg,✓,✓,history,
9509,北海道電力,電気・ガス業,平岩外四,,,,photos_5/9509_北海道電力/history/06_平岩外四/photo_01.jpg,✓,✓,history,
9509,北海道電力,電気・ガス業,那須翔,1984-06-01,,,photos_5/9509_北海道電力/history/07_那須翔/photo_01.jpg,✓,✓,history,
9509,北海道電力,電気・ガス業,荒木浩,1993-06-01,,,photos_5/9509_北海道電力/history/08_荒木浩/photo_01.jpg,✓,✓,history,
9509,北海道電力,電気・ガス業,南直哉,1999-04-01,,,photos_5/9509_北海道電力/history/09_南直哉/photo_01.jpg,✓,✓,history,
9509,北海道電力,電気・ガス業,勝俣恒久,2002-09-01,,,photos_5/9509_北海道電力/history/10_勝俣恒久/photo_01.jpg,✓,✓,history,
9509,北海道電力,電気・ガス業,清水正孝,2008-06-01,,,photos_5/9509_北海道電力/history/11_清水正孝/photo_01.jpg,✓,✓,history,
9509,北海道電力,電気・ガス業,西澤俊夫,2012-06-01,,,photos_5/9509_北海道電力/history/12_西澤俊夫/photo_01.jpg,✓,✓,history,
9509,北海道電力,電気・ガス業,廣瀬直己,2012-06-01,,,photos_5/9509_北海道電力/history/13_廣瀬直己/photo_01.jpg,✓,✓,history,
9509,北海道電力,電気・ガス業,小早川智明,2017-06-01,,,photos_5/9509_北海道電力/history/14_小早川智明/photo_01.jpg,✓,✓,history,
9509,北海道電力,電気・ガス業,新木栄吉,,,,photos_5/9509_北海道電力/history/15_新木栄吉/photo_01.jpg,✓,✓,history,
9509,北海道電力,電気・ガス業,新井章治,,,,photos_5/9509_北海道電力/history/16_新井章治/photo_01.jpg,✓,✓,history,
9509,北海道電力,電気・ガス業,菅礼之助,,,,photos_5/9509_北海道電力/history/17_菅礼之助/photo_01.jpg,✓,✓,history,
9509,北海道電力,電気・ガス業,田村滋美,,,,photos_5/9509_北海道電力/history/18_田村滋美/photo_01.jpg,✓,✓,history,
9509,北海道電力,電気・ガス業,下河邉和彦,,,,photos_5/9509_北海道電力/history/19_下河邉和彦/photo_01.jpg,✓,✓,history,
9509,北海道電力,電気・ガス業,数土文夫,,,,photos_5/9509_北海道電力/history/20_数土文夫/photo_01.jpg,✓,✓,history,
9511,沖縄電力,電気・ガス業,,,,,,,,missing,要調査
9513,電源開発,電気・ガス業,菅野　等,,（現在）,,photos_5/9513_電源開発/current/photo_01.jpg,✓,✓,current,
9514,エフオン,電気・ガス業,,,,,,,,missing,要調査
9517,イーレックス,電気・ガス業,本名　均,,（現在）,,photos_5/9517_イーレックス/current/photo_01.jpg,✓,✓,current,
9519,レノバ,電気・ガス業,"会長

川名",,（現在）,,photos_5/9519_レノバ/current/photo_01.jpg,✓,✓,current,
9531,東京瓦斯,電気・ガス業,渋沢栄一,1909-07-01,1909-07-20,0.05,photos_5/9531_東京瓦斯/history/01_渋沢栄一/photo_01.jpg,✓,✓,history,
9531,東京瓦斯,電気・ガス業,高松豊吉,1909-07-01,1914-06-17,4.96,photos_5/9531_東京瓦斯/history/02_高松豊吉/photo_01.jpg,✓,✓,history,
9531,東京瓦斯,電気・ガス業,久米良作,1914-06-01,1919-07-12,5.11,photos_5/9531_東京瓦斯/history/03_久米良作/photo_01.jpg,✓,✓,history,
9531,東京瓦斯,電気・ガス業,石渡敏一,1919-07-01,1922-07-28,3.07,photos_5/9531_東京瓦斯/history/04_石渡敏一/photo_01.jpg,✓,✓,history,
9531,東京瓦斯,電気・ガス業,小池国三,1922-07-01,1925-07-27,3.07,photos_5/9531_東京瓦斯/history/05_小池国三/photo_01.jpg,✓,✓,history,
9531,東京瓦斯,電気・ガス業,渡辺勝三郎,1925-07-01,1927-04-09,1.77,photos_5/9531_東京瓦斯/history/06_渡辺勝三郎/photo_01.jpg,✓,✓,history,
9531,東京瓦斯,電気・ガス業,岩崎清七,1927-04-01,1932-12-29,5.75,photos_5/9531_東京瓦斯/history/07_岩崎清七/photo_01.jpg,✓,✓,history,
9531,東京瓦斯,電気・ガス業,井坂孝,1932-12-01,1943-06-28,10.57,photos_5/9531_東京瓦斯/history/08_井坂孝/photo_01.jpg,✓,✓,history,
9531,東京瓦斯,電気・ガス業,原邦造,1943-06-01,1945-03-10,1.77,photos_5/9531_東京瓦斯/history/09_原邦造/photo_01.jpg,✓,✓,history,
9531,東京瓦斯,電気・ガス業,太田半六,1945-03-01,1946-11-30,1.75,photos_5/9531_東京瓦斯/history/10_太田半六/photo_01.jpg,✓,✓,history,
9531,東京瓦斯,電気・ガス業,高田五郎,1946-11-01,1953-12-26,7.15,photos_5/9531_東京瓦斯/history/11_高田五郎/photo_01.jpg,✓,✓,history,
9531,東京瓦斯,電気・ガス業,本田弘敏,1953-12-01,1967-11-01,13.92,photos_5/9531_東京瓦斯/history/12_本田弘敏/photo_01.jpg,✓,✓,history,
9531,東京瓦斯,電気・ガス業,安西浩,1967-11-01,1972-08-01,4.75,photos_5/9531_東京瓦斯/history/13_安西浩/photo_01.jpg,✓,✓,history,
9531,東京瓦斯,電気・ガス業,都留勝利,1972-08-01,1976-01-08,3.44,photos_5/9531_東京瓦斯/history/14_都留勝利/photo_01.jpg,✓,✓,history,
9531,東京瓦斯,電気・ガス業,村上武雄,1976-01-01,1981-07-01,5.5,photos_5/9531_東京瓦斯/history/15_村上武雄/photo_01.jpg,✓,✓,history,
9531,東京瓦斯,電気・ガス業,渡辺宏,1981-07-01,,,photos_5/9531_東京瓦斯/history/16_渡辺宏/photo_01.jpg,✓,✓,history,
9531,東京瓦斯,電気・ガス業,安西邦夫,,,,photos_5/9531_東京瓦斯/history/17_安西邦夫/photo_01.jpg,✓,✓,history,
9531,東京瓦斯,電気・ガス業,上原英治,,,,photos_5/9531_東京瓦斯/history/18_上原英治/photo_01.jpg,✓,✓,history,
9531,東京瓦斯,電気・ガス業,市野紀生,,,,photos_5/9531_東京瓦斯/history/19_市野紀生/photo_01.jpg,✓,✓,history,
9531,東京瓦斯,電気・ガス業,鳥原光憲,,,,photos_5/9531_東京瓦斯/history/20_鳥原光憲/photo_01.jpg,✓,✓,history,
9532,大阪瓦斯,電気・ガス業,,,,,,,,missing,要調査
9533,東邦瓦斯,電気・ガス業,,,,,,,,missing,要調査
9534,北海道瓦斯,電気・ガス業,,,,,,,,missing,要調査
9535,広島ガス,電気・ガス業,世代,,,,photos_5/9535_広島ガス/history/01_世代/photo_01.jpg,✓,✓,history,
9535,広島ガス,電気・ガス業,片岡直輝,,,,photos_5/9535_広島ガス/history/02_片岡直輝/photo_01.jpg,✓,✓,history,
9535,広島ガス,電気・ガス業,大正,,,,photos_5/9535_広島ガス/history/03_大正/photo_01.jpg,✓,✓,history,
9535,広島ガス,電気・ガス業,松本勝太郎,,,,photos_5/9535_広島ガス/history/04_松本勝太郎/photo_01.jpg,✓,✓,history,
9535,広島ガス,電気・ガス業,昭和,,,,photos_5/9535_広島ガス/history/05_昭和/photo_01.jpg,✓,✓,history,
9535,広島ガス,電気・ガス業,平成,,,,,,,history,
9535,広島ガス,電気・ガス業,松藤研介,,,,photos_5/9535_広島ガス/history/07_松藤研介/photo_01.jpg,✓,✓,history,
9536,西部ガスホールディングス,電気・ガス業,,,,,,,,missing,要調査
9537,北陸瓦斯,電気・ガス業,,,,,,,,missing,要調査
9539,京葉瓦斯,電気・ガス業,渋沢栄一,1909-07-01,1909-07-20,0.05,photos_5/9539_京葉瓦斯/history/01_渋沢栄一/photo_01.jpg,✓,✓,history,
9539,京葉瓦斯,電気・ガス業,高松豊吉,1909-07-01,1914-06-17,4.96,photos_5/9539_京葉瓦斯/history/02_高松豊吉/photo_01.jpg,✓,✓,history,
9539,京葉瓦斯,電気・ガス業,久米良作,1914-06-01,1919-07-12,5.11,photos_5/9539_京葉瓦斯/history/03_久米良作/photo_01.jpg,✓,✓,history,
9539,京葉瓦斯,電気・ガス業,石渡敏一,1919-07-01,1922-07-28,3.07,photos_5/9539_京葉瓦斯/history/04_石渡敏一/photo_01.jpg,✓,✓,history,
9539,京葉瓦斯,電気・ガス業,小池国三,1922-07-01,1925-07-27,3.07,photos_5/9539_京葉瓦斯/history/05_小池国三/photo_01.jpg,✓,✓,history,
9539,京葉瓦斯,電気・ガス業,渡辺勝三郎,1925-07-01,1927-04-09,1.77,photos_5/9539_京葉瓦斯/history/06_渡辺勝三郎/photo_01.jpg,✓,✓,history,
9539,京葉瓦斯,電気・ガス業,岩崎清七,1927-04-01,1932-12-29,5.75,,,,history,
9539,京葉瓦斯,電気・ガス業,井坂孝,1932-12-01,1943-06-28,10.57,photos_5/9539_京葉瓦斯/history/08_井坂孝/photo_01.jpg,✓,✓,history,
9539,京葉瓦斯,電気・ガス業,原邦造,1943-06-01,1945-03-10,1.77,photos_5/9539_京葉瓦斯/history/09_原邦造/photo_01.jpg,✓,✓,history,
9539,京葉瓦斯,電気・ガス業,太田半六,1945-03-01,1946-11-30,1.75,photos_5/9539_京葉瓦斯/history/10_太田半六/photo_01.jpg,✓,✓,history,
9539,京葉瓦斯,電気・ガス業,高田五郎,1946-11-01,1953-12-26,7.15,photos_5/9539_京葉瓦斯/history/11_高田五郎/photo_01.jpg,✓,✓,history,
9539,京葉瓦斯,電気・ガス業,本田弘敏,1953-12-01,1967-11-01,13.92,photos_5/9539_京葉瓦斯/history/12_本田弘敏/photo_01.jpg,✓,✓,history,
9539,京葉瓦斯,電気・ガス業,安西浩,1967-11-01,1972-08-01,4.75,photos_5/9539_京葉瓦斯/history/13_安西浩/photo_01.jpg,✓,✓,history,
9539,京葉瓦斯,電気・ガス業,都留勝利,1972-08-01,1976-01-08,3.44,photos_5/9539_京葉瓦斯/history/14_都留勝利/photo_01.jpg,✓,✓,history,
9539,京葉瓦斯,電気・ガス業,村上武雄,1976-01-01,1981-07-01,5.5,photos_5/9539_京葉瓦斯/history/15_村上武雄/photo_01.jpg,✓,✓,history,
9539,京葉瓦斯,電気・ガス業,渡辺宏,1981-07-01,,,photos_5/9539_京葉瓦斯/history/16_渡辺宏/photo_01.jpg,✓,✓,history,
9539,京葉瓦斯,電気・ガス業,安西邦夫,,,,photos_5/9539_京葉瓦斯/history/17_安西邦夫/photo_01.jpg,✓,✓,history,
9539,京葉瓦斯,電気・ガス業,上原英治,,,,photos_5/9539_京葉瓦斯/history/18_上原英治/photo_01.jpg,✓,✓,history,
9539,京葉瓦斯,電気・ガス業,市野紀生,,,,photos_5/9539_京葉瓦斯/history/19_市野紀生/photo_01.jpg,✓,✓,history,
9539,京葉瓦斯,電気・ガス業,鳥原光憲,,,,photos_5/9539_京葉瓦斯/history/20_鳥原光憲/photo_01.jpg,✓,✓,history,
9543,静岡ガス,電気・ガス業,賀田金三郎,,,,photos_5/9543_静岡ガス/history/01_賀田金三郎/photo_01.jpg,✓,✓,history,
9543,静岡ガス,電気・ガス業,千賀千太郎,,,,photos_5/9543_静岡ガス/history/02_千賀千太郎/photo_01.jpg,✓,✓,history,
9543,静岡ガス,電気・ガス業,上野喜左衛門,,,,photos_5/9543_静岡ガス/history/03_上野喜左衛門/photo_01.jpg,✓,✓,history,
9543,静岡ガス,電気・ガス業,上野次郎吉,,,,photos_5/9543_静岡ガス/history/04_上野次郎吉/photo_01.jpg,✓,✓,history,
9543,静岡ガス,電気・ガス業,秋山努,,,,photos_5/9543_静岡ガス/history/05_秋山努/photo_01.jpg,✓,✓,history,
9543,静岡ガス,電気・ガス業,宮村達郎,,,,photos_5/9543_静岡ガス/history/06_宮村達郎/photo_01.jpg,✓,✓,history,
9543,静岡ガス,電気・ガス業,大石繁,,,,photos_5/9543_静岡ガス/history/07_大石繁/photo_01.jpg,✓,✓,history,
9543,静岡ガス,電気・ガス業,大石司朗,,,,photos_5/9543_静岡ガス/history/08_大石司朗/photo_01.jpg,✓,✓,history,
9551,メタウォーター,電気・ガス業,山口 賢二,2023年6月,（現在）,,photos_5/9551_メタウォーター/current/photo_01.jpg,✓,✓,current,
9551,メタウォーター,電気・ガス業,現職,2021-04-01,,,photos_5/9551_メタウォーター/history/01_現職/photo_01.jpg,✓,✓,history,
9552,M&A総研ホールディングス,サービス業,究所  佐上,,（現在）,,photos_5/9552_M&A総研ホールディングス/current/photo_01.jpg,✓,,current,
9552,M&A総研ホールディングス,サービス業,現職,,,,photos_5/9552_M&A総研ホールディングス/history/01_現職/photo_01.jpg,✓,✓,history,
9553,マイクロアド,サービス業,渡辺 健太郎,2022年６月,（現在）,,photos_5/9553_マイクロアド/current/photo_01.jpg,✓,✓,current,
9553,マイクロアド,サービス業,ビル・ゲイツ,,,,photos_5/9553_マイクロアド/history/01_ビル・ゲイツ/photo_01.jpg,✓,✓,history,
9554,AViC,サービス業,,,,,,,,missing,要調査
9556,INTLOOP,サービス業,,,,,,,,missing,要調査
9557,エアークローゼット,サービス業,天沼 聰,2014年8月,（現在）,,photos_5/9557_エアークローゼット/current/photo_01.jpg,✓,✓,current,
9557,エアークローゼット,サービス業,萩平 和巳,2012-03-01,2016-12-01,4.75,photos_5/9557_エアークローゼット/history/01_萩平_和巳/photo_01.jpg,✓,✓,history,
9557,エアークローゼット,サービス業,阿部 義之,2016-12-01,2025-05-01,8.41,photos_5/9557_エアークローゼット/history/02_阿部_義之/photo_01.jpg,✓,✓,history,
9557,エアークローゼット,サービス業,北風 大輔,2025-05-01,2025-11-19,0.55,photos_5/9557_エアークローゼット/history/03_北風_大輔/photo_01.jpg,✓,✓,history,
9558,ジャパニアス,サービス業,,,,,,,,missing,要調査
9560,プログリット,サービス業,,,,,,,,missing,要調査
9561,グラッドキューブ,サービス業,"締役
池原",2001年10月,（現在）,,photos_5/9561_グラッドキューブ/current/photo_01.jpg,✓,✓,current,
9562,ビジネスコーチ,サービス業,,,,,,,,missing,要調査
9563,Atlas　Technologies,サービス業,,,,,,,,missing,要調査
9564,FCE,サービス業,,,,,,,,missing,要調査
9565,GLOE,サービス業,,,,,,,,missing,要調査
9600,アイネット,情報・通信業,佐伯　友道,,（現在）,,photos_5/9600_アイネット/current/photo_01.jpg,✓,✓,current,
9601,松竹,情報・通信業,大谷竹次郎の子,,,,photos_5/9601_松竹/history/01_大谷竹次郎の子/photo_01.jpg,✓,✓,history,
9601,松竹,情報・通信業,奥山市三の子,,,,photos_5/9601_松竹/history/02_奥山市三の子/photo_01.jpg,✓,✓,history,
9601,松竹,情報・通信業,大谷隆三の長男,,,,photos_5/9601_松竹/history/03_大谷隆三の長男/photo_01.jpg,✓,✓,history,
9601,松竹,情報・通信業,城戸四郎の孫,2023-05-01,2023-05-22,0.06,photos_5/9601_松竹/history/04_城戸四郎の孫/photo_01.jpg,✓,✓,history,
9601,松竹,情報・通信業,松竹,1985-12-01,1985-12-28,0.07,photos_5/9601_松竹/history/05_松竹/photo_01.jpg,✓,✓,history,
9602,東宝,情報・通信業,,,,,,,,missing,要調査
9603,エイチ・アイ・エス,サービス業,澤田 秀太,,（現在）,,photos_5/9603_エイチ・アイ・エス/current/photo_01.jpg,✓,✓,current,
9603,エイチ・アイ・エス,サービス業,現職,,,,photos_5/9603_エイチ・アイ・エス/history/01_現職/photo_01.jpg,✓,✓,history,
9605,東映,情報・通信業,東映,2025年9月,（現在）,,photos_5/9605_東映/current/photo_01.jpg,✓,✓,current,
9605,東映,情報・通信業,ティ,2023-02-01,2023-02-14,0.04,photos_5/9605_東映/history/01_ティ/photo_01.jpg,✓,✓,history,
9610,ウィルソン・ラーニング　ワールドワイド,サービス業,,,,,,,,missing,要調査
9612,ラックランド,サービス業,山内房治郎,,,,photos_5/9612_ラックランド/history/01_山内房治郎/photo_01.jpg,✓,✓,history,
9612,ラックランド,サービス業,山内積良,,,,photos_5/9612_ラックランド/history/02_山内積良/photo_01.jpg,✓,✓,history,
9612,ラックランド,サービス業,山内溥,,,,photos_5/9612_ラックランド/history/03_山内溥/photo_01.jpg,✓,✓,history,
9612,ラックランド,サービス業,岩田聡,,,,photos_5/9612_ラックランド/history/04_岩田聡/photo_01.jpg,✓,✓,history,
9612,ラックランド,サービス業,君島達己,,,,,,,history,
9612,ラックランド,サービス業,古川俊太郎,,,,photos_5/9612_ラックランド/history/06_古川俊太郎/photo_01.jpg,✓,✓,history,
9616,共立メンテナンス,サービス業,"月

株",2025年3月,（現在）,,photos_5/9616_共立メンテナンス/current/photo_01.jpg,✓,✓,current,
9619,イチネンホールディングス,サービス業,現職,,,,photos_5/9619_イチネンホールディングス/history/01_現職/photo_01.jpg,✓,✓,history,
9621,建設技術研究所,サービス業,西村 達也,,（現在）,,photos_5/9621_建設技術研究所/current/photo_01.jpg,✓,✓,current,
9622,スペース,サービス業,検索,2024年12月,（現在）,,photos_5/9622_スペース/current/photo_01.jpg,✓,✓,current,
9625,セレスポ,サービス業,田代 剛,,（現在）,,photos_5/9625_セレスポ/current/photo_01.jpg,✓,✓,current,
9625,セレスポ,サービス業,出身校,,,,photos_5/9625_セレスポ/history/01_出身校/photo_01.jpg,✓,✓,history,
9627,アインホールディングス,小売業,"状況
主",2023年7月,（現在）,,photos_5/9627_アインホールディングス/current/photo_01.jpg,✓,✓,current,
9627,アインホールディングス,小売業,現職,,,,photos_5/9627_アインホールディングス/history/01_現職/photo_01.jpg,✓,✓,history,
9628,燦ホールディングス,サービス業,,,,,,,,missing,要調査
9629,ピー・シー・エー,情報・通信業,岩崎俊彌,1907-09-01,1930-10-01,23.08,photos_5/9629_ピー・シー・エー/history/01_岩崎俊彌/photo_01.jpg,✓,✓,history,
9629,ピー・シー・エー,情報・通信業,山田三次郎,1931-03-01,1939-06-01,8.25,photos_5/9629_ピー・シー・エー/history/02_山田三次郎/photo_01.jpg,✓,✓,history,
9629,ピー・シー・エー,情報・通信業,大野政吉,1939-07-01,1943-12-01,4.42,photos_5/9629_ピー・シー・エー/history/03_大野政吉/photo_01.jpg,✓,✓,history,
9629,ピー・シー・エー,情報・通信業,池田亀三郎,1943-03-01,1946-03-01,3.0,photos_5/9629_ピー・シー・エー/history/04_池田亀三郎/photo_01.jpg,✓,✓,history,
9629,ピー・シー・エー,情報・通信業,森本貫一,1946-03-01,1946-12-01,0.75,photos_5/9629_ピー・シー・エー/history/05_森本貫一/photo_01.jpg,✓,✓,history,
9629,ピー・シー・エー,情報・通信業,森規矩夫,1946-12-01,1950-04-01,3.33,photos_5/9629_ピー・シー・エー/history/06_森規矩夫/photo_01.jpg,✓,✓,history,
9629,ピー・シー・エー,情報・通信業,桑田時一郎,1950-04-01,1950-06-01,0.17,photos_5/9629_ピー・シー・エー/history/07_桑田時一郎/photo_01.jpg,✓,✓,history,
9629,ピー・シー・エー,情報・通信業,渡辺喜市,1950-06-01,1952-02-01,1.67,photos_5/9629_ピー・シー・エー/history/08_渡辺喜市/photo_01.jpg,✓,✓,history,
9629,ピー・シー・エー,情報・通信業,倉田元治,1967-08-01,1973-02-01,5.51,photos_5/9629_ピー・シー・エー/history/09_倉田元治/photo_01.jpg,✓,✓,history,
9629,ピー・シー・エー,情報・通信業,山下秀明,1973-02-01,1981-03-01,8.08,photos_5/9629_ピー・シー・エー/history/10_山下秀明/photo_01.jpg,✓,✓,history,
9629,ピー・シー・エー,情報・通信業,坂部武夫,1981-03-01,1987-01-01,5.84,photos_5/9629_ピー・シー・エー/history/11_坂部武夫/photo_01.jpg,✓,✓,history,
9629,ピー・シー・エー,情報・通信業,古本次郎,1987-01-01,1992-03-01,5.16,photos_5/9629_ピー・シー・エー/history/12_古本次郎/photo_01.jpg,✓,✓,history,
9629,ピー・シー・エー,情報・通信業,瀬谷博道,1992-03-01,1998-06-01,6.25,photos_5/9629_ピー・シー・エー/history/13_瀬谷博道/photo_01.jpg,✓,✓,history,
9629,ピー・シー・エー,情報・通信業,石津進也,1998-06-01,2004-03-01,5.75,photos_5/9629_ピー・シー・エー/history/14_石津進也/photo_01.jpg,✓,✓,history,
9629,ピー・シー・エー,情報・通信業,門松正宏,2004-03-01,2008-03-01,4.0,photos_5/9629_ピー・シー・エー/history/15_門松正宏/photo_01.jpg,✓,✓,history,
9629,ピー・シー・エー,情報・通信業,石村和彦,2008-03-01,2014-12-01,6.75,photos_5/9629_ピー・シー・エー/history/16_石村和彦/photo_01.jpg,✓,✓,history,
9629,ピー・シー・エー,情報・通信業,島村琢哉,2015-01-01,2020-12-01,5.92,photos_5/9629_ピー・シー・エー/history/17_島村琢哉/photo_01.jpg,✓,✓,history,
9629,ピー・シー・エー,情報・通信業,平井良典,2021-01-01,,,photos_5/9629_ピー・シー・エー/history/18_平井良典/photo_01.jpg,✓,✓,history,
9629,ピー・シー・エー,情報・通信業,在職中に死去,,,,photos_5/9629_ピー・シー・エー/history/19_在職中に死去/photo_01.jpg,✓,✓,history,
9632,スバル興業,サービス業,,,,,,,,missing,要調査
9633,東京テアトル,サービス業,吉岡重三郎,,,,photos_5/9633_東京テアトル/history/01_吉岡重三郎/photo_01.jpg,✓,✓,history,
9633,東京テアトル,サービス業,吉岡定美,,,,photos_5/9633_東京テアトル/history/02_吉岡定美/photo_01.jpg,✓,✓,history,
9633,東京テアトル,サービス業,三橋三之助,,,,photos_5/9633_東京テアトル/history/03_三橋三之助/photo_01.jpg,✓,✓,history,
9633,東京テアトル,サービス業,清水清秋,,,,photos_5/9633_東京テアトル/history/04_清水清秋/photo_01.jpg,✓,✓,history,
9633,東京テアトル,サービス業,三橋保,,,,photos_5/9633_東京テアトル/history/05_三橋保/photo_01.jpg,✓,✓,history,
9633,東京テアトル,サービス業,脇田勇,,,,photos_5/9633_東京テアトル/history/06_脇田勇/photo_01.jpg,✓,✓,history,
9633,東京テアトル,サービス業,滝島優行,,,,photos_5/9633_東京テアトル/history/07_滝島優行/photo_01.jpg,✓,✓,history,
9633,東京テアトル,サービス業,松下晴彦,,,,photos_5/9633_東京テアトル/history/08_松下晴彦/photo_01.jpg,✓,✓,history,
9633,東京テアトル,サービス業,前田稔,,,,photos_5/9633_東京テアトル/history/09_前田稔/photo_01.jpg,✓,✓,history,
9633,東京テアトル,サービス業,太田和宏,,,,photos_5/9633_東京テアトル/history/10_太田和宏/photo_01.jpg,✓,✓,history,
9635,武蔵野興業,サービス業,,,,,,,,missing,要調査
9636,きんえい,サービス業,"告書
半期報",,（現在）,,,,,current,
9639,三協フロンテア,サービス業,,,,,,,,missing,要調査
9640,セゾンテクノロジー,情報・通信業,,,,,,,,missing,要調査
9644,タナベコンサルティンググループ,サービス業,若松 孝彦,,（現在）,,photos_5/9644_タナベコンサルティンググループ/current/photo_01.jpg,✓,✓,current,
9644,タナベコンサルティンググループ,サービス業,石坂泰三,1949-04-01,1957-11-01,8.59,photos_5/9644_タナベコンサルティンググループ/history/01_石坂泰三/photo_01.jpg,✓,✓,history,
9644,タナベコンサルティンググループ,サービス業,岩下文雄,1957-11-01,1965-05-01,7.5,photos_5/9644_タナベコンサルティンググループ/history/02_岩下文雄/photo_01.jpg,✓,✓,history,
9644,タナベコンサルティンググループ,サービス業,土光敏夫,1965-05-01,1972-08-01,7.25,photos_5/9644_タナベコンサルティンググループ/history/03_土光敏夫/photo_01.jpg,✓,✓,history,
9644,タナベコンサルティンググループ,サービス業,玉置敬三,1972-08-01,,,photos_5/9644_タナベコンサルティンググループ/history/04_玉置敬三/photo_01.jpg,✓,✓,history,
9644,タナベコンサルティンググループ,サービス業,岩田弐夫,,,,photos_5/9644_タナベコンサルティンググループ/history/05_岩田弐夫/photo_01.jpg,✓,✓,history,
9644,タナベコンサルティンググループ,サービス業,佐波正一,1986-04-01,,,photos_5/9644_タナベコンサルティンググループ/history/06_佐波正一/photo_01.jpg,✓,✓,history,
9644,タナベコンサルティンググループ,サービス業,渡里杉一郎,1986-04-01,1987-07-01,1.25,photos_5/9644_タナベコンサルティンググループ/history/07_渡里杉一郎/photo_01.jpg,✓,✓,history,
9644,タナベコンサルティンググループ,サービス業,青井舒一,1987-07-01,1992-06-01,4.92,photos_5/9644_タナベコンサルティンググループ/history/08_青井舒一/photo_01.jpg,✓,✓,history,
9644,タナベコンサルティンググループ,サービス業,佐藤文夫,1992-06-01,1996-06-01,4.0,photos_5/9644_タナベコンサルティンググループ/history/09_佐藤文夫/photo_01.jpg,✓,✓,history,
9644,タナベコンサルティンググループ,サービス業,西室泰三,1996-06-01,2000-06-01,4.0,photos_5/9644_タナベコンサルティンググループ/history/10_西室泰三/photo_01.jpg,✓,✓,history,
9644,タナベコンサルティンググループ,サービス業,岡村正,2000-06-01,2005-06-01,5.0,photos_5/9644_タナベコンサルティンググループ/history/11_岡村正/photo_01.jpg,✓,✓,history,
9644,タナベコンサルティンググループ,サービス業,西田厚聰,2005-06-01,2009-06-01,4.0,photos_5/9644_タナベコンサルティンググループ/history/12_西田厚聰/photo_01.jpg,✓,✓,history,
9644,タナベコンサルティンググループ,サービス業,田中久雄,2013-06-01,2015-07-01,2.08,photos_5/9644_タナベコンサルティンググループ/history/13_田中久雄/photo_01.jpg,✓,✓,history,
9644,タナベコンサルティンググループ,サービス業,室町正志,2015-07-01,2016-06-01,0.92,photos_5/9644_タナベコンサルティンググループ/history/14_室町正志/photo_01.jpg,✓,✓,history,
9644,タナベコンサルティンググループ,サービス業,綱川智,2016-06-01,2020-03-01,3.75,photos_5/9644_タナベコンサルティンググループ/history/15_綱川智/photo_01.jpg,✓,✓,history,
9644,タナベコンサルティンググループ,サービス業,車谷暢昭,2020-04-01,2021-04-01,1.0,photos_5/9644_タナベコンサルティンググループ/history/16_車谷暢昭/photo_01.jpg,✓,✓,history,
9644,タナベコンサルティンググループ,サービス業,島田太郎,2022-03-01,,,photos_5/9644_タナベコンサルティンググループ/history/17_島田太郎/photo_01.jpg,✓,✓,history,
9647,協和コンサルタンツ,サービス業,"両立
公明正",,（現在）,,photos_5/9647_協和コンサルタンツ/current/photo_01.jpg,✓,✓,current,
9651,日本プロセス,情報・通信業,,,,,,,,missing,要調査
9656,グリーンランドリゾート,サービス業,,,,,,,,missing,要調査
9658,ビジネスブレイン太田昭和,情報・通信業,石坂泰三,1949-04-01,1957-11-01,8.59,photos_5/9658_ビジネスブレイン太田昭和/history/01_石坂泰三/photo_01.jpg,✓,✓,history,
9658,ビジネスブレイン太田昭和,情報・通信業,岩下文雄,1957-11-01,1965-05-01,7.5,photos_5/9658_ビジネスブレイン太田昭和/history/02_岩下文雄/photo_01.jpg,✓,✓,history,
9658,ビジネスブレイン太田昭和,情報・通信業,土光敏夫,1965-05-01,1972-08-01,7.25,photos_5/9658_ビジネスブレイン太田昭和/history/03_土光敏夫/photo_01.jpg,✓,✓,history,
9658,ビジネスブレイン太田昭和,情報・通信業,玉置敬三,1972-08-01,,,photos_5/9658_ビジネスブレイン太田昭和/history/04_玉置敬三/photo_01.jpg,✓,✓,history,
9658,ビジネスブレイン太田昭和,情報・通信業,岩田弐夫,,,,photos_5/9658_ビジネスブレイン太田昭和/history/05_岩田弐夫/photo_01.jpg,✓,✓,history,
9658,ビジネスブレイン太田昭和,情報・通信業,佐波正一,1986-04-01,,,photos_5/9658_ビジネスブレイン太田昭和/history/06_佐波正一/photo_01.jpg,✓,✓,history,
9658,ビジネスブレイン太田昭和,情報・通信業,渡里杉一郎,1986-04-01,1987-07-01,1.25,photos_5/9658_ビジネスブレイン太田昭和/history/07_渡里杉一郎/photo_01.jpg,✓,✓,history,
9658,ビジネスブレイン太田昭和,情報・通信業,青井舒一,1987-07-01,1992-06-01,4.92,photos_5/9658_ビジネスブレイン太田昭和/history/08_青井舒一/photo_01.jpg,✓,✓,history,
9658,ビジネスブレイン太田昭和,情報・通信業,佐藤文夫,1992-06-01,1996-06-01,4.0,photos_5/9658_ビジネスブレイン太田昭和/history/09_佐藤文夫/photo_01.jpg,✓,✓,history,
9658,ビジネスブレイン太田昭和,情報・通信業,西室泰三,1996-06-01,2000-06-01,4.0,photos_5/9658_ビジネスブレイン太田昭和/history/10_西室泰三/photo_01.jpg,✓,✓,history,
9658,ビジネスブレイン太田昭和,情報・通信業,岡村正,2000-06-01,2005-06-01,5.0,photos_5/9658_ビジネスブレイン太田昭和/history/11_岡村正/photo_01.jpg,✓,✓,history,
9658,ビジネスブレイン太田昭和,情報・通信業,西田厚聰,2005-06-01,2009-06-01,4.0,photos_5/9658_ビジネスブレイン太田昭和/history/12_西田厚聰/photo_01.jpg,✓,✓,history,
9658,ビジネスブレイン太田昭和,情報・通信業,田中久雄,2013-06-01,2015-07-01,2.08,photos_5/9658_ビジネスブレイン太田昭和/history/13_田中久雄/photo_01.jpg,✓,✓,history,
9658,ビジネスブレイン太田昭和,情報・通信業,室町正志,2015-07-01,2016-06-01,0.92,photos_5/9658_ビジネスブレイン太田昭和/history/14_室町正志/photo_01.jpg,✓,✓,history,
9658,ビジネスブレイン太田昭和,情報・通信業,綱川智,2016-06-01,2020-03-01,3.75,photos_5/9658_ビジネスブレイン太田昭和/history/15_綱川智/photo_01.jpg,✓,✓,history,
9658,ビジネスブレイン太田昭和,情報・通信業,車谷暢昭,2020-04-01,2021-04-01,1.0,photos_5/9658_ビジネスブレイン太田昭和/history/16_車谷暢昭/photo_01.jpg,✓,✓,history,
9658,ビジネスブレイン太田昭和,情報・通信業,島田太郎,2022-03-01,,,photos_5/9658_ビジネスブレイン太田昭和/history/17_島田太郎/photo_01.jpg,✓,✓,history,
9661,歌舞伎座,サービス業,,,,,,,,missing,要調査
9663,ナガワ,サービス業,山内房治郎,,,,photos_5/9663_ナガワ/history/01_山内房治郎/photo_01.jpg,✓,✓,history,
9663,ナガワ,サービス業,山内積良,,,,photos_5/9663_ナガワ/history/02_山内積良/photo_01.jpg,✓,✓,history,
9663,ナガワ,サービス業,山内溥,,,,photos_5/9663_ナガワ/history/03_山内溥/photo_01.jpg,✓,✓,history,
9663,ナガワ,サービス業,岩田聡,,,,photos_5/9663_ナガワ/history/04_岩田聡/photo_01.jpg,✓,✓,history,
9663,ナガワ,サービス業,君島達己,,,,,,,history,
9663,ナガワ,サービス業,古川俊太郎,,,,photos_5/9663_ナガワ/history/06_古川俊太郎/photo_01.jpg,✓,✓,history,
9672,東京都競馬,サービス業,羅尾 光睦,,（現在）,,photos_5/9672_東京都競馬/current/photo_01.jpg,✓,✓,current,
9678,カナモト,サービス業,出身地,,,,photos_5/9678_カナモト/history/01_出身地/photo_01.jpg,✓,✓,history,
9678,カナモト,サービス業,三井物産,,,,photos_5/9678_カナモト/history/02_三井物産/photo_01.jpg,✓,✓,history,
9678,カナモト,サービス業,東京大学工学部,,,,photos_5/9678_カナモト/history/03_東京大学工学部/photo_01.jpg,✓,✓,history,
9678,カナモト,サービス業,安田義則,,,,photos_5/9678_カナモト/history/04_安田義則/photo_01.jpg,✓,✓,history,
9678,カナモト,サービス業,東京大学法学部,,,,photos_5/9678_カナモト/history/05_東京大学法学部/photo_01.jpg,✓,✓,history,
9678,カナモト,サービス業,古谷周三,,,,photos_5/9678_カナモト/history/06_古谷周三/photo_01.jpg,✓,✓,history,
9678,カナモト,サービス業,栃木県,,,,photos_5/9678_カナモト/history/07_栃木県/photo_01.jpg,✓,✓,history,
9679,ホウライ,サービス業,,,,,,,,missing,要調査
9682,DTS,情報・通信業,,,,,,,,missing,要調査
9684,スクウェア・エニックス・ホールディングス,情報・通信業,平素,,（現在）,,photos_5/9684_スクウェア・エニックス・ホールディングス/current/photo_01.jpg,✓,✓,current,
9685,KYCOMホールディングス,情報・通信業,吉村 仁博,,（現在）,,photos_5/9685_KYCOMホールディングス/current/photo_01.jpg,✓,✓,current,
9686,東洋テック,サービス業,"在地

大阪市",2025年11月,（現在）,,photos_5/9686_東洋テック/current/photo_01.jpg,✓,✓,current,
9687,KSK,情報・通信業,"向上
人材育",2025年3月,（現在）,,photos_5/9687_KSK/current/photo_01.jpg,✓,✓,current,
9691,両毛システムズ,情報・通信業,,,,,,,,missing,要調査
9692,シーイーシー,情報・通信業,姫野 貴,,（現在）,,photos_5/9692_シーイーシー/current/photo_01.jpg,✓,✓,current,
9697,カプコン,情報・通信業,"印刷
文字",2026年02月,（現在）,,photos_5/9697_カプコン/current/photo_01.jpg,✓,✓,current,
9698,クレオ,情報・通信業,,,,,,,,missing,要調査
9699,ニシオホールディングス,サービス業,現職,,,,photos_5/9699_ニシオホールディングス/history/01_現職/photo_01.jpg,✓,✓,history,
9701,東京會舘,サービス業,,,,,,,,missing,要調査
9702,アイ・エス・ビー,情報・通信業,若尾 一史,,（現在）,,photos_5/9702_アイ・エス・ビー/current/photo_01.jpg,✓,✓,current,
9704,アゴーラ　ホスピタリティー　グループ,サービス業,,,,,,,,missing,要調査
9706,日本空港ビルデング,不動産業,,,,,,,,missing,要調査
9708,帝国ホテル,サービス業,,,,,,,,missing,要調査
9709,NCS&A,情報・通信業,,,,,,,,missing,要調査
9713,ロイヤルホテル,サービス業,,,,,,,,missing,要調査
9715,トランス・コスモス,サービス業,立石電機,,,,photos_5/9715_トランス・コスモス/history/01_立石電機/photo_01.jpg,✓,✓,history,
9715,トランス・コスモス,サービス業,立石一真,,,,photos_5/9715_トランス・コスモス/history/02_立石一真/photo_01.jpg,✓,✓,history,
9715,トランス・コスモス,サービス業,立石孝雄,,,,photos_5/9715_トランス・コスモス/history/03_立石孝雄/photo_01.jpg,✓,✓,history,
9715,トランス・コスモス,サービス業,立石義雄,,,,photos_5/9715_トランス・コスモス/history/04_立石義雄/photo_01.jpg,✓,✓,history,
9715,トランス・コスモス,サービス業,オムロン,,,,photos_5/9715_トランス・コスモス/history/05_オムロン/photo_01.jpg,✓,✓,history,
9715,トランス・コスモス,サービス業,作田久男,,,,photos_5/9715_トランス・コスモス/history/06_作田久男/photo_01.jpg,✓,✓,history,
9715,トランス・コスモス,サービス業,山田義仁,,,,photos_5/9715_トランス・コスモス/history/07_山田義仁/photo_01.jpg,✓,✓,history,
9715,トランス・コスモス,サービス業,辻永順太,,,,photos_5/9715_トランス・コスモス/history/08_辻永順太/photo_01.jpg,✓,✓,history,
9716,乃村工藝社,サービス業,,,,,,,,missing,要調査
9719,SCSK,情報・通信業,初代,,,,photos_5/9719_SCSK/history/01_初代/photo_01.jpg,✓,✓,history,
9719,SCSK,情報・通信業,第二代,,,,photos_5/9719_SCSK/history/02_第二代/photo_01.jpg,✓,✓,history,
9719,SCSK,情報・通信業,第三代,,,,photos_5/9719_SCSK/history/03_第三代/photo_01.jpg,✓,✓,history,
9719,SCSK,情報・通信業,第四代,,,,photos_5/9719_SCSK/history/04_第四代/photo_01.jpg,✓,✓,history,
9719,SCSK,情報・通信業,第五代,,,,photos_5/9719_SCSK/history/05_第五代/photo_01.jpg,✓,✓,history,
9719,SCSK,情報・通信業,第六代,,,,photos_5/9719_SCSK/history/06_第六代/photo_01.jpg,✓,✓,history,
9719,SCSK,情報・通信業,第七代,,,,photos_5/9719_SCSK/history/07_第七代/photo_01.jpg,✓,✓,history,
9719,SCSK,情報・通信業,第八代,,,,photos_5/9719_SCSK/history/08_第八代/photo_01.jpg,✓,✓,history,
9719,SCSK,情報・通信業,第九代,,,,photos_5/9719_SCSK/history/09_第九代/photo_01.jpg,✓,✓,history,
9719,SCSK,情報・通信業,第十代,,,,photos_5/9719_SCSK/history/10_第十代/photo_01.jpg,✓,✓,history,
9719,SCSK,情報・通信業,第十一代,,,,photos_5/9719_SCSK/history/11_第十一代/photo_01.jpg,✓,✓,history,
9719,SCSK,情報・通信業,第十二代,,,,photos_5/9719_SCSK/history/12_第十二代/photo_01.jpg,✓,✓,history,
9720,ホテル、ニューグランド,サービス業,,,,,,,,missing,要調査
9722,藤田観光,サービス業,"締役

山下",2003年7月,（現在）,,photos_5/9722_藤田観光/current/photo_01.jpg,✓,✓,current,
9723,京都ホテル,サービス業,ティ,2023-02-01,2023-02-14,0.04,photos_5/9723_京都ホテル/history/01_ティ/photo_01.jpg,✓,✓,history,
9726,KNT-CTホールディングス,サービス業,"推進
社内",2026年1月,（現在）,,photos_5/9726_KNT-CTホールディングス/current/photo_01.jpg,✓,✓,current,
9726,KNT-CTホールディングス,サービス業,運輸大臣,1947-04-01,1951-12-01,4.67,photos_5/9726_KNT-CTホールディングス/history/01_運輸大臣/photo_01.jpg,✓,✓,history,
9726,KNT-CTホールディングス,サービス業,金森又一郎の孫,1987-06-01,1994-06-01,7.0,photos_5/9726_KNT-CTホールディングス/history/02_金森又一郎の孫/photo_01.jpg,✓,✓,history,
9729,トーカイ,サービス業,"方針
循環",,（現在）,,photos_5/9729_トーカイ/current/photo_01.jpg,✓,✓,current,
9731,白洋舎,サービス業,十嵐 瑛一,2024年12月,（現在）,,photos_5/9731_白洋舎/current/photo_01.jpg,✓,✓,current,
9733,ナガセ,サービス業,,,,,,,,missing,要調査
9735,セコム,サービス業,,,,,,,,missing,要調査
9739,NSW,情報・通信業,,,,,,,,missing,要調査
9740,セントラル警備保障,サービス業,,,,,,,,missing,要調査
9742,アイネス,情報・通信業,,,,,,,,missing,要調査
9743,丹青社,サービス業,青社 小林,,（現在）,,photos_5/9743_丹青社/current/photo_01.jpg,✓,✓,current,
9744,メイテックグループホールディングス,サービス業,石坂泰三,1949-04-01,1957-11-01,8.59,photos_5/9744_メイテックグループホールディングス/history/01_石坂泰三/photo_01.jpg,✓,✓,history,
9744,メイテックグループホールディングス,サービス業,岩下文雄,1957-11-01,1965-05-01,7.5,photos_5/9744_メイテックグループホールディングス/history/02_岩下文雄/photo_01.jpg,✓,✓,history,
9744,メイテックグループホールディングス,サービス業,土光敏夫,1965-05-01,1972-08-01,7.25,photos_5/9744_メイテックグループホールディングス/history/03_土光敏夫/photo_01.jpg,✓,✓,history,
9744,メイテックグループホールディングス,サービス業,玉置敬三,1972-08-01,,,,,,history,
9744,メイテックグループホールディングス,サービス業,岩田弐夫,,,,photos_5/9744_メイテックグループホールディングス/history/05_岩田弐夫/photo_01.jpg,✓,✓,history,
9744,メイテックグループホールディングス,サービス業,佐波正一,1986-04-01,,,photos_5/9744_メイテックグループホールディングス/history/06_佐波正一/photo_01.jpg,✓,✓,history,
9744,メイテックグループホールディングス,サービス業,渡里杉一郎,1986-04-01,1987-07-01,1.25,photos_5/9744_メイテックグループホールディングス/history/07_渡里杉一郎/photo_01.jpg,✓,✓,history,
9744,メイテックグループホールディングス,サービス業,青井舒一,1987-07-01,1992-06-01,4.92,photos_5/9744_メイテックグループホールディングス/history/08_青井舒一/photo_01.jpg,✓,✓,history,
9744,メイテックグループホールディングス,サービス業,佐藤文夫,1992-06-01,1996-06-01,4.0,photos_5/9744_メイテックグループホールディングス/history/09_佐藤文夫/photo_01.jpg,✓,✓,history,
9744,メイテックグループホールディングス,サービス業,西室泰三,1996-06-01,2000-06-01,4.0,photos_5/9744_メイテックグループホールディングス/history/10_西室泰三/photo_01.jpg,✓,✓,history,
9744,メイテックグループホールディングス,サービス業,岡村正,2000-06-01,2005-06-01,5.0,photos_5/9744_メイテックグループホールディングス/history/11_岡村正/photo_01.jpg,✓,✓,history,
9744,メイテックグループホールディングス,サービス業,西田厚聰,2005-06-01,2009-06-01,4.0,photos_5/9744_メイテックグループホールディングス/history/12_西田厚聰/photo_01.jpg,✓,✓,history,
9744,メイテックグループホールディングス,サービス業,田中久雄,2013-06-01,2015-07-01,2.08,photos_5/9744_メイテックグループホールディングス/history/13_田中久雄/photo_01.jpg,✓,✓,history,
9744,メイテックグループホールディングス,サービス業,室町正志,2015-07-01,2016-06-01,0.92,photos_5/9744_メイテックグループホールディングス/history/14_室町正志/photo_01.jpg,✓,✓,history,
9744,メイテックグループホールディングス,サービス業,綱川智,2016-06-01,2020-03-01,3.75,photos_5/9744_メイテックグループホールディングス/history/15_綱川智/photo_01.jpg,✓,✓,history,
9744,メイテックグループホールディングス,サービス業,車谷暢昭,2020-04-01,2021-04-01,1.0,photos_5/9744_メイテックグループホールディングス/history/16_車谷暢昭/photo_01.jpg,✓,✓,history,
9744,メイテックグループホールディングス,サービス業,島田太郎,2022-03-01,,,photos_5/9744_メイテックグループホールディングス/history/17_島田太郎/photo_01.jpg,✓,✓,history,
9746,TKC,情報・通信業,,,,,,,,missing,要調査
9753,アイエックス・ナレッジ,情報・通信業,,,,,,,,missing,要調査
9755,応用地質,サービス業,天野 洋文,,（現在）,,photos_5/9755_応用地質/current/photo_01.jpg,✓,✓,current,
9757,船井総研ホールディングス,サービス業,中谷　貴之,,（現在）,,photos_5/9757_船井総研ホールディングス/current/photo_01.jpg,✓,✓,current,
9757,船井総研ホールディングス,サービス業,石坂泰三,1949-04-01,1957-11-01,8.59,photos_5/9757_船井総研ホールディングス/history/01_石坂泰三/photo_01.jpg,✓,✓,history,
9757,船井総研ホールディングス,サービス業,岩下文雄,1957-11-01,1965-05-01,7.5,photos_5/9757_船井総研ホールディングス/history/02_岩下文雄/photo_01.jpg,✓,✓,history,
9757,船井総研ホールディングス,サービス業,土光敏夫,1965-05-01,1972-08-01,7.25,photos_5/9757_船井総研ホールディングス/history/03_土光敏夫/photo_01.jpg,✓,✓,history,
9757,船井総研ホールディングス,サービス業,玉置敬三,1972-08-01,,,,,,history,
9757,船井総研ホールディングス,サービス業,岩田弐夫,,,,photos_5/9757_船井総研ホールディングス/history/05_岩田弐夫/photo_01.jpg,✓,✓,history,
9757,船井総研ホールディングス,サービス業,佐波正一,1986-04-01,,,photos_5/9757_船井総研ホールディングス/history/06_佐波正一/photo_01.jpg,✓,✓,history,
9757,船井総研ホールディングス,サービス業,渡里杉一郎,1986-04-01,1987-07-01,1.25,photos_5/9757_船井総研ホールディングス/history/07_渡里杉一郎/photo_01.jpg,✓,✓,history,
9757,船井総研ホールディングス,サービス業,青井舒一,1987-07-01,1992-06-01,4.92,photos_5/9757_船井総研ホールディングス/history/08_青井舒一/photo_01.jpg,✓,✓,history,
9757,船井総研ホールディングス,サービス業,佐藤文夫,1992-06-01,1996-06-01,4.0,photos_5/9757_船井総研ホールディングス/history/09_佐藤文夫/photo_01.jpg,✓,✓,history,
9757,船井総研ホールディングス,サービス業,西室泰三,1996-06-01,2000-06-01,4.0,photos_5/9757_船井総研ホールディングス/history/10_西室泰三/photo_01.jpg,✓,✓,history,
9757,船井総研ホールディングス,サービス業,岡村正,2000-06-01,2005-06-01,5.0,photos_5/9757_船井総研ホールディングス/history/11_岡村正/photo_01.jpg,✓,✓,history,
9757,船井総研ホールディングス,サービス業,西田厚聰,2005-06-01,2009-06-01,4.0,photos_5/9757_船井総研ホールディングス/history/12_西田厚聰/photo_01.jpg,✓,✓,history,
9757,船井総研ホールディングス,サービス業,田中久雄,2013-06-01,2015-07-01,2.08,photos_5/9757_船井総研ホールディングス/history/13_田中久雄/photo_01.jpg,✓,✓,history,
9757,船井総研ホールディングス,サービス業,室町正志,2015-07-01,2016-06-01,0.92,photos_5/9757_船井総研ホールディングス/history/14_室町正志/photo_01.jpg,✓,✓,history,
9757,船井総研ホールディングス,サービス業,綱川智,2016-06-01,2020-03-01,3.75,photos_5/9757_船井総研ホールディングス/history/15_綱川智/photo_01.jpg,✓,✓,history,
9757,船井総研ホールディングス,サービス業,車谷暢昭,2020-04-01,2021-04-01,1.0,photos_5/9757_船井総研ホールディングス/history/16_車谷暢昭/photo_01.jpg,✓,✓,history,
9757,船井総研ホールディングス,サービス業,島田太郎,2022-03-01,,,photos_5/9757_船井総研ホールディングス/history/17_島田太郎/photo_01.jpg,✓,✓,history,
9759,NSD,情報・通信業,ダイハツ工業,,,,photos_5/9759_NSD/history/01_ダイハツ工業/photo_01.jpg,✓,✓,history,
9760,進学会ホールディングス,サービス業,,,,,,,,missing,要調査
9761,東海リース,サービス業,塚本 博亮,,（現在）,,photos_5/9761_東海リース/current/photo_01.jpg,✓,✓,current,
9761,東海リース,サービス業,須田寬,,,,photos_5/9761_東海リース/history/01_須田寬/photo_01.jpg,✓,✓,history,
9761,東海リース,サービス業,葛西敬之,,,,photos_5/9761_東海リース/history/02_葛西敬之/photo_01.jpg,✓,✓,history,
9761,東海リース,サービス業,松本正之,,,,photos_5/9761_東海リース/history/03_松本正之/photo_01.jpg,✓,✓,history,
9761,東海リース,サービス業,山田佳臣,,,,photos_5/9761_東海リース/history/04_山田佳臣/photo_01.jpg,✓,✓,history,
9761,東海リース,サービス業,柘植康英,,,,photos_5/9761_東海リース/history/05_柘植康英/photo_01.jpg,✓,✓,history,
9761,東海リース,サービス業,金子慎,,,,photos_5/9761_東海リース/history/06_金子慎/photo_01.jpg,✓,✓,history,
9761,東海リース,サービス業,丹羽俊介,,,,photos_5/9761_東海リース/history/07_丹羽俊介/photo_01.jpg,✓,✓,history,
9763,丸紅建材リース,卸売業,,,,,,,,missing,要調査
9765,オオバ,サービス業,,,,,,,,missing,要調査
9766,コナミグループ,情報・通信業,,,,,,,,missing,要調査
9767,日建工学,サービス業,,,,,,,,missing,要調査
9768,いであ,サービス業,,,,,,,,missing,要調査
9769,学究社,サービス業,,,,,,,,missing,要調査
9776,札幌臨床検査センター,サービス業,,,,,,,,missing,要調査
9778,昴,サービス業,,,,,,,,missing,要調査
9780,ハリマビステム,サービス業,,,,,,,,missing,要調査
9782,ディーエムエス,サービス業,,,,,,,,missing,要調査
9788,ナック,サービス業,,,,,,,,missing,要調査
9790,福井コンピュータホールディングス,情報・通信業,,,,,,,,missing,要調査
9791,ビケンテクノ,サービス業,"会長
梶山",,（現在）,,photos_5/9791_ビケンテクノ/current/photo_01.jpg,✓,✓,current,
9793,ダイセキ,サービス業,資源,,（現在）,,photos_5/9793_ダイセキ/current/photo_01.jpg,✓,✓,current,
9795,ステップ,サービス業,,,,,,,,missing,要調査
9799,旭情報サービス,情報・通信業,日窒化学工業,,,,photos_5/9799_旭情報サービス/history/01_日窒化学工業/photo_01.jpg,✓,✓,history,
9799,旭情報サービス,情報・通信業,旭化成工業,,,,photos_5/9799_旭情報サービス/history/02_旭化成工業/photo_01.jpg,✓,✓,history,
9799,旭情報サービス,情報・通信業,旭化成,,,,photos_5/9799_旭情報サービス/history/03_旭化成/photo_01.jpg,✓,✓,history,
9812,テーオーホールディングス,卸売業,"一覧
株",,（現在）,,,,,current,
9812,テーオーホールディングス,卸売業,現職,,,,photos_5/9812_テーオーホールディングス/history/01_現職/photo_01.jpg,✓,✓,history,
9816,ストライダーズ,不動産業,,,,,,,,missing,要調査
9818,大丸エナウィン,卸売業,,,,,,,,missing,要調査
9820,エムティジェネックス,不動産業,森泰吉郎,,,,photos_5/9820_エムティジェネックス/history/01_森泰吉郎/photo_01.jpg,✓,✓,history,
9820,エムティジェネックス,不動産業,森稔,,,,photos_5/9820_エムティジェネックス/history/02_森稔/photo_01.jpg,✓,✓,history,
9820,エムティジェネックス,不動産業,森章,,,,photos_5/9820_エムティジェネックス/history/03_森章/photo_01.jpg,✓,✓,history,
9820,エムティジェネックス,不動産業,伊達美和子,,,,photos_5/9820_エムティジェネックス/history/04_伊達美和子/photo_01.jpg,✓,✓,history,
9823,マミーマート,小売業,初代,,,,photos_5/9823_マミーマート/history/01_初代/photo_01.jpg,✓,✓,history,
9823,マミーマート,小売業,第二代,,,,photos_5/9823_マミーマート/history/02_第二代/photo_01.jpg,✓,✓,history,
9823,マミーマート,小売業,第三代,,,,photos_5/9823_マミーマート/history/03_第三代/photo_01.jpg,✓,✓,history,
9823,マミーマート,小売業,第四代,,,,photos_5/9823_マミーマート/history/04_第四代/photo_01.jpg,✓,✓,history,
9823,マミーマート,小売業,第五代,,,,photos_5/9823_マミーマート/history/05_第五代/photo_01.jpg,✓,✓,history,
9823,マミーマート,小売業,第六代,,,,photos_5/9823_マミーマート/history/06_第六代/photo_01.jpg,✓,✓,history,
9823,マミーマート,小売業,第七代,,,,photos_5/9823_マミーマート/history/07_第七代/photo_01.jpg,✓,✓,history,
9823,マミーマート,小売業,第八代,,,,photos_5/9823_マミーマート/history/08_第八代/photo_01.jpg,✓,✓,history,
9823,マミーマート,小売業,第九代,,,,photos_5/9823_マミーマート/history/09_第九代/photo_01.jpg,✓,✓,history,
9823,マミーマート,小売業,第十代,,,,photos_5/9823_マミーマート/history/10_第十代/photo_01.jpg,✓,✓,history,
9823,マミーマート,小売業,第十一代,,,,photos_5/9823_マミーマート/history/11_第十一代/photo_01.jpg,✓,✓,history,
9823,マミーマート,小売業,第十二代,,,,photos_5/9823_マミーマート/history/12_第十二代/photo_01.jpg,✓,✓,history,
9824,泉州電業,卸売業,菅哲哉,2019-04-01,2023-03-01,3.92,photos_5/9824_泉州電業/history/01_菅哲哉/photo_01.jpg,✓,✓,history,
9824,泉州電業,卸売業,西山和宏,2023-04-01,,,photos_5/9824_泉州電業/history/02_西山和宏/photo_01.jpg,✓,✓,history,
9827,リリカラ,卸売業,,,,,,,,missing,要調査
9828,Genki　Global　Dining　Concepts,小売業,,,,,,,,missing,要調査
9830,トラスコ中山,卸売業,,,,,,,,missing,要調査
9831,ヤマダホールディングス,小売業,会長 兼,,（現在）,,photos_5/9831_ヤマダホールディングス/current/photo_01.jpg,✓,✓,current,
9832,オートバックスセブン,卸売業,,,,,,,,missing,要調査
9835,ジュンテンドー,小売業,飯塚　正,,（現在）,,photos_5/9835_ジュンテンドー/current/photo_01.jpg,✓,✓,current,
9837,モリト,卸売業,,,,,,,,missing,要調査
9842,アークランズ,小売業,,,,,,,,missing,要調査
9843,ニトリホールディングス,小売業,,,,,,,,missing,要調査
9845,パーカーコーポレーション,化学,里見　嘉重,,（現在）,,photos_5/9845_パーカーコーポレーション/current/photo_01.jpg,✓,✓,current,
9846,天満屋ストア,小売業,野口重明,,（現在）,,photos_5/9846_天満屋ストア/current/photo_01.jpg,✓,✓,current,
9846,天満屋ストア,小売業,伊原木茂平衛,,,,photos_5/9846_天満屋ストア/history/01_伊原木茂平衛/photo_01.jpg,✓,✓,history,
9846,天満屋ストア,小売業,初代伊原木藻平,,,,photos_5/9846_天満屋ストア/history/02_初代伊原木藻平/photo_01.jpg,✓,✓,history,
9846,天満屋ストア,小売業,二代伊原木藻平,,,,photos_5/9846_天満屋ストア/history/03_二代伊原木藻平/photo_01.jpg,✓,✓,history,
9846,天満屋ストア,小売業,伊原木伍朗,,,,photos_5/9846_天満屋ストア/history/04_伊原木伍朗/photo_01.jpg,✓,✓,history,
9846,天満屋ストア,小売業,伊原木一衛,1960-07-01,1998-05-01,37.83,photos_5/9846_天満屋ストア/history/05_伊原木一衛/photo_01.jpg,✓,✓,history,
9846,天満屋ストア,小売業,伊原木隆太,1998-05-01,2012-06-01,14.09,photos_5/9846_天満屋ストア/history/06_伊原木隆太/photo_01.jpg,✓,✓,history,
9846,天満屋ストア,小売業,伊原木省五,2012-06-01,2016-05-01,3.92,photos_5/9846_天満屋ストア/history/07_伊原木省五/photo_01.jpg,✓,✓,history,
9846,天満屋ストア,小売業,伊原木一朗,2016-05-01,2017-12-01,1.59,photos_5/9846_天満屋ストア/history/08_伊原木一朗/photo_01.jpg,✓,✓,history,
9846,天満屋ストア,小売業,江國成基,2017-12-01,2022-03-01,4.25,photos_5/9846_天満屋ストア/history/09_江國成基/photo_01.jpg,✓,✓,history,
9849,共同紙販ホールディングス,卸売業,,,,,,,,missing,要調査
9850,グルメ杵屋,小売業,,,,,,,,missing,要調査
9853,銀座ルノアール,小売業,,,,,,,,missing,要調査
9854,愛眼,小売業,山内房治郎,,,,photos_5/9854_愛眼/history/01_山内房治郎/photo_01.jpg,✓,✓,history,
9854,愛眼,小売業,山内積良,,,,photos_5/9854_愛眼/history/02_山内積良/photo_01.jpg,✓,✓,history,
9854,愛眼,小売業,山内溥,,,,photos_5/9854_愛眼/history/03_山内溥/photo_01.jpg,✓,✓,history,
9854,愛眼,小売業,岩田聡,,,,photos_5/9854_愛眼/history/04_岩田聡/photo_01.jpg,✓,✓,history,
9854,愛眼,小売業,君島達己,,,,,,,history,
9854,愛眼,小売業,古川俊太郎,,,,photos_5/9854_愛眼/history/06_古川俊太郎/photo_01.jpg,✓,✓,history,
9856,ケーユーホールディングス,小売業,板東 徹行,,（現在）,,photos_5/9856_ケーユーホールディングス/current/photo_01.jpg,✓,✓,current,
9857,英和,卸売業,,,,,,,,missing,要調査
9861,吉野家ホールディングス,小売業,"会長

河村泰",2007年4月,（現在）,,photos_5/9861_吉野家ホールディングス/current/photo_01.jpg,✓,✓,current,
9867,ソレキア,卸売業,,,,,,,,missing,要調査
9869,加藤産業,卸売業,,,,,,,,missing,要調査
9872,北恵,卸売業,,,,,,,,missing,要調査
9876,コックス,小売業,三宅 英木,,（現在）,,photos_5/9876_コックス/current/photo_01.jpg,✓,✓,current,
9878,セキド,小売業,,,,,,,,missing,要調査
9880,イノテック,電気機器,大塚 信行,,（現在）,,photos_5/9880_イノテック/current/photo_01.jpg,✓,✓,current,
9882,イエローハット,卸売業,運輸大臣,1947-04-01,1951-12-01,4.67,photos_5/9882_イエローハット/history/01_運輸大臣/photo_01.jpg,✓,✓,history,
9882,イエローハット,卸売業,金森又一郎の孫,1987-06-01,1994-06-01,7.0,photos_5/9882_イエローハット/history/02_金森又一郎の孫/photo_01.jpg,✓,✓,history,
9885,シャルレ,卸売業,,,,,,,,missing,要調査
9887,松屋フーズホールディングス,小売業,瓦葺 一利,,（現在）,,photos_5/9887_松屋フーズホールディングス/current/photo_01.jpg,✓,✓,current,
9887,松屋フーズホールディングス,小売業,現職,,,,photos_5/9887_松屋フーズホールディングス/history/01_現職/photo_01.jpg,✓,✓,history,
9888,UEX,卸売業,,,,,,,,missing,要調査
9889,JBCCホールディングス,情報・通信業,東上 征司,,（現在）,,photos_5/9889_JBCCホールディングス/current/photo_01.jpg,✓,✓,current,
9889,JBCCホールディングス,情報・通信業,茂木啓三郎,,,,photos_5/9889_JBCCホールディングス/history/01_茂木啓三郎/photo_01.jpg,✓,✓,history,
9889,JBCCホールディングス,情報・通信業,勝又壹次郎,,,,photos_5/9889_JBCCホールディングス/history/02_勝又壹次郎/photo_01.jpg,✓,✓,history,
9889,JBCCホールディングス,情報・通信業,古谷和夫,,,,photos_5/9889_JBCCホールディングス/history/03_古谷和夫/photo_01.jpg,✓,✓,history,
9890,マキヤ,小売業,"挨拶
企業",,（現在）,,photos_5/9890_マキヤ/current/photo_01.jpg,✓,✓,current,
9895,コンセック,卸売業,福田 多喜,,（現在）,,photos_5/9895_コンセック/current/photo_01.jpg,✓,✓,current,
9896,JKホールディングス,卸売業,人　人,,（現在）,,photos_5/9896_JKホールディングス/current/photo_01.jpg,✓,✓,current,
9900,サガミホールディングス,小売業,石坂泰三,1949-04-01,1957-11-01,8.59,photos_5/9900_サガミホールディングス/history/01_石坂泰三/photo_01.jpg,✓,✓,history,
9900,サガミホールディングス,小売業,岩下文雄,1957-11-01,1965-05-01,7.5,photos_5/9900_サガミホールディングス/history/02_岩下文雄/photo_01.jpg,✓,✓,history,
9900,サガミホールディングス,小売業,土光敏夫,1965-05-01,1972-08-01,7.25,photos_5/9900_サガミホールディングス/history/03_土光敏夫/photo_01.jpg,✓,✓,history,
9900,サガミホールディングス,小売業,玉置敬三,1972-08-01,,,photos_5/9900_サガミホールディングス/history/04_玉置敬三/photo_01.jpg,✓,✓,history,
9900,サガミホールディングス,小売業,岩田弐夫,,,,photos_5/9900_サガミホールディングス/history/05_岩田弐夫/photo_01.jpg,✓,✓,history,
9900,サガミホールディングス,小売業,佐波正一,1986-04-01,,,photos_5/9900_サガミホールディングス/history/06_佐波正一/photo_01.jpg,✓,✓,history,
9900,サガミホールディングス,小売業,渡里杉一郎,1986-04-01,1987-07-01,1.25,photos_5/9900_サガミホールディングス/history/07_渡里杉一郎/photo_01.jpg,✓,✓,history,
9900,サガミホールディングス,小売業,青井舒一,1987-07-01,1992-06-01,4.92,photos_5/9900_サガミホールディングス/history/08_青井舒一/photo_01.jpg,✓,✓,history,
9900,サガミホールディングス,小売業,佐藤文夫,1992-06-01,1996-06-01,4.0,photos_5/9900_サガミホールディングス/history/09_佐藤文夫/photo_01.jpg,✓,✓,history,
9900,サガミホールディングス,小売業,西室泰三,1996-06-01,2000-06-01,4.0,photos_5/9900_サガミホールディングス/history/10_西室泰三/photo_01.jpg,✓,✓,history,
9900,サガミホールディングス,小売業,岡村正,2000-06-01,2005-06-01,5.0,photos_5/9900_サガミホールディングス/history/11_岡村正/photo_01.jpg,✓,✓,history,
9900,サガミホールディングス,小売業,西田厚聰,2005-06-01,2009-06-01,4.0,photos_5/9900_サガミホールディングス/history/12_西田厚聰/photo_01.jpg,✓,✓,history,
9900,サガミホールディングス,小売業,田中久雄,2013-06-01,2015-07-01,2.08,photos_5/9900_サガミホールディングス/history/13_田中久雄/photo_01.jpg,✓,✓,history,
9900,サガミホールディングス,小売業,室町正志,2015-07-01,2016-06-01,0.92,photos_5/9900_サガミホールディングス/history/14_室町正志/photo_01.jpg,✓,✓,history,
9900,サガミホールディングス,小売業,綱川智,2016-06-01,2020-03-01,3.75,photos_5/9900_サガミホールディングス/history/15_綱川智/photo_01.jpg,✓,✓,history,
9900,サガミホールディングス,小売業,車谷暢昭,2020-04-01,2021-04-01,1.0,photos_5/9900_サガミホールディングス/history/16_車谷暢昭/photo_01.jpg,✓,✓,history,
9900,サガミホールディングス,小売業,島田太郎,2022-03-01,,,photos_5/9900_サガミホールディングス/history/17_島田太郎/photo_01.jpg,✓,✓,history,
9902,日伝,卸売業,,,,,,,,missing,要調査
9903,カンセキ,小売業,前田勝敏,,,,photos_5/9903_カンセキ/history/01_前田勝敏/photo_01.jpg,✓,✓,history,
9903,カンセキ,小売業,久田宗弘,,,,photos_5/9903_カンセキ/history/02_久田宗弘/photo_01.jpg,✓,✓,history,
9903,カンセキ,小売業,石黒靖規,,,,photos_5/9903_カンセキ/history/03_石黒靖規/photo_01.jpg,✓,✓,history,
9904,ベリテ,小売業,,,,,,,,missing,要調査
9906,藤井産業,卸売業,,,,,,,,missing,要調査
9908,日本電計,卸売業,投資家情,,（現在）,,photos_5/9908_日本電計/current/photo_01.jpg,✓,✓,current,
9908,日本電計,卸売業,真藤恒,,,,photos_5/9908_日本電計/history/01_真藤恒/photo_01.jpg,✓,✓,history,
9908,日本電計,卸売業,山口開生,,,,photos_5/9908_日本電計/history/02_山口開生/photo_01.jpg,✓,✓,history,
9908,日本電計,卸売業,児島仁,,,,photos_5/9908_日本電計/history/03_児島仁/photo_01.jpg,✓,✓,history,
9908,日本電計,卸売業,宮津純一郎,,,,photos_5/9908_日本電計/history/04_宮津純一郎/photo_01.jpg,✓,✓,history,
9908,日本電計,卸売業,和田紀夫,,,,photos_5/9908_日本電計/history/05_和田紀夫/photo_01.jpg,✓,✓,history,
9908,日本電計,卸売業,三浦惺,,,,photos_5/9908_日本電計/history/06_三浦惺/photo_01.jpg,✓,✓,history,
9908,日本電計,卸売業,鵜浦博夫,,,,photos_5/9908_日本電計/history/07_鵜浦博夫/photo_01.jpg,✓,✓,history,
9908,日本電計,卸売業,澤田純,,,,photos_5/9908_日本電計/history/08_澤田純/photo_01.jpg,✓,✓,history,
9908,日本電計,卸売業,島田明,,,,photos_5/9908_日本電計/history/09_島田明/photo_01.jpg,✓,✓,history,
9913,日邦産業,卸売業,,,,,,,,missing,要調査
9914,植松商会,卸売業,"理念
植松",2023年3月,（現在）,,photos_5/9914_植松商会/current/photo_01.jpg,✓,✓,current,
9927,ワットマン,小売業,川畑 泰史,,（現在）,,photos_5/9927_ワットマン/current/photo_01.jpg,✓,✓,current,
9927,ワットマン,小売業,猪木寛至,1972-01-01,1989-07-01,17.5,photos_5/9927_ワットマン/history/01_猪木寛至/photo_01.jpg,✓,✓,history,
9927,ワットマン,小売業,坂口征二,1989-07-01,1999-06-01,9.92,photos_5/9927_ワットマン/history/02_坂口征二/photo_01.jpg,✓,✓,history,
9927,ワットマン,小売業,藤波辰巳,1999-06-01,2004-06-01,5.0,photos_5/9927_ワットマン/history/03_藤波辰巳/photo_01.jpg,✓,✓,history,
9927,ワットマン,小売業,草間政一,2004-06-01,2005-05-01,0.91,photos_5/9927_ワットマン/history/04_草間政一/photo_01.jpg,✓,✓,history,
9927,ワットマン,小売業,菅林直樹,2007-04-01,2013-09-01,6.42,photos_5/9927_ワットマン/history/05_菅林直樹/photo_01.jpg,✓,✓,history,
9927,ワットマン,小売業,手塚要,2013-09-01,2016-02-01,2.42,photos_5/9927_ワットマン/history/06_手塚要/photo_01.jpg,✓,✓,history,
9927,ワットマン,小売業,原田克彦,2016-02-01,2018-05-01,2.25,photos_5/9927_ワットマン/history/07_原田克彦/photo_01.jpg,✓,✓,history,
9927,ワットマン,小売業,大張高己,2020-10-01,2023-12-01,3.16,photos_5/9927_ワットマン/history/08_大張高己/photo_01.jpg,✓,✓,history,
9927,ワットマン,小売業,棚橋弘至,2023-12-01,,,photos_5/9927_ワットマン/history/09_棚橋弘至/photo_01.jpg,✓,✓,history,
9928,ミロク情報サービス,情報・通信業,"案内

企業理",,（現在）,,photos_5/9928_ミロク情報サービス/current/photo_01.jpg,✓,✓,current,
9929,平和紙業,卸売業,"事例
商品情",2025年4月,（現在）,,photos_5/9929_平和紙業/current/photo_01.jpg,✓,,current,
9930,北沢産業,卸売業,,,,,,,,missing,要調査
9932,杉本商事,卸売業,稲山嘉寛,1970-03-01,1973-05-01,3.17,photos_5/9932_杉本商事/history/01_稲山嘉寛/photo_01.jpg,✓,✓,history,
9932,杉本商事,卸売業,平井富三郎,1973-05-01,1976-06-01,3.09,photos_5/9932_杉本商事/history/02_平井富三郎/photo_01.jpg,✓,✓,history,
9932,杉本商事,卸売業,田坂輝敬,1976-06-01,1977-01-01,0.59,photos_5/9932_杉本商事/history/03_田坂輝敬/photo_01.jpg,✓,✓,history,
9932,杉本商事,卸売業,斎藤英四郎,1977-01-01,1981-06-01,4.41,photos_5/9932_杉本商事/history/04_斎藤英四郎/photo_01.jpg,✓,✓,history,
9932,杉本商事,卸売業,武田豊,1981-06-01,1987-06-01,6.0,photos_5/9932_杉本商事/history/05_武田豊/photo_01.jpg,✓,✓,history,
9932,杉本商事,卸売業,齋藤裕,1987-06-01,1993-06-01,6.0,photos_5/9932_杉本商事/history/06_齋藤裕/photo_01.jpg,✓,✓,history,
9932,杉本商事,卸売業,今井敬,1993-06-01,1998-03-01,4.75,photos_5/9932_杉本商事/history/07_今井敬/photo_01.jpg,✓,✓,history,
9932,杉本商事,卸売業,千速晃,1998-04-01,2003-03-01,4.91,,,,history,
9932,杉本商事,卸売業,三村明夫,2003-04-01,2008-03-01,4.92,photos_5/9932_杉本商事/history/09_三村明夫/photo_01.jpg,✓,✓,history,
9932,杉本商事,卸売業,宗岡正二,2008-04-01,2014-03-01,5.91,photos_5/9932_杉本商事/history/10_宗岡正二/photo_01.jpg,✓,✓,history,
9934,因幡電機産業,卸売業,平素,2025年3月,（現在）,,photos_5/9934_因幡電機産業/current/photo_01.jpg,✓,✓,current,
9934,因幡電機産業,卸売業,立石電機,,,,photos_5/9934_因幡電機産業/history/01_立石電機/photo_01.jpg,✓,✓,history,
9934,因幡電機産業,卸売業,立石一真,,,,photos_5/9934_因幡電機産業/history/02_立石一真/photo_01.jpg,✓,✓,history,
9934,因幡電機産業,卸売業,立石孝雄,,,,photos_5/9934_因幡電機産業/history/03_立石孝雄/photo_01.jpg,✓,✓,history,
9934,因幡電機産業,卸売業,立石義雄,,,,photos_5/9934_因幡電機産業/history/04_立石義雄/photo_01.jpg,✓,✓,history,
9934,因幡電機産業,卸売業,オムロン,,,,photos_5/9934_因幡電機産業/history/05_オムロン/photo_01.jpg,✓,✓,history,
9934,因幡電機産業,卸売業,作田久男,,,,photos_5/9934_因幡電機産業/history/06_作田久男/photo_01.jpg,✓,✓,history,
9934,因幡電機産業,卸売業,山田義仁,,,,photos_5/9934_因幡電機産業/history/07_山田義仁/photo_01.jpg,✓,✓,history,
9934,因幡電機産業,卸売業,辻永順太,,,,photos_5/9934_因幡電機産業/history/08_辻永順太/photo_01.jpg,✓,✓,history,
9936,王将フードサービス,小売業,,,,,,,,missing,要調査
9941,太洋物産,卸売業,,,,,,,,missing,要調査
9946,ミニストップ,小売業,信頼,2025年5月,（現在）,,photos_5/9946_ミニストップ/current/photo_01.jpg,✓,✓,current,
9948,アークス,小売業,猫宮　一久,2025年３月,（現在）,,photos_5/9948_アークス/current/photo_01.jpg,✓,✓,current,
9950,ハチバン,小売業,円谷英二,,,,photos_5/9950_ハチバン/history/01_円谷英二/photo_01.jpg,✓,✓,history,
9950,ハチバン,小売業,円谷一,,,,photos_5/9950_ハチバン/history/02_円谷一/photo_01.jpg,✓,✓,history,
9950,ハチバン,小売業,円谷皐,,,,photos_5/9950_ハチバン/history/03_円谷皐/photo_01.jpg,✓,✓,history,
9950,ハチバン,小売業,円谷一夫,,,,photos_5/9950_ハチバン/history/04_円谷一夫/photo_01.jpg,✓,✓,history,
9950,ハチバン,小売業,円谷昌弘,,,,photos_5/9950_ハチバン/history/05_円谷昌弘/photo_01.jpg,✓,✓,history,
9950,ハチバン,小売業,円谷英明,,,,photos_5/9950_ハチバン/history/06_円谷英明/photo_01.jpg,✓,✓,history,
9950,ハチバン,小売業,大山茂樹,,,,photos_5/9950_ハチバン/history/07_大山茂樹/photo_01.jpg,✓,✓,history,
9950,ハチバン,小売業,森島恒行,,,,photos_5/9950_ハチバン/history/08_森島恒行/photo_01.jpg,✓,✓,history,
9950,ハチバン,小売業,大岡新一,,,,photos_5/9950_ハチバン/history/09_大岡新一/photo_01.jpg,✓,✓,history,
9950,ハチバン,小売業,塚越隆行,,,,photos_5/9950_ハチバン/history/10_塚越隆行/photo_01.jpg,✓,✓,history,
9950,ハチバン,小売業,永竹正幸,,,,photos_5/9950_ハチバン/history/11_永竹正幸/photo_01.jpg,✓,✓,history,
9955,ヨンキュウ,卸売業,,,,,,,,missing,要調査
9956,バローホールディングス,小売業,,,,,,,,missing,要調査
9959,アシードホールディングス,小売業,石原邦夫,2002-04-01,2007-06-01,5.17,photos_5/9959_アシードホールディングス/history/01_石原邦夫/photo_01.jpg,✓,✓,history,
9959,アシードホールディングス,小売業,隅修三,2007-06-01,2008-07-01,1.08,photos_5/9959_アシードホールディングス/history/02_隅修三/photo_01.jpg,✓,✓,history,
9959,アシードホールディングス,小売業,永野毅,2013-06-01,2019-06-01,6.0,photos_5/9959_アシードホールディングス/history/03_永野毅/photo_01.jpg,✓,✓,history,
9959,アシードホールディングス,小売業,小宮暁,2019-06-01,2025-06-01,6.0,photos_5/9959_アシードホールディングス/history/04_小宮暁/photo_01.jpg,✓,✓,history,
9959,アシードホールディングス,小売業,小池昌洋,2025-06-01,,,photos_5/9959_アシードホールディングス/history/05_小池昌洋/photo_01.jpg,✓,✓,history,
9960,東テク,卸売業,"体制
当社",2023年６月,（現在）,,,,,current,
9960,東テク,卸売業,山内房治郎,,,,photos_5/9960_東テク/history/01_山内房治郎/photo_01.jpg,✓,✓,history,
9960,東テク,卸売業,山内積良,,,,photos_5/9960_東テク/history/02_山内積良/photo_01.jpg,✓,✓,history,
9960,東テク,卸売業,山内溥,,,,photos_5/9960_東テク/history/03_山内溥/photo_01.jpg,✓,✓,history,
9960,東テク,卸売業,岩田聡,,,,photos_5/9960_東テク/history/04_岩田聡/photo_01.jpg,✓,✓,history,
9960,東テク,卸売業,君島達己,,,,,,,history,
9960,東テク,卸売業,古川俊太郎,,,,photos_5/9960_東テク/history/06_古川俊太郎/photo_01.jpg,✓,✓,history,
9962,ミスミグループ本社,卸売業,,,,,,,,missing,要調査
9969,ショクブン,小売業,,,,,,,,missing,要調査
9972,アルテック,卸売業,,,,,,,,missing,要調査
9973,KOZOホールディングス,小売業,,,,,,,,missing,要調査
9974,ベルク,小売業,,,,,,,,missing,要調査
9976,セキチュー,小売業,,,,,,,,missing,要調査
9978,文教堂グループホールディングス,小売業,"社名
株",2025年8月,（現在）,,photos_5/9978_文教堂グループホールディングス/current/photo_01.jpg,✓,✓,current,
9978,文教堂グループホールディングス,小売業,増田義一,,,,photos_5/9978_文教堂グループホールディングス/history/01_増田義一/photo_01.jpg,✓,✓,history,
9978,文教堂グループホールディングス,小売業,青木弘,,,,photos_5/9978_文教堂グループホールディングス/history/02_青木弘/photo_01.jpg,✓,✓,history,
9978,文教堂グループホールディングス,小売業,佐久間長吉郎,,,,photos_5/9978_文教堂グループホールディングス/history/03_佐久間長吉郎/photo_01.jpg,✓,✓,history,
9978,文教堂グループホールディングス,小売業,北島織衛,,,,photos_5/9978_文教堂グループホールディングス/history/04_北島織衛/photo_01.jpg,✓,✓,history,
9978,文教堂グループホールディングス,小売業,北島義俊,,,,photos_5/9978_文教堂グループホールディングス/history/05_北島義俊/photo_01.jpg,✓,✓,history,
9978,文教堂グループホールディングス,小売業,北島義斉,,,,photos_5/9978_文教堂グループホールディングス/history/06_北島義斉/photo_01.jpg,✓,✓,history,
9979,大庄,小売業,,,,,,,,missing,要調査
9980,MRKホールディングス,小売業,塩田　徹,,（現在）,,photos_5/9980_MRKホールディングス/current/photo_01.jpg,✓,✓,current,
9982,タキヒヨー,卸売業,感動,,（現在）,,photos_5/9982_タキヒヨー/current/photo_01.jpg,✓,✓,current,
9983,ファーストリテイリング,小売業,"月
株",2025年8月,（現在）,,photos_5/9983_ファーストリテイリング/current/photo_01.jpg,✓,✓,current,
9983,ファーストリテイリング,小売業,現職,2005-09-01,,,photos_5/9983_ファーストリテイリング/history/01_現職/photo_01.jpg,✓,✓,history,
9984,ソフトバンクグループ,情報・通信業,締役 孫,2025年6月,（現在）,,photos_5/9984_ソフトバンクグループ/current/photo_01.jpg,✓,✓,current,
9986,蔵王産業,卸売業,,,,,,,,missing,要調査
9987,スズケン,卸売業,,,,,,,,missing,要調査
9989,サンドラッグ,小売業,貞方 宏司,,（現在）,,photos_5/9989_サンドラッグ/current/photo_01.jpg,✓,✓,current,
9989,サンドラッグ,小売業,現職,,,,photos_5/9989_サンドラッグ/history/01_現職/photo_01.jpg,✓,✓,history,
9990,サックスバー　ホールディングス,小売業,木山 剛史,,（現在）,,photos_5/9990_サックスバー_ホールディングス/current/photo_01.jpg,✓,✓,current,
9991,ジェコス,卸売業,數土文夫,2003-04-01,2005-04-01,2.0,photos_5/9991_ジェコス/history/01_數土文夫/photo_01.jpg,✓,✓,history,
9991,ジェコス,卸売業,馬田一,2005-04-01,2010-04-01,5.0,photos_5/9991_ジェコス/history/02_馬田一/photo_01.jpg,✓,✓,history,
9991,ジェコス,卸売業,林田英治,2010-04-01,2015-04-01,5.0,photos_5/9991_ジェコス/history/03_林田英治/photo_01.jpg,✓,✓,history,
9991,ジェコス,卸売業,柿木厚司,2015-04-01,2019-04-01,4.0,photos_5/9991_ジェコス/history/04_柿木厚司/photo_01.jpg,✓,✓,history,
9991,ジェコス,卸売業,北野嘉久,2019-04-01,2024-04-01,5.0,photos_5/9991_ジェコス/history/05_北野嘉久/photo_01.jpg,✓,✓,history,
9991,ジェコス,卸売業,広瀬政之,2024-04-01,,,photos_5/9991_ジェコス/history/06_広瀬政之/photo_01.jpg,✓,✓,history,
9991,ジェコス,卸売業,半名正之,2003-04-01,2007-04-01,4.0,photos_5/9991_ジェコス/history/07_半名正之/photo_01.jpg,✓,✓,history,
9993,ヤマザワ,小売業,,,,,,,,missing,要調査
9994,やまや,小売業,,,,,,,,missing,要調査
9996,サトー商会,卸売業,森岡昌純,,,,photos_5/9996_サトー商会/history/01_森岡昌純/photo_01.jpg,✓,✓,history,
9996,サトー商会,卸売業,吉川泰二郎,,,,photos_5/9996_サトー商会/history/02_吉川泰二郎/photo_01.jpg,✓,✓,history,
9996,サトー商会,卸売業,近藤廉平,,,,photos_5/9996_サトー商会/history/03_近藤廉平/photo_01.jpg,✓,✓,history,
9996,サトー商会,卸売業,伊東米治郎,,,,,,,history,
9996,サトー商会,卸売業,白仁武,,,,photos_5/9996_サトー商会/history/05_白仁武/photo_01.jpg,✓,✓,history,
9996,サトー商会,卸売業,各務鎌吉,,,,photos_5/9996_サトー商会/history/06_各務鎌吉/photo_01.jpg,✓,✓,history,
9996,サトー商会,卸売業,大谷登,,,,photos_5/9996_サトー商会/history/07_大谷登/photo_01.jpg,✓,✓,history,
9996,サトー商会,卸売業,寺井久信,,,,photos_5/9996_サトー商会/history/08_寺井久信/photo_01.jpg,✓,✓,history,
9996,サトー商会,卸売業,市原章則,,,,photos_5/9996_サトー商会/history/09_市原章則/photo_01.jpg,✓,✓,history,
9996,サトー商会,卸売業,浅尾新甫,,,,photos_5/9996_サトー商会/history/10_浅尾新甫/photo_01.jpg,✓,✓,history,
9996,サトー商会,卸売業,児玉忠康,,,,photos_5/9996_サトー商会/history/11_児玉忠康/photo_01.jpg,✓,✓,history,
9996,サトー商会,卸売業,有吉義弥,,,,photos_5/9996_サトー商会/history/12_有吉義弥/photo_01.jpg,✓,✓,history,
9996,サトー商会,卸売業,菊地庄次郎,,,,photos_5/9996_サトー商会/history/13_菊地庄次郎/photo_01.jpg,✓,✓,history,
9996,サトー商会,卸売業,小野晋,,,,photos_5/9996_サトー商会/history/14_小野晋/photo_01.jpg,✓,✓,history,
9996,サトー商会,卸売業,宮岡公夫,,,,photos_5/9996_サトー商会/history/15_宮岡公夫/photo_01.jpg,✓,✓,history,
9996,サトー商会,卸売業,根本二郎,,,,photos_5/9996_サトー商会/history/16_根本二郎/photo_01.jpg,✓,✓,history,
9996,サトー商会,卸売業,河村健太郎,,,,photos_5/9996_サトー商会/history/17_河村健太郎/photo_01.jpg,✓,✓,history,
9996,サトー商会,卸売業,草刈隆郎,,,,photos_5/9996_サトー商会/history/18_草刈隆郎/photo_01.jpg,✓,✓,history,
9996,サトー商会,卸売業,宮原耕治,,,,photos_5/9996_サトー商会/history/19_宮原耕治/photo_01.jpg,✓,✓,history,
9996,サトー商会,卸売業,工藤泰三,,,,photos_5/9996_サトー商会/history/20_工藤泰三/photo_01.jpg,✓,✓,history,
9997,ベルーナ,小売業,,,,,,,,missing,要調査
130A,Veritas　In　Silico,医薬品,対象,2021年1月,（現在）,,,,,current,
135A,VRAIN　Solution,情報・通信業,,,,,,,,missing,要調査
137A,Cocolive,情報・通信業,,,,,,,,missing,要調査
138A,光フードサービス,小売業,"短信
決算説",2024年2月,（現在）,,photos_5/138A_光フードサービス/current/photo_01.jpg,✓,,current,
138A,光フードサービス,小売業,真藤恒,,,,photos_5/138A_光フードサービス/history/01_真藤恒/photo_01.jpg,✓,✓,history,
138A,光フードサービス,小売業,山口開生,,,,photos_5/138A_光フードサービス/history/02_山口開生/photo_01.jpg,✓,✓,history,
138A,光フードサービス,小売業,児島仁,,,,photos_5/138A_光フードサービス/history/03_児島仁/photo_01.jpg,✓,✓,history,
138A,光フードサービス,小売業,宮津純一郎,,,,photos_5/138A_光フードサービス/history/04_宮津純一郎/photo_01.jpg,✓,✓,history,
138A,光フードサービス,小売業,和田紀夫,,,,photos_5/138A_光フードサービス/history/05_和田紀夫/photo_01.jpg,✓,✓,history,
138A,光フードサービス,小売業,三浦惺,,,,photos_5/138A_光フードサービス/history/06_三浦惺/photo_01.jpg,✓,✓,history,
138A,光フードサービス,小売業,鵜浦博夫,,,,photos_5/138A_光フードサービス/history/07_鵜浦博夫/photo_01.jpg,✓,✓,history,
138A,光フードサービス,小売業,澤田純,,,,photos_5/138A_光フードサービス/history/08_澤田純/photo_01.jpg,✓,✓,history,
138A,光フードサービス,小売業,島田明,,,,photos_5/138A_光フードサービス/history/09_島田明/photo_01.jpg,✓,✓,history,
141A,トライアルホールディングス,小売業,永田 洋幸,,（現在）,,,,,current,
142A,ジンジブ,サービス業,企業 第一段,2025年7月,（現在）,,photos_5/142A_ジンジブ/current/photo_01.jpg,✓,,current,
143A,イシン,サービス業,,,,,,,,missing,要調査
145A,L　is　B,情報・通信業,横井 太輔,,（現在）,,photos_5/145A_L_is_B/current/photo_01.jpg,✓,,current,
146A,コロンビア・ワークス,不動産業,,,,,,,,missing,要調査
147A,ソラコム,情報・通信業,,,,,,,,missing,要調査
148A,ハッチ・ワーク,情報・通信業,会長 大竹,2005年６月,（現在）,,photos_5/148A_ハッチ・ワーク/current/photo_01.jpg,✓,,current,
149A,シンカ,情報・通信業,江尻 高宏,2026/2/13,（現在）,,photos_5/149A_シンカ/current/photo_01.jpg,✓,,current,
150A,JSH,サービス業,,,,,,,,missing,要調査
151A,ダイブ,サービス業,,,,,,,,missing,要調査
153A,カウリス,情報・通信業,,,,,,,,missing,要調査
155A,情報戦略テクノロジー,情報・通信業,高井 淳,,（現在）,,,,,current,
156A,マテリアルグループ,サービス業,当社,2025年10月,（現在）,,photos_5/156A_マテリアルグループ/current/photo_01.jpg,✓,,current,
157A,グリーンモンスター,サービス業,,,,,,,,missing,要調査
160A,アズパートナーズ,サービス業,,,,,,,,missing,要調査
165A,SBIレオスひふみ,証券・商品先物取引業,"締役
朝倉",2023年6月,（現在）,,photos_5/165A_SBIレオスひふみ/current/photo_01.jpg,✓,,current,
166A,タスキホールディングス,不動産業,柏村 雄,,（現在）,,photos_5/166A_タスキホールディングス/current/photo_01.jpg,✓,,current,
167A,リョーサン菱洋ホールディングス,卸売業,中村　守孝,2024年4月,（現在）,,photos_5/167A_リョーサン菱洋ホールディングス/current/photo_01.jpg,✓,,current,
168A,イタミアート,その他製品,"方
当社",,（現在）,,,,,current,
173A,ハンモック,情報・通信業,若山 大典,2018年4月,（現在）,,photos_5/173A_ハンモック/current/photo_01.jpg,✓,,current,
175A,Will　Smart,情報・通信業,,,,,,,,missing,要調査
177A,コージンバイオ,化学,中村 孝人,2003年4月,（現在）,,photos_5/177A_コージンバイオ/current/photo_01.jpg,✓,,current,
184A,学びエイド,情報・通信業,"開始
株",2026年1月,（現在）,,photos_5/184A_学びエイド/current/photo_01.jpg,✓,,current,
186A,アストロスケールホールディングス,サービス業,岩松茂輔,1981-05-01,1983-06-01,2.08,photos_5/186A_アストロスケールホールディングス/history/01_岩松茂輔/photo_01.jpg,✓,✓,history,
186A,アストロスケールホールディングス,サービス業,嶋井澄,1983-06-01,1988-06-01,5.0,photos_5/186A_アストロスケールホールディングス/history/02_嶋井澄/photo_01.jpg,✓,✓,history,
186A,アストロスケールホールディングス,サービス業,小今井傓治,1988-06-01,1994-06-01,6.0,photos_5/186A_アストロスケールホールディングス/history/03_小今井傓治/photo_01.jpg,✓,✓,history,
186A,アストロスケールホールディングス,サービス業,中久信,1994-06-01,2000-06-01,6.0,photos_5/186A_アストロスケールホールディングス/history/04_中久信/photo_01.jpg,✓,✓,history,
186A,アストロスケールホールディングス,サービス業,福士英二,2000-06-01,2003-04-01,2.83,photos_5/186A_アストロスケールホールディングス/history/05_福士英二/photo_01.jpg,✓,✓,history,
186A,アストロスケールホールディングス,サービス業,山本博巳,2003-04-01,2006-06-01,3.17,photos_5/186A_アストロスケールホールディングス/history/06_山本博巳/photo_01.jpg,✓,✓,history,
186A,アストロスケールホールディングス,サービス業,鈴木登夫,2006-06-01,2013-06-01,7.0,photos_5/186A_アストロスケールホールディングス/history/07_鈴木登夫/photo_01.jpg,✓,✓,history,
186A,アストロスケールホールディングス,サービス業,中谷康夫,2013-06-01,2022-03-01,8.75,photos_5/186A_アストロスケールホールディングス/history/08_中谷康夫/photo_01.jpg,✓,✓,history,
186A,アストロスケールホールディングス,サービス業,髙木宏明,2022-04-01,2024-02-01,1.84,photos_5/186A_アストロスケールホールディングス/history/09_髙木宏明/photo_01.jpg,✓,✓,history,
189A,D&Mカンパニー,サービス業,当社,2015年11月,（現在）,,photos_5/189A_D&Mカンパニー/current/photo_01.jpg,✓,,current,
190A,Chordia　Therapeutics,医薬品,,,,,,,,missing,要調査
192A,インテグループ,サービス業,"会長

藤井",,（現在）,,photos_5/192A_インテグループ/current/photo_01.jpg,✓,,current,
194A,WOLVES　HAND,サービス業,,,,,,,,missing,要調査
195A,ライスカレー,サービス業,,,,,,,,missing,要調査
196A,MFS,その他金融業,,,,,,,,missing,要調査
197A,タウンズ,医薬品,,,,,,,,missing,要調査
198A,PostPrime,情報・通信業,,,,,,,,missing,要調査
202A,豆蔵デジタルホールディングス,情報・通信業,,,,,,,,missing,要調査
205A,ロゴスホールディングス,建設業,安蔵弥輔,,,,photos_5/205A_ロゴスホールディングス/history/01_安蔵弥輔/photo_01.jpg,✓,✓,history,
205A,ロゴスホールディングス,建設業,高井亮太郎,1952-09-01,,,photos_5/205A_ロゴスホールディングス/history/02_高井亮太郎/photo_01.jpg,✓,✓,history,
205A,ロゴスホールディングス,建設業,青木均一,,,,photos_5/205A_ロゴスホールディングス/history/03_青木均一/photo_01.jpg,✓,✓,history,
205A,ロゴスホールディングス,建設業,木川田一隆,,,,photos_5/205A_ロゴスホールディングス/history/04_木川田一隆/photo_01.jpg,✓,✓,history,
205A,ロゴスホールディングス,建設業,水野久男,,,,photos_5/205A_ロゴスホールディングス/history/05_水野久男/photo_01.jpg,✓,✓,history,
205A,ロゴスホールディングス,建設業,平岩外四,,,,photos_5/205A_ロゴスホールディングス/history/06_平岩外四/photo_01.jpg,✓,✓,history,
205A,ロゴスホールディングス,建設業,那須翔,1984-06-01,,,photos_5/205A_ロゴスホールディングス/history/07_那須翔/photo_01.jpg,✓,✓,history,
205A,ロゴスホールディングス,建設業,荒木浩,1993-06-01,,,photos_5/205A_ロゴスホールディングス/history/08_荒木浩/photo_01.jpg,✓,✓,history,
205A,ロゴスホールディングス,建設業,南直哉,1999-04-01,,,photos_5/205A_ロゴスホールディングス/history/09_南直哉/photo_01.jpg,✓,✓,history,
205A,ロゴスホールディングス,建設業,勝俣恒久,2002-09-01,,,photos_5/205A_ロゴスホールディングス/history/10_勝俣恒久/photo_01.jpg,✓,✓,history,
205A,ロゴスホールディングス,建設業,清水正孝,2008-06-01,,,photos_5/205A_ロゴスホールディングス/history/11_清水正孝/photo_01.jpg,✓,✓,history,
205A,ロゴスホールディングス,建設業,西澤俊夫,2012-06-01,,,photos_5/205A_ロゴスホールディングス/history/12_西澤俊夫/photo_01.jpg,✓,✓,history,
205A,ロゴスホールディングス,建設業,廣瀬直己,2012-06-01,,,,,,history,
205A,ロゴスホールディングス,建設業,小早川智明,2017-06-01,,,photos_5/205A_ロゴスホールディングス/history/14_小早川智明/photo_01.jpg,✓,✓,history,
205A,ロゴスホールディングス,建設業,新木栄吉,,,,photos_5/205A_ロゴスホールディングス/history/15_新木栄吉/photo_01.jpg,✓,✓,history,
205A,ロゴスホールディングス,建設業,新井章治,,,,photos_5/205A_ロゴスホールディングス/history/16_新井章治/photo_01.jpg,✓,✓,history,
205A,ロゴスホールディングス,建設業,菅礼之助,,,,photos_5/205A_ロゴスホールディングス/history/17_菅礼之助/photo_01.jpg,✓,✓,history,
205A,ロゴスホールディングス,建設業,田村滋美,,,,photos_5/205A_ロゴスホールディングス/history/18_田村滋美/photo_01.jpg,✓,✓,history,
205A,ロゴスホールディングス,建設業,下河邉和彦,,,,,,,history,
205A,ロゴスホールディングス,建設業,数土文夫,,,,photos_5/205A_ロゴスホールディングス/history/20_数土文夫/photo_01.jpg,✓,✓,history,
206A,PRISM　BioLab,医薬品,ロバート,,,,photos_5/206A_PRISM_BioLab/history/01_ロバート/photo_01.jpg,✓,✓,history,
206A,PRISM　BioLab,医薬品,ジョン,,,,photos_5/206A_PRISM_BioLab/history/02_ジョン/photo_01.jpg,✓,✓,history,
206A,PRISM　BioLab,医薬品,ジェニファー,,,,photos_5/206A_PRISM_BioLab/history/03_ジェニファー/photo_01.jpg,✓,✓,history,
206A,PRISM　BioLab,医薬品,ダグラス,,,,photos_5/206A_PRISM_BioLab/history/04_ダグラス/photo_01.jpg,✓,✓,history,
206A,PRISM　BioLab,医薬品,ダニエル,,,,photos_5/206A_PRISM_BioLab/history/05_ダニエル/photo_01.jpg,✓,✓,history,
208A,構造計画研究所ホールディングス,情報・通信業,現職,,,,photos_5/208A_構造計画研究所ホールディングス/history/01_現職/photo_01.jpg,✓,✓,history,
211A,カドス・コーポレーション,建設業,,,,,,,,missing,要調査
212A,フィットイージー,サービス業,國江 仙嗣,,（現在）,,photos_5/212A_フィットイージー/current/photo_01.jpg,✓,,current,
215A,タイミー,サービス業,,,,,,,,missing,要調査
218A,Liberaware,精密機器,,,,,,,,missing,要調査
219A,Heartseed,医薬品,,,,,,,,missing,要調査
220A,Faber　Company,情報・通信業,,,,,,,,missing,要調査
228A,オプロ,情報・通信業,里見 一典,,（現在）,,photos_5/228A_オプロ/current/photo_01.jpg,✓,,current,
241A,ROXX,情報・通信業,,,,,,,,missing,要調査
244A,グロースエクスパートナーズ,情報・通信業,,,,,,,,missing,要調査
245A,INGS,小売業,,,,,,,,missing,要調査
246A,アスア,サービス業,間地 寛,,（現在）,,photos_5/246A_アスア/current/photo_01.jpg,✓,,current,
247A,Aiロボティクス,化学,,,,,,,,missing,要調査
248A,キッズスター,情報・通信業,,,,,,,,missing,要調査
250A,シマダヤ,食料品,鈴木忠治,,,,photos_5/250A_シマダヤ/history/01_鈴木忠治/photo_01.jpg,✓,✓,history,
250A,シマダヤ,食料品,道面豊信,,,,photos_5/250A_シマダヤ/history/02_道面豊信/photo_01.jpg,✓,✓,history,
250A,シマダヤ,食料品,鈴木恭二,,,,photos_5/250A_シマダヤ/history/03_鈴木恭二/photo_01.jpg,✓,✓,history,
250A,シマダヤ,食料品,渡辺文蔵,,,,photos_5/250A_シマダヤ/history/04_渡辺文蔵/photo_01.jpg,✓,✓,history,
250A,シマダヤ,食料品,歌田勝弘,,,,photos_5/250A_シマダヤ/history/05_歌田勝弘/photo_01.jpg,✓,✓,history,
250A,シマダヤ,食料品,鳥羽董,,,,photos_5/250A_シマダヤ/history/06_鳥羽董/photo_01.jpg,✓,✓,history,
250A,シマダヤ,食料品,稲森俊介,,,,photos_5/250A_シマダヤ/history/07_稲森俊介/photo_01.jpg,✓,✓,history,
250A,シマダヤ,食料品,江頭邦雄,,,,photos_5/250A_シマダヤ/history/08_江頭邦雄/photo_01.jpg,✓,✓,history,
250A,シマダヤ,食料品,山口範雄,,,,photos_5/250A_シマダヤ/history/09_山口範雄/photo_01.jpg,✓,✓,history,
250A,シマダヤ,食料品,伊藤雅俊,,,,photos_5/250A_シマダヤ/history/10_伊藤雅俊/photo_01.jpg,✓,✓,history,
250A,シマダヤ,食料品,西井孝明,,,,photos_5/250A_シマダヤ/history/11_西井孝明/photo_01.jpg,✓,✓,history,
250A,シマダヤ,食料品,藤江太郎,,,,photos_5/250A_シマダヤ/history/12_藤江太郎/photo_01.jpg,✓,✓,history,
250A,シマダヤ,食料品,中村茂雄,,,,photos_5/250A_シマダヤ/history/13_中村茂雄/photo_01.jpg,✓,✓,history,
253A,ETSグループ,建設業,,,,,,,,missing,要調査
254A,AIフュージョンキャピタルグループ,証券・商品先物取引業,鮎川 義介,,,,photos_5/254A_AIフュージョンキャピタルグループ/history/01_鮎川_義介/photo_01.jpg,✓,✓,history,
254A,AIフュージョンキャピタルグループ,証券・商品先物取引業,淺原 源七,,,,photos_5/254A_AIフュージョンキャピタルグループ/history/02_淺原_源七/photo_01.jpg,✓,✓,history,
254A,AIフュージョンキャピタルグループ,証券・商品先物取引業,工藤 治人,,,,photos_5/254A_AIフュージョンキャピタルグループ/history/03_工藤_治人/photo_01.jpg,✓,✓,history,
254A,AIフュージョンキャピタルグループ,証券・商品先物取引業,山本 惣治,1945-10-01,,,photos_5/254A_AIフュージョンキャピタルグループ/history/04_山本_惣治/photo_01.jpg,✓,✓,history,
254A,AIフュージョンキャピタルグループ,証券・商品先物取引業,川又 克二,1957-11-01,,,photos_5/254A_AIフュージョンキャピタルグループ/history/05_川又_克二/photo_01.jpg,✓,✓,history,
254A,AIフュージョンキャピタルグループ,証券・商品先物取引業,岩越 忠恕,1973-11-01,,,photos_5/254A_AIフュージョンキャピタルグループ/history/06_岩越_忠恕/photo_01.jpg,✓,✓,history,
254A,AIフュージョンキャピタルグループ,証券・商品先物取引業,西川 廣人,,,,,,,history,
254A,AIフュージョンキャピタルグループ,証券・商品先物取引業,山内 康裕,2019-12-01,,,photos_5/254A_AIフュージョンキャピタルグループ/history/08_山内_康裕/photo_01.jpg,✓,✓,history,
255A,ジーエルテクノホールディングス,精密機器,当社,,（現在）,,photos_5/255A_ジーエルテクノホールディングス/current/photo_01.jpg,✓,,current,
256A,飛島ホールディングス,建設業,下垣内洋一,2002-09-01,2005-04-01,2.58,photos_5/256A_飛島ホールディングス/history/01_下垣内洋一/photo_01.jpg,✓,✓,history,
256A,飛島ホールディングス,建設業,數土文夫,2005-04-01,2010-04-01,5.0,photos_5/256A_飛島ホールディングス/history/02_數土文夫/photo_01.jpg,✓,✓,history,
256A,飛島ホールディングス,建設業,馬田一,2010-04-01,2015-04-01,5.0,photos_5/256A_飛島ホールディングス/history/03_馬田一/photo_01.jpg,✓,✓,history,
256A,飛島ホールディングス,建設業,林田英治,2015-04-01,2019-04-01,4.0,photos_5/256A_飛島ホールディングス/history/04_林田英治/photo_01.jpg,✓,✓,history,
256A,飛島ホールディングス,建設業,柿木厚司,2019-04-01,2024-04-01,5.0,photos_5/256A_飛島ホールディングス/history/05_柿木厚司/photo_01.jpg,✓,✓,history,
256A,飛島ホールディングス,建設業,北野嘉久,2024-04-01,,,photos_5/256A_飛島ホールディングス/history/06_北野嘉久/photo_01.jpg,✓,✓,history,
261A,日水コン,サービス業,中西 新二,,（現在）,,photos_5/261A_日水コン/current/photo_01.jpg,✓,,current,
261A,日水コン,サービス業,山内房治郎,,,,photos_5/261A_日水コン/history/01_山内房治郎/photo_01.jpg,✓,✓,history,
261A,日水コン,サービス業,山内積良,,,,photos_5/261A_日水コン/history/02_山内積良/photo_01.jpg,✓,✓,history,
261A,日水コン,サービス業,山内溥,,,,photos_5/261A_日水コン/history/03_山内溥/photo_01.jpg,✓,✓,history,
261A,日水コン,サービス業,岩田聡,,,,photos_5/261A_日水コン/history/04_岩田聡/photo_01.jpg,✓,✓,history,
261A,日水コン,サービス業,君島達己,,,,,,,history,
261A,日水コン,サービス業,古川俊太郎,,,,photos_5/261A_日水コン/history/06_古川俊太郎/photo_01.jpg,✓,✓,history,
262A,インターメスティック,小売業,,,,,,,,missing,要調査
264A,Schoo,サービス業,,,,,,,,missing,要調査
265A,Hmcomm,情報・通信業,"市場
東京証",2012年07月,（現在）,,photos_5/265A_Hmcomm/current/photo_01.jpg,✓,,current,
268A,リガク・ホールディングス,精密機器,早川徳次,,,,photos_5/268A_リガク・ホールディングス/history/01_早川徳次/photo_01.jpg,✓,✓,history,
268A,リガク・ホールディングス,精密機器,佐伯旭,,,,photos_5/268A_リガク・ホールディングス/history/02_佐伯旭/photo_01.jpg,✓,✓,history,
268A,リガク・ホールディングス,精密機器,辻晴雄,,,,photos_5/268A_リガク・ホールディングス/history/03_辻晴雄/photo_01.jpg,✓,✓,history,
268A,リガク・ホールディングス,精密機器,町田勝彦,,,,photos_5/268A_リガク・ホールディングス/history/04_町田勝彦/photo_01.jpg,✓,✓,history,
268A,リガク・ホールディングス,精密機器,片山幹雄,,,,photos_5/268A_リガク・ホールディングス/history/05_片山幹雄/photo_01.jpg,✓,✓,history,
268A,リガク・ホールディングス,精密機器,奥田隆司,,,,photos_5/268A_リガク・ホールディングス/history/06_奥田隆司/photo_01.jpg,✓,✓,history,
268A,リガク・ホールディングス,精密機器,高橋興三,,,,photos_5/268A_リガク・ホールディングス/history/07_高橋興三/photo_01.jpg,✓,✓,history,
268A,リガク・ホールディングス,精密機器,戴正呉,,,,photos_5/268A_リガク・ホールディングス/history/08_戴正呉/photo_01.jpg,✓,✓,history,
268A,リガク・ホールディングス,精密機器,野村勝明,,,,photos_5/268A_リガク・ホールディングス/history/09_野村勝明/photo_01.jpg,✓,✓,history,
268A,リガク・ホールディングス,精密機器,呉柏勲,,,,photos_5/268A_リガク・ホールディングス/history/10_呉柏勲/photo_01.jpg,✓,✓,history,
268A,リガク・ホールディングス,精密機器,沖津雅浩,,,,photos_5/268A_リガク・ホールディングス/history/11_沖津雅浩/photo_01.jpg,✓,✓,history,
269A,Sapeet,情報・通信業,,,,,,,,missing,要調査
274A,ガーデン,小売業,専門誌,,（現在）,,photos_5/274A_ガーデン/current/photo_01.jpg,✓,,current,
276A,ククレブ・アドバイザーズ,不動産業,"締役
宮寺",2019年7月,（現在）,,photos_5/276A_ククレブ・アドバイザーズ/current/photo_01.jpg,✓,,current,
277A,グロービング,サービス業,田中 耕平,,（現在）,,photos_5/277A_グロービング/current/photo_01.jpg,✓,,current,
278A,Terra　Drone,精密機器,,,,,,,,missing,要調査
280A,TMH,卸売業,,,,,,,,missing,要調査
281A,インフォメティス,情報・通信業,,,,,,,,missing,要調査
285A,キオクシアホールディングス,電気機器,早坂 伸夫,,（現在）,,photos_5/285A_キオクシアホールディングス/current/photo_01.jpg,✓,,current,
285A,キオクシアホールディングス,電気機器,石坂泰三,1949-04-01,1957-11-01,8.59,photos_5/285A_キオクシアホールディングス/history/01_石坂泰三/photo_01.jpg,✓,✓,history,
285A,キオクシアホールディングス,電気機器,岩下文雄,1957-11-01,1965-05-01,7.5,photos_5/285A_キオクシアホールディングス/history/02_岩下文雄/photo_01.jpg,✓,✓,history,
285A,キオクシアホールディングス,電気機器,土光敏夫,1965-05-01,1972-08-01,7.25,photos_5/285A_キオクシアホールディングス/history/03_土光敏夫/photo_01.jpg,✓,✓,history,
285A,キオクシアホールディングス,電気機器,玉置敬三,1972-08-01,,,,,,history,
285A,キオクシアホールディングス,電気機器,岩田弐夫,,,,photos_5/285A_キオクシアホールディングス/history/05_岩田弐夫/photo_01.jpg,✓,✓,history,
285A,キオクシアホールディングス,電気機器,佐波正一,1986-04-01,,,photos_5/285A_キオクシアホールディングス/history/06_佐波正一/photo_01.jpg,✓,✓,history,
285A,キオクシアホールディングス,電気機器,渡里杉一郎,1986-04-01,1987-07-01,1.25,photos_5/285A_キオクシアホールディングス/history/07_渡里杉一郎/photo_01.jpg,✓,✓,history,
285A,キオクシアホールディングス,電気機器,青井舒一,1987-07-01,1992-06-01,4.92,photos_5/285A_キオクシアホールディングス/history/08_青井舒一/photo_01.jpg,✓,✓,history,
285A,キオクシアホールディングス,電気機器,佐藤文夫,1992-06-01,1996-06-01,4.0,photos_5/285A_キオクシアホールディングス/history/09_佐藤文夫/photo_01.jpg,✓,✓,history,
285A,キオクシアホールディングス,電気機器,西室泰三,1996-06-01,2000-06-01,4.0,photos_5/285A_キオクシアホールディングス/history/10_西室泰三/photo_01.jpg,✓,✓,history,
285A,キオクシアホールディングス,電気機器,岡村正,2000-06-01,2005-06-01,5.0,photos_5/285A_キオクシアホールディングス/history/11_岡村正/photo_01.jpg,✓,✓,history,
285A,キオクシアホールディングス,電気機器,西田厚聰,2005-06-01,2009-06-01,4.0,photos_5/285A_キオクシアホールディングス/history/12_西田厚聰/photo_01.jpg,✓,✓,history,
285A,キオクシアホールディングス,電気機器,田中久雄,2013-06-01,2015-07-01,2.08,photos_5/285A_キオクシアホールディングス/history/13_田中久雄/photo_01.jpg,✓,✓,history,
285A,キオクシアホールディングス,電気機器,室町正志,2015-07-01,2016-06-01,0.92,photos_5/285A_キオクシアホールディングス/history/14_室町正志/photo_01.jpg,✓,✓,history,
285A,キオクシアホールディングス,電気機器,綱川智,2016-06-01,2020-03-01,3.75,photos_5/285A_キオクシアホールディングス/history/15_綱川智/photo_01.jpg,✓,✓,history,
285A,キオクシアホールディングス,電気機器,車谷暢昭,2020-04-01,2021-04-01,1.0,photos_5/285A_キオクシアホールディングス/history/16_車谷暢昭/photo_01.jpg,✓,✓,history,
285A,キオクシアホールディングス,電気機器,島田太郎,2022-03-01,,,photos_5/285A_キオクシアホールディングス/history/17_島田太郎/photo_01.jpg,✓,✓,history,
286A,ユカリア,サービス業,"会長
古川",,（現在）,,photos_5/286A_ユカリア/current/photo_01.jpg,✓,,current,
287A,黒田グループ,卸売業,細川　浩一,,（現在）,,photos_5/287A_黒田グループ/current/photo_01.jpg,✓,,current,
288A,ラクサス・テクノロジーズ,サービス業,高橋　啓介,2024年12月,（現在）,,photos_5/288A_ラクサス・テクノロジーズ/current/photo_01.jpg,✓,,current,
290A,Synspective,情報・通信業,,,,,,,,missing,要調査
291A,リスキル,サービス業,,,,,,,,missing,要調査
296A,令和アカウンティング・ホールディングス,サービス業,増田義一,,,,photos_5/296A_令和アカウンティング・ホールディングス/history/01_増田義一/photo_01.jpg,✓,✓,history,
296A,令和アカウンティング・ホールディングス,サービス業,青木弘,,,,photos_5/296A_令和アカウンティング・ホールディングス/history/02_青木弘/photo_01.jpg,✓,✓,history,
296A,令和アカウンティング・ホールディングス,サービス業,佐久間長吉郎,,,,photos_5/296A_令和アカウンティング・ホールディングス/history/03_佐久間長吉郎/photo_01.jpg,✓,✓,history,
296A,令和アカウンティング・ホールディングス,サービス業,北島織衛,,,,photos_5/296A_令和アカウンティング・ホールディングス/history/04_北島織衛/photo_01.jpg,✓,✓,history,
296A,令和アカウンティング・ホールディングス,サービス業,北島義俊,,,,photos_5/296A_令和アカウンティング・ホールディングス/history/05_北島義俊/photo_01.jpg,✓,✓,history,
296A,令和アカウンティング・ホールディングス,サービス業,北島義斉,,,,photos_5/296A_令和アカウンティング・ホールディングス/history/06_北島義斉/photo_01.jpg,✓,✓,history,
297A,アルピコホールディングス,小売業,,,,,,,,missing,要調査
298A,GVA　TECH,情報・通信業,,,,,,,,missing,要調査
299A,dely,サービス業,,,,,,,,missing,要調査
300A,MIC,サービス業,,,,,,,,missing,要調査
302A,ビースタイルホールディングス,サービス業,株主,2002年7月,（現在）,,photos_5/302A_ビースタイルホールディングス/current/photo_01.jpg,✓,,current,
302A,ビースタイルホールディングス,サービス業,石井光次郎,,,,photos_5/302A_ビースタイルホールディングス/history/01_石井光次郎/photo_01.jpg,✓,✓,history,
302A,ビースタイルホールディングス,サービス業,飯島幡司,,,,photos_5/302A_ビースタイルホールディングス/history/02_飯島幡司/photo_01.jpg,✓,✓,history,
302A,ビースタイルホールディングス,サービス業,鈴木剛,,,,photos_5/302A_ビースタイルホールディングス/history/03_鈴木剛/photo_01.jpg,✓,✓,history,
302A,ビースタイルホールディングス,サービス業,平井常次郎,,,,photos_5/302A_ビースタイルホールディングス/history/04_平井常次郎/photo_01.jpg,✓,✓,history,
302A,ビースタイルホールディングス,サービス業,原清,,,,photos_5/302A_ビースタイルホールディングス/history/05_原清/photo_01.jpg,✓,✓,history,
302A,ビースタイルホールディングス,サービス業,福田保朝,,,,photos_5/302A_ビースタイルホールディングス/history/06_福田保朝/photo_01.jpg,✓,✓,history,
302A,ビースタイルホールディングス,サービス業,藤井桑正,,,,photos_5/302A_ビースタイルホールディングス/history/07_藤井桑正/photo_01.jpg,✓,✓,history,
302A,ビースタイルホールディングス,サービス業,柴田俊治,,,,photos_5/302A_ビースタイルホールディングス/history/08_柴田俊治/photo_01.jpg,✓,✓,history,
302A,ビースタイルホールディングス,サービス業,西村嘉郎,,,,photos_5/302A_ビースタイルホールディングス/history/09_西村嘉郎/photo_01.jpg,✓,✓,history,
302A,ビースタイルホールディングス,サービス業,渡辺克信,,,,photos_5/302A_ビースタイルホールディングス/history/10_渡辺克信/photo_01.jpg,✓,✓,history,
302A,ビースタイルホールディングス,サービス業,脇阪聰史,,,,photos_5/302A_ビースタイルホールディングス/history/11_脇阪聰史/photo_01.jpg,✓,✓,history,
302A,ビースタイルホールディングス,サービス業,沖中進,,,,photos_5/302A_ビースタイルホールディングス/history/12_沖中進/photo_01.jpg,✓,✓,history,
303A,visumo,情報・通信業,,,,,,,,missing,要調査
304A,フォルシア,情報・通信業,"直結
東京",2025年3月,（現在）,,photos_5/304A_フォルシア/current/photo_01.jpg,✓,,current,
304A,フォルシア,情報・通信業,小平浪平,,,,photos_5/304A_フォルシア/history/01_小平浪平/photo_01.jpg,✓,✓,history,
304A,フォルシア,情報・通信業,倉田主税,,,,photos_5/304A_フォルシア/history/02_倉田主税/photo_01.jpg,✓,✓,history,
304A,フォルシア,情報・通信業,駒井健一郎,,,,photos_5/304A_フォルシア/history/03_駒井健一郎/photo_01.jpg,✓,✓,history,
304A,フォルシア,情報・通信業,吉山博吉,,,,photos_5/304A_フォルシア/history/04_吉山博吉/photo_01.jpg,✓,✓,history,
304A,フォルシア,情報・通信業,三田勝茂,,,,photos_5/304A_フォルシア/history/05_三田勝茂/photo_01.jpg,✓,✓,history,
304A,フォルシア,情報・通信業,金井務,,,,photos_5/304A_フォルシア/history/06_金井務/photo_01.jpg,✓,✓,history,
304A,フォルシア,情報・通信業,庄山悦彦,,,,photos_5/304A_フォルシア/history/07_庄山悦彦/photo_01.jpg,✓,✓,history,
304A,フォルシア,情報・通信業,古川一夫,,,,photos_5/304A_フォルシア/history/08_古川一夫/photo_01.jpg,✓,✓,history,
304A,フォルシア,情報・通信業,川村隆,,,,photos_5/304A_フォルシア/history/09_川村隆/photo_01.jpg,✓,✓,history,
304A,フォルシア,情報・通信業,中西宏明,,,,photos_5/304A_フォルシア/history/10_中西宏明/photo_01.jpg,✓,✓,history,
304A,フォルシア,情報・通信業,東原敏昭,,,,photos_5/304A_フォルシア/history/11_東原敏昭/photo_01.jpg,✓,✓,history,
304A,フォルシア,情報・通信業,小島啓二,,,,photos_5/304A_フォルシア/history/12_小島啓二/photo_01.jpg,✓,✓,history,
304A,フォルシア,情報・通信業,德永俊昭,,,,photos_5/304A_フォルシア/history/13_德永俊昭/photo_01.jpg,✓,✓,history,
319A,技術承継機構,金属製品,,,,,,,,missing,要調査
323A,フライヤー,情報・通信業,,,,,,,,missing,要調査
324A,ブッキングリゾート,サービス業,,,,,,,,missing,要調査
325A,TENTIAL,繊維製品,,,,,,,,missing,要調査
330A,TalentX,情報・通信業,鈴木 貴史,,（現在）,,photos_5/330A_TalentX/current/photo_01.jpg,✓,,current,
331A,メディックス,サービス業,田中 正則,,（現在）,,photos_5/331A_メディックス/current/photo_01.jpg,✓,,current,
332A,ミーク,情報・通信業,,,,,,,,missing,要調査
334A,ビジュアル・プロセッシング・ジャパン,情報・通信業,,,,,,,,missing,要調査
335A,ミライロ,情報・通信業,,,,,,,,missing,要調査
336A,ダイナミックマッププラットフォーム,情報・通信業,ダイハツ工業,,,,photos_5/336A_ダイナミックマッププラットフォーム/history/01_ダイハツ工業/photo_01.jpg,✓,✓,history,
338A,ZenmuTech,情報・通信業,,,,,,,,missing,要調査
339A,プログレス・テクノロジーズ　グループ,サービス業,,,,,,,,missing,要調査
340A,ジグザグ,情報・通信業,,,,,,,,missing,要調査
341A,トヨコー,建設業,,,,,,,,missing,要調査
343A,IACEトラベル,サービス業,,,,,,,,missing,要調査
350A,デジタルグリッド,電気・ガス業,豊田 祐介,,（現在）,,photos_5/350A_デジタルグリッド/current/photo_01.jpg,✓,,current,
350A,デジタルグリッド,電気・ガス業,安蔵弥輔,,,,photos_5/350A_デジタルグリッド/history/01_安蔵弥輔/photo_01.jpg,✓,✓,history,
350A,デジタルグリッド,電気・ガス業,高井亮太郎,1952-09-01,,,photos_5/350A_デジタルグリッド/history/02_高井亮太郎/photo_01.jpg,✓,✓,history,
350A,デジタルグリッド,電気・ガス業,青木均一,,,,photos_5/350A_デジタルグリッド/history/03_青木均一/photo_01.jpg,✓,✓,history,
350A,デジタルグリッド,電気・ガス業,木川田一隆,,,,photos_5/350A_デジタルグリッド/history/04_木川田一隆/photo_01.jpg,✓,✓,history,
350A,デジタルグリッド,電気・ガス業,水野久男,,,,photos_5/350A_デジタルグリッド/history/05_水野久男/photo_01.jpg,✓,✓,history,
350A,デジタルグリッド,電気・ガス業,平岩外四,,,,photos_5/350A_デジタルグリッド/history/06_平岩外四/photo_01.jpg,✓,✓,history,
350A,デジタルグリッド,電気・ガス業,那須翔,1984-06-01,,,photos_5/350A_デジタルグリッド/history/07_那須翔/photo_01.jpg,✓,✓,history,
350A,デジタルグリッド,電気・ガス業,荒木浩,1993-06-01,,,photos_5/350A_デジタルグリッド/history/08_荒木浩/photo_01.jpg,✓,✓,history,
350A,デジタルグリッド,電気・ガス業,南直哉,1999-04-01,,,photos_5/350A_デジタルグリッド/history/09_南直哉/photo_01.jpg,✓,✓,history,
350A,デジタルグリッド,電気・ガス業,勝俣恒久,2002-09-01,,,photos_5/350A_デジタルグリッド/history/10_勝俣恒久/photo_01.jpg,✓,✓,history,
350A,デジタルグリッド,電気・ガス業,清水正孝,2008-06-01,,,photos_5/350A_デジタルグリッド/history/11_清水正孝/photo_01.jpg,✓,✓,history,
350A,デジタルグリッド,電気・ガス業,西澤俊夫,2012-06-01,,,photos_5/350A_デジタルグリッド/history/12_西澤俊夫/photo_01.jpg,✓,✓,history,
350A,デジタルグリッド,電気・ガス業,廣瀬直己,2012-06-01,,,photos_5/350A_デジタルグリッド/history/13_廣瀬直己/photo_01.jpg,✓,✓,history,
350A,デジタルグリッド,電気・ガス業,小早川智明,2017-06-01,,,photos_5/350A_デジタルグリッド/history/14_小早川智明/photo_01.jpg,✓,✓,history,
350A,デジタルグリッド,電気・ガス業,新木栄吉,,,,photos_5/350A_デジタルグリッド/history/15_新木栄吉/photo_01.jpg,✓,✓,history,
350A,デジタルグリッド,電気・ガス業,新井章治,,,,photos_5/350A_デジタルグリッド/history/16_新井章治/photo_01.jpg,✓,✓,history,
350A,デジタルグリッド,電気・ガス業,菅礼之助,,,,photos_5/350A_デジタルグリッド/history/17_菅礼之助/photo_01.jpg,✓,✓,history,
350A,デジタルグリッド,電気・ガス業,田村滋美,,,,photos_5/350A_デジタルグリッド/history/18_田村滋美/photo_01.jpg,✓,✓,history,
350A,デジタルグリッド,電気・ガス業,下河邉和彦,,,,photos_5/350A_デジタルグリッド/history/19_下河邉和彦/photo_01.jpg,✓,✓,history,
350A,デジタルグリッド,電気・ガス業,数土文夫,,,,photos_5/350A_デジタルグリッド/history/20_数土文夫/photo_01.jpg,✓,✓,history,
352A,LIFE　CREATE,サービス業,,,,,,,,missing,要調査
