ticker,company_name,url,ceo_name,ceo_role,appointment_date,resignation_date,open_at_appointment,close_at_resignation,topix_open_at_appointment,topix_close_at_resignation,excess_return_annual,tenure_years,photo_paths,photo_count,source
1301,極洋,https://www.kyokuyo.co.jp/,極洋,current,,,,,,,,,photos_1/1301_極洋/current/photo_01.jpg,1,current
1301,極洋,https://www.kyokuyo.co.jp/,二村雄三,prev_1,,2004-06-29,,,,,,,photos_1/1301_極洋/history/01_二村雄三/photo_01.jpg,1,history
1301,極洋,https://www.kyokuyo.co.jp/,福井清計,prev_2,2004-06-29,2011-04-01,,,,,,6.75,photos_1/1301_極洋/history/02_福井清計/photo_01.jpg,1,history
1301,極洋,https://www.kyokuyo.co.jp/,多田久樹,prev_3,2011-04-01,2016-06-24,,,,,,5.23,photos_1/1301_極洋/history/03_多田久樹/photo_01.jpg,1,history
1301,極洋,https://www.kyokuyo.co.jp/,今井賢司,prev_4,2016-06-24,2018-06-26,,,,,,2.0,photos_1/1301_極洋/history/04_今井賢司/photo_01.jpg,1,history
1301,極洋,https://www.kyokuyo.co.jp/,井上誠,prev_5,2018-06-26,,,,,,,,photos_1/1301_極洋/history/05_井上誠/photo_01.jpg,1,history
1332,ニッスイ,https://www.nissui.co.jp/,"氏名
地位",current,,,,,,,,,"photos_1/1332_ニッスイ/current/photo_01.jpg,photos_1/1332_ニッスイ/current/photo_02.jpg,photos_1/1332_ニッスイ/current/photo_03.jpg,photos_1/1332_ニッスイ/current/photo_04.jpg,photos_1/1332_ニッスイ/current/photo_05.jpg",5,current
1332,ニッスイ,https://www.nissui.co.jp/,垣添直也,prev_1,1999-06-29,2012-06-01,,,,,,12.93,photos_1/1332_ニッスイ/history/01_垣添直也/photo_01.jpg,1,history
1332,ニッスイ,https://www.nissui.co.jp/,細見典男,prev_2,2012-06-01,2017-06-28,,,,,,5.07,photos_1/1332_ニッスイ/history/02_細見典男/photo_01.jpg,1,history
1332,ニッスイ,https://www.nissui.co.jp/,大木伸介,prev_3,2017-06-28,2018-03-15,,,,,,0.71,photos_1/1332_ニッスイ/history/03_大木伸介/photo_01.jpg,1,history
1332,ニッスイ,https://www.nissui.co.jp/,的埜明世,prev_4,2018-03-15,2021-06-25,,,,,,3.28,photos_1/1332_ニッスイ/history/04_的埜明世/photo_01.jpg,1,history
1332,ニッスイ,https://www.nissui.co.jp/,浜田晋吾,prev_5,2021-06-25,2025-05-14,,,,,,3.89,photos_1/1332_ニッスイ/history/05_浜田晋吾/photo_01.jpg,1,history
1332,ニッスイ,https://www.nissui.co.jp/,田中輝,prev_6,2025-05-14,,,,,,,,photos_1/1332_ニッスイ/history/06_田中輝/photo_01.jpg,1,history
1375,ユキグニファクトリー,https://www.yukiguni-factory.co.jp/,体制,current,,,,,,,,,photos_1/1375_ユキグニファクトリー/current/photo_01.jpg,1,current
1377,サカタのタネ,https://corporate.sakataseed.co.jp/,会長 坂田,current,2025年8月,,3326.57,,,,,,photos_1/1377_サカタのタネ/current/photo_01.jpg,1,current
1377,サカタのタネ,https://corporate.sakataseed.co.jp/,高橋英夫,prev_1,1999-01-01,2007-01-01,,,,,,8.0,photos_1/1377_サカタのタネ/history/01_高橋英夫/photo_01.jpg,1,history
1377,サカタのタネ,https://corporate.sakataseed.co.jp/,坂田宏,prev_2,2007-01-01,2025-01-01,,,,,,18.0,photos_1/1377_サカタのタネ/history/02_坂田宏/photo_01.jpg,1,history
1377,サカタのタネ,https://corporate.sakataseed.co.jp/,加々美勉,prev_3,2025-01-01,,,,,,,,photos_1/1377_サカタのタネ/history/03_加々美勉/photo_01.jpg,1,history
1379,ホクト,https://www.hokto-kinoko.co.jp/,食品包装,current,,,,,,,,,"photos_1/1379_ホクト/current/photo_01.jpg,photos_1/1379_ホクト/current/photo_02.jpg",2,current
1417,ミライト・ワン,https://www.mirait-one.com/,日本語,current,2025年12月,,3160.0,,,,,,"photos_1/1417_ミライト・ワン/current/photo_01.jpg,photos_1/1417_ミライト・ワン/current/photo_02.jpg,photos_1/1417_ミライト・ワン/current/photo_03.jpg,photos_1/1417_ミライト・ワン/current/photo_04.jpg,photos_1/1417_ミライト・ワン/current/photo_05.jpg",5,current
1429,日本アクア,https://www.n-aqua.jp/,中村文隆,current,2004年11月,,,,,,,,photos_1/1429_日本アクア/current/photo_01.jpg,1,current
1419,タマホーム,https://www.tamahome.jp/,"家
保証",current,2025年5月,,3739.13,,,,,,,0,current
1435,robot　home,https://corp.robothome.jp/,古木 大咲,prev_1,,,,,,,,,photos_1/1435_robot_home/history/01_古木_大咲/photo_01.jpg,1,history
1443,技研ホールディングス,http://www.giken-hd.co.jp/,神子柴 寿昭,prev_1,,,,,,,,,photos_1/1443_技研ホールディングス/history/01_神子柴_寿昭/photo_01.jpg,1,history
1443,技研ホールディングス,http://www.giken-hd.co.jp/,三部 敏宏,prev_2,,,,,,,,,photos_1/1443_技研ホールディングス/history/02_三部_敏宏/photo_01.jpg,1,history
1443,技研ホールディングス,http://www.giken-hd.co.jp/,倉石 誠司,prev_3,,,,,,,,,photos_1/1443_技研ホールディングス/history/03_倉石_誠司/photo_01.jpg,1,history
1443,技研ホールディングス,http://www.giken-hd.co.jp/,竹内 弘平,prev_4,,,,,,,,,,0,history
1443,技研ホールディングス,http://www.giken-hd.co.jp/,鈴木 麻子,prev_5,,,,,,,,,photos_1/1443_技研ホールディングス/history/05_鈴木_麻子/photo_01.jpg,1,history
1443,技研ホールディングス,http://www.giken-hd.co.jp/,貝原 典也,prev_6,,,,,,,,,photos_1/1443_技研ホールディングス/history/06_貝原_典也/photo_01.jpg,1,history
1446,キャンディル,https://www.candeal.co.jp/,林 晃生,current,,,,,,,,,photos_1/1446_キャンディル/current/photo_01.jpg,1,current
1514,住石ホールディングス,https://www.sumiseki.co.jp/,"役会
取締",current,,,,,,,,,photos_1/1514_住石ホールディングス/current/photo_01.jpg,1,current
1514,住石ホールディングス,https://www.sumiseki.co.jp/,長森　省輔,prev_1,,,,,,,,,photos_1/1514_住石ホールディングス/history/01_長森_省輔/photo_01.jpg,1,history
1515,日鉄鉱業,https://www.nittetsukou.co.jp/,小山　博司,prev_1,2014年頃,,,,,,,,photos_1/1515_日鉄鉱業/history/01_小山_博司/photo_01.jpg,1,history
1605,INPEX,https://www.inpex.co.jp/,上田,current,,,,,,,,,photos_1/1605_INPEX/current/photo_01.jpg,1,current
1518,三井松島ホールディングス,https://www.mitsui-matsushima.co.jp/,社会,current,,,,,,,,,photos_1/1518_三井松島ホールディングス/current/photo_01.jpg,1,current
1447,SAAFホールディングス,https://www.saaf-hd.co.jp/,奈田 直幸,current,,,,,,,,,photos_1/1447_SAAFホールディングス/current/photo_01.jpg,1,current
1711,SDSホールディングス,https://sds-hd.com/,渡辺 悠介,current,2020年10月,,357.0,,,,,,photos_1/1711_SDSホールディングス/current/photo_01.jpg,1,current
1663,K&Oエナジーグループ,https://www.k-and-o-energy.co.jp/,未来,current,,,,,,,,,photos_1/1663_K&Oエナジーグループ/current/photo_01.jpg,1,current
1720,東急建設,https://www.tokyu-cnst.co.jp/,寺田　光宏,current,,,,,,,,,photos_1/1720_東急建設/current/photo_01.jpg,1,current
1720,東急建設,https://www.tokyu-cnst.co.jp/,竹田政智,prev_1,,,,,,,,,photos_1/1720_東急建設/history/01_竹田政智/photo_01.jpg,1,history
1720,東急建設,https://www.tokyu-cnst.co.jp/,市原求,prev_2,,,,,,,,,photos_1/1720_東急建設/history/02_市原求/photo_01.jpg,1,history
1720,東急建設,https://www.tokyu-cnst.co.jp/,矢野恒太,prev_3,,,,,,,,,photos_1/1720_東急建設/history/03_矢野恒太/photo_01.jpg,1,history
1720,東急建設,https://www.tokyu-cnst.co.jp/,五島慶太,prev_4,,,,,,,,,photos_1/1720_東急建設/history/04_五島慶太/photo_01.jpg,1,history
1720,東急建設,https://www.tokyu-cnst.co.jp/,篠原三千郎,prev_5,,,,,,,,,photos_1/1720_東急建設/history/05_篠原三千郎/photo_01.jpg,1,history
1720,東急建設,https://www.tokyu-cnst.co.jp/,平山孝,prev_6,,,,,,,,,photos_1/1720_東急建設/history/06_平山孝/photo_01.jpg,1,history
1721,コムシスホールディングス,https://www.comsys-hd.co.jp/,田辺　博,current,,,,,,,,,photos_1/1721_コムシスホールディングス/current/photo_01.jpg,1,current
1719,安藤・間,https://www.ad-hzm.co.jp/,国谷一彦,current,,,,,,,,,,0,current
1444,ニッソウ,https://reform-nisso.co.jp/,台市　神奈川,prev_1,,,,,,,,,photos_1/1444_ニッソウ/history/01_台市_神奈川/photo_01.jpg,1,history
1762,高松コンストラクショングループ,https://www.takamatsu-cg.co.jp/,髙松 浩孝,current,,,,,,,,,photos_1/1762_高松コンストラクショングループ/current/photo_01.jpg,1,current
1762,高松コンストラクショングループ,https://www.takamatsu-cg.co.jp/,高松 孝之,prev_1,2013年3月31日,,,,,,,,photos_1/1762_高松コンストラクショングループ/history/01_高松_孝之/photo_01.jpg,1,history
1764,工藤建設,https://www.kudo.co.jp/,会長　工藤,current,,,,,,,,,photos_1/1764_工藤建設/current/photo_01.jpg,1,current
1764,工藤建設,https://www.kudo.co.jp/,逮捕　服役中,prev_1,2021年8月24日,2023年1月26日,,,,,,,photos_1/1764_工藤建設/history/01_逮捕_服役中/photo_01.jpg,1,history
1764,工藤建設,https://www.kudo.co.jp/,事件　工藤会,prev_2,2020年7月24日,2019年12月5日,,,,,,,photos_1/1764_工藤建設/history/02_事件_工藤会/photo_01.jpg,1,history
1768,ソネック,https://www.sonec-const.co.jp/,山本　貴弘,current,,,,,,,,,photos_1/1768_ソネック/current/photo_01.jpg,1,current
1723,日本電技,https://www.nihondengi.co.jp/,"体制
当社",current,,,,,,,,,photos_1/1723_日本電技/current/photo_01.jpg,1,current
1780,ヤマウラ,https://www.yamaura.co.jp/,山浦 正貴,current,2025年6月,,1217.07,,,,,,"photos_1/1780_ヤマウラ/current/photo_01.jpg,photos_1/1780_ヤマウラ/current/photo_02.jpg,photos_1/1780_ヤマウラ/current/photo_03.jpg,photos_1/1780_ヤマウラ/current/photo_04.jpg,photos_1/1780_ヤマウラ/current/photo_05.jpg",5,current
1776,三井住建道路,https://www.smrc.co.jp/,"役会
取締",current,,,,,,,,,photos_1/1776_三井住建道路/current/photo_01.jpg,1,current
1783,fantasista,https://fantasista-tokyo.jp/,田野 大地,prev_1,2002年頃,,,,,,,,photos_1/1783_fantasista/history/01_田野_大地/photo_01.jpg,1,history
1793,大本組,https://www.ohmoto.co.jp/,三宅 啓一,current,,,,,,,,,photos_1/1793_大本組/current/photo_01.jpg,1,current
1788,三東工業社,https://www.santo.co.jp/,杉本　修啓,current,2024年7月,,3683.92,,,,,,photos_1/1788_三東工業社/current/photo_01.jpg,1,current
1799,第一建設工業,https://www.daiichi-kensetsu.co.jp/,提訴 毎日新,prev_1,2012年12月6日,2014年6月23日,,,,,,,photos_1/1799_第一建設工業/history/01_提訴_毎日新/photo_01.jpg,1,history
1802,大林組,https://www.obayashi.co.jp/,佐藤 俊美,current,2011年1月,,248.14,,,,,,photos_1/1802_大林組/current/photo_01.jpg,1,current
1803,清水建設,https://www.shimz.co.jp/,原点回帰,current,2025年9月,,1895.07,,,,,,photos_1/1803_清水建設/current/photo_01.jpg,1,current
1808,長谷工コーポレーション,https://www.haseko.co.jp/hc/,熊野 聡,current,2025年4月,,1908.41,,,,,,"photos_1/1808_長谷工コーポレーション/current/photo_01.jpg,photos_1/1808_長谷工コーポレーション/current/photo_02.jpg",2,current
1801,大成建設,https://www.taisei.co.jp/,月 相川善,current,2025年3月,,6708.59,,,,,,photos_1/1801_大成建設/current/photo_01.jpg,1,current
1811,錢高組,https://www.zenitaka.co.jp/,社会,current,,,,,,,,,photos_1/1811_錢高組/current/photo_01.jpg,1,current
1787,ナカボーテック,https://www.nakabohtec.co.jp/,宮地 誠,current,2025年6月,,5050.0,,,,,,"photos_1/1787_ナカボーテック/current/photo_01.jpg,photos_1/1787_ナカボーテック/current/photo_02.jpg",2,current
1813,不動テトラ,https://www.fudotetra.co.jp/,"社名

株",current,2025年3月,,2133.39,,,,,,"photos_1/1813_不動テトラ/current/photo_01.jpg,photos_1/1813_不動テトラ/current/photo_02.jpg,photos_1/1813_不動テトラ/current/photo_03.jpg,photos_1/1813_不動テトラ/current/photo_04.jpg,photos_1/1813_不動テトラ/current/photo_05.jpg",5,current
1820,西松建設,https://www.nishimatsu.co.jp/,"区分
業績連",current,2024年6月,,4257.69,,,,,,photos_1/1820_西松建設/current/photo_01.jpg,1,current
1814,大末建設,https://www.daisue.co.jp/,当社,current,,,,,,,,,"photos_1/1814_大末建設/current/photo_01.jpg,photos_1/1814_大末建設/current/photo_02.jpg",2,current
1847,イチケン,https://www.ichiken.co.jp/,谷川 博之,current,,,,,,,,,,0,current
1847,イチケン,https://www.ichiken.co.jp/,王洲 銀河劇,prev_1,,,,,,,,,photos_1/1847_イチケン/history/01_王洲_銀河劇/photo_01.jpg,1,history
1850,南海辰村建設,https://www.nantatsu.co.jp/,"貢献
当社",current,,,,,,,,,photos_1/1850_南海辰村建設/current/photo_01.jpg,1,current
1853,森組,https://www.morigumi.co.jp/,平素,current,2024年6月,,304.22,,,,,,"photos_1/1853_森組/current/photo_01.jpg,photos_1/1853_森組/current/photo_02.jpg",2,current
1848,富士ピー・エス,https://www.fujips.co.jp/,減災　国土強,current,2021年５月,,529.6,,,,,,photos_1/1848_富士ピー・エス/current/photo_01.jpg,1,current
1861,熊谷組,https://www.kumagaigumi.co.jp/,株主,current,,,,,,,,,photos_1/1861_熊谷組/current/photo_01.jpg,1,current
1867,植木組,https://www.uekigumi.co.jp/,下部 久夫,current,,,,,,,,,photos_1/1867_植木組/current/photo_01.jpg,1,current
1882,東亜道路工業,https://www.toadoro.co.jp/,企業,current,,,,,,,,,"photos_1/1882_東亜道路工業/current/photo_01.jpg,photos_1/1882_東亜道路工業/current/photo_02.jpg,photos_1/1882_東亜道路工業/current/photo_03.jpg",3,current
1878,大東建託,https://www.kentaku.co.jp/,竹内,current,,,,,,,,,photos_1/1878_大東建託/current/photo_01.jpg,1,current
1904,大成温調,https://www.taisei-oncho.co.jp/,当社 執行役,current,2003年4月,,237.45,,,,,,photos_1/1904_大成温調/current/photo_01.jpg,1,current
1899,福田組,https://www.fkd.co.jp/,"締役
執行役",current,2003年3月,,1052.62,,,,,,photos_1/1899_福田組/current/photo_01.jpg,1,current
1911,住友林業,https://sfc.jp/,住友林業,current,,,,,,,,,"photos_1/1911_住友林業/current/photo_01.jpg,photos_1/1911_住友林業/current/photo_02.jpg,photos_1/1911_住友林業/current/photo_03.jpg",3,current
1926,ライト工業,https://www.raito.co.jp/,"一覧
組織図",current,,,,,,,,,"photos_1/1926_ライト工業/current/photo_01.jpg,photos_1/1926_ライト工業/current/photo_02.jpg,photos_1/1926_ライト工業/current/photo_03.jpg,photos_1/1926_ライト工業/current/photo_04.jpg,photos_1/1926_ライト工業/current/photo_05.jpg",5,current
1926,ライト工業,https://www.raito.co.jp/,提訴 毎日新,prev_1,2012年12月6日,2014年6月23日,,,,,,,photos_1/1926_ライト工業/history/01_提訴_毎日新/photo_01.jpg,1,history
1898,世紀東急工業,https://www.seikitokyu.co.jp/,"理念

豊",current,2025年3月,,1471.89,,,,,,"photos_1/1898_世紀東急工業/current/photo_01.jpg,photos_1/1898_世紀東急工業/current/photo_02.jpg,photos_1/1898_世紀東急工業/current/photo_03.jpg",3,current
1898,世紀東急工業,https://www.seikitokyu.co.jp/,竹田政智,prev_1,,,,,,,,,photos_1/1898_世紀東急工業/history/01_竹田政智/photo_01.jpg,1,history
1898,世紀東急工業,https://www.seikitokyu.co.jp/,市原求,prev_2,,,,,,,,,photos_1/1898_世紀東急工業/history/02_市原求/photo_01.jpg,1,history
1898,世紀東急工業,https://www.seikitokyu.co.jp/,矢野恒太,prev_3,,,,,,,,,photos_1/1898_世紀東急工業/history/03_矢野恒太/photo_01.jpg,1,history
1898,世紀東急工業,https://www.seikitokyu.co.jp/,五島慶太,prev_4,,,,,,,,,photos_1/1898_世紀東急工業/history/04_五島慶太/photo_01.jpg,1,history
1898,世紀東急工業,https://www.seikitokyu.co.jp/,篠原三千郎,prev_5,,,,,,,,,photos_1/1898_世紀東急工業/history/05_篠原三千郎/photo_01.jpg,1,history
1898,世紀東急工業,https://www.seikitokyu.co.jp/,平山孝,prev_6,,,,,,,,,photos_1/1898_世紀東急工業/history/06_平山孝/photo_01.jpg,1,history
1938,日本リーテック,https://www.j-rietec.co.jp/,娼館 望郷,prev_1,,,,,,,,,photos_1/1938_日本リーテック/history/01_娼館_望郷/photo_01.jpg,1,history
1938,日本リーテック,https://www.j-rietec.co.jp/,七号 君想,prev_2,,,,,,,,,photos_1/1938_日本リーテック/history/02_七号_君想/photo_01.jpg,1,history
1929,日特建設,https://www.nittoc.co.jp/,"方針
私",current,,,,,,,,,photos_1/1929_日特建設/current/photo_01.jpg,1,current
1952,新日本空調,https://www.snk.co.jp/,持続可能,current,2025年3月,,1611.59,,,,,,photos_1/1952_新日本空調/current/photo_01.jpg,1,current
1950,日本電設工業,https://www.densetsuko.co.jp/,安田 一成,current,,,,,,,,,"photos_1/1950_日本電設工業/current/photo_01.jpg,photos_1/1950_日本電設工業/current/photo_02.jpg",2,current
1951,エクシオグループ,https://www.exeo.co.jp/,進士仁一,prev_1,,,,,,,,,photos_1/1951_エクシオグループ/history/01_進士仁一/photo_01.jpg,1,history
1951,エクシオグループ,https://www.exeo.co.jp/,手塚卓志,prev_2,,,,,,,,,photos_1/1951_エクシオグループ/history/02_手塚卓志/photo_01.jpg,1,history
1961,三機工業,https://www.sanki.co.jp/,石田 博一,current,,,,,,,,,photos_1/1961_三機工業/current/photo_01.jpg,1,current
1963,日揮ホールディングス,https://www.jgc.com/,佐藤 雅之,current,,,,,,,,,photos_1/1963_日揮ホールディングス/current/photo_01.jpg,1,current
1966,高田工業所,https://www.takada.co.jp/,髙田 寿一郎,current,,,,,,,,,photos_1/1966_高田工業所/current/photo_01.jpg,1,current
1965,テクノ菱和,https://www.techno-ryowa.co.jp/,"会長
黒田",current,2003年10月,,207.74,,,,,,photos_1/1965_テクノ菱和/current/photo_01.jpg,1,current
1969,高砂熱学工業,https://www.tte-net.com/,環境革新,current,2023年11月,,1330.92,,,,,,photos_1/1969_高砂熱学工業/current/photo_01.jpg,1,current
1972,三晃金属工業,https://www.sankometal.co.jp/,青木　栄一,current,,,,,,,,,photos_1/1972_三晃金属工業/current/photo_01.jpg,1,current
1976,明星工業,https://www.meisei-kogyo.co.jp/,栁瀬 徹次,current,2008年4月,,141.61,,,,,,photos_1/1976_明星工業/current/photo_01.jpg,1,current
1976,明星工業,https://www.meisei-kogyo.co.jp/,行口　再信託,prev_1,2025年3月31日,,,,,,,,photos_1/1976_明星工業/history/01_行口_再信託/photo_01.jpg,1,history
1981,協和日成,https://www.kyowa-nissei.co.jp/,川野　茂,current,,,,,,,,,,0,current
1975,朝日工業社,https://www.asahikogyosha.co.jp/,平素,current,,,,,,,,,photos_1/1975_朝日工業社/current/photo_01.jpg,1,current
1982,日比谷総合設備,https://www.hibiya-eng.co.jp/,中北　英孝,current,2025年6月,,3283.79,,,,,,photos_1/1982_日比谷総合設備/current/photo_01.jpg,1,current
1982,日比谷総合設備,https://www.hibiya-eng.co.jp/,広瀬政之,prev_1,2024年4月,,,,,,,,photos_1/1982_日比谷総合設備/history/01_広瀬政之/photo_01.jpg,1,history
1982,日比谷総合設備,https://www.hibiya-eng.co.jp/,北野嘉久,prev_2,2019年4月,2024年4月,,,,,,,photos_1/1982_日比谷総合設備/history/02_北野嘉久/photo_01.jpg,1,history
1982,日比谷総合設備,https://www.hibiya-eng.co.jp/,柿木厚司,prev_3,2015年4月,2019年4月,,,,,,,photos_1/1982_日比谷総合設備/history/03_柿木厚司/photo_01.jpg,1,history
1982,日比谷総合設備,https://www.hibiya-eng.co.jp/,林田英治,prev_4,2010年4月,2015年4月,,,,,,,photos_1/1982_日比谷総合設備/history/04_林田英治/photo_01.jpg,1,history
1982,日比谷総合設備,https://www.hibiya-eng.co.jp/,馬田一,prev_5,2005年4月,2010年4月,,,,,,,photos_1/1982_日比谷総合設備/history/05_馬田一/photo_01.jpg,1,history
1982,日比谷総合設備,https://www.hibiya-eng.co.jp/,數土文夫,prev_6,2003年4月,2005年4月,,,,,,,photos_1/1982_日比谷総合設備/history/06_數土文夫/photo_01.jpg,1,history
1994,高橋カーテンウォール工業,https://www.t-cw.co.jp/,高橋 武治,current,,,,,,,,,photos_1/1994_高橋カーテンウォール工業/current/photo_01.jpg,1,current
2060,フィード・ワン,https://www.feed-one.co.jp/,日本配合,current,2014年10月,,412.16,,,,,,photos_1/2060_フィード・ワン/current/photo_01.jpg,1,current
2053,中部飼料,https://www.chubushiryo.co.jp/,藤田 京一,current,,,,,,,,,photos_1/2053_中部飼料/current/photo_01.jpg,1,current
2108,日本甜菜製糖,https://www.nitten.co.jp/,"月
日本甜",current,2025年7月,,2321.0,,,,,,"photos_1/2108_日本甜菜製糖/current/photo_01.jpg,photos_1/2108_日本甜菜製糖/current/photo_02.jpg,photos_1/2108_日本甜菜製糖/current/photo_03.jpg",3,current
2114,フジ日本,https://www.fuji-nihon.com/,植村甲午郎,prev_1,,,,,,,,,photos_1/2114_フジ日本/history/01_植村甲午郎/photo_01.jpg,1,history
2114,フジ日本,https://www.fuji-nihon.com/,水野成夫,prev_2,,,,,,,,,photos_1/2114_フジ日本/history/02_水野成夫/photo_01.jpg,1,history
2114,フジ日本,https://www.fuji-nihon.com/,鹿内信隆,prev_3,,,,,,,,,,0,history
2114,フジ日本,https://www.fuji-nihon.com/,浅野賢澄,prev_4,,,,,,,,,photos_1/2114_フジ日本/history/04_浅野賢澄/photo_01.jpg,1,history
2114,フジ日本,https://www.fuji-nihon.com/,鹿内春雄,prev_5,,,,,,,,,photos_1/2114_フジ日本/history/05_鹿内春雄/photo_01.jpg,1,history
2114,フジ日本,https://www.fuji-nihon.com/,鹿内宏明,prev_6,,,,,,,,,photos_1/2114_フジ日本/history/06_鹿内宏明/photo_01.jpg,1,history
2114,フジ日本,https://www.fuji-nihon.com/,日枝久,prev_7,,,,,,,,,photos_1/2114_フジ日本/history/07_日枝久/photo_01.jpg,1,history
2114,フジ日本,https://www.fuji-nihon.com/,嘉納修治,prev_8,,,,,,,,,photos_1/2114_フジ日本/history/08_嘉納修治/photo_01.jpg,1,history
2004,昭和産業,https://www.showa-sangyo.co.jp/,"日
昭和産",current,2026年２月,,3185.0,,,,,,photos_1/2004_昭和産業/current/photo_01.jpg,1,current
2120,LIFULL,https://lifull.com/,"理念

社名",current,2025年12月,,165.0,,,,,,photos_1/2120_LIFULL/current/photo_01.jpg,1,current
2127,日本M&Aセンターホールディングス,https://www.nihon-ma.co.jp/groups/,院前 伊集院,prev_1,,,,,,,,,photos_1/2127_日本M&Aセンターホールディングス/history/01_院前_伊集院/photo_01.jpg,1,history
2121,MIXI,https://mixi.co.jp/,木村 弘毅,current,,,,,,,,,photos_1/2121_MIXI/current/photo_01.jpg,1,current
2136,ヒップ,https://www.hip-pro.co.jp/,進士仁一,prev_1,,,,,,,,,photos_1/2136_ヒップ/history/01_進士仁一/photo_01.jpg,1,history
2136,ヒップ,https://www.hip-pro.co.jp/,手塚卓志,prev_2,,,,,,,,,photos_1/2136_ヒップ/history/02_手塚卓志/photo_01.jpg,1,history
2138,クルーズ,https://crooz.co.jp/,小渕 宏二,current,,,,,,,,,photos_1/2138_クルーズ/current/photo_01.jpg,1,current
2146,UTグループ,https://www.ut-g.co.jp/,外村　学,current,,,,,,,,,photos_1/2146_UTグループ/current/photo_01.jpg,1,current
2139,中広,https://chuco.co.jp/,社員 月月火,prev_1,,,,,,,,,photos_1/2139_中広/history/01_社員_月月火/photo_01.jpg,1,history
2153,E・Jホールディングス,https://www.ej-hds.co.jp/,小谷 裕司,current,2007年6月,,479.56,,,,,,photos_1/2153_E・Jホールディングス/current/photo_01.jpg,1,current
2154,オープンアップグループ,https://www.openupgroup.co.jp/,西田 穣,current,,,,,,,,,photos_1/2154_オープンアップグループ/current/photo_01.jpg,1,current
2160,ジーエヌアイグループ,https://www.gnipharma.com/,上海,current,,,,,,,,,photos_1/2160_ジーエヌアイグループ/current/photo_01.jpg,1,current
2130,メンバーズ,https://www.members.co.jp/,締役 兼,current,,,,,,,,,photos_1/2130_メンバーズ/current/photo_01.jpg,1,current
2162,nms　ホールディングス,https://www.n-ms.co.jp/,小野文明,prev_1,2018年頃,,,,,,,,photos_1/2162_nms_ホールディングス/history/01_小野文明/photo_01.jpg,1,history
2158,FRONTEO,https://www.fronteo.com/,守本 正宏,current,2020年2月,,314.0,,,,,,photos_1/2158_FRONTEO/current/photo_01.jpg,1,current
2168,パソナグループ,https://www.pasonagroup.co.jp/,表者 時田宗,prev_1,,,,,,,,,photos_1/2168_パソナグループ/history/01_表者_時田宗/photo_01.jpg,1,history
2170,リンクアンドモチベーション,https://www.lmi.ne.jp/,"会長
小笹",current,,,,,,,,,photos_1/2170_リンクアンドモチベーション/current/photo_01.jpg,1,current
2185,シイエム・シイ,https://www.cmc.co.jp/,幸恭,current,,,,,,,,,photos_1/2185_シイエム・シイ/current/photo_01.jpg,1,current
2175,エス・エム・エス,https://www.bm-sms.co.jp/,髙畑 正樹,current,,,,,,,,,photos_1/2175_エス・エム・エス/current/photo_01.jpg,1,current
2183,リニカル,https://www.linical.com/ja/,秦野 和浩資,prev_1,2005年6月7日,2023年3月,,,,,,,photos_1/2183_リニカル/history/01_秦野_和浩資/photo_01.jpg,1,history
2163,アルトナー,https://www.artner.co.jp/,関口 相三,current,,,,,,,,,"photos_1/2163_アルトナー/current/photo_01.jpg,photos_1/2163_アルトナー/current/photo_02.jpg,photos_1/2163_アルトナー/current/photo_03.jpg",3,current
2163,アルトナー,https://www.artner.co.jp/,相三 生出演,prev_1,2018年7月3日,,,,,,,,photos_1/2163_アルトナー/history/01_相三_生出演/photo_01.jpg,1,history
2196,エスクリ,https://www.escrit.jp/,"提供
業界団",current,,,,,,,,,photos_1/2196_エスクリ/current/photo_01.jpg,1,current
2195,アミタホールディングス,https://www.amita-hd.co.jp/,会長 兼,current,2025年3月,,347.0,,,,,,photos_1/2195_アミタホールディングス/current/photo_01.jpg,1,current
2193,クックパッド,https://info.cookpad.com/,理人 三菱,prev_1,2019年12月31日,,,,,,,,photos_1/2193_クックパッド/history/01_理人_三菱/photo_01.jpg,1,history
2201,森永製菓,https://morinaga.co.jp/,推進体制,current,2021年4月,,1848.21,,,,,,photos_1/2201_森永製菓/current/photo_01.jpg,1,current
2208,ブルボン,https://www.bourbon.co.jp/,会長　吉田康,current,2024年11月,,2307.66,,,,,,"photos_1/2208_ブルボン/current/photo_01.jpg,photos_1/2208_ブルボン/current/photo_02.jpg",2,current
2211,不二家,https://www.fujiya-peko.co.jp/,推進体制,current,2024年3月,,2450.33,,,,,,photos_1/2211_不二家/current/photo_01.jpg,1,current
2211,不二家,https://www.fujiya-peko.co.jp/,休止 日本経,prev_1,2022年9月15日,2007年1月11日,,,,,,,photos_1/2211_不二家/history/01_休止_日本経/photo_01.jpg,1,history
2211,不二家,https://www.fujiya-peko.co.jp/,両省 日本経,prev_2,2022年9月15日,2007年1月17日,,,,,,,photos_1/2211_不二家/history/02_両省_日本経/photo_01.jpg,1,history
2212,山崎製パン,https://www.yamazakipan.co.jp/,"体制
当社",current,,,,,,,,,photos_1/2212_山崎製パン/current/photo_01.jpg,1,current
2215,第一屋製パン,https://www.daiichipan.co.jp/,"社名
第一屋",current,2024年12月,,576.0,,,,,,"photos_1/2215_第一屋製パン/current/photo_01.jpg,photos_1/2215_第一屋製パン/current/photo_02.jpg",2,current
2222,寿スピリッツ,https://www.kotobukispirits.co.jp/,河越　誠剛,current,,,,,,,,,photos_1/2222_寿スピリッツ/current/photo_01.jpg,1,current
2264,森永乳業,https://www.morinagamilk.co.jp/,変化,current,2025年5月,,3436.55,,,,,,"photos_1/2264_森永乳業/current/photo_01.jpg,photos_1/2264_森永乳業/current/photo_02.jpg",2,current
2268,B-R　サーティワン　アイスクリーム,https://www.31ice.co.jp/,休止 日本経,prev_1,2022年9月15日,2007年1月11日,,,,,,,photos_1/2268_B-R_サーティワン_アイスクリーム/history/01_休止_日本経/photo_01.jpg,1,history
2268,B-R　サーティワン　アイスクリーム,https://www.31ice.co.jp/,両省 日本経,prev_2,2022年9月15日,2007年1月17日,,,,,,,photos_1/2268_B-R_サーティワン_アイスクリーム/history/02_両省_日本経/photo_01.jpg,1,history
2269,明治ホールディングス,https://www.meiji.com/,松田 克也,current,,,,,,,,,photos_1/2269_明治ホールディングス/current/photo_01.jpg,1,current
2270,雪印メグミルク,https://www.meg-snow.com/,佐藤　雅俊,current,2025年５月,,2648.0,,,,,,photos_1/2270_雪印メグミルク/current/photo_01.jpg,1,current
2270,雪印メグミルク,https://www.meg-snow.com/,中野吉晴,prev_1,2000年頃,,,,,,,,photos_1/2270_雪印メグミルク/history/01_中野吉晴/photo_01.jpg,1,history
2288,丸大食品,https://www.marudai.jp/,佐藤 勇二,current,,,,,,,,,photos_1/2288_丸大食品/current/photo_01.jpg,1,current
2291,福留ハム,https://www.fukutome.com/,食品,current,,,,,,,,,photos_1/2291_福留ハム/current/photo_01.jpg,1,current
2293,滝沢ハム,https://www.takizawaham.co.jp/,滝沢,current,,,,,,,,,photos_1/2293_滝沢ハム/current/photo_01.jpg,1,current
2307,クロスキャット,https://www.xcat.co.jp/,海空 地球征,prev_1,,,,,,,,,photos_1/2307_クロスキャット/history/01_海空_地球征/photo_01.jpg,1,history
2315,CAICA　DIGITAL,https://www.caica.jp/,石原 直樹,prev_1,,,,,,,,,photos_1/2315_CAICA_DIGITAL/history/01_石原_直樹/photo_01.jpg,1,history
2315,CAICA　DIGITAL,https://www.caica.jp/,大内 英史,prev_2,,,,,,,,,,0,history
2317,システナ,https://www.systena.co.jp/,植田和磨,prev_1,2002年12月4日,,,,,,,,photos_1/2317_システナ/history/01_植田和磨/photo_01.jpg,1,history
2317,システナ,https://www.systena.co.jp/,平生翔大,prev_2,2002年10月11日,,,,,,,,photos_1/2317_システナ/history/02_平生翔大/photo_01.jpg,1,history
2317,システナ,https://www.systena.co.jp/,小村真也,prev_3,2002年5月28日,,,,,,,,photos_1/2317_システナ/history/03_小村真也/photo_01.jpg,1,history
2317,システナ,https://www.systena.co.jp/,古畑翔,prev_4,,,,,,,,,photos_1/2317_システナ/history/04_古畑翔/photo_01.jpg,1,history
2317,システナ,https://www.systena.co.jp/,池田悠希,prev_5,,,,,,,,,photos_1/2317_システナ/history/05_池田悠希/photo_01.jpg,1,history
2317,システナ,https://www.systena.co.jp/,祝原涼介,prev_6,,,,,,,,,photos_1/2317_システナ/history/06_祝原涼介/photo_01.jpg,1,history
2311,エプコ,https://www.epco.co.jp/,一木 裕佳,current,2022年8月,,593.81,,,,,,photos_1/2311_エプコ/current/photo_01.jpg,1,current
2327,日鉄ソリューションズ,https://www.nssol.nipponsteel.com/,"体制
当社",current,,,,,,,,,photos_1/2327_日鉄ソリューションズ/current/photo_01.jpg,1,current
2329,東北新社,https://www.tfc.co.jp/,小坂 恵一,current,2001年11月,,,,,,,,photos_1/2329_東北新社/current/photo_01.jpg,1,current
2329,東北新社,https://www.tfc.co.jp/,済面 東北,prev_1,2025年4月4日,2021年1月28日,,,,,,,photos_1/2329_東北新社/history/01_済面_東北/photo_01.jpg,1,history
2329,東北新社,https://www.tfc.co.jp/,山氏　東北電,prev_2,2019年12月12日,2025年2月12日,,,,,,,photos_1/2329_東北新社/history/02_山氏_東北電/photo_01.jpg,1,history
2330,フォーサイド,https://www.forside.co.jp/,締役　大島正,current,2024年2月,,75.0,,,,,,"photos_1/2330_フォーサイド/current/photo_01.jpg,photos_1/2330_フォーサイド/current/photo_02.jpg",2,current
2323,fonfun,https://www.fonfun.co.jp/,水口　翼,current,2004年05月,,500.4,,,,,,photos_1/2323_fonfun/current/photo_01.jpg,1,current
2334,イオレ,https://www.eole.co.jp/,瀧野 諭吾,current,2025年6月,,108.3,,,,,,photos_1/2334_イオレ/current/photo_01.jpg,1,current
2337,いちご,https://www.ichigo.gr.jp/,年当社,current,2019年3月,,326.53,,,,,,photos_1/2337_いちご/current/photo_01.jpg,1,current
2338,クオンタムソリューションズ,https://www.quantum-s.co.jp/,土門 義隆,prev_1,,,,,,,,,photos_1/2338_クオンタムソリューションズ/history/01_土門_義隆/photo_01.jpg,1,history
2335,キューブシステム,https://www.cubesystem.co.jp/,"金融
流通",current,2025年3月,,983.21,,,,,,"photos_1/2335_キューブシステム/current/photo_01.jpg,photos_1/2335_キューブシステム/current/photo_02.jpg,photos_1/2335_キューブシステム/current/photo_03.jpg,photos_1/2335_キューブシステム/current/photo_04.jpg",4,current
2342,トランスジェニックグループ,https://www.transgenic-group.co.jp/,"理念
企業概",current,,,,,,,,,photos_1/2342_トランスジェニックグループ/current/photo_01.jpg,1,current
2345,クシム,https://www.kushim.co.jp/,伝説 大地,prev_1,2018年6月4日,2020年6月28日,,,,,,,photos_1/2345_クシム/history/01_伝説_大地/photo_01.jpg,1,history
2345,クシム,https://www.kushim.co.jp/,天堂　直面,prev_2,2017年3月10日,2015年7月13日,,,,,,,photos_1/2345_クシム/history/02_天堂_直面/photo_01.jpg,1,history
2345,クシム,https://www.kushim.co.jp/,田聡 講演内,prev_3,2016年10月6日,2011年10月28日,,,,,,,photos_1/2345_クシム/history/03_田聡_講演内/photo_01.jpg,1,history
2370,メディネット,https://www.medinet-inc.co.jp/,締役 会長,current,2002年9月,,,,,,,,,0,current
2373,ケア21,https://www.care21.co.jp/,依田 雅,current,2023年５月,,631.02,,,,,,photos_1/2373_ケア21/current/photo_01.jpg,1,current
2376,サイネックス,https://www.scinex.co.jp/,村田 吉優,current,令和2年11月,,773.82,,,,,,photos_1/2376_サイネックス/current/photo_01.jpg,1,current
2376,サイネックス,https://www.scinex.co.jp/,村田 吉優,prev_1,2020年頃,2018年頃,,,,,,,photos_1/2376_サイネックス/history/01_村田_吉優/photo_01.jpg,1,history
2376,サイネックス,https://www.scinex.co.jp/,村田吉優,prev_2,2018年頃,2020年頃,,,,,,,photos_1/2376_サイネックス/history/02_村田吉優/photo_01.jpg,1,history
2378,ルネサンス,https://www.s-renaissance.co.jp/,望月　美佐緒,current,,,,,,,,,photos_1/2378_ルネサンス/current/photo_01.jpg,1,current
2379,ディップ,https://www.dip-net.co.jp/,表者 時田宗,prev_1,,,,,,,,,photos_1/2379_ディップ/history/01_表者_時田宗/photo_01.jpg,1,history
2388,ウェッジホールディングス,http://www.wedge-hd.com/,金子 眞吾,prev_1,,,,,,,,,photos_1/2388_ウェッジホールディングス/history/01_金子_眞吾/photo_01.jpg,1,history
2384,SBSホールディングス,https://www.sbs-group.co.jp/,"役職
氏名",current,,,,,,,,,"photos_1/2384_SBSホールディングス/current/photo_01.jpg,photos_1/2384_SBSホールディングス/current/photo_02.jpg,photos_1/2384_SBSホールディングス/current/photo_03.jpg",3,current
2391,プラネット,https://www.planet-van.co.jp/,"氏名
坂田",current,,,,,,,,,photos_1/2391_プラネット/current/photo_01.jpg,1,current
2344,平安レイサービス,https://www.heian-group.co.jp/,神子柴 寿昭,prev_1,,,,,,,,,photos_1/2344_平安レイサービス/history/01_神子柴_寿昭/photo_01.jpg,1,history
2344,平安レイサービス,https://www.heian-group.co.jp/,三部 敏宏,prev_2,,,,,,,,,photos_1/2344_平安レイサービス/history/02_三部_敏宏/photo_01.jpg,1,history
2344,平安レイサービス,https://www.heian-group.co.jp/,倉石 誠司,prev_3,,,,,,,,,photos_1/2344_平安レイサービス/history/03_倉石_誠司/photo_01.jpg,1,history
2344,平安レイサービス,https://www.heian-group.co.jp/,竹内 弘平,prev_4,,,,,,,,,,0,history
2344,平安レイサービス,https://www.heian-group.co.jp/,鈴木 麻子,prev_5,,,,,,,,,photos_1/2344_平安レイサービス/history/05_鈴木_麻子/photo_01.jpg,1,history
2344,平安レイサービス,https://www.heian-group.co.jp/,貝原 典也,prev_6,,,,,,,,,photos_1/2344_平安レイサービス/history/06_貝原_典也/photo_01.jpg,1,history
2410,キャリアデザインセンター,https://cdc.type.jp/,"会長
多田",current,,,,,,,,,photos_1/2410_キャリアデザインセンター/current/photo_01.jpg,1,current
2418,ツカダ・グローバルホールディング,https://www.tsukada-global.holdings/,塚田 正由記,current,,,,,,,,,photos_1/2418_ツカダ・グローバルホールディング/current/photo_01.jpg,1,current
2424,ブラス,https://www.brass.ne.jp/,河合達明,prev_1,2014年頃,,,,,,,,photos_1/2424_ブラス/history/01_河合達明/photo_01.jpg,1,history
2425,ケアサービス,https://www.care.co.jp/,会長　福原,current,,,,,,,,,photos_1/2425_ケアサービス/current/photo_01.jpg,1,current
2425,ケアサービス,https://www.care.co.jp/,福原　敏雄,prev_1,2014年頃,,,,,,,,photos_1/2425_ケアサービス/history/01_福原_敏雄/photo_01.jpg,1,history
2433,博報堂DYホールディングス,https://www.hakuhodody-holdings.co.jp/,企業,current,,,,,,,,,"photos_1/2433_博報堂DYホールディングス/current/photo_01.jpg,photos_1/2433_博報堂DYホールディングス/current/photo_02.jpg",2,current
2415,ヒューマンホールディングス,https://www.athuman.com/,金子 眞吾,prev_1,,,,,,,,,photos_1/2415_ヒューマンホールディングス/history/01_金子_眞吾/photo_01.jpg,1,history
2435,シダー,http://www.cedar-web.com/,"社名
株",current,2025年3月,,216.11,,,,,,"photos_1/2435_シダー/current/photo_01.jpg,photos_1/2435_シダー/current/photo_02.jpg,photos_1/2435_シダー/current/photo_03.jpg",3,current
2436,共同ピーアール,https://www.kyodo-pr.co.jp/,会長　谷,current,,,,,,,,,photos_1/2436_共同ピーアール/current/photo_01.jpg,1,current
2461,ファンコミュニケーションズ,https://www.fancs.com/,二宮　幸司,current,2004年4月,,,,,,,,photos_1/2461_ファンコミュニケーションズ/current/photo_01.jpg,1,current
2449,プラップジャパン,https://www.prap.co.jp/,締役  鈴木,current,2025年8月,,998.2,,,,,,photos_1/2449_プラップジャパン/current/photo_01.jpg,1,current
2449,プラップジャパン,https://www.prap.co.jp/,鈴木 勇夫,prev_1,,,,,,,,,photos_1/2449_プラップジャパン/history/01_鈴木_勇夫/photo_01.jpg,1,history
2462,ライク,https://www.like-gr.co.jp/,"体制
当社",current,2023年12月,,1291.69,,,,,,photos_1/2462_ライク/current/photo_01.jpg,1,current
2462,ライク,https://www.like-gr.co.jp/,植田和磨,prev_1,2002年12月4日,,,,,,,,photos_1/2462_ライク/history/01_植田和磨/photo_01.jpg,1,history
2462,ライク,https://www.like-gr.co.jp/,平生翔大,prev_2,2002年10月11日,,,,,,,,photos_1/2462_ライク/history/02_平生翔大/photo_01.jpg,1,history
2462,ライク,https://www.like-gr.co.jp/,小村真也,prev_3,2002年5月28日,,,,,,,,photos_1/2462_ライク/history/03_小村真也/photo_01.jpg,1,history
2462,ライク,https://www.like-gr.co.jp/,古畑翔,prev_4,,,,,,,,,photos_1/2462_ライク/history/04_古畑翔/photo_01.jpg,1,history
2462,ライク,https://www.like-gr.co.jp/,池田悠希,prev_5,,,,,,,,,photos_1/2462_ライク/history/05_池田悠希/photo_01.jpg,1,history
2462,ライク,https://www.like-gr.co.jp/,祝原涼介,prev_6,,,,,,,,,photos_1/2462_ライク/history/06_祝原涼介/photo_01.jpg,1,history
2469,ヒビノ,https://www.hibino.co.jp/,比野　晃久,current,,,,,,,,,"photos_1/2469_ヒビノ/current/photo_01.jpg,photos_1/2469_ヒビノ/current/photo_02.jpg,photos_1/2469_ヒビノ/current/photo_03.jpg,photos_1/2469_ヒビノ/current/photo_04.jpg,photos_1/2469_ヒビノ/current/photo_05.jpg",5,current
2469,ヒビノ,https://www.hibino.co.jp/,比野 晃久,prev_1,,,,,,,,,photos_1/2469_ヒビノ/history/01_比野_晃久/photo_01.jpg,1,history
2475,WDBホールディングス,https://www.wdbhd.co.jp/,中野 敏光,current,,,,,,,,,photos_1/2475_WDBホールディングス/current/photo_01.jpg,1,current
2477,手間いらず,https://www.temairazu.co.jp/,伝説 怪奇,prev_1,,,,,,,,,photos_1/2477_手間いらず/history/01_伝説_怪奇/photo_01.jpg,1,history
2477,手間いらず,https://www.temairazu.co.jp/,伝説 哲也,prev_2,,,,,,,,,photos_1/2477_手間いらず/history/02_伝説_哲也/photo_01.jpg,1,history
2477,手間いらず,https://www.temairazu.co.jp/,子屋 銭天堂,prev_3,,,,,,,,,photos_1/2477_手間いらず/history/03_子屋_銭天堂/photo_01.jpg,1,history
2477,手間いらず,https://www.temairazu.co.jp/,界編 序奏,prev_4,,,,,,,,,photos_1/2477_手間いらず/history/04_界編_序奏/photo_01.jpg,1,history
2477,手間いらず,https://www.temairazu.co.jp/,皇子 天上編,prev_5,,,,,,,,,photos_1/2477_手間いらず/history/05_皇子_天上編/photo_01.jpg,1,history
2464,Aoba-BBT,https://aoba-bbt.com/,椿 進株,current,,,,,,,,,photos_1/2464_Aoba-BBT/current/photo_01.jpg,1,current
2471,エスプール,https://www.spool.co.jp/,"会長
浦上",current,,,,,,,,,photos_1/2471_エスプール/current/photo_01.jpg,1,current
2479,ジェイテック,https://www.j-tec-cor.co.jp/,広瀬政之,prev_1,2024年4月,,,,,,,,photos_1/2479_ジェイテック/history/01_広瀬政之/photo_01.jpg,1,history
2479,ジェイテック,https://www.j-tec-cor.co.jp/,北野嘉久,prev_2,2019年4月,2024年4月,,,,,,,photos_1/2479_ジェイテック/history/02_北野嘉久/photo_01.jpg,1,history
2479,ジェイテック,https://www.j-tec-cor.co.jp/,柿木厚司,prev_3,2015年4月,2019年4月,,,,,,,photos_1/2479_ジェイテック/history/03_柿木厚司/photo_01.jpg,1,history
2479,ジェイテック,https://www.j-tec-cor.co.jp/,林田英治,prev_4,2010年4月,2015年4月,,,,,,,photos_1/2479_ジェイテック/history/04_林田英治/photo_01.jpg,1,history
2479,ジェイテック,https://www.j-tec-cor.co.jp/,馬田一,prev_5,2005年4月,2010年4月,,,,,,,photos_1/2479_ジェイテック/history/05_馬田一/photo_01.jpg,1,history
2479,ジェイテック,https://www.j-tec-cor.co.jp/,數土文夫,prev_6,2003年4月,2005年4月,,,,,,,photos_1/2479_ジェイテック/history/06_數土文夫/photo_01.jpg,1,history
2483,翻訳センター,https://www.honyakuctr.com/,"月
 二宮",current,2018年7月,,2231.02,,,,,,photos_1/2483_翻訳センター/current/photo_01.jpg,1,current
2484,出前館,https://corporate.demae-can.co.jp/,前館 安全,current,,,,,,,,,,0,current
2480,システム・ロケーション,https://www.slc.jp/,千村 岳彦,current,,,,,,,,,photos_1/2480_システム・ロケーション/current/photo_01.jpg,1,current
2489,アドウェイズ,https://www.adways.net/,山田 翔,current,2009年10月,,181.18,,,,,,photos_1/2489_アドウェイズ/current/photo_01.jpg,1,current
2488,JTP,https://www.jtp.co.jp/,森　豊,current,2024年3月,,908.99,,,,,,photos_1/2488_JTP/current/photo_01.jpg,1,current
2492,インフォマート,https://corp.infomart.co.jp/,木村　慎,current,,,,,,,,,photos_1/2492_インフォマート/current/photo_01.jpg,1,current
2497,ユナイテッド,https://united.jp/,兼 執行役,current,2012年12月,,73.49,,,,,,"photos_1/2497_ユナイテッド/current/photo_01.jpg,photos_1/2497_ユナイテッド/current/photo_02.jpg,photos_1/2497_ユナイテッド/current/photo_03.jpg,photos_1/2497_ユナイテッド/current/photo_04.jpg",4,current
2497,ユナイテッド,https://united.jp/,早川,prev_1,2022年頃,,,,,,,,photos_1/2497_ユナイテッド/history/01_早川/photo_01.jpg,1,history
2497,ユナイテッド,https://united.jp/,金子,prev_2,2016年頃,2022年頃,,,,,,,photos_1/2497_ユナイテッド/history/02_金子/photo_01.jpg,1,history
2497,ユナイテッド,https://united.jp/,金子 陽三,prev_3,2000年頃,2016年頃,,,,,,,photos_1/2497_ユナイテッド/history/03_金子_陽三/photo_01.jpg,1,history
2454,オールアバウト,https://allabout.co.jp/,江幡 哲也,prev_1,,,,,,,,,,0,history
2499,日本和装ホールディングス,https://www.wasou.com/,鶴野　尚史,current,,,,,,,,,,0,current
2501,サッポロホールディングス,https://www.sapporoholdings.jp/,江崎,current,,,,,,,,,photos_1/2501_サッポロホールディングス/current/photo_01.jpg,1,current
2501,サッポロホールディングス,https://www.sapporoholdings.jp/,当社,prev_1,2022年頃,,,,,,,,photos_1/2501_サッポロホールディングス/history/01_当社/photo_01.jpg,1,history
2503,キリンホールディングス,https://www.kirinholdings.com/jp/,"任者
南方",current,2026年2月,,2474.0,,,,,,photos_1/2503_キリンホールディングス/current/photo_01.jpg,1,current
2531,宝ホールディングス,https://www.takara.co.jp/,木村 睦,current,,,,,,,,,photos_1/2531_宝ホールディングス/current/photo_01.jpg,1,current
2493,イーサポートリンク,https://www.e-supportlink.com/,進士仁一,prev_1,,,,,,,,,photos_1/2493_イーサポートリンク/history/01_進士仁一/photo_01.jpg,1,history
2493,イーサポートリンク,https://www.e-supportlink.com/,手塚卓志,prev_2,,,,,,,,,photos_1/2493_イーサポートリンク/history/02_手塚卓志/photo_01.jpg,1,history
2593,伊藤園,https://www.itoen.jp/,人生 岡田茂,prev_1,2011年6月7日,,,,,,,,photos_1/2593_伊藤園/history/01_人生_岡田茂/photo_01.jpg,1,history
2593,伊藤園,https://www.itoen.jp/,設置 鹿内春,prev_2,,,,,,,,,photos_1/2593_伊藤園/history/02_設置_鹿内春/photo_01.jpg,1,history
2594,キーコーヒー,https://www.keycoffee.co.jp/,会社 代表取,prev_1,,,,,,,,,,0,history
2602,日清オイリオグループ,https://www.nisshin-oillio.com/,日清,current,,,,,,,,,photos_1/2602_日清オイリオグループ/current/photo_01.jpg,1,current
2597,ユニカフェ,https://www.unicafe.com/,進士仁一,prev_1,,,,,,,,,,0,history
2597,ユニカフェ,https://www.unicafe.com/,手塚卓志,prev_2,,,,,,,,,photos_1/2597_ユニカフェ/history/02_手塚卓志/photo_01.jpg,1,history
2586,フルッタフルッタ,https://www.frutafruta.com/,弘道　長野県,prev_1,,,,,,,,,photos_1/2586_フルッタフルッタ/history/01_弘道_長野県/photo_01.jpg,1,history
2586,フルッタフルッタ,https://www.frutafruta.com/,中知　焼成冷,prev_2,,,,,,,,,photos_1/2586_フルッタフルッタ/history/02_中知_焼成冷/photo_01.jpg,1,history
2613,J-オイルミルズ,https://www.j-oil.com/,春山 裕一郎,prev_1,2025年12月18日,2026年1月１日,,,,,,,photos_1/2613_J-オイルミルズ/history/01_春山_裕一郎/photo_01.jpg,1,history
2667,イメージ　ワン,https://www.imageone.co.jp/,"月
株",current,2026年2月,,312.0,,,,,,"photos_1/2667_イメージ_ワン/current/photo_01.jpg,photos_1/2667_イメージ_ワン/current/photo_02.jpg,photos_1/2667_イメージ_ワン/current/photo_03.jpg",3,current
2573,北海道コカ・コーラボトリング,https://www.hokkaido.ccbc.co.jp/,酒寄 正太,current,,,,,,,,,photos_1/2573_北海道コカ・コーラボトリング/current/photo_01.jpg,1,current
2676,高千穂交易,https://corp.takachiho-kk.co.jp/,必要,current,,,,,,,,,photos_1/2676_高千穂交易/current/photo_01.jpg,1,current
2683,魚喜,https://www.uoki.co.jp/,娼館 望郷,prev_1,,,,,,,,,photos_1/2683_魚喜/history/01_娼館_望郷/photo_01.jpg,1,history
2683,魚喜,https://www.uoki.co.jp/,七号 君想,prev_2,,,,,,,,,photos_1/2683_魚喜/history/02_七号_君想/photo_01.jpg,1,history
2653,イオン九州,https://www.aeon-kyushu.info/,中川　伊正,current,,,,,,,,,photos_1/2653_イオン九州/current/photo_01.jpg,1,current
2653,イオン九州,https://www.aeon-kyushu.info/,古澤康之,prev_1,2025年3月,,,,,,,,photos_1/2653_イオン九州/history/01_古澤康之/photo_01.jpg,1,history
2653,イオン九州,https://www.aeon-kyushu.info/,井出武美,prev_2,2019年3月,2025年2月,,,,,,,photos_1/2653_イオン九州/history/02_井出武美/photo_01.jpg,1,history
2653,イオン九州,https://www.aeon-kyushu.info/,岡崎双一,prev_3,2015年2月,2019年3月,,,,,,,photos_1/2653_イオン九州/history/03_岡崎双一/photo_01.jpg,1,history
2653,イオン九州,https://www.aeon-kyushu.info/,梅本和典,prev_4,2013年3月,2015年2月,,,,,,,photos_1/2653_イオン九州/history/04_梅本和典/photo_01.jpg,1,history
2653,イオン九州,https://www.aeon-kyushu.info/,村井正平,prev_5,2008年4月,2013年3月,,,,,,,photos_1/2653_イオン九州/history/05_村井正平/photo_01.jpg,1,history
2689,オルバヘルスケアホールディングス,https://www.olba.co.jp/,理念,current,,,,,,,,,,0,current
2692,伊藤忠食品,https://www.itochu-shokuhin.com/,伊藤忠食,current,,,,,,,,,photos_1/2692_伊藤忠食品/current/photo_01.jpg,1,current
2698,キャンドゥ,https://www.cando-web.co.jp/,感動,current,,,,,,,,,photos_1/2698_キャンドゥ/current/photo_01.jpg,1,current
2694,焼肉坂井ホールディングス,https://ys-holdings.co.jp/,髙橋 仁志,current,,,,,,,,,photos_1/2694_焼肉坂井ホールディングス/current/photo_01.jpg,1,current
2733,あらた,https://www.arata-gr.jp/,皆様,current,,,,,,,,,photos_1/2733_あらた/current/photo_01.jpg,1,current
2726,パルグループホールディングス,http://www.palgroup.holdings/,児島  宏文,current,,,,,,,,,photos_1/2726_パルグループホールディングス/current/photo_01.jpg,1,current
2734,サーラコーポレーション,https://www.sala.jp/,進士仁一,prev_1,,,,,,,,,photos_1/2734_サーラコーポレーション/history/01_進士仁一/photo_01.jpg,1,history
2734,サーラコーポレーション,https://www.sala.jp/,手塚卓志,prev_2,,,,,,,,,photos_1/2734_サーラコーポレーション/history/02_手塚卓志/photo_01.jpg,1,history
2736,フェスタリアホールディングス,https://www.festaria.jp/,植村甲午郎,prev_1,,,,,,,,,photos_1/2736_フェスタリアホールディングス/history/01_植村甲午郎/photo_01.jpg,1,history
2736,フェスタリアホールディングス,https://www.festaria.jp/,水野成夫,prev_2,,,,,,,,,photos_1/2736_フェスタリアホールディングス/history/02_水野成夫/photo_01.jpg,1,history
2736,フェスタリアホールディングス,https://www.festaria.jp/,鹿内信隆,prev_3,,,,,,,,,,0,history
2736,フェスタリアホールディングス,https://www.festaria.jp/,浅野賢澄,prev_4,,,,,,,,,photos_1/2736_フェスタリアホールディングス/history/04_浅野賢澄/photo_01.jpg,1,history
2736,フェスタリアホールディングス,https://www.festaria.jp/,鹿内春雄,prev_5,,,,,,,,,photos_1/2736_フェスタリアホールディングス/history/05_鹿内春雄/photo_01.jpg,1,history
2736,フェスタリアホールディングス,https://www.festaria.jp/,鹿内宏明,prev_6,,,,,,,,,photos_1/2736_フェスタリアホールディングス/history/06_鹿内宏明/photo_01.jpg,1,history
2736,フェスタリアホールディングス,https://www.festaria.jp/,日枝久,prev_7,,,,,,,,,photos_1/2736_フェスタリアホールディングス/history/07_日枝久/photo_01.jpg,1,history
2736,フェスタリアホールディングス,https://www.festaria.jp/,嘉納修治,prev_8,,,,,,,,,photos_1/2736_フェスタリアホールディングス/history/08_嘉納修治/photo_01.jpg,1,history
2742,ハローズ,https://www.halows.com/,"変更
小",current,2025年5月,,4331.44,,,,,,photos_1/2742_ハローズ/current/photo_01.jpg,1,current
2742,ハローズ,https://www.halows.com/,佐藤 利行,prev_1,,,,,,,,,photos_1/2742_ハローズ/history/01_佐藤_利行/photo_01.jpg,1,history
2735,ワッツ,https://www.watts-jp.com/,平岡 満子,prev_1,2022年8月31日,,,,,,,,photos_1/2735_ワッツ/history/01_平岡_満子/photo_01.jpg,1,history
2737,トーメンデバイス,https://www.tomendevices.co.jp/,中尾 清隆,prev_1,,,,,,,,,photos_1/2737_トーメンデバイス/history/01_中尾_清隆/photo_01.jpg,1,history
2747,北雄ラッキー,https://www.hokuyu-lucky.co.jp/,"挨拶

北雄",current,,,,,,,,,photos_1/2747_北雄ラッキー/current/photo_01.jpg,1,current
2750,石光商事,https://www.ishimitsu.co.jp/,石光商,current,,,,,,,,,"photos_1/2750_石光商事/current/photo_01.jpg,photos_1/2750_石光商事/current/photo_02.jpg,photos_1/2750_石光商事/current/photo_03.jpg",3,current
2751,テンポスホールディングス,https://www.tenpos.co.jp/,演劇,current,,,,,,,,,"photos_1/2751_テンポスホールディングス/current/photo_01.jpg,photos_1/2751_テンポスホールディングス/current/photo_02.jpg,photos_1/2751_テンポスホールディングス/current/photo_03.jpg,photos_1/2751_テンポスホールディングス/current/photo_04.jpg,photos_1/2751_テンポスホールディングス/current/photo_05.jpg",5,current
2763,エフティグループ,https://www.ftgroup.co.jp/,生堂 企業情,prev_1,,,,,,,,,photos_1/2763_エフティグループ/history/01_生堂_企業情/photo_01.jpg,1,history
2768,双日,https://www.sojitz.com/jp/,植村 幸祐,current,,,,,,,,,photos_1/2768_双日/current/photo_01.jpg,1,current
2782,セリア,https://www.seria-group.com/corp/,植田和磨,prev_1,2002年12月4日,,,,,,,,photos_1/2782_セリア/history/01_植田和磨/photo_01.jpg,1,history
2782,セリア,https://www.seria-group.com/corp/,平生翔大,prev_2,2002年10月11日,,,,,,,,photos_1/2782_セリア/history/02_平生翔大/photo_01.jpg,1,history
2782,セリア,https://www.seria-group.com/corp/,小村真也,prev_3,2002年5月28日,,,,,,,,photos_1/2782_セリア/history/03_小村真也/photo_01.jpg,1,history
2782,セリア,https://www.seria-group.com/corp/,古畑翔,prev_4,,,,,,,,,photos_1/2782_セリア/history/04_古畑翔/photo_01.jpg,1,history
2782,セリア,https://www.seria-group.com/corp/,池田悠希,prev_5,,,,,,,,,photos_1/2782_セリア/history/05_池田悠希/photo_01.jpg,1,history
2782,セリア,https://www.seria-group.com/corp/,祝原涼介,prev_6,,,,,,,,,photos_1/2782_セリア/history/06_祝原涼介/photo_01.jpg,1,history
2784,アルフレッサ　ホールディングス,https://www.alfresa.com/,表者 時田宗,prev_1,,,,,,,,,photos_1/2784_アルフレッサ_ホールディングス/history/01_表者_時田宗/photo_01.jpg,1,history
2784,アルフレッサ　ホールディングス,https://www.alfresa.com/,荒川 隆治,prev_2,,,,,,,,,photos_1/2784_アルフレッサ_ホールディングス/history/02_荒川_隆治/photo_01.jpg,1,history
2789,カルラ,http://www.re-marumatu.co.jp/,井上 善行,current,,,,,,,,,photos_1/2789_カルラ/current/photo_01.jpg,1,current
2790,ナフコ,https://www.nafco.tv/,石田 卓巳,current,,,,,,,,,photos_1/2790_ナフコ/current/photo_01.jpg,1,current
2792,ハニーズホールディングス,https://www.honeys.co.jp/,院前 伊集院,prev_1,,,,,,,,,photos_1/2792_ハニーズホールディングス/history/01_院前_伊集院/photo_01.jpg,1,history
2780,コメ兵ホールディングス,https://komehyohds.com/,石原 卓児,current,2020年10月,,675.89,,,,,,"photos_1/2780_コメ兵ホールディングス/current/photo_01.jpg,photos_1/2780_コメ兵ホールディングス/current/photo_02.jpg",2,current
2780,コメ兵ホールディングス,https://komehyohds.com/,植村甲午郎,prev_1,,,,,,,,,photos_1/2780_コメ兵ホールディングス/history/01_植村甲午郎/photo_01.jpg,1,history
2780,コメ兵ホールディングス,https://komehyohds.com/,水野成夫,prev_2,,,,,,,,,photos_1/2780_コメ兵ホールディングス/history/02_水野成夫/photo_01.jpg,1,history
2780,コメ兵ホールディングス,https://komehyohds.com/,鹿内信隆,prev_3,,,,,,,,,,0,history
2780,コメ兵ホールディングス,https://komehyohds.com/,浅野賢澄,prev_4,,,,,,,,,photos_1/2780_コメ兵ホールディングス/history/04_浅野賢澄/photo_01.jpg,1,history
2780,コメ兵ホールディングス,https://komehyohds.com/,鹿内春雄,prev_5,,,,,,,,,photos_1/2780_コメ兵ホールディングス/history/05_鹿内春雄/photo_01.jpg,1,history
2780,コメ兵ホールディングス,https://komehyohds.com/,鹿内宏明,prev_6,,,,,,,,,photos_1/2780_コメ兵ホールディングス/history/06_鹿内宏明/photo_01.jpg,1,history
2780,コメ兵ホールディングス,https://komehyohds.com/,日枝久,prev_7,,,,,,,,,photos_1/2780_コメ兵ホールディングス/history/07_日枝久/photo_01.jpg,1,history
2780,コメ兵ホールディングス,https://komehyohds.com/,嘉納修治,prev_8,,,,,,,,,photos_1/2780_コメ兵ホールディングス/history/08_嘉納修治/photo_01.jpg,1,history
2778,パレモ・ホールディングス,https://www.palemo.co.jp/,福井 正弘,prev_1,,,,,,,,,photos_1/2778_パレモ・ホールディングス/history/01_福井_正弘/photo_01.jpg,1,history
2778,パレモ・ホールディングス,https://www.palemo.co.jp/,香西 雅弘,prev_2,,,,,,,,,photos_1/2778_パレモ・ホールディングス/history/02_香西_雅弘/photo_01.jpg,1,history
2795,日本プリメックス,https://www.primex.co.jp/,"方針
世界的",current,,,,,,,,,photos_1/2795_日本プリメックス/current/photo_01.jpg,1,current
2804,ブルドックソース,https://www.bulldog.co.jp/,明治,current,,,,,,,,,photos_1/2804_ブルドックソース/current/photo_01.jpg,1,current
2805,ヱスビー食品,https://www.sbfoods.co.jp/,王洲 銀河劇,prev_1,,,,,,,,,photos_1/2805_ヱスビー食品/history/01_王洲_銀河劇/photo_01.jpg,1,history
2796,ファーマライズホールディングス,https://www.pharmarise.com/,院前 伊集院,prev_1,,,,,,,,,photos_1/2796_ファーマライズホールディングス/history/01_院前_伊集院/photo_01.jpg,1,history
2810,ハウス食品グループ本社,https://housefoods-group.com/,浦上 博史,current,,,,,,,,,photos_1/2810_ハウス食品グループ本社/current/photo_01.jpg,1,current
2806,ユタカフーズ,https://yutakafoods.co.jp/,伊藤 輝夫,prev_1,,,,,,,,,photos_1/2806_ユタカフーズ/history/01_伊藤_輝夫/photo_01.jpg,1,history
2809,キユーピー,https://www.kewpie.com/,始者 中島董,current,,,,,,,,,"photos_1/2809_キユーピー/current/photo_01.jpg,photos_1/2809_キユーピー/current/photo_02.jpg,photos_1/2809_キユーピー/current/photo_03.jpg",3,current
2809,キユーピー,https://www.kewpie.com/,樽井 史朗,prev_1,,,,,,,,,photos_1/2809_キユーピー/history/01_樽井_史朗/photo_01.jpg,1,history
2816,ダイショー,https://www.daisho.co.jp/,進士仁一,prev_1,,,,,,,,,photos_1/2816_ダイショー/history/01_進士仁一/photo_01.jpg,1,history
2816,ダイショー,https://www.daisho.co.jp/,手塚卓志,prev_2,,,,,,,,,photos_1/2816_ダイショー/history/02_手塚卓志/photo_01.jpg,1,history
2815,アリアケジャパン,https://www.ariakejapan.com/,神子柴 寿昭,prev_1,,,,,,,,,photos_1/2815_アリアケジャパン/history/01_神子柴_寿昭/photo_01.jpg,1,history
2815,アリアケジャパン,https://www.ariakejapan.com/,三部 敏宏,prev_2,,,,,,,,,photos_1/2815_アリアケジャパン/history/02_三部_敏宏/photo_01.jpg,1,history
2815,アリアケジャパン,https://www.ariakejapan.com/,倉石 誠司,prev_3,,,,,,,,,photos_1/2815_アリアケジャパン/history/03_倉石_誠司/photo_01.jpg,1,history
2815,アリアケジャパン,https://www.ariakejapan.com/,竹内 弘平,prev_4,,,,,,,,,photos_1/2815_アリアケジャパン/history/04_竹内_弘平/photo_01.jpg,1,history
2815,アリアケジャパン,https://www.ariakejapan.com/,鈴木 麻子,prev_5,,,,,,,,,photos_1/2815_アリアケジャパン/history/05_鈴木_麻子/photo_01.jpg,1,history
2815,アリアケジャパン,https://www.ariakejapan.com/,貝原 典也,prev_6,,,,,,,,,photos_1/2815_アリアケジャパン/history/06_貝原_典也/photo_01.jpg,1,history
2819,エバラ食品工業,https://www.ebarafoods.com/,森村　剛士,current,,,,,,,,,photos_1/2819_エバラ食品工業/current/photo_01.jpg,1,current
2830,アヲハタ,https://www.aohata.co.jp/,最高品質,current,,,,,,,,,"photos_1/2830_アヲハタ/current/photo_01.jpg,photos_1/2830_アヲハタ/current/photo_02.jpg",2,current
2830,アヲハタ,https://www.aohata.co.jp/,上田 敏哉,prev_1,,,,,,,,,photos_1/2830_アヲハタ/history/01_上田_敏哉/photo_01.jpg,1,history
2872,セイヒョー,https://www.seihyo.co.jp/,周一　資本金,prev_1,2022年6月,2022年2月,,,,,,,photos_1/2872_セイヒョー/history/01_周一_資本金/photo_01.jpg,1,history
2874,横浜冷凍,https://www.yokorei.co.jp/,古瀬 健児,current,2001年10月,,332.84,,,,,,photos_1/2874_横浜冷凍/current/photo_01.jpg,1,current
2875,東洋水産,https://www.maruchan.co.jp/,住本 憲,current,,,,,,,,,photos_1/2875_東洋水産/current/photo_01.jpg,1,current
2820,やまみ,https://www.yamami.co.jp/,"社名
株",current,2025年6月,,4916.34,,,,,,photos_1/2820_やまみ/current/photo_01.jpg,1,current
2882,イートアンドホールディングス,https://www.eat-and.jp/,文野 直樹,current,,,,,,,,,"photos_1/2882_イートアンドホールディングス/current/photo_01.jpg,photos_1/2882_イートアンドホールディングス/current/photo_02.jpg,photos_1/2882_イートアンドホールディングス/current/photo_03.jpg,photos_1/2882_イートアンドホールディングス/current/photo_04.jpg,photos_1/2882_イートアンドホールディングス/current/photo_05.jpg",5,current
2882,イートアンドホールディングス,https://www.eat-and.jp/,院前 伊集院,prev_1,,,,,,,,,photos_1/2882_イートアンドホールディングス/history/01_院前_伊集院/photo_01.jpg,1,history
2877,日東ベスト,https://www.nittobest.co.jp/,日東,current,,,,,,,,,"photos_1/2877_日東ベスト/current/photo_01.jpg,photos_1/2877_日東ベスト/current/photo_02.jpg,photos_1/2877_日東ベスト/current/photo_03.jpg",3,current
2892,日本食品化工,https://www.nisshoku.co.jp/,当社,current,,,,,,,,,photos_1/2892_日本食品化工/current/photo_01.jpg,1,current
2892,日本食品化工,https://www.nisshoku.co.jp/,兼務 来年,prev_1,2019年9月11日,2020年9月30日,,,,,,,photos_1/2892_日本食品化工/history/01_兼務_来年/photo_01.jpg,1,history
2871,ニチレイ,https://www.nichirei.co.jp/,"一覧
 各拠点",current,,,,,,,,,photos_1/2871_ニチレイ/current/photo_01.jpg,1,current
2871,ニチレイ,https://www.nichirei.co.jp/,役　職,prev_1,2026年2月17日,2026年6月,2019.5,,,,,,,0,history
2871,ニチレイ,https://www.nichirei.co.jp/,七澤　正市取,prev_2,2026年4月1日,,,,,,,,photos_1/2871_ニチレイ/history/01_七澤_正市取/photo_01.jpg,1,history
2871,ニチレイ,https://www.nichirei.co.jp/,本田　実執行,prev_3,2026年4月1日,,,,,,,,photos_1/2871_ニチレイ/history/02_本田_実執行/photo_01.jpg,1,history
2871,ニチレイ,https://www.nichirei.co.jp/,箕輪　巧執行,prev_4,2026年4月1日,,,,,,,,photos_1/2871_ニチレイ/history/03_箕輪_巧執行/photo_01.jpg,1,history
2871,ニチレイ,https://www.nichirei.co.jp/,大櫛 顕也,prev_5,2026年2月17日,,,,,,,,photos_1/2871_ニチレイ/history/04_大櫛_顕也/photo_01.jpg,1,history
2871,ニチレイ,https://www.nichirei.co.jp/,上野　直之常,prev_6,,,,,,,,,photos_1/2871_ニチレイ/history/05_上野_直之常/photo_01.jpg,1,history
2901,ウェルディッシュ,https://wel-dish.co.jp/,月期 決算説,current,2026年01月,,439.0,,,,,,,0,current
2901,ウェルディッシュ,https://wel-dish.co.jp/,小松 周平,prev_1,,,,,,,,,photos_1/2901_ウェルディッシュ/history/01_小松_周平/photo_01.jpg,1,history
2884,ヨシムラ・フード・ホールディングス,https://www.y-food-h.com/,吉村 元久,current,,,,,,,,,photos_1/2884_ヨシムラ・フード・ホールディングス/current/photo_01.jpg,1,current
2884,ヨシムラ・フード・ホールディングス,https://www.y-food-h.com/,彦氏　寺畠正,prev_1,2020年1月9日,2024年1月20日,,,,,,,photos_1/2884_ヨシムラ・フード・ホールディングス/history/01_彦氏_寺畠正/photo_01.jpg,1,history
2911,旭松食品,https://www.asahimatsu.co.jp/,務用 調味料,prev_1,,,,,,,,,photos_1/2911_旭松食品/history/01_務用_調味料/photo_01.jpg,1,history
2914,日本たばこ産業,https://www.jti.co.jp/,彦氏　寺畠正,prev_1,2020年1月9日,2024年1月20日,,,,,,,photos_1/2914_日本たばこ産業/history/01_彦氏_寺畠正/photo_01.jpg,1,history
2916,仙波糖化工業,https://www.sembatohka.co.jp/,小林 光夫資,prev_1,2020年3月,2020年3月,,,,,,,photos_1/2916_仙波糖化工業/history/01_小林_光夫資/photo_01.jpg,1,history
2910,ロック・フィールド,https://www.rockfield.co.jp/,古塚　孝志,current,,,,,,,,,photos_1/2910_ロック・フィールド/current/photo_01.jpg,1,current
2917,大森屋,https://ohmoriya-inc.co.jp/,楠瀬 好房,prev_1,2008年9月30日,,,,,,,,photos_1/2917_大森屋/history/01_楠瀬_好房/photo_01.jpg,1,history
2929,ファーマフーズ,https://www.pharmafoods.co.jp/,金 武祚,current,,,,,,,,,photos_1/2929_ファーマフーズ/current/photo_01.jpg,1,current
2931,ユーグレナ,https://www.euglena.jp/,出雲 充,current,2025年8月,,414.93,,,,,,"photos_1/2931_ユーグレナ/current/photo_01.jpg,photos_1/2931_ユーグレナ/current/photo_02.jpg,photos_1/2931_ユーグレナ/current/photo_03.jpg",3,current
2931,ユーグレナ,https://www.euglena.jp/,南沢　典子,prev_1,2021年12月31日,,,,,,,,photos_1/2931_ユーグレナ/history/01_南沢_典子/photo_01.jpg,1,history
2934,ジェイフロンティア,https://jfrontier.jp/,中村 篤弘,current,2021年3月,,,,,,,,photos_1/2934_ジェイフロンティア/current/photo_01.jpg,1,current
2935,ピックルスホールディングス,https://www.pickles-hd.co.jp/,提供,current,,,,,,,,,"photos_1/2935_ピックルスホールディングス/current/photo_01.jpg,photos_1/2935_ピックルスホールディングス/current/photo_02.jpg",2,current
2935,ピックルスホールディングス,https://www.pickles-hd.co.jp/,荻野 芳隆,prev_1,2025年8月31日,,,,,,,,photos_1/2935_ピックルスホールディングス/history/01_荻野_芳隆/photo_01.jpg,1,history
2938,オカムラ食品工業,https://www.okamurashokuhin.co.jp/,岡村 恒一,current,2025年6月,,821.5,,,,,,photos_1/2938_オカムラ食品工業/current/photo_01.jpg,1,current
2930,北の達人コーポレーション,https://www.kitanotatsujin.com/,木下 勝寿,current,2020年10月,,548.53,,,,,,,0,current
2930,北の達人コーポレーション,https://www.kitanotatsujin.com/,木下　浩子,prev_1,2025年2月28日,,,,,,,,photos_1/2930_北の達人コーポレーション/history/01_木下_浩子/photo_01.jpg,1,history
2937,サンクゼール,https://www.stcousair.co.jp/,守流 利益,prev_1,,,,,,,,,photos_1/2937_サンクゼール/history/01_守流_利益/photo_01.jpg,1,history
2937,サンクゼール,https://www.stcousair.co.jp/,奪戦 資源,prev_2,,,,,,,,,photos_1/2937_サンクゼール/history/02_奪戦_資源/photo_01.jpg,1,history
2937,サンクゼール,https://www.stcousair.co.jp/,代目 執念,prev_3,,,,,,,,,photos_1/2937_サンクゼール/history/03_代目_執念/photo_01.jpg,1,history
2962,テクニスコ,https://www.tecnisco.com/,関家　圭三,current,,,,,,,,,"photos_1/2962_テクニスコ/current/photo_01.jpg,photos_1/2962_テクニスコ/current/photo_02.jpg,photos_1/2962_テクニスコ/current/photo_03.jpg,photos_1/2962_テクニスコ/current/photo_04.jpg,photos_1/2962_テクニスコ/current/photo_05.jpg",5,current
2975,スター・マイカ・ホールディングス,https://www.starmica-holdings.co.jp/,水永 政志,current,2019年6月,,511.53,,,,,,"photos_1/2975_スター・マイカ・ホールディングス/current/photo_01.jpg,photos_1/2975_スター・マイカ・ホールディングス/current/photo_02.jpg",2,current
2978,ツクルバ,https://tsukuruba.com/,"締役
福島",current,2019年6月,,,,,,,,photos_1/2978_ツクルバ/current/photo_01.jpg,1,current
2980,SREホールディングス,https://sre-group.co.jp/,西山 和良,current,,,,,,,,,"photos_1/2980_SREホールディングス/current/photo_01.jpg,photos_1/2980_SREホールディングス/current/photo_02.jpg,photos_1/2980_SREホールディングス/current/photo_03.jpg,photos_1/2980_SREホールディングス/current/photo_04.jpg,photos_1/2980_SREホールディングス/current/photo_05.jpg",5,current
2982,ADワークスグループ,https://www.adwg.co.jp/,田中 秀夫,current,2011年2月,,,,,,,,photos_1/2982_ADワークスグループ/current/photo_01.jpg,1,current
2927,AFC-HDアムスライフサイエンス,https://www.ams-life.co.jp/,"挨拶
私",current,,,,,,,,,photos_1/2927_AFC-HDアムスライフサイエンス/current/photo_01.jpg,1,current
2981,ランディックス,https://landix.jp/,決算説明,prev_1,2020年頃,,,,,,,,,0,history
2993,長栄,https://www.kk-choei.co.jp/,舩井 渉,current,,,,,,,,,photos_1/2993_長栄/current/photo_01.jpg,1,current
2997,ストレージ王,https://www.storageoh.co.jp/,締役　 荒川,current,2022年4月,,756.0,,,,,,"photos_1/2997_ストレージ王/current/photo_01.jpg,photos_1/2997_ストレージ王/current/photo_02.jpg",2,current
3001,片倉工業,https://www.katakura.co.jp/,通称社名,current,2024年12月,,1902.11,,,,,,photos_1/3001_片倉工業/current/photo_01.jpg,1,current
3002,グンゼ,https://www.gunze.co.jp/,"環境
社会",current,,,,,,,,,"photos_1/3002_グンゼ/current/photo_01.jpg,photos_1/3002_グンゼ/current/photo_02.jpg,photos_1/3002_グンゼ/current/photo_03.jpg",3,current
3003,ヒューリック,https://www.hulic.co.jp/,会長 西浦,current,2024年12月,,1349.4,,,,,,photos_1/3003_ヒューリック/current/photo_01.jpg,1,current
2983,アールプランナー,https://www.arrplanner.co.jp/,当社 梢政樹,current,2025年11月,,1197.25,,,,,,"photos_1/2983_アールプランナー/current/photo_01.jpg,photos_1/2983_アールプランナー/current/photo_02.jpg",2,current
2983,アールプランナー,https://www.arrplanner.co.jp/,伝説 怪奇,prev_1,,,,,,,,,photos_1/2983_アールプランナー/history/01_伝説_怪奇/photo_01.jpg,1,history
2983,アールプランナー,https://www.arrplanner.co.jp/,伝説 哲也,prev_2,,,,,,,,,photos_1/2983_アールプランナー/history/02_伝説_哲也/photo_01.jpg,1,history
2983,アールプランナー,https://www.arrplanner.co.jp/,子屋 銭天堂,prev_3,,,,,,,,,photos_1/2983_アールプランナー/history/03_子屋_銭天堂/photo_01.jpg,1,history
2983,アールプランナー,https://www.arrplanner.co.jp/,界編 序奏,prev_4,,,,,,,,,photos_1/2983_アールプランナー/history/04_界編_序奏/photo_01.jpg,1,history
2983,アールプランナー,https://www.arrplanner.co.jp/,皇子 天上編,prev_5,,,,,,,,,photos_1/2983_アールプランナー/history/05_皇子_天上編/photo_01.jpg,1,history
3023,ラサ商事,https://www.rasaco.co.jp/,月期 第,current,2026年３月,,,,,,,,"photos_1/3023_ラサ商事/current/photo_01.jpg,photos_1/3023_ラサ商事/current/photo_02.jpg,photos_1/3023_ラサ商事/current/photo_03.jpg,photos_1/3023_ラサ商事/current/photo_04.jpg,photos_1/3023_ラサ商事/current/photo_05.jpg",5,current
2998,クリアル,https://corp.creal.jp/,横田　大造,current,,,,,,,,,photos_1/2998_クリアル/current/photo_01.jpg,1,current
3034,クオールホールディングス,https://www.qolhd.co.jp/,中村 敬,current,,,,,,,,,photos_1/3034_クオールホールディングス/current/photo_01.jpg,1,current
3010,ポラリス・ホールディングス,https://www.polaris-holdings.com/,"会長
高倉",current,,,,,,,,,photos_1/3010_ポラリス・ホールディングス/current/photo_01.jpg,1,current
3031,ラクーンホールディングス,https://www.raccoon.ne.jp/,小方 功,current,2013年5月,,174.51,,,,,,"photos_1/3031_ラクーンホールディングス/current/photo_01.jpg,photos_1/3031_ラクーンホールディングス/current/photo_02.jpg,photos_1/3031_ラクーンホールディングス/current/photo_03.jpg,photos_1/3031_ラクーンホールディングス/current/photo_04.jpg",4,current
3036,アルコニックス,https://www.alconix.com/,代木 洋,current,2003年4月,,,,,,,,photos_1/3036_アルコニックス/current/photo_01.jpg,1,current
3036,アルコニックス,https://www.alconix.com/,斎藤 善敬,prev_1,,,,,,,,,photos_1/3036_アルコニックス/history/01_斎藤_善敬/photo_01.jpg,1,history
3035,ケイティケイ,https://www.ktk.gr.jp/,青山 英生,prev_1,,,,,,,,,photos_1/3035_ケイティケイ/history/01_青山_英生/photo_01.jpg,1,history
3038,神戸物産,https://www.kobebussan.co.jp/,沼田　博和,current,,,,,,,,,photos_1/3038_神戸物産/current/photo_01.jpg,1,current
3046,ジンズホールディングス,https://jinsholdings.com/,植村甲午郎,prev_1,,,,,,,,,photos_1/3046_ジンズホールディングス/history/01_植村甲午郎/photo_01.jpg,1,history
3046,ジンズホールディングス,https://jinsholdings.com/,水野成夫,prev_2,,,,,,,,,photos_1/3046_ジンズホールディングス/history/02_水野成夫/photo_01.jpg,1,history
3046,ジンズホールディングス,https://jinsholdings.com/,鹿内信隆,prev_3,,,,,,,,,,0,history
3046,ジンズホールディングス,https://jinsholdings.com/,浅野賢澄,prev_4,,,,,,,,,photos_1/3046_ジンズホールディングス/history/04_浅野賢澄/photo_01.jpg,1,history
3046,ジンズホールディングス,https://jinsholdings.com/,鹿内春雄,prev_5,,,,,,,,,photos_1/3046_ジンズホールディングス/history/05_鹿内春雄/photo_01.jpg,1,history
3046,ジンズホールディングス,https://jinsholdings.com/,鹿内宏明,prev_6,,,,,,,,,photos_1/3046_ジンズホールディングス/history/06_鹿内宏明/photo_01.jpg,1,history
3046,ジンズホールディングス,https://jinsholdings.com/,日枝久,prev_7,,,,,,,,,photos_1/3046_ジンズホールディングス/history/07_日枝久/photo_01.jpg,1,history
3046,ジンズホールディングス,https://jinsholdings.com/,嘉納修治,prev_8,,,,,,,,,photos_1/3046_ジンズホールディングス/history/08_嘉納修治/photo_01.jpg,1,history
3058,三洋堂ホールディングス,https://ir.sanyodo.co.jp/,加藤 和裕,prev_1,2021年3月31日,,,,,,,,photos_1/3058_三洋堂ホールディングス/history/01_加藤_和裕/photo_01.jpg,1,history
3063,ジェイグループホールディングス,https://www.jgroup.jp/,松永 圭司,prev_1,2017年2月,,,,,,,,photos_1/3063_ジェイグループホールディングス/history/01_松永_圭司/photo_01.jpg,1,history
3069,JFLAホールディングス,https://j-fla.com/,檜垣　周作,prev_1,2000年頃,,,,,,,,photos_1/3069_JFLAホールディングス/history/01_檜垣_周作/photo_01.jpg,1,history
3077,ホリイフードサービス,https://www.horiifood.co.jp/,進士仁一,prev_1,,,,,,,,,photos_1/3077_ホリイフードサービス/history/01_進士仁一/photo_01.jpg,1,history
3077,ホリイフードサービス,https://www.horiifood.co.jp/,手塚卓志,prev_2,,,,,,,,,photos_1/3077_ホリイフードサービス/history/02_手塚卓志/photo_01.jpg,1,history
3045,カワサキ,https://www.kawasaki-corp.co.jp/,提訴 毎日新,prev_1,2012年12月6日,2014年6月23日,,,,,,,photos_1/3045_カワサキ/history/01_提訴_毎日新/photo_01.jpg,1,history
3086,J.フロント　リテイリング,https://www.j-front-retailing.com/,小出 寛子,current,2001年4月,,399.21,,,,,,photos_1/3086_J.フロント_リテイリング/current/photo_01.jpg,1,current
3087,ドトール・日レスホールディングス,https://www.dnh.co.jp/,彦氏　寺畠正,prev_1,2020年1月9日,2024年1月20日,,,,,,,photos_1/3087_ドトール・日レスホールディングス/history/01_彦氏_寺畠正/photo_01.jpg,1,history
3092,ZOZO,https://corp.zozo.com/,澤田 宏太郎,current,2005年６月,,,,,,,,"photos_1/3092_ZOZO/current/photo_01.jpg,photos_1/3092_ZOZO/current/photo_02.jpg",2,current
3092,ZOZO,https://corp.zozo.com/,拒否 新規参,prev_1,2022年2月19日,2018年7月18日,,,,,,,photos_1/3092_ZOZO/history/01_拒否_新規参/photo_01.jpg,1,history
3092,ZOZO,https://corp.zozo.com/,澤氏 千葉,prev_2,2019年12月25日,2019年12月25日,,,,,,,photos_1/3092_ZOZO/history/02_澤氏_千葉/photo_01.jpg,1,history
3092,ZOZO,https://corp.zozo.com/,落札 資金繰,prev_3,2019年5月13日,2019年5月17日,,,,,,,photos_1/3092_ZOZO/history/03_落札_資金繰/photo_01.jpg,1,history
3075,銚子丸,https://www.choushimaru.co.jp/,植村甲午郎,prev_1,,,,,,,,,photos_1/3075_銚子丸/history/01_植村甲午郎/photo_01.jpg,1,history
3075,銚子丸,https://www.choushimaru.co.jp/,水野成夫,prev_2,,,,,,,,,photos_1/3075_銚子丸/history/02_水野成夫/photo_01.jpg,1,history
3075,銚子丸,https://www.choushimaru.co.jp/,鹿内信隆,prev_3,,,,,,,,,,0,history
3075,銚子丸,https://www.choushimaru.co.jp/,浅野賢澄,prev_4,,,,,,,,,photos_1/3075_銚子丸/history/04_浅野賢澄/photo_01.jpg,1,history
3075,銚子丸,https://www.choushimaru.co.jp/,鹿内春雄,prev_5,,,,,,,,,photos_1/3075_銚子丸/history/05_鹿内春雄/photo_01.jpg,1,history
3075,銚子丸,https://www.choushimaru.co.jp/,鹿内宏明,prev_6,,,,,,,,,photos_1/3075_銚子丸/history/06_鹿内宏明/photo_01.jpg,1,history
3075,銚子丸,https://www.choushimaru.co.jp/,日枝久,prev_7,,,,,,,,,photos_1/3075_銚子丸/history/07_日枝久/photo_01.jpg,1,history
3075,銚子丸,https://www.choushimaru.co.jp/,嘉納修治,prev_8,,,,,,,,,photos_1/3075_銚子丸/history/08_嘉納修治/photo_01.jpg,1,history
3097,物語コーポレーション,https://www.monogatari.co.jp/,"社名
株",current,2025年6月,,3403.83,,,,,,"photos_1/3097_物語コーポレーション/current/photo_01.jpg,photos_1/3097_物語コーポレーション/current/photo_02.jpg,photos_1/3097_物語コーポレーション/current/photo_03.jpg",3,current
3103,ユニチカ,https://www.unitika.co.jp/,問合,current,,,,,,,,,"photos_1/3103_ユニチカ/current/photo_01.jpg,photos_1/3103_ユニチカ/current/photo_02.jpg",2,current
3106,倉敷紡績,https://www.kurabo.co.jp/,社会,current,,,,,,,,,photos_1/3106_倉敷紡績/current/photo_01.jpg,1,current
3105,日清紡ホールディングス,https://www.nisshinbo.co.jp/,日清紡,current,,,,,,,,,photos_1/3105_日清紡ホールディングス/current/photo_01.jpg,1,current
3111,オーミケンシ,https://omikenshi.co.jp/,俳優 亀岡拓,prev_1,,,,,,,,,,0,history
3116,トヨタ紡織,https://www.toyota-boshoku.com/,白柳 正義,current,,,,,,,,,photos_1/3116_トヨタ紡織/current/photo_01.jpg,1,current
3131,シンデン・ハイテックス,https://www.shinden.co.jp/,鈴木 淳,current,,,,,,,,,photos_1/3131_シンデン・ハイテックス/current/photo_01.jpg,1,current
3137,ファンデリー,https://www.fundely.co.jp/,娼館 望郷,prev_1,,,,,,,,,photos_1/3137_ファンデリー/history/01_娼館_望郷/photo_01.jpg,1,history
3137,ファンデリー,https://www.fundely.co.jp/,七号 君想,prev_2,,,,,,,,,photos_1/3137_ファンデリー/history/02_七号_君想/photo_01.jpg,1,history
3135,マーケットエンタープライズ,https://www.marketenterprise.co.jp/,小林 泰士,prev_1,2026年2月24日,,,,,,,,photos_1/3135_マーケットエンタープライズ/history/01_小林_泰士/photo_01.jpg,1,history
3121,マーチャント・バンカーズ,https://www.mbkworld.co.jp/,経済 研究,prev_1,2013年01月10日,,,,,,,,photos_1/3121_マーチャント・バンカーズ/history/01_経済_研究/photo_01.jpg,1,history
3151,バイタルケーエスケー・ホールディングス,https://www.vitalksk.co.jp/,村井 泰介,current,2006年6月,,467.34,,,,,,photos_1/3151_バイタルケーエスケー・ホールディングス/current/photo_01.jpg,1,current
3157,ジオリーブグループ,https://www.geolive.co.jp/,植木 啓之,current,,,,,,,,,photos_1/3157_ジオリーブグループ/current/photo_01.jpg,1,current
3159,丸善CHIホールディングス,https://www.maruzen-chi.co.jp/,"拡大
丸善",current,,,,,,,,,photos_1/3159_丸善CHIホールディングス/current/photo_01.jpg,1,current
3159,丸善CHIホールディングス,https://www.maruzen-chi.co.jp/,万円　日本人,prev_1,2011年1月11日,2012年2月8日,,,,,,,photos_1/3159_丸善CHIホールディングス/history/01_万円_日本人/photo_01.jpg,1,history
3161,アゼアス,https://www.azearth.co.jp/,斉藤　文明,prev_1,,,,,,,,,photos_1/3161_アゼアス/history/01_斉藤_文明/photo_01.jpg,1,history
3173,Cominix,https://www.cominix.jp/,社会,current,,,,,,,,,"photos_1/3173_Cominix/current/photo_01.jpg,photos_1/3173_Cominix/current/photo_02.jpg",2,current
3174,ハピネス・アンド・ディ,https://www.happiness-d.co.jp/,前原　聡,current,,,,,,,,,photos_1/3174_ハピネス・アンド・ディ/current/photo_01.jpg,1,current
3176,三洋貿易,https://www.sanyo-trading.co.jp/,新谷　正伸,current,,,,,,,,,photos_1/3176_三洋貿易/current/photo_01.jpg,1,current
3176,三洋貿易,https://www.sanyo-trading.co.jp/,新谷　正伸,prev_1,2022年頃,,,,,,,,photos_1/3176_三洋貿易/history/01_新谷_正伸/photo_01.jpg,1,history
3175,エー・ピーホールディングス,https://ap-holdings.jp/,院前 伊集院,prev_1,,,,,,,,,photos_1/3175_エー・ピーホールディングス/history/01_院前_伊集院/photo_01.jpg,1,history
3178,チムニー,https://www.chimney.co.jp/,茨田 篤司,prev_1,,,,,,,,,photos_1/3178_チムニー/history/01_茨田_篤司/photo_01.jpg,1,history
3180,ビューティガレージ,https://www.beautygarage.co.jp/,野村 秀輝,current,2001年1月,,,,,,,,photos_1/3180_ビューティガレージ/current/photo_01.jpg,1,current
3182,オイシックス・ラ・大地,https://www.oisixradaichi.co.jp/,私達,current,2020年4月,,1156.9,,,,,,photos_1/3182_オイシックス・ラ・大地/current/photo_01.jpg,1,current
3184,ICDAホールディングス,https://www.icda.jp/,向井 俊樹,prev_1,2019年3月31日,,,,,,,,photos_1/3184_ICDAホールディングス/history/01_向井_俊樹/photo_01.jpg,1,history
3186,ネクステージ,https://www.nextage.jp/,植村甲午郎,prev_1,,,,,,,,,photos_1/3186_ネクステージ/history/01_植村甲午郎/photo_01.jpg,1,history
3186,ネクステージ,https://www.nextage.jp/,水野成夫,prev_2,,,,,,,,,photos_1/3186_ネクステージ/history/02_水野成夫/photo_01.jpg,1,history
3186,ネクステージ,https://www.nextage.jp/,鹿内信隆,prev_3,,,,,,,,,,0,history
3186,ネクステージ,https://www.nextage.jp/,浅野賢澄,prev_4,,,,,,,,,photos_1/3186_ネクステージ/history/04_浅野賢澄/photo_01.jpg,1,history
3186,ネクステージ,https://www.nextage.jp/,鹿内春雄,prev_5,,,,,,,,,photos_1/3186_ネクステージ/history/05_鹿内春雄/photo_01.jpg,1,history
3186,ネクステージ,https://www.nextage.jp/,鹿内宏明,prev_6,,,,,,,,,photos_1/3186_ネクステージ/history/06_鹿内宏明/photo_01.jpg,1,history
3186,ネクステージ,https://www.nextage.jp/,日枝久,prev_7,,,,,,,,,photos_1/3186_ネクステージ/history/07_日枝久/photo_01.jpg,1,history
3186,ネクステージ,https://www.nextage.jp/,嘉納修治,prev_8,,,,,,,,,photos_1/3186_ネクステージ/history/08_嘉納修治/photo_01.jpg,1,history
3187,ミラタップ,https://info.miratap.co.jp/,"状況
企業統",current,2025年12月,,289.0,,,,,,photos_1/3187_ミラタップ/current/photo_01.jpg,1,current
3190,ホットマン,http://www.yg-hotman.com/,坂本　将之資,prev_1,2025年3月,,,,,,,,photos_1/3190_ホットマン/history/01_坂本_将之資/photo_01.jpg,1,history
3195,ジェネレーションパス,https://www.genepa.com/,"説明
当社",current,2021年１月,,571.27,,,,,,photos_1/3195_ジェネレーションパス/current/photo_01.jpg,1,current
3197,すかいらーくホールディングス,https://corp.skylark.co.jp/,金谷 実,current,,,,,,,,,photos_1/3197_すかいらーくホールディングス/current/photo_01.jpg,1,current
3197,すかいらーくホールディングス,https://corp.skylark.co.jp/,言及　金額,prev_1,2025年6月25日,2025年6月29日,,,,,,,photos_1/3197_すかいらーくホールディングス/history/01_言及_金額/photo_01.jpg,1,history
3199,綿半ホールディングス,https://watahan.co.jp/,野原　勇,current,,,,,,,,,photos_1/3199_綿半ホールディングス/current/photo_01.jpg,1,current
3198,SFPホールディングス,https://www.sfpdining.jp/,"方

当社",current,2025年5月,,2251.29,,,,,,photos_1/3198_SFPホールディングス/current/photo_01.jpg,1,current
3205,ダイドーリミテッド,https://www.daidoh-limited.com/,成瀬　功一郎,current,2024年5月,,516.91,,,,,,"photos_1/3205_ダイドーリミテッド/current/photo_01.jpg,photos_1/3205_ダイドーリミテッド/current/photo_02.jpg",2,current
3202,ダイトウボウ,https://www.daitobo.co.jp/,山内 一裕,current,,,,,,,,,photos_1/3202_ダイトウボウ/current/photo_01.jpg,1,current
3231,野村不動産ホールディングス,https://www.nomura-re-hd.co.jp/,野村不動,current,,,,,,,,,photos_1/3231_野村不動産ホールディングス/current/photo_01.jpg,1,current
3232,三重交通グループホールディングス,https://holdings.sanco.co.jp/,"案内

日本語",current,2025年6月,,480.1,,,,,,,0,current
3222,ユナイテッド・スーパーマーケット・ホールディングス,https://www.usmh.co.jp/,井出 武美,current,,,,,,,,,photos_1/3222_ユナイテッド・スーパーマーケット・ホールディングス/current/photo_01.jpg,1,current
3238,セントラル総合開発,https://www.central-gd.co.jp/,田中 洋一,prev_1,,,,,,,,,photos_1/3238_セントラル総合開発/history/01_田中_洋一/photo_01.jpg,1,history
3245,ディア・ライフ,https://www.dear-life.co.jp/,阿部 幸広,current,,,,,,,,,photos_1/3245_ディア・ライフ/current/photo_01.jpg,1,current
3245,ディア・ライフ,https://www.dear-life.co.jp/,阿部幸広,prev_1,2022年頃,,,,,,,,photos_1/3245_ディア・ライフ/history/01_阿部幸広/photo_01.jpg,1,history
3242,アーバネットコーポレーション,https://www.urbanet.jp/,田中,current,,,,,,,,,photos_1/3242_アーバネットコーポレーション/current/photo_01.jpg,1,current
3241,ウィル,https://www.wills.co.jp/,田中 真次,current,,,,,,,,,photos_1/3241_ウィル/current/photo_01.jpg,1,current
3241,ウィル,https://www.wills.co.jp/,次氏　社員,prev_1,,,,,,,,,photos_1/3241_ウィル/history/01_次氏_社員/photo_01.jpg,1,history
3252,地主,https://www.jinushi-jp.com/,西羅 曜旦,current,,,,,,,,,"photos_1/3252_地主/current/photo_01.jpg,photos_1/3252_地主/current/photo_02.jpg",2,current
3252,地主,https://www.jinushi-jp.com/,業者 松岡,prev_1,,,,,,,,,photos_1/3252_地主/history/01_業者_松岡/photo_01.jpg,1,history
3267,フィル・カンパニー,https://philcompany.jp/,外山 晋吾,current,2023年8月,,743.17,,,,,,photos_1/3267_フィル・カンパニー/current/photo_01.jpg,1,current
3276,JPMC,https://www.jpmc.jp/,"戦略
中長期",current,2022年6月,,833.29,,,,,,"photos_1/3276_JPMC/current/photo_01.jpg,photos_1/3276_JPMC/current/photo_02.jpg",2,current
3246,コーセーアールイー,https://www.kose-re.jp/,進士仁一,prev_1,,,,,,,,,,0,history
3246,コーセーアールイー,https://www.kose-re.jp/,手塚卓志,prev_2,,,,,,,,,photos_1/3246_コーセーアールイー/history/02_手塚卓志/photo_01.jpg,1,history
3286,トラストホールディングス,https://www.trust-hd.co.jp/,山川 修,current,2001年９月,,,,,,,,photos_1/3286_トラストホールディングス/current/photo_01.jpg,1,current
3286,トラストホールディングス,https://www.trust-hd.co.jp/,山氏　三井住,prev_1,2025年12月23日,2025年12月23日,,,,,,,photos_1/3286_トラストホールディングス/history/01_山氏_三井住/photo_01.jpg,1,history
3286,トラストホールディングス,https://www.trust-hd.co.jp/,山氏　海外,prev_2,2025年7月31日,2025年12月23日,,,,,,,photos_1/3286_トラストホールディングス/history/02_山氏_海外/photo_01.jpg,1,history
3288,オープンハウスグループ,https://openhouse-group.co.jp/ir/,締役 福岡,current,,,,,,,,,"photos_1/3288_オープンハウスグループ/current/photo_01.jpg,photos_1/3288_オープンハウスグループ/current/photo_02.jpg,photos_1/3288_オープンハウスグループ/current/photo_03.jpg,photos_1/3288_オープンハウスグループ/current/photo_04.jpg,photos_1/3288_オープンハウスグループ/current/photo_05.jpg",5,current
3280,エストラスト,https://www.strust.co.jp/,"方
当社",current,平成17年４月,,,,,,,,photos_1/3280_エストラスト/current/photo_01.jpg,1,current
3293,アズマハウス,https://azumahouse.com/,和歌山市,prev_1,2020年頃,,,,,,,,photos_1/3293_アズマハウス/history/01_和歌山市/photo_01.jpg,1,history
3297,東武住販,https://www.toubu.co.jp/,荻野　利浩,current,2024年9月,,1022.71,,,,,,photos_1/3297_東武住販/current/photo_01.jpg,1,current
3297,東武住販,https://www.toubu.co.jp/,荻野 利浩,prev_1,,,,,,,,,photos_1/3297_東武住販/history/01_荻野_利浩/photo_01.jpg,1,history
3299,ムゲンエステート,https://www.mugen-estate.co.jp/,"締役
藤田",current,2013年3月,,,,,,,,"photos_1/3299_ムゲンエステート/current/photo_01.jpg,photos_1/3299_ムゲンエステート/current/photo_02.jpg,photos_1/3299_ムゲンエステート/current/photo_03.jpg,photos_1/3299_ムゲンエステート/current/photo_04.jpg,photos_1/3299_ムゲンエステート/current/photo_05.jpg",5,current
3315,日本コークス工業,https://www.n-coke.com/,企業理念,current,,,,,,,,,photos_1/3315_日本コークス工業/current/photo_01.jpg,1,current
3321,ミタチ産業,https://www.mitachi.co.jp/,橘 和博,current,,,,,,,,,photos_1/3321_ミタチ産業/current/photo_01.jpg,1,current
3320,クロスプラス,https://www.crossplus.co.jp/,皆様,current,2026年1月,,1344.02,,,,,,,0,current
3329,東和フードサービス,https://www.towafood-net.co.jp/,岸野　誠人,current,,,,,,,,,"photos_1/3329_東和フードサービス/current/photo_01.jpg,photos_1/3329_東和フードサービス/current/photo_02.jpg",2,current
3306,日本製麻,https://www.nihonseima.co.jp/,進士仁一,prev_1,,,,,,,,,photos_1/3306_日本製麻/history/01_進士仁一/photo_01.jpg,1,history
3306,日本製麻,https://www.nihonseima.co.jp/,手塚卓志,prev_2,,,,,,,,,photos_1/3306_日本製麻/history/02_手塚卓志/photo_01.jpg,1,history
3326,ランシステム,https://www.runsystem.co.jp/,月期上期,current,2026年3月,,,,,,,,"photos_1/3326_ランシステム/current/photo_01.jpg,photos_1/3326_ランシステム/current/photo_02.jpg,photos_1/3326_ランシステム/current/photo_03.jpg,photos_1/3326_ランシステム/current/photo_04.jpg,photos_1/3326_ランシステム/current/photo_05.jpg",5,current
3355,クリヤマホールディングス,https://www.kuriyama-holdings.com/,植村甲午郎,prev_1,,,,,,,,,photos_1/3355_クリヤマホールディングス/history/01_植村甲午郎/photo_01.jpg,1,history
3355,クリヤマホールディングス,https://www.kuriyama-holdings.com/,水野成夫,prev_2,,,,,,,,,photos_1/3355_クリヤマホールディングス/history/02_水野成夫/photo_01.jpg,1,history
3355,クリヤマホールディングス,https://www.kuriyama-holdings.com/,鹿内信隆,prev_3,,,,,,,,,,0,history
3355,クリヤマホールディングス,https://www.kuriyama-holdings.com/,浅野賢澄,prev_4,,,,,,,,,,0,history
3355,クリヤマホールディングス,https://www.kuriyama-holdings.com/,鹿内春雄,prev_5,,,,,,,,,photos_1/3355_クリヤマホールディングス/history/05_鹿内春雄/photo_01.jpg,1,history
3355,クリヤマホールディングス,https://www.kuriyama-holdings.com/,鹿内宏明,prev_6,,,,,,,,,photos_1/3355_クリヤマホールディングス/history/06_鹿内宏明/photo_01.jpg,1,history
3355,クリヤマホールディングス,https://www.kuriyama-holdings.com/,日枝久,prev_7,,,,,,,,,photos_1/3355_クリヤマホールディングス/history/07_日枝久/photo_01.jpg,1,history
3355,クリヤマホールディングス,https://www.kuriyama-holdings.com/,嘉納修治,prev_8,,,,,,,,,photos_1/3355_クリヤマホールディングス/history/08_嘉納修治/photo_01.jpg,1,history
3289,東急不動産ホールディングス,http://www.tokyu-fudosan-hd.co.jp/,魅力,current,2021年5月,,495.01,,,,,,photos_1/3289_東急不動産ホールディングス/current/photo_01.jpg,1,current
3289,東急不動産ホールディングス,http://www.tokyu-fudosan-hd.co.jp/,西川 弘典,prev_1,2024年頃,,,,,,,,photos_1/3289_東急不動産ホールディングス/history/01_西川_弘典/photo_01.jpg,1,history
3361,トーエル,https://www.toell.co.jp/,娼館 望郷,prev_1,,,,,,,,,photos_1/3361_トーエル/history/01_娼館_望郷/photo_01.jpg,1,history
3361,トーエル,https://www.toell.co.jp/,七号 君想,prev_2,,,,,,,,,photos_1/3361_トーエル/history/02_七号_君想/photo_01.jpg,1,history
3371,ソフトクリエイトホールディングス,https://www.softcreate-holdings.co.jp/,院前 伊集院,prev_1,,,,,,,,,photos_1/3371_ソフトクリエイトホールディングス/history/01_院前_伊集院/photo_01.jpg,1,history
3359,cotta,https://www.cotta.co.jp/,黒須 綾希子,current,,,,,,,,,photos_1/3359_cotta/current/photo_01.jpg,1,current
3374,内外テック,https://www.naigaitec.co.jp/,井田 克郎,current,2024年4月,,3162.98,,,,,,photos_1/3374_内外テック/current/photo_01.jpg,1,current
3374,内外テック,https://www.naigaitec.co.jp/,神子柴 寿昭,prev_1,,,,,,,,,photos_1/3374_内外テック/history/01_神子柴_寿昭/photo_01.jpg,1,history
3374,内外テック,https://www.naigaitec.co.jp/,三部 敏宏,prev_2,,,,,,,,,photos_1/3374_内外テック/history/02_三部_敏宏/photo_01.jpg,1,history
3374,内外テック,https://www.naigaitec.co.jp/,倉石 誠司,prev_3,,,,,,,,,photos_1/3374_内外テック/history/03_倉石_誠司/photo_01.jpg,1,history
3374,内外テック,https://www.naigaitec.co.jp/,竹内 弘平,prev_4,,,,,,,,,,0,history
3374,内外テック,https://www.naigaitec.co.jp/,鈴木 麻子,prev_5,,,,,,,,,photos_1/3374_内外テック/history/05_鈴木_麻子/photo_01.jpg,1,history
3374,内外テック,https://www.naigaitec.co.jp/,貝原 典也,prev_6,,,,,,,,,photos_1/3374_内外テック/history/06_貝原_典也/photo_01.jpg,1,history
3377,バイク王&カンパニー,https://www.8190.co.jp/,澤　篤史,current,2007年7月,,535.64,,,,,,"photos_1/3377_バイク王&カンパニー/current/photo_01.jpg,photos_1/3377_バイク王&カンパニー/current/photo_02.jpg,photos_1/3377_バイク王&カンパニー/current/photo_03.jpg,photos_1/3377_バイク王&カンパニー/current/photo_04.jpg",4,current
3382,セブン&アイ・ホールディングス,https://www.7andi.com/,締役　会長,current,2002年5月,,447.97,,,,,,photos_1/3382_セブン&アイ・ホールディングス/current/photo_01.jpg,1,current
3382,セブン&アイ・ホールディングス,https://www.7andi.com/,院前 伊集院,prev_1,,,,,,,,,photos_1/3382_セブン&アイ・ホールディングス/history/01_院前_伊集院/photo_01.jpg,1,history
3360,シップヘルスケアホールディングス,https://www.shiphd.co.jp/,締役　佐野,current,2007年6月,,535.92,,,,,,photos_1/3360_シップヘルスケアホールディングス/current/photo_01.jpg,1,current
3391,ツルハホールディングス,https://www.tsuruha-hd.co.jp/,鶴羽 順,current,,,,,,,,,photos_1/3391_ツルハホールディングス/current/photo_01.jpg,1,current
3387,クリエイト・レストランツ・ホールディングス,https://www.createrestaurants.com/,創業,current,,,,,,,,,,0,current
3387,クリエイト・レストランツ・ホールディングス,https://www.createrestaurants.com/,彦氏　寺畠正,prev_1,2020年1月9日,2024年1月20日,,,,,,,photos_1/3387_クリエイト・レストランツ・ホールディングス/history/01_彦氏_寺畠正/photo_01.jpg,1,history
3395,サンマルクホールディングス,https://www.saint-marc-hd.com/,藤川 祐樹社,prev_1,2021年12月17日,2025年9月,,,,,,,photos_1/3395_サンマルクホールディングス/history/01_藤川_祐樹社/photo_01.jpg,1,history
3393,スターティアホールディングス,https://www.startiaholdings.com/,本郷 秀之,current,,,,,,,,,"photos_1/3393_スターティアホールディングス/current/photo_01.jpg,photos_1/3393_スターティアホールディングス/current/photo_02.jpg,photos_1/3393_スターティアホールディングス/current/photo_03.jpg,photos_1/3393_スターティアホールディングス/current/photo_04.jpg,photos_1/3393_スターティアホールディングス/current/photo_05.jpg",5,current
3392,デリカフーズホールディングス,https://www.delica.co.jp/,持続可能,current,,,,,,,,,photos_1/3392_デリカフーズホールディングス/current/photo_01.jpg,1,current
3392,デリカフーズホールディングス,https://www.delica.co.jp/,阪急 大井町,prev_1,,,,,,,,,photos_1/3392_デリカフーズホールディングス/history/01_阪急_大井町/photo_01.jpg,1,history
3397,トリドールホールディングス,https://www.toridoll.com/,内容	飲食業,current,2016年10月,,1103.41,,,,,,photos_1/3397_トリドールホールディングス/current/photo_01.jpg,1,current
3416,ピクスタ,https://pixta.co.jp/,古俣 大介,current,2000年9月,,,,,,,,photos_1/3416_ピクスタ/current/photo_01.jpg,1,current
3416,ピクスタ,https://pixta.co.jp/,古俣 大介資,prev_1,2005年8月25日,2024年12月,,,,,,,photos_1/3416_ピクスタ/history/01_古俣_大介資/photo_01.jpg,1,history
3420,ケー・エフ・シー,https://www.kfc-net.co.jp/,田村 知幸,current,,,,,,,,,photos_1/3420_ケー・エフ・シー/current/photo_01.jpg,1,current
3431,宮地エンジニアリンググループ,https://www.miyaji-eng.com/,橋梁,current,,,,,,,,,,0,current
3433,トーカロ,https://www.tocalo.co.jp/,小林　和也,current,2014年4月,,288.87,,,,,,"photos_1/3433_トーカロ/current/photo_01.jpg,photos_1/3433_トーカロ/current/photo_02.jpg,photos_1/3433_トーカロ/current/photo_03.jpg,photos_1/3433_トーカロ/current/photo_04.jpg,photos_1/3433_トーカロ/current/photo_05.jpg",5,current
3426,アトムリビンテック,https://www.atomlt.com/,引戸,current,令和3年4月,,1422.53,,,,,,"photos_1/3426_アトムリビンテック/current/photo_01.jpg,photos_1/3426_アトムリビンテック/current/photo_02.jpg",2,current
3426,アトムリビンテック,https://www.atomlt.com/,植村甲午郎,prev_1,,,,,,,,,photos_1/3426_アトムリビンテック/history/01_植村甲午郎/photo_01.jpg,1,history
3426,アトムリビンテック,https://www.atomlt.com/,水野成夫,prev_2,,,,,,,,,photos_1/3426_アトムリビンテック/history/02_水野成夫/photo_01.jpg,1,history
3426,アトムリビンテック,https://www.atomlt.com/,鹿内信隆,prev_3,,,,,,,,,,0,history
3426,アトムリビンテック,https://www.atomlt.com/,浅野賢澄,prev_4,,,,,,,,,photos_1/3426_アトムリビンテック/history/04_浅野賢澄/photo_01.jpg,1,history
3426,アトムリビンテック,https://www.atomlt.com/,鹿内春雄,prev_5,,,,,,,,,photos_1/3426_アトムリビンテック/history/05_鹿内春雄/photo_01.jpg,1,history
3426,アトムリビンテック,https://www.atomlt.com/,鹿内宏明,prev_6,,,,,,,,,photos_1/3426_アトムリビンテック/history/06_鹿内宏明/photo_01.jpg,1,history
3426,アトムリビンテック,https://www.atomlt.com/,日枝久,prev_7,,,,,,,,,photos_1/3426_アトムリビンテック/history/07_日枝久/photo_01.jpg,1,history
3426,アトムリビンテック,https://www.atomlt.com/,嘉納修治,prev_8,,,,,,,,,photos_1/3426_アトムリビンテック/history/08_嘉納修治/photo_01.jpg,1,history
3436,SUMCO,https://www.sumcosi.com/,阿波 俊弘,prev_1,,,,,,,,,photos_1/3436_SUMCO/history/01_阿波_俊弘/photo_01.jpg,1,history
3441,山王,https://www.sanno.co.jp/,送検 大津,prev_1,2013年6月5日,2013年6月25日,,,,,,,photos_1/3441_山王/history/01_送検_大津/photo_01.jpg,1,history
3443,川田テクノロジーズ,https://www.kawada.jp/,言及　金額,prev_1,2025年6月25日,2025年6月29日,,,,,,,photos_1/3443_川田テクノロジーズ/history/01_言及_金額/photo_01.jpg,1,history
3440,日創プロニティ,https://www.nissogroup.com/,石田 徹,current,2025年8月,,1008.03,,,,,,photos_1/3440_日創プロニティ/current/photo_01.jpg,1,current
3449,テクノフレックス,https://www.technoflex.co.jp/,辞任 違法薬,prev_1,2011年10月7日,2024年10月28日,,,,,,,photos_1/3449_テクノフレックス/history/01_辞任_違法薬/photo_01.jpg,1,history
3447,信和,https://www.shinwa-jp.com/,工法　受注棟,prev_1,,,,,,,,,photos_1/3447_信和/history/01_工法_受注棟/photo_01.jpg,1,history
3447,信和,https://www.shinwa-jp.com/,戸数　近畿,prev_2,,,,,,,,,photos_1/3447_信和/history/02_戸数_近畿/photo_01.jpg,1,history
3447,信和,https://www.shinwa-jp.com/,棟数　近畿,prev_3,,,,,,,,,photos_1/3447_信和/history/03_棟数_近畿/photo_01.jpg,1,history
3447,信和,https://www.shinwa-jp.com/,議室　大阪研,prev_4,,,,,,,,,photos_1/3447_信和/history/04_議室_大阪研/photo_01.jpg,1,history
3447,信和,https://www.shinwa-jp.com/,議室 大阪研,prev_5,,,,,,,,,photos_1/3447_信和/history/05_議室_大阪研/photo_01.jpg,1,history
3465,ケイアイスター不動産,https://ki-group.co.jp/,塙 圭二,current,,,,,,,,,photos_1/3465_ケイアイスター不動産/current/photo_01.jpg,1,current
3474,G-FACTORY,https://g-fac.jp/,片平 雅之,current,,,,,,,,,photos_1/3474_G-FACTORY/current/photo_01.jpg,1,current
3474,G-FACTORY,https://g-fac.jp/,王洲 銀河劇,prev_1,,,,,,,,,photos_1/3474_G-FACTORY/history/01_王洲_銀河劇/photo_01.jpg,1,history
3446,ジェイテックコーポレーション,https://www.j-tec.co.jp/,津村 尚史,current,2021年5月,,2910.0,,,,,,"photos_1/3446_ジェイテックコーポレーション/current/photo_01.jpg,photos_1/3446_ジェイテックコーポレーション/current/photo_02.jpg,photos_1/3446_ジェイテックコーポレーション/current/photo_03.jpg,photos_1/3446_ジェイテックコーポレーション/current/photo_04.jpg",4,current
3479,ティーケーピー,https://www.tkp.jp/,河野 貴輝,current,2005年8月,,,,,,,,"photos_1/3479_ティーケーピー/current/photo_01.jpg,photos_1/3479_ティーケーピー/current/photo_02.jpg,photos_1/3479_ティーケーピー/current/photo_03.jpg,photos_1/3479_ティーケーピー/current/photo_04.jpg,photos_1/3479_ティーケーピー/current/photo_05.jpg",5,current
3479,ティーケーピー,https://www.tkp.jp/,地獄 大分,prev_1,2008年12月29日,2010年5月30日,,,,,,,photos_1/3479_ティーケーピー/history/01_地獄_大分/photo_01.jpg,1,history
3480,ジェイ・エス・ビー,https://www.jsb.co.jp/,森 高広,current,,,,,,,,,photos_1/3480_ジェイ・エス・ビー/current/photo_01.jpg,1,current
3480,ジェイ・エス・ビー,https://www.jsb.co.jp/,近藤 雅彦,prev_1,2022年頃,,,,,,,,photos_1/3480_ジェイ・エス・ビー/history/01_近藤_雅彦/photo_01.jpg,1,history
3482,ロードスターキャピタル,https://www.loadstarcapital.com/,月期　決算説,current,2026年2月,,3090.0,,,,,,"photos_1/3482_ロードスターキャピタル/current/photo_01.jpg,photos_1/3482_ロードスターキャピタル/current/photo_02.jpg,photos_1/3482_ロードスターキャピタル/current/photo_03.jpg",3,current
3467,アグレ都市デザイン,https://about.agr-urban.co.jp/,"挨拶

理想的",current,,,,,,,,,"photos_1/3467_アグレ都市デザイン/current/photo_01.jpg,photos_1/3467_アグレ都市デザイン/current/photo_02.jpg",2,current
3469,デュアルタップ,https://www.dualtap.co.jp/,臼井 貴弘,current,2006年8月,,,,,,,,photos_1/3469_デュアルタップ/current/photo_01.jpg,1,current
3469,デュアルタップ,https://www.dualtap.co.jp/,田聡 講演内,prev_1,2012年6月6日,2012年6月10日,,,,,,,photos_1/3469_デュアルタップ/history/01_田聡_講演内/photo_01.jpg,1,history
3489,フェイスネットワーク,https://faithnetwork.co.jp/,蜂谷 二郎,current,,,,,,,,,,0,current
3486,グローバル・リンク・マネジメント,https://www.global-link-m.com/,金 大仲,current,2025年7月,,2030.16,,,,,,"photos_1/3486_グローバル・リンク・マネジメント/current/photo_01.jpg,photos_1/3486_グローバル・リンク・マネジメント/current/photo_02.jpg,photos_1/3486_グローバル・リンク・マネジメント/current/photo_03.jpg,photos_1/3486_グローバル・リンク・マネジメント/current/photo_04.jpg,photos_1/3486_グローバル・リンク・マネジメント/current/photo_05.jpg",5,current
3490,アズ企画設計,https://www.azplan.co.jp/,松本 俊人,current,2022年12月,,1216.56,,,,,,photos_1/3490_アズ企画設計/current/photo_01.jpg,1,current
3495,香陵住販,https://www.koryo-j.co.jp/,藤氏 日本経,prev_1,2021年11月22日,2021年10月7日,,,,,,,photos_1/3495_香陵住販/history/01_藤氏_日本経/photo_01.jpg,1,history
3495,香陵住販,https://www.koryo-j.co.jp/,昇格 小杉氏,prev_2,2021年5月13日,2021年5月14日,,,,,,,photos_1/3495_香陵住販/history/02_昇格_小杉氏/photo_01.jpg,1,history
3495,香陵住販,https://www.koryo-j.co.jp/,空席 山陽新,prev_3,2021年4月14日,2021年4月13日,,,,,,,photos_1/3495_香陵住販/history/03_空席_山陽新/photo_01.jpg,1,history
3495,香陵住販,https://www.koryo-j.co.jp/,死去 岡山経,prev_4,2021年4月9日,2021年4月11日,,,,,,,photos_1/3495_香陵住販/history/04_死去_岡山経/photo_01.jpg,1,history
3495,香陵住販,https://www.koryo-j.co.jp/,辞任 女性,prev_5,2021年2月10日,2019年4月9日,,,,,,,photos_1/3495_香陵住販/history/05_辞任_女性/photo_01.jpg,1,history
3491,GA　technologies,https://www.ga-tech.co.jp/,神戸 肇外部,prev_1,,,,,,,,,photos_1/3491_GA_technologies/history/01_神戸_肇外部/photo_01.jpg,1,history
3475,グッドコムアセット,https://www.goodcomasset.co.jp/,長嶋　義和,current,,,,,,,,,photos_1/3475_グッドコムアセット/current/photo_01.jpg,1,current
3475,グッドコムアセット,https://www.goodcomasset.co.jp/,進士仁一,prev_1,,,,,,,,,,0,history
3475,グッドコムアセット,https://www.goodcomasset.co.jp/,手塚卓志,prev_2,,,,,,,,,photos_1/3475_グッドコムアセット/history/02_手塚卓志/photo_01.jpg,1,history
3513,イチカワ,https://www.ik-felt.co.jp/,矢崎 孝信,current,,,,,,,,,photos_1/3513_イチカワ/current/photo_01.jpg,1,current
3521,エコナックホールディングス,https://www.econach.co.jp/,植村甲午郎,prev_1,,,,,,,,,photos_1/3521_エコナックホールディングス/history/01_植村甲午郎/photo_01.jpg,1,history
3521,エコナックホールディングス,https://www.econach.co.jp/,水野成夫,prev_2,,,,,,,,,photos_1/3521_エコナックホールディングス/history/02_水野成夫/photo_01.jpg,1,history
3521,エコナックホールディングス,https://www.econach.co.jp/,鹿内信隆,prev_3,,,,,,,,,,0,history
3521,エコナックホールディングス,https://www.econach.co.jp/,浅野賢澄,prev_4,,,,,,,,,photos_1/3521_エコナックホールディングス/history/04_浅野賢澄/photo_01.jpg,1,history
3521,エコナックホールディングス,https://www.econach.co.jp/,鹿内春雄,prev_5,,,,,,,,,photos_1/3521_エコナックホールディングス/history/05_鹿内春雄/photo_01.jpg,1,history
3521,エコナックホールディングス,https://www.econach.co.jp/,鹿内宏明,prev_6,,,,,,,,,photos_1/3521_エコナックホールディングス/history/06_鹿内宏明/photo_01.jpg,1,history
3521,エコナックホールディングス,https://www.econach.co.jp/,日枝久,prev_7,,,,,,,,,photos_1/3521_エコナックホールディングス/history/07_日枝久/photo_01.jpg,1,history
3521,エコナックホールディングス,https://www.econach.co.jp/,嘉納修治,prev_8,,,,,,,,,photos_1/3521_エコナックホールディングス/history/08_嘉納修治/photo_01.jpg,1,history
3529,アツギ,https://www.atsugi.co.jp/,日光 信二,current,,,,,,,,,photos_1/3529_アツギ/current/photo_01.jpg,1,current
3546,アレンザホールディングス,https://www.alleanza-hd.co.jp/,海空 地球征,prev_1,,,,,,,,,photos_1/3546_アレンザホールディングス/history/01_海空_地球征/photo_01.jpg,1,history
3542,ベガコーポレーション,https://www.vega-c.com/,浮城 智和,current,,,,,,,,,"photos_1/3542_ベガコーポレーション/current/photo_01.jpg,photos_1/3542_ベガコーポレーション/current/photo_02.jpg,photos_1/3542_ベガコーポレーション/current/photo_03.jpg,photos_1/3542_ベガコーポレーション/current/photo_04.jpg,photos_1/3542_ベガコーポレーション/current/photo_05.jpg",5,current
3547,串カツ田中ホールディングス,https://www.kushi-tanaka.co.jp/,移行 笹崎,prev_1,2016年9月16日,2018年7月4日,,,,,,,photos_1/3547_串カツ田中ホールディングス/history/01_移行_笹崎/photo_01.jpg,1,history
3543,コメダホールディングス,https://www.komeda-holdings.co.jp/,甘利祐一,current,2006年7月,,,,,,,,photos_1/3543_コメダホールディングス/current/photo_01.jpg,1,current
3543,コメダホールディングス,https://www.komeda-holdings.co.jp/,植村甲午郎,prev_1,,,,,,,,,photos_1/3543_コメダホールディングス/history/01_植村甲午郎/photo_01.jpg,1,history
3543,コメダホールディングス,https://www.komeda-holdings.co.jp/,水野成夫,prev_2,,,,,,,,,photos_1/3543_コメダホールディングス/history/02_水野成夫/photo_01.jpg,1,history
3543,コメダホールディングス,https://www.komeda-holdings.co.jp/,鹿内信隆,prev_3,,,,,,,,,,0,history
3543,コメダホールディングス,https://www.komeda-holdings.co.jp/,浅野賢澄,prev_4,,,,,,,,,photos_1/3543_コメダホールディングス/history/04_浅野賢澄/photo_01.jpg,1,history
3543,コメダホールディングス,https://www.komeda-holdings.co.jp/,鹿内春雄,prev_5,,,,,,,,,photos_1/3543_コメダホールディングス/history/05_鹿内春雄/photo_01.jpg,1,history
3543,コメダホールディングス,https://www.komeda-holdings.co.jp/,鹿内宏明,prev_6,,,,,,,,,photos_1/3543_コメダホールディングス/history/06_鹿内宏明/photo_01.jpg,1,history
3543,コメダホールディングス,https://www.komeda-holdings.co.jp/,日枝久,prev_7,,,,,,,,,photos_1/3543_コメダホールディングス/history/07_日枝久/photo_01.jpg,1,history
3543,コメダホールディングス,https://www.komeda-holdings.co.jp/,嘉納修治,prev_8,,,,,,,,,photos_1/3543_コメダホールディングス/history/08_嘉納修治/photo_01.jpg,1,history
3544,サツドラホールディングス,https://satudora-hd.co.jp/,富山 浩樹,current,,,,,,,,,photos_1/3544_サツドラホールディングス/current/photo_01.jpg,1,current
3556,リネットジャパングループ,https://corp.renet.jp/,黒田　武志,current,,,,,,,,,,0,current
3560,ほぼ日,https://www.hobonichi.co.jp/,伝説 大地,prev_1,2018年6月4日,2020年6月28日,,,,,,,photos_1/3560_ほぼ日/history/01_伝説_大地/photo_01.jpg,1,history
3560,ほぼ日,https://www.hobonichi.co.jp/,天堂　直面,prev_2,2017年3月10日,2015年7月13日,,,,,,,photos_1/3560_ほぼ日/history/02_天堂_直面/photo_01.jpg,1,history
3560,ほぼ日,https://www.hobonichi.co.jp/,田聡 講演内,prev_3,2016年10月6日,2011年10月28日,,,,,,,photos_1/3560_ほぼ日/history/03_田聡_講演内/photo_01.jpg,1,history
3557,ユナイテッド&コレクティブ,https://www.united-collective.co.jp/,現在,current,,,,,,,,,,0,current
3557,ユナイテッド&コレクティブ,https://www.united-collective.co.jp/,配信　配信日,prev_1,2017年2月15日,2017年2月15日,,,,,,,photos_1/3557_ユナイテッド&コレクティブ/history/01_配信_配信日/photo_01.jpg,1,history
3562,No.1,https://www.number-1.co.jp/,辰巳　崇之,current,,,,,,,,,"photos_1/3562_No.1/current/photo_01.jpg,photos_1/3562_No.1/current/photo_02.jpg,photos_1/3562_No.1/current/photo_03.jpg,photos_1/3562_No.1/current/photo_04.jpg,photos_1/3562_No.1/current/photo_05.jpg",5,current
3563,FOOD　&　LIFE　COMPANIES,https://www.food-and-life.co.jp/,山本 雅啓,current,,,,,,,,,"photos_1/3563_FOOD_&_LIFE_COMPANIES/current/photo_01.jpg,photos_1/3563_FOOD_&_LIFE_COMPANIES/current/photo_02.jpg",2,current
3563,FOOD　&　LIFE　COMPANIES,https://www.food-and-life.co.jp/,新居 耕平,prev_1,,,,,,,,,photos_1/3563_FOOD_&_LIFE_COMPANIES/history/01_新居_耕平/photo_01.jpg,1,history
3566,ユニフォームネクスト,https://www.uniformnext.com/,院前 伊集院,prev_1,,,,,,,,,photos_1/3566_ユニフォームネクスト/history/01_院前_伊集院/photo_01.jpg,1,history
3571,ソトー,https://sotoh.co.jp/,上田 康彦,current,,,,,,,,,"photos_1/3571_ソトー/current/photo_01.jpg,photos_1/3571_ソトー/current/photo_02.jpg,photos_1/3571_ソトー/current/photo_03.jpg,photos_1/3571_ソトー/current/photo_04.jpg,photos_1/3571_ソトー/current/photo_05.jpg",5,current
3593,ホギメディカル,https://www.hogy.co.jp/,逝去 享年,prev_1,2021年7月1日,2021年7月2日,,,,,,,photos_1/3593_ホギメディカル/history/01_逝去_享年/photo_01.jpg,1,history
3598,山喜,https://www.e-yamaki.co.jp/,宮本惠史,prev_1,2016年頃,,,,,,,,photos_1/3598_山喜/history/01_宮本惠史/photo_01.jpg,1,history
3608,TSIホールディングス,https://www.tsi-holdings.com/,下地 毅,current,,,,,,,,,photos_1/3608_TSIホールディングス/current/photo_01.jpg,1,current
3611,マツオカコーポレーション,https://www.matuoka.co.jp/,"締役
松岡",current,2000年6月,,,,,,,,photos_1/3611_マツオカコーポレーション/current/photo_01.jpg,1,current
3622,ネットイヤーグループ,https://www.netyear.net/,生成,current,2024年6月,,540.84,,,,,,"photos_1/3622_ネットイヤーグループ/current/photo_01.jpg,photos_1/3622_ネットイヤーグループ/current/photo_02.jpg",2,current
3591,ワコールホールディングス,https://www.wacoalholdings.jp/,"年
株式会",prev_1,2023年02月28日,2023年2月24日,2164.6,2107.0,,,,,,0,history
3591,ワコールホールディングス,https://www.wacoalholdings.jp/,"日
株式会",prev_2,2023年02月28日,,2164.6,,,,,,,0,history
3612,ワールド,https://corp.world.co.jp/,鈴木 信輝,current,,,,,,,,,photos_1/3612_ワールド/current/photo_01.jpg,1,current
3632,グリーホールディングス,https://hd.gree.net/jp/ja/,田中 良和,current,2000年2月,,,,,,,,photos_1/3632_グリーホールディングス/current/photo_01.jpg,1,current
3632,グリーホールディングス,https://hd.gree.net/jp/ja/,表者 時田宗,prev_1,,,,,,,,,photos_1/3632_グリーホールディングス/history/01_表者_時田宗/photo_01.jpg,1,history
3626,TIS,https://www.tis.co.jp/,"月
株",current,2000年6月,,,,,,,,photos_1/3626_TIS/current/photo_01.jpg,1,current
3626,TIS,https://www.tis.co.jp/,兼務 来年,prev_1,2019年9月11日,2020年9月30日,,,,,,,photos_1/3626_TIS/history/01_兼務_来年/photo_01.jpg,1,history
3648,AGS,https://www.ags.co.jp/,中野　真治,current,,,,,,,,,photos_1/3648_AGS/current/photo_01.jpg,1,current
3548,バロックジャパンリミテッド,https://www.baroque-global.com/,王洲 銀河劇,prev_1,,,,,,,,,photos_1/3548_バロックジャパンリミテッド/history/01_王洲_銀河劇/photo_01.jpg,1,history
3649,ファインデックス,https://findex.co.jp/,進士仁一,prev_1,,,,,,,,,,0,history
3649,ファインデックス,https://findex.co.jp/,手塚卓志,prev_2,,,,,,,,,photos_1/3649_ファインデックス/history/02_手塚卓志/photo_01.jpg,1,history
3655,ブレインパッド,https://www.brainpad.co.jp/,号 六本木,current,2004年3月,,,,,,,,photos_1/3655_ブレインパッド/current/photo_01.jpg,1,current
3655,ブレインパッド,https://www.brainpad.co.jp/,公一　弘前大,prev_1,,,,,,,,,photos_1/3655_ブレインパッド/history/01_公一_弘前大/photo_01.jpg,1,history
3655,ブレインパッド,https://www.brainpad.co.jp/,究所 先端工,prev_2,,,,,,,,,photos_1/3655_ブレインパッド/history/02_究所_先端工/photo_01.jpg,1,history
3655,ブレインパッド,https://www.brainpad.co.jp/,大学 教授長,prev_3,,,,,,,,,photos_1/3655_ブレインパッド/history/03_大学_教授長/photo_01.jpg,1,history
3655,ブレインパッド,https://www.brainpad.co.jp/,究部 室長堀,prev_4,,,,,,,,,photos_1/3655_ブレインパッド/history/04_究部_室長堀/photo_01.jpg,1,history
3655,ブレインパッド,https://www.brainpad.co.jp/,田潔　一般社,prev_5,,,,,,,,,photos_1/3655_ブレインパッド/history/05_田潔_一般社/photo_01.jpg,1,history
3655,ブレインパッド,https://www.brainpad.co.jp/,敬子　国立研,prev_6,,,,,,,,,photos_1/3655_ブレインパッド/history/06_敬子_国立研/photo_01.jpg,1,history
3655,ブレインパッド,https://www.brainpad.co.jp/,将夫　国立研,prev_7,,,,,,,,,photos_1/3655_ブレインパッド/history/07_将夫_国立研/photo_01.jpg,1,history
3655,ブレインパッド,https://www.brainpad.co.jp/,正樹　九州大,prev_8,,,,,,,,,photos_1/3655_ブレインパッド/history/08_正樹_九州大/photo_01.jpg,1,history
3652,ディジタルメディアプロフェッショナル,https://www.dmprof.com/,山本 達夫,current,,,,,,,,,photos_1/3652_ディジタルメディアプロフェッショナル/current/photo_01.jpg,1,current
3652,ディジタルメディアプロフェッショナル,https://www.dmprof.com/,田聡 講演内,prev_1,2011年9月11日,2011年10月28日,,,,,,,photos_1/3652_ディジタルメディアプロフェッショナル/history/01_田聡_講演内/photo_01.jpg,1,history
3656,KLab,https://www.klab.com/jp/,真田 哲弥,current,,,,,,,,,photos_1/3656_KLab/current/photo_01.jpg,1,current
3661,エムアップホールディングス,https://m-upholdings.co.jp/,進士仁一,prev_1,,,,,,,,,photos_1/3661_エムアップホールディングス/history/01_進士仁一/photo_01.jpg,1,history
3661,エムアップホールディングス,https://m-upholdings.co.jp/,手塚卓志,prev_2,,,,,,,,,photos_1/3661_エムアップホールディングス/history/02_手塚卓志/photo_01.jpg,1,history
3660,アイスタイル,https://www.istyle.co.jp/,合同 美容部,current,,,,,,,,,"photos_1/3660_アイスタイル/current/photo_01.jpg,photos_1/3660_アイスタイル/current/photo_02.jpg,photos_1/3660_アイスタイル/current/photo_03.jpg,photos_1/3660_アイスタイル/current/photo_04.jpg,photos_1/3660_アイスタイル/current/photo_05.jpg",5,current
3668,コロプラ,https://colopl.co.jp/,"会長
馬場",current,2003年3月,,,,,,,,photos_1/3668_コロプラ/current/photo_01.jpg,1,current
3668,コロプラ,https://colopl.co.jp/,進士仁一,prev_1,,,,,,,,,photos_1/3668_コロプラ/history/01_進士仁一/photo_01.jpg,1,history
3668,コロプラ,https://colopl.co.jp/,手塚卓志,prev_2,,,,,,,,,photos_1/3668_コロプラ/history/02_手塚卓志/photo_01.jpg,1,history
3671,ソフトマックス,https://www.s-max.co.jp/,萩原 千恵子,current,2025年12月,,330.63,,,,,,photos_1/3671_ソフトマックス/current/photo_01.jpg,1,current
3667,enish,https://www.enish.jp/,済界 電子版,prev_1,2014年頃,,,,,,,,photos_1/3667_enish/history/01_済界_電子版/photo_01.jpg,1,history
3674,オークファン,https://aucfan.co.jp/,武永 修一,current,2004年４月,,,,,,,,,0,current
3674,オークファン,https://aucfan.co.jp/,森本 太郎,prev_1,,,,,,,,,photos_1/3674_オークファン/history/01_森本_太郎/photo_01.jpg,1,history
3673,ブロードリーフ,https://www.broadleaf.co.jp/,植田和磨,prev_1,2002年12月4日,,,,,,,,photos_1/3673_ブロードリーフ/history/01_植田和磨/photo_01.jpg,1,history
3673,ブロードリーフ,https://www.broadleaf.co.jp/,平生翔大,prev_2,2002年10月11日,,,,,,,,photos_1/3673_ブロードリーフ/history/02_平生翔大/photo_01.jpg,1,history
3673,ブロードリーフ,https://www.broadleaf.co.jp/,小村真也,prev_3,2002年5月28日,,,,,,,,photos_1/3673_ブロードリーフ/history/03_小村真也/photo_01.jpg,1,history
3673,ブロードリーフ,https://www.broadleaf.co.jp/,古畑翔,prev_4,,,,,,,,,,0,history
3673,ブロードリーフ,https://www.broadleaf.co.jp/,池田悠希,prev_5,,,,,,,,,photos_1/3673_ブロードリーフ/history/05_池田悠希/photo_01.jpg,1,history
3673,ブロードリーフ,https://www.broadleaf.co.jp/,祝原涼介,prev_6,,,,,,,,,photos_1/3673_ブロードリーフ/history/06_祝原涼介/photo_01.jpg,1,history
3675,クロス・マーケティンググループ,https://www.cm-group.co.jp/,十嵐　幹,current,2025年8月,,700.67,,,,,,photos_1/3675_クロス・マーケティンググループ/current/photo_01.jpg,1,current
3675,クロス・マーケティンググループ,https://www.cm-group.co.jp/,羽佐間重彰,prev_1,2003年7月,,,,,,,,photos_1/3675_クロス・マーケティンググループ/history/01_羽佐間重彰/photo_01.jpg,1,history
3675,クロス・マーケティンググループ,https://www.cm-group.co.jp/,日枝久,prev_2,2003年7月,2025年3月,,,,,,,photos_1/3675_クロス・マーケティンググループ/history/02_日枝久/photo_01.jpg,1,history
3675,クロス・マーケティンググループ,https://www.cm-group.co.jp/,鹿内信隆,prev_3,,,,,,,,,,0,history
3675,クロス・マーケティンググループ,https://www.cm-group.co.jp/,鹿内春雄,prev_4,,,,,,,,,photos_1/3675_クロス・マーケティンググループ/history/04_鹿内春雄/photo_01.jpg,1,history
3675,クロス・マーケティンググループ,https://www.cm-group.co.jp/,鹿内宏明,prev_5,,,,,,,,,photos_1/3675_クロス・マーケティンググループ/history/05_鹿内宏明/photo_01.jpg,1,history
3675,クロス・マーケティンググループ,https://www.cm-group.co.jp/,小林吉彦,prev_6,,,,,,,,,photos_1/3675_クロス・マーケティンググループ/history/06_小林吉彦/photo_01.jpg,1,history
3676,デジタルハーツホールディングス,https://www.digitalhearts-hd.com/,筑紫 敏矢,current,,,,,,,,,photos_1/3676_デジタルハーツホールディングス/current/photo_01.jpg,1,current
3672,オルトプラス,https://www.altplus.co.jp/,植村甲午郎,prev_1,,,,,,,,,photos_1/3672_オルトプラス/history/01_植村甲午郎/photo_01.jpg,1,history
3672,オルトプラス,https://www.altplus.co.jp/,水野成夫,prev_2,,,,,,,,,photos_1/3672_オルトプラス/history/02_水野成夫/photo_01.jpg,1,history
3672,オルトプラス,https://www.altplus.co.jp/,鹿内信隆,prev_3,,,,,,,,,,0,history
3672,オルトプラス,https://www.altplus.co.jp/,浅野賢澄,prev_4,,,,,,,,,photos_1/3672_オルトプラス/history/04_浅野賢澄/photo_01.jpg,1,history
3672,オルトプラス,https://www.altplus.co.jp/,鹿内春雄,prev_5,,,,,,,,,photos_1/3672_オルトプラス/history/05_鹿内春雄/photo_01.jpg,1,history
3672,オルトプラス,https://www.altplus.co.jp/,鹿内宏明,prev_6,,,,,,,,,photos_1/3672_オルトプラス/history/06_鹿内宏明/photo_01.jpg,1,history
3672,オルトプラス,https://www.altplus.co.jp/,日枝久,prev_7,,,,,,,,,photos_1/3672_オルトプラス/history/07_日枝久/photo_01.jpg,1,history
3672,オルトプラス,https://www.altplus.co.jp/,嘉納修治,prev_8,,,,,,,,,photos_1/3672_オルトプラス/history/08_嘉納修治/photo_01.jpg,1,history
3682,エンカレッジ・テクノロジ,https://www.et-x.jp/,"挨拶

私",current,2025年7月,,619.0,,,,,,photos_1/3682_エンカレッジ・テクノロジ/current/photo_01.jpg,1,current
3679,じげん,https://zigexn.co.jp/,平尾 丈,current,,,,,,,,,"photos_1/3679_じげん/current/photo_01.jpg,photos_1/3679_じげん/current/photo_02.jpg,photos_1/3679_じげん/current/photo_03.jpg,photos_1/3679_じげん/current/photo_04.jpg,photos_1/3679_じげん/current/photo_05.jpg",5,current
3687,フィックスターズ,https://www.fixstars.com/,三木 聡,current,2002年8月,,,,,,,,"photos_1/3687_フィックスターズ/current/photo_01.jpg,photos_1/3687_フィックスターズ/current/photo_02.jpg,photos_1/3687_フィックスターズ/current/photo_03.jpg",3,current
3687,フィックスターズ,https://www.fixstars.com/,須賀　利幸,prev_1,,,,,,,,,photos_1/3687_フィックスターズ/history/01_須賀_利幸/photo_01.jpg,1,history
3687,フィックスターズ,https://www.fixstars.com/,松田 佳希,prev_2,,,,,,,,,photos_1/3687_フィックスターズ/history/02_松田_佳希/photo_01.jpg,1,history
3687,フィックスターズ,https://www.fixstars.com/,樺島 弘明,prev_3,,,,,,,,,photos_1/3687_フィックスターズ/history/03_樺島_弘明/photo_01.jpg,1,history
3687,フィックスターズ,https://www.fixstars.com/,野澤 俊通,prev_4,,,,,,,,,photos_1/3687_フィックスターズ/history/04_野澤_俊通/photo_01.jpg,1,history
3681,ブイキューブ,https://jp.vcube.com/,間下 直晃,current,2013年12月,,1232.48,,,,,,"photos_1/3681_ブイキューブ/current/photo_01.jpg,photos_1/3681_ブイキューブ/current/photo_02.jpg,photos_1/3681_ブイキューブ/current/photo_03.jpg,photos_1/3681_ブイキューブ/current/photo_04.jpg,photos_1/3681_ブイキューブ/current/photo_05.jpg",5,current
3681,ブイキューブ,https://jp.vcube.com/,進士仁一,prev_1,,,,,,,,,,0,history
3681,ブイキューブ,https://jp.vcube.com/,手塚卓志,prev_2,,,,,,,,,photos_1/3681_ブイキューブ/history/02_手塚卓志/photo_01.jpg,1,history
3708,特種東海製紙,https://www.tt-paper.co.jp/,特種東海,current,,,,,,,,,photos_1/3708_特種東海製紙/current/photo_01.jpg,1,current
3698,CRI・ミドルウェア,https://www.cri-mw.co.jp/,押見 正雄,current,,,,,,,,,photos_1/3698_CRI・ミドルウェア/current/photo_01.jpg,1,current
3697,SHIFT,https://www.shiftinc.jp/,丹下 大,current,2005年9月,,,,,,,,photos_1/3697_SHIFT/current/photo_01.jpg,1,current
3697,SHIFT,https://www.shiftinc.jp/,理由 従業員,prev_1,2025年7月11日,2025年7月12日,,,,,,,photos_1/3697_SHIFT/history/01_理由_従業員/photo_01.jpg,1,history
3726,フォーシーズHD,https://www.4cs-holdings.co.jp/,院前 伊集院,prev_1,,,,,,,,,photos_1/3726_フォーシーズHD/history/01_院前_伊集院/photo_01.jpg,1,history
3727,アプリックス,https://www.aplix.co.jp/,倉林 聡子,current,2022年3月,,111.74,,,,,,"photos_1/3727_アプリックス/current/photo_01.jpg,photos_1/3727_アプリックス/current/photo_02.jpg",2,current
3733,ソフトウェア・サービス,https://www.softs.co.jp/,日 組織改,current,2025年11月,,13815.74,,,,,,photos_1/3733_ソフトウェア・サービス/current/photo_01.jpg,1,current
3733,ソフトウェア・サービス,https://www.softs.co.jp/,進士仁一,prev_1,,,,,,,,,photos_1/3733_ソフトウェア・サービス/history/01_進士仁一/photo_01.jpg,1,history
3733,ソフトウェア・サービス,https://www.softs.co.jp/,手塚卓志,prev_2,,,,,,,,,photos_1/3733_ソフトウェア・サービス/history/02_手塚卓志/photo_01.jpg,1,history
3744,サイオス,https://www.sios.com/ja/,多様性,current,,,,,,,,,photos_1/3744_サイオス/current/photo_01.jpg,1,current
3763,プロシップ,https://www.proship.co.jp/,山口 法弘,prev_1,,,,,,,,,photos_1/3763_プロシップ/history/01_山口_法弘/photo_01.jpg,1,history
3769,GMOペイメントゲートウェイ,https://www.gmo-pg.com/,相浦 一成,current,,,,,,,,,photos_1/3769_GMOペイメントゲートウェイ/current/photo_01.jpg,1,current
3768,リスクモンスター,https://www.riskmonster.co.jp/,進士仁一,prev_1,,,,,,,,,,0,history
3768,リスクモンスター,https://www.riskmonster.co.jp/,手塚卓志,prev_2,,,,,,,,,photos_1/3768_リスクモンスター/history/02_手塚卓志/photo_01.jpg,1,history
3770,ザッパラス,https://www.zappallas.com/,玉置 真理,prev_1,2016年頃,,,,,,,,photos_1/3770_ザッパラス/history/01_玉置_真理/photo_01.jpg,1,history
3773,アドバンスト・メディア,https://www.advanced-media.co.jp/,鈴木 清幸,current,,,,,,,,,photos_1/3773_アドバンスト・メディア/current/photo_01.jpg,1,current
3773,アドバンスト・メディア,https://www.advanced-media.co.jp/,進士仁一,prev_1,,,,,,,,,photos_1/3773_アドバンスト・メディア/history/01_進士仁一/photo_01.jpg,1,history
3773,アドバンスト・メディア,https://www.advanced-media.co.jp/,手塚卓志,prev_2,,,,,,,,,photos_1/3773_アドバンスト・メディア/history/02_手塚卓志/photo_01.jpg,1,history
3778,さくらインターネット,https://www.sakura.ad.jp/corporate/ir/,挨拶,current,,,,,,,,,photos_1/3778_さくらインターネット/current/photo_01.jpg,1,current
3778,さくらインターネット,https://www.sakura.ad.jp/corporate/ir/,大阪 北館,prev_1,,,,,,,,,photos_1/3778_さくらインターネット/history/01_大阪_北館/photo_01.jpg,1,history
3779,ジェイ・エスコムホールディングス,https://www.j-escom.co.jp/,金子 眞吾,prev_1,,,,,,,,,photos_1/3779_ジェイ・エスコムホールディングス/history/01_金子_眞吾/photo_01.jpg,1,history
3771,システムリサーチ,https://www.sr-net.co.jp/,平山 宏,current,2021年3月,,807.85,,,,,,photos_1/3771_システムリサーチ/current/photo_01.jpg,1,current
3771,システムリサーチ,https://www.sr-net.co.jp/,進士仁一,prev_1,,,,,,,,,photos_1/3771_システムリサーチ/history/01_進士仁一/photo_01.jpg,1,history
3771,システムリサーチ,https://www.sr-net.co.jp/,手塚卓志,prev_2,,,,,,,,,photos_1/3771_システムリサーチ/history/02_手塚卓志/photo_01.jpg,1,history
3791,IGポート,http://www.igport.co.jp/,松浦裕暁,prev_1,,,,,,,,,photos_1/3791_IGポート/history/01_松浦裕暁/photo_01.jpg,1,history
3791,IGポート,http://www.igport.co.jp/,國枝信吾,prev_2,,,,,,,,,photos_1/3791_IGポート/history/02_國枝信吾/photo_01.jpg,1,history
3798,ULSグループ,https://www.ulsgroup.co.jp/,"未来

創業以",current,,,,,,,,,"photos_1/3798_ULSグループ/current/photo_01.jpg,photos_1/3798_ULSグループ/current/photo_02.jpg",2,current
3787,テクノマセマティカル,https://www.tmath.co.jp/,提訴 毎日新,prev_1,2012年12月6日,2014年6月23日,,,,,,,photos_1/3787_テクノマセマティカル/history/01_提訴_毎日新/photo_01.jpg,1,history
3772,ウェルス・マネジメント,https://www.wealth-mngt.com/,山氏　三井住,prev_1,2025年12月23日,2025年12月23日,,,,,,,photos_1/3772_ウェルス・マネジメント/history/01_山氏_三井住/photo_01.jpg,1,history
3772,ウェルス・マネジメント,https://www.wealth-mngt.com/,山氏　海外,prev_2,2025年7月31日,2025年12月23日,,,,,,,photos_1/3772_ウェルス・マネジメント/history/02_山氏_海外/photo_01.jpg,1,history
3796,いい生活,https://www.e-seikatsu.info/,中村 清高,current,,,,,,,,,photos_1/3796_いい生活/current/photo_01.jpg,1,current
3796,いい生活,https://www.e-seikatsu.info/,中村清高,prev_1,2016年頃,,,,,,,,photos_1/3796_いい生活/history/01_中村清高/photo_01.jpg,1,history
3804,システム　ディ,https://www.systemd.co.jp/,堂山　遼,current,2024年4月,,1273.78,,,,,,photos_1/3804_システム_ディ/current/photo_01.jpg,1,current
3804,システム　ディ,https://www.systemd.co.jp/,進士仁一,prev_1,,,,,,,,,photos_1/3804_システム_ディ/history/01_進士仁一/photo_01.jpg,1,history
3804,システム　ディ,https://www.systemd.co.jp/,手塚卓志,prev_2,,,,,,,,,photos_1/3804_システム_ディ/history/02_手塚卓志/photo_01.jpg,1,history
3800,ユニリタ,https://www.unirita.co.jp/,共感,current,,,,,,,,,photos_1/3800_ユニリタ/current/photo_01.jpg,1,current
3800,ユニリタ,https://www.unirita.co.jp/,新藤 匡浩資,prev_1,2009年3月,2009年3月,,,,,,,,0,history
3816,大和コンピューター,https://www.daiwa-computer.co.jp/,中村　憲司,current,,,,,,,,,photos_1/3816_大和コンピューター/current/photo_01.jpg,1,current
3825,リミックスポイント,https://www.remixpoint.co.jp/,進士仁一,prev_1,,,,,,,,,photos_1/3825_リミックスポイント/history/01_進士仁一/photo_01.jpg,1,history
3825,リミックスポイント,https://www.remixpoint.co.jp/,手塚卓志,prev_2,,,,,,,,,photos_1/3825_リミックスポイント/history/02_手塚卓志/photo_01.jpg,1,history
3839,ODKソリューションズ,https://www.odk.co.jp/,田代 正雄,prev_1,,,,,,,,,photos_1/3839_ODKソリューションズ/history/01_田代_正雄/photo_01.jpg,1,history
3837,アドソル日進,https://www.adniss.jp/,上田 富三,prev_1,,,,,,,,,photos_1/3837_アドソル日進/history/01_上田_富三/photo_01.jpg,1,history
3842,ネクストジェン,https://www.nextgen.co.jp/,植村甲午郎,prev_1,,,,,,,,,photos_1/3842_ネクストジェン/history/01_植村甲午郎/photo_01.jpg,1,history
3842,ネクストジェン,https://www.nextgen.co.jp/,水野成夫,prev_2,,,,,,,,,photos_1/3842_ネクストジェン/history/02_水野成夫/photo_01.jpg,1,history
3842,ネクストジェン,https://www.nextgen.co.jp/,鹿内信隆,prev_3,,,,,,,,,,0,history
3842,ネクストジェン,https://www.nextgen.co.jp/,浅野賢澄,prev_4,,,,,,,,,,0,history
3842,ネクストジェン,https://www.nextgen.co.jp/,鹿内春雄,prev_5,,,,,,,,,photos_1/3842_ネクストジェン/history/05_鹿内春雄/photo_01.jpg,1,history
3842,ネクストジェン,https://www.nextgen.co.jp/,鹿内宏明,prev_6,,,,,,,,,photos_1/3842_ネクストジェン/history/06_鹿内宏明/photo_01.jpg,1,history
3842,ネクストジェン,https://www.nextgen.co.jp/,日枝久,prev_7,,,,,,,,,photos_1/3842_ネクストジェン/history/07_日枝久/photo_01.jpg,1,history
3842,ネクストジェン,https://www.nextgen.co.jp/,嘉納修治,prev_8,,,,,,,,,photos_1/3842_ネクストジェン/history/08_嘉納修治/photo_01.jpg,1,history
3844,コムチュア,https://www.comture.com/,"方
当社",current,,,,,,,,,"photos_1/3844_コムチュア/current/photo_01.jpg,photos_1/3844_コムチュア/current/photo_02.jpg",2,current
3826,システムインテグレータ,https://corporate.sint.co.jp/,梅田　弘之,current,2026年2月,,497.0,,,,,,"photos_1/3826_システムインテグレータ/current/photo_01.jpg,photos_1/3826_システムインテグレータ/current/photo_02.jpg",2,current
3845,アイフリークモバイル,https://www.i-freek.co.jp/,吉田 邦臣,current,2000年4月,,,,,,,,photos_1/3845_アイフリークモバイル/current/photo_01.jpg,1,current
3845,アイフリークモバイル,https://www.i-freek.co.jp/,吉田 邦臣,prev_1,2026年1月５日,,,,,,,,photos_1/3845_アイフリークモバイル/history/01_吉田_邦臣/photo_01.jpg,1,history
3853,アステリア,https://jp.asteria.com/,平野 洋一郎,current,,,,,,,,,"photos_1/3853_アステリア/current/photo_01.jpg,photos_1/3853_アステリア/current/photo_02.jpg,photos_1/3853_アステリア/current/photo_03.jpg,photos_1/3853_アステリア/current/photo_04.jpg,photos_1/3853_アステリア/current/photo_05.jpg",5,current
3853,アステリア,https://jp.asteria.com/,配信 其原有,prev_1,2017年2月26日,2020年12月1日,,,,,,,photos_1/3853_アステリア/history/01_配信_其原有/photo_01.jpg,1,history
3863,日本製紙,https://www.nipponpapergroup.com/,瀬邊　明,current,,,,,,,,,photos_1/3863_日本製紙/current/photo_01.jpg,1,current
3865,北越コーポレーション,https://www.hokuetsucorp.com/,昇格　岸本氏,prev_1,2026年1月27日,,,,,,,,photos_1/3865_北越コーポレーション/history/01_昇格_岸本氏/photo_01.jpg,1,history
3878,巴川コーポレーション,https://www.tomoegawa.co.jp/,井上 善雄,prev_1,,,,,,,,,photos_1/3878_巴川コーポレーション/history/01_井上_善雄/photo_01.jpg,1,history
3877,中越パルプ工業,https://www.chuetsu-pulp.co.jp/,福本　亮治,current,,,,,,,,,photos_1/3877_中越パルプ工業/current/photo_01.jpg,1,current
3880,大王製紙,https://www.daio-paper.co.jp/,価値創造,current,,,,,,,,,photos_1/3880_大王製紙/current/photo_01.jpg,1,current
3896,阿波製紙,https://www.awapaper.co.jp/,号 第,current,,,,,,,,,photos_1/3896_阿波製紙/current/photo_01.jpg,1,current
3895,ハビックス,https://www.havix.co.jp/,衛生,current,,,,,,,,,photos_1/3895_ハビックス/current/photo_01.jpg,1,current
3895,ハビックス,https://www.havix.co.jp/,吉村和彦,prev_1,2022年頃,,,,,,,,photos_1/3895_ハビックス/history/01_吉村和彦/photo_01.jpg,1,history
3895,ハビックス,https://www.havix.co.jp/,木村敏之,prev_2,2016年頃,2022年頃,,,,,,,photos_1/3895_ハビックス/history/02_木村敏之/photo_01.jpg,1,history
3901,マークラインズ,https://www.marklines.com/,表者 時田宗,prev_1,,,,,,,,,photos_1/3901_マークラインズ/history/01_表者_時田宗/photo_01.jpg,1,history
3891,ニッポン高度紙工業,https://www.kodoshi.co.jp/,高知県,current,2021年8月,,3123.3,,,,,,photos_1/3891_ニッポン高度紙工業/current/photo_01.jpg,1,current
3902,メディカル・データ・ビジョン,https://www.mdv.co.jp/,社名,current,,,,,,,,,photos_1/3902_メディカル・データ・ビジョン/current/photo_01.jpg,1,current
3900,クラウドワークス,https://crowdworks.co.jp/,吉田 浩一郎,current,,,,,,,,,photos_1/3900_クラウドワークス/current/photo_01.jpg,1,current
3909,ショーケース,https://www.showcase-tv.com/,娼館 望郷,prev_1,,,,,,,,,photos_1/3909_ショーケース/history/01_娼館_望郷/photo_01.jpg,1,history
3909,ショーケース,https://www.showcase-tv.com/,七号 君想,prev_2,,,,,,,,,photos_1/3909_ショーケース/history/02_七号_君想/photo_01.jpg,1,history
3905,データセクション,https://www.datasection.co.jp/,日 執行役,current,2024年11月,,1215.0,,,,,,photos_1/3905_データセクション/current/photo_01.jpg,1,current
3913,GreenBee,https://www.greenbee.co.jp/,"略歴
平成",current,平成8年7月,,,,,,,,photos_1/3913_GreenBee/current/photo_01.jpg,1,current
3915,テラスカイ,https://www.terrasky.co.jp/,佐藤 秀哉,current,,,,,,,,,photos_1/3915_テラスカイ/current/photo_01.jpg,1,current
3911,Aiming,https://aiming-inc.com/,椎葉 忠志,current,2006年12月,,,,,,,,,0,current
3923,ラクス,https://www.rakus.co.jp/,中村 崇則,current,,,,,,,,,"photos_1/3923_ラクス/current/photo_01.jpg,photos_1/3923_ラクス/current/photo_02.jpg,photos_1/3923_ラクス/current/photo_03.jpg",3,current
3924,ランドコンピュータ,https://www.rand.co.jp/,福 島,current,2021年1月,,310.91,,,,,,photos_1/3924_ランドコンピュータ/current/photo_01.jpg,1,current
3924,ランドコンピュータ,https://www.rand.co.jp/,構成 講演,prev_1,,,,,,,,,photos_1/3924_ランドコンピュータ/history/01_構成_講演/photo_01.jpg,1,history
3926,オープンドア,https://www.opendoor.co.jp/,進士仁一,prev_1,,,,,,,,,photos_1/3926_オープンドア/history/01_進士仁一/photo_01.jpg,1,history
3926,オープンドア,https://www.opendoor.co.jp/,手塚卓志,prev_2,,,,,,,,,photos_1/3926_オープンドア/history/02_手塚卓志/photo_01.jpg,1,history
3927,フーバーブレイン,https://www.fuva-brain.co.jp/,輿水 英行,current,,,,,,,,,photos_1/3927_フーバーブレイン/current/photo_01.jpg,1,current
3918,PCIホールディングス,https://www.pci-h.co.jp/,会長　戸澤,current,,,,,,,,,photos_1/3918_PCIホールディングス/current/photo_01.jpg,1,current
3918,PCIホールディングス,https://www.pci-h.co.jp/,原口直道,prev_1,2018年頃,2022年頃,,,,,,,photos_1/3918_PCIホールディングス/history/01_原口直道/photo_01.jpg,1,history
3929,ソーシャルワイヤー,https://www.socialwire.net/,矢田 峰之,prev_1,,,,,,,,,photos_1/3929_ソーシャルワイヤー/history/01_矢田_峰之/photo_01.jpg,1,history
3931,バリューゴルフ,https://corp.valuegolf.co.jp/,水口 通夫,current,,,,,,,,,"photos_1/3931_バリューゴルフ/current/photo_01.jpg,photos_1/3931_バリューゴルフ/current/photo_02.jpg,photos_1/3931_バリューゴルフ/current/photo_03.jpg,photos_1/3931_バリューゴルフ/current/photo_04.jpg",4,current
3933,チエル,https://www.chieru.co.jp/,出演,prev_1,2020年頃,,,,,,,,photos_1/3933_チエル/history/01_出演/photo_01.jpg,1,history
3934,ベネフィットジャパン,https://www.benefitjapan.co.jp/,神子柴 寿昭,prev_1,,,,,,,,,photos_1/3934_ベネフィットジャパン/history/01_神子柴_寿昭/photo_01.jpg,1,history
3934,ベネフィットジャパン,https://www.benefitjapan.co.jp/,三部 敏宏,prev_2,,,,,,,,,photos_1/3934_ベネフィットジャパン/history/02_三部_敏宏/photo_01.jpg,1,history
3934,ベネフィットジャパン,https://www.benefitjapan.co.jp/,倉石 誠司,prev_3,,,,,,,,,photos_1/3934_ベネフィットジャパン/history/03_倉石_誠司/photo_01.jpg,1,history
3934,ベネフィットジャパン,https://www.benefitjapan.co.jp/,竹内 弘平,prev_4,,,,,,,,,photos_1/3934_ベネフィットジャパン/history/04_竹内_弘平/photo_01.jpg,1,history
3934,ベネフィットジャパン,https://www.benefitjapan.co.jp/,鈴木 麻子,prev_5,,,,,,,,,photos_1/3934_ベネフィットジャパン/history/05_鈴木_麻子/photo_01.jpg,1,history
3934,ベネフィットジャパン,https://www.benefitjapan.co.jp/,貝原 典也,prev_6,,,,,,,,,photos_1/3934_ベネフィットジャパン/history/06_貝原_典也/photo_01.jpg,1,history
3936,グローバルウェイ,https://www.globalway.co.jp/,各務 正人,current,2024年10月,,108.0,,,,,,"photos_1/3936_グローバルウェイ/current/photo_01.jpg,photos_1/3936_グローバルウェイ/current/photo_02.jpg",2,current
3937,Ubicomホールディングス,https://www.ubicom-hd.com/,青木 正之,current,,,,,,,,,photos_1/3937_Ubicomホールディングス/current/photo_01.jpg,1,current
3932,アカツキ,https://aktsk.jp/,代行 森本譲,prev_1,,,,,,,,,photos_1/3932_アカツキ/history/01_代行_森本譲/photo_01.jpg,1,history
3941,レンゴー,https://www.rengo.co.jp/,表者 時田宗,prev_1,,,,,,,,,photos_1/3941_レンゴー/history/01_表者_時田宗/photo_01.jpg,1,history
3925,ダブルスタンダード,https://www.double-std.com/,竺鼠 川原,prev_1,,,,,,,,,photos_1/3925_ダブルスタンダード/history/01_竺鼠_川原/photo_01.jpg,1,history
3951,朝日印刷,https://www.asahi-pp.co.jp/,朝日 重紀,current,,,,,,,,,"photos_1/3951_朝日印刷/current/photo_01.jpg,photos_1/3951_朝日印刷/current/photo_02.jpg,photos_1/3951_朝日印刷/current/photo_03.jpg,photos_1/3951_朝日印刷/current/photo_04.jpg,photos_1/3951_朝日印刷/current/photo_05.jpg",5,current
3947,ダイナパック,https://www.dynapac-gr.co.jp/,進士仁一,prev_1,,,,,,,,,photos_1/3947_ダイナパック/history/01_進士仁一/photo_01.jpg,1,history
3947,ダイナパック,https://www.dynapac-gr.co.jp/,手塚卓志,prev_2,,,,,,,,,photos_1/3947_ダイナパック/history/02_手塚卓志/photo_01.jpg,1,history
3955,イムラ,https://www.imura.co.jp/,"紹介
企業情",current,,,,,,,,,photos_1/3955_イムラ/current/photo_01.jpg,1,current
3955,イムラ,https://www.imura.co.jp/,伝説 怪奇,prev_1,,,,,,,,,photos_1/3955_イムラ/history/01_伝説_怪奇/photo_01.jpg,1,history
3955,イムラ,https://www.imura.co.jp/,伝説 哲也,prev_2,,,,,,,,,photos_1/3955_イムラ/history/02_伝説_哲也/photo_01.jpg,1,history
3955,イムラ,https://www.imura.co.jp/,子屋 銭天堂,prev_3,,,,,,,,,photos_1/3955_イムラ/history/03_子屋_銭天堂/photo_01.jpg,1,history
3955,イムラ,https://www.imura.co.jp/,界編 序奏,prev_4,,,,,,,,,photos_1/3955_イムラ/history/04_界編_序奏/photo_01.jpg,1,history
3955,イムラ,https://www.imura.co.jp/,皇子 天上編,prev_5,,,,,,,,,photos_1/3955_イムラ/history/05_皇子_天上編/photo_01.jpg,1,history
3955,イムラ,https://www.imura.co.jp/,映画 爆釣,prev_6,,,,,,,,,photos_1/3955_イムラ/history/06_映画_爆釣/photo_01.jpg,1,history
3958,笹徳印刷,https://www.sasatoku.co.jp/,会長　杉山卓,current,2025年9月,,536.04,,,,,,"photos_1/3958_笹徳印刷/current/photo_01.jpg,photos_1/3958_笹徳印刷/current/photo_02.jpg",2,current
3958,笹徳印刷,https://www.sasatoku.co.jp/,勝島 三遺体,prev_1,,,,,,,,,photos_1/3958_笹徳印刷/history/01_勝島_三遺体/photo_01.jpg,1,history
3950,ザ・パック,https://www.thepack.co.jp/,進士仁一,prev_1,,,,,,,,,photos_1/3950_ザ・パック/history/01_進士仁一/photo_01.jpg,1,history
3950,ザ・パック,https://www.thepack.co.jp/,手塚卓志,prev_2,,,,,,,,,photos_1/3950_ザ・パック/history/02_手塚卓志/photo_01.jpg,1,history
3961,シルバーエッグ・テクノロジー,https://www.silveregg.co.jp/,伝説 怪奇,prev_1,,,,,,,,,photos_1/3961_シルバーエッグ・テクノロジー/history/01_伝説_怪奇/photo_01.jpg,1,history
3961,シルバーエッグ・テクノロジー,https://www.silveregg.co.jp/,伝説 哲也,prev_2,,,,,,,,,photos_1/3961_シルバーエッグ・テクノロジー/history/02_伝説_哲也/photo_01.jpg,1,history
3961,シルバーエッグ・テクノロジー,https://www.silveregg.co.jp/,子屋 銭天堂,prev_3,,,,,,,,,photos_1/3961_シルバーエッグ・テクノロジー/history/03_子屋_銭天堂/photo_01.jpg,1,history
3961,シルバーエッグ・テクノロジー,https://www.silveregg.co.jp/,界編 序奏,prev_4,,,,,,,,,photos_1/3961_シルバーエッグ・テクノロジー/history/04_界編_序奏/photo_01.jpg,1,history
3961,シルバーエッグ・テクノロジー,https://www.silveregg.co.jp/,皇子 天上編,prev_5,,,,,,,,,photos_1/3961_シルバーエッグ・テクノロジー/history/05_皇子_天上編/photo_01.jpg,1,history
3962,チェンジホールディングス,https://www.changeholdings.co.jp/,福留 大士,current,2003年4月,,,,,,,,photos_1/3962_チェンジホールディングス/current/photo_01.jpg,1,current
3954,昭和パックス,http://www.showa-paxxs.co.jp/,"社名
昭和",current,2025年3月,,1867.01,,,,,,photos_1/3954_昭和パックス/current/photo_01.jpg,1,current
3954,昭和パックス,http://www.showa-paxxs.co.jp/,広域への影響力,prev_1,,,,,,,,,photos_1/3954_昭和パックス/history/01_広域への影響力/photo_01.jpg,1,history
3954,昭和パックス,http://www.showa-paxxs.co.jp/,池田芳蔵,prev_2,,,,,,,,,photos_1/3954_昭和パックス/history/02_池田芳蔵/photo_01.jpg,1,history
3954,昭和パックス,http://www.showa-paxxs.co.jp/,久保亮五,prev_3,,,,,,,,,photos_1/3954_昭和パックス/history/03_久保亮五/photo_01.jpg,1,history
3954,昭和パックス,http://www.showa-paxxs.co.jp/,小林與三次,prev_4,,,,,,,,,photos_1/3954_昭和パックス/history/04_小林與三次/photo_01.jpg,1,history
3954,昭和パックス,http://www.showa-paxxs.co.jp/,中川順,prev_5,,,,,,,,,photos_1/3954_昭和パックス/history/05_中川順/photo_01.jpg,1,history
3954,昭和パックス,http://www.showa-paxxs.co.jp/,中村元,prev_6,,,,,,,,,photos_1/3954_昭和パックス/history/06_中村元/photo_01.jpg,1,history
3954,昭和パックス,http://www.showa-paxxs.co.jp/,西原春夫,prev_7,,,,,,,,,photos_1/3954_昭和パックス/history/07_西原春夫/photo_01.jpg,1,history
3954,昭和パックス,http://www.showa-paxxs.co.jp/,縫田曄子,prev_8,,,,,,,,,photos_1/3954_昭和パックス/history/08_縫田曄子/photo_01.jpg,1,history
3967,エルテス,https://eltes.co.jp/,石原 直樹,prev_1,,,,,,,,,photos_1/3967_エルテス/history/01_石原_直樹/photo_01.jpg,1,history
3967,エルテス,https://eltes.co.jp/,大内 英史,prev_2,,,,,,,,,photos_1/3967_エルテス/history/02_大内_英史/photo_01.jpg,1,history
3968,セグエグループ,https://segue-g.jp/,"方針
当社",current,2025年4月,,481.39,,,,,,photos_1/3968_セグエグループ/current/photo_01.jpg,1,current
3965,キャピタル・アセット・プランニング,https://www.cap-net.co.jp/,山氏　三井住,prev_1,2025年12月23日,2025年12月23日,,,,,,,,0,history
3965,キャピタル・アセット・プランニング,https://www.cap-net.co.jp/,山氏　海外,prev_2,2025年7月31日,2025年12月23日,,,,,,,photos_1/3965_キャピタル・アセット・プランニング/history/02_山氏_海外/photo_01.jpg,1,history
3948,光ビジネスフォーム,https://hikaribf.co.jp/,金子 眞吾,prev_1,,,,,,,,,photos_1/3948_光ビジネスフォーム/history/01_金子_眞吾/photo_01.jpg,1,history
3970,イノベーション,https://www.innovation.co.jp/,富田　直人,current,2025年８月,,1015.0,,,,,,photos_1/3970_イノベーション/current/photo_01.jpg,1,current
3981,ビーグリー,https://www.beaglee.com/,放送,prev_1,2016年頃,,,,,,,,photos_1/3981_ビーグリー/history/01_放送/photo_01.jpg,1,history
3983,オロ,https://www.oro.com/ja/,川田 篤,current,,,,,,,,,photos_1/3983_オロ/current/photo_01.jpg,1,current
3983,オロ,https://www.oro.com/ja/,海空 地球征,prev_1,,,,,,,,,photos_1/3983_オロ/history/01_海空_地球征/photo_01.jpg,1,history
3974,SCAT,https://www.scat.inc/,寺尾 弘一,prev_1,,,,,,,,,photos_1/3974_SCAT/history/01_寺尾_弘一/photo_01.jpg,1,history
3979,うるる,https://www.uluru.biz/,星 知也,current,2022年３月,,320.74,,,,,,"photos_1/3979_うるる/current/photo_01.jpg,photos_1/3979_うるる/current/photo_02.jpg,photos_1/3979_うるる/current/photo_03.jpg,photos_1/3979_うるる/current/photo_04.jpg,photos_1/3979_うるる/current/photo_05.jpg",5,current
3987,エコモット,https://www.ecomott.co.jp/,"締役
入澤",current,2019年5月,,1770.0,,,,,,"photos_1/3987_エコモット/current/photo_01.jpg,photos_1/3987_エコモット/current/photo_02.jpg,photos_1/3987_エコモット/current/photo_03.jpg,photos_1/3987_エコモット/current/photo_04.jpg,photos_1/3987_エコモット/current/photo_05.jpg",5,current
3988,SYSホールディングス,https://www.syshd.co.jp/,締役 会長,current,2004年1月,,,,,,,,,0,current
3994,マネーフォワード,https://corp.moneyforward.com/,辻 庸介,current,2020年5月,,2455.0,,,,,,"photos_1/3994_マネーフォワード/current/photo_01.jpg,photos_1/3994_マネーフォワード/current/photo_02.jpg,photos_1/3994_マネーフォワード/current/photo_03.jpg,photos_1/3994_マネーフォワード/current/photo_04.jpg,photos_1/3994_マネーフォワード/current/photo_05.jpg",5,current
3996,サインポスト,https://signpost.co.jp/,課題,current,,,,,,,,,photos_1/3996_サインポスト/current/photo_01.jpg,1,current
3998,すららネット,https://surala.co.jp/,野川 孝彦,current,2002年5月,,,,,,,,"photos_1/3998_すららネット/current/photo_01.jpg,photos_1/3998_すららネット/current/photo_02.jpg,photos_1/3998_すららネット/current/photo_03.jpg,photos_1/3998_すららネット/current/photo_04.jpg,photos_1/3998_すららネット/current/photo_05.jpg",5,current
4011,ヘッドウォータース,https://www.headwaters.co.jp/,本部 本部長,current,2010年8月,,,,,,,,photos_1/4011_ヘッドウォータース/current/photo_01.jpg,1,current
4008,住友精化,https://www.sumitomoseika.co.jp/,織田 佳明,current,,,,,,,,,photos_1/4008_住友精化/current/photo_01.jpg,1,current
4013,勤次郎,https://kinjiro-e.com/,鎧武 春休,prev_1,2014年4月3日,2016年9月29日,,,,,,,photos_1/4013_勤次郎/history/01_鎧武_春休/photo_01.jpg,1,history
4013,勤次郎,https://kinjiro-e.com/,専科 色恋,prev_2,,,,,,,,,photos_1/4013_勤次郎/history/02_専科_色恋/photo_01.jpg,1,history
3993,PKSHA　Technology,https://pkshatech.com/,水谷 健彦,current,,,,,,,,,photos_1/3993_PKSHA_Technology/current/photo_01.jpg,1,current
4015,ペイクラウドホールディングス,https://www.paycloud.inc/,三浦 嚴嗣,current,,,,,,,,,"photos_1/4015_ペイクラウドホールディングス/current/photo_01.jpg,photos_1/4015_ペイクラウドホールディングス/current/photo_02.jpg,photos_1/4015_ペイクラウドホールディングス/current/photo_03.jpg,photos_1/4015_ペイクラウドホールディングス/current/photo_04.jpg,photos_1/4015_ペイクラウドホールディングス/current/photo_05.jpg",5,current
4015,ペイクラウドホールディングス,https://www.paycloud.inc/,門倉 紀明,prev_1,,,,,,,,,photos_1/4015_ペイクラウドホールディングス/history/01_門倉_紀明/photo_01.jpg,1,history
4019,スタメン,https://stmn.co.jp/,逮捕　埼玉県,prev_1,2012年10月18日,2012年10月23日,,,,,,,photos_1/4019_スタメン/history/01_逮捕_埼玉県/photo_01.jpg,1,history
4021,日産化学,https://www.nissanchem.co.jp/,締役  八木,current,,,,,,,,,photos_1/4021_日産化学/current/photo_01.jpg,1,current
4020,ビートレンド,https://www.betrend.com/,植村甲午郎,prev_1,,,,,,,,,photos_1/4020_ビートレンド/history/01_植村甲午郎/photo_01.jpg,1,history
4020,ビートレンド,https://www.betrend.com/,水野成夫,prev_2,,,,,,,,,photos_1/4020_ビートレンド/history/02_水野成夫/photo_01.jpg,1,history
4020,ビートレンド,https://www.betrend.com/,鹿内信隆,prev_3,,,,,,,,,,0,history
4020,ビートレンド,https://www.betrend.com/,浅野賢澄,prev_4,,,,,,,,,photos_1/4020_ビートレンド/history/04_浅野賢澄/photo_01.jpg,1,history
4020,ビートレンド,https://www.betrend.com/,鹿内春雄,prev_5,,,,,,,,,photos_1/4020_ビートレンド/history/05_鹿内春雄/photo_01.jpg,1,history
4020,ビートレンド,https://www.betrend.com/,鹿内宏明,prev_6,,,,,,,,,photos_1/4020_ビートレンド/history/06_鹿内宏明/photo_01.jpg,1,history
4020,ビートレンド,https://www.betrend.com/,日枝久,prev_7,,,,,,,,,photos_1/4020_ビートレンド/history/07_日枝久/photo_01.jpg,1,history
4020,ビートレンド,https://www.betrend.com/,嘉納修治,prev_8,,,,,,,,,photos_1/4020_ビートレンド/history/08_嘉納修治/photo_01.jpg,1,history
4022,ラサ工業,https://www.rasa.co.jp/,合会 会頭,prev_1,,,,,,,,,photos_1/4022_ラサ工業/history/01_合会_会頭/photo_01.jpg,1,history
4023,クレハ,https://www.kureha.co.jp/,小林 豊,current,2025年5月,,2401.66,,,,,,"photos_1/4023_クレハ/current/photo_01.jpg,photos_1/4023_クレハ/current/photo_02.jpg",2,current
4023,クレハ,https://www.kureha.co.jp/,岩崎俊彌,prev_1,,,,,,,,,photos_1/4023_クレハ/history/01_岩崎俊彌/photo_01.jpg,1,history
4023,クレハ,https://www.kureha.co.jp/,山田三次郎,prev_2,,,,,,,,,photos_1/4023_クレハ/history/02_山田三次郎/photo_01.jpg,1,history
4023,クレハ,https://www.kureha.co.jp/,大野政吉,prev_3,,,,,,,,,photos_1/4023_クレハ/history/03_大野政吉/photo_01.jpg,1,history
4023,クレハ,https://www.kureha.co.jp/,池田亀三郎,prev_4,,,,,,,,,photos_1/4023_クレハ/history/04_池田亀三郎/photo_01.jpg,1,history
4023,クレハ,https://www.kureha.co.jp/,森本貫一,prev_5,,,,,,,,,photos_1/4023_クレハ/history/05_森本貫一/photo_01.jpg,1,history
4023,クレハ,https://www.kureha.co.jp/,森規矩夫,prev_6,,,,,,,,,photos_1/4023_クレハ/history/06_森規矩夫/photo_01.jpg,1,history
4023,クレハ,https://www.kureha.co.jp/,桑田時一郎,prev_7,,,,,,,,,photos_1/4023_クレハ/history/07_桑田時一郎/photo_01.jpg,1,history
4012,アクシス,https://www.axis-net.co.jp/,横田 佳和,current,,,,,,,,,photos_1/4012_アクシス/current/photo_01.jpg,1,current
4041,日本曹達,https://www.nippon-soda.co.jp/,阿賀 英司,current,,,,,,,,,photos_1/4041_日本曹達/current/photo_01.jpg,1,current
4028,石原産業,https://www.iskweb.co.jp/,警察 全国,prev_1,,,,,,,,,photos_1/4028_石原産業/history/01_警察_全国/photo_01.jpg,1,history
4042,東ソー,https://www.tosoh.co.jp/,桒田　守,current,,,,,,,,,"photos_1/4042_東ソー/current/photo_01.jpg,photos_1/4042_東ソー/current/photo_02.jpg,photos_1/4042_東ソー/current/photo_03.jpg,photos_1/4042_東ソー/current/photo_04.jpg,photos_1/4042_東ソー/current/photo_05.jpg",5,current
4042,東ソー,https://www.tosoh.co.jp/,新　職,prev_1,2001年05月17日,,376.63,,,,,,,0,history
4042,東ソー,https://www.tosoh.co.jp/,当社,prev_2,2001年05月17日,,376.63,,,,,,,0,history
4047,関東電化工業,https://www.kantodenka.co.jp/,谷川 淳一,current,,,,,,,,,photos_1/4047_関東電化工業/current/photo_01.jpg,1,current
4045,東亞合成,https://www.toagosei.co.jp/,東亞合成,current,2025年１月,,1411.21,,,,,,photos_1/4045_東亞合成/current/photo_01.jpg,1,current
4051,GMOフィナンシャルゲート,https://gmo-fg.com/,杉山 憲太郎,current,2024年９月,,6634.83,,,,,,photos_1/4051_GMOフィナンシャルゲート/current/photo_01.jpg,1,current
4052,フィーチャ,https://ficha.jp/,奥原主一,prev_1,2000年頃,,,,,,,,photos_1/4052_フィーチャ/history/01_奥原主一/photo_01.jpg,1,history
4058,トヨクモ,https://toyokumo.co.jp/,山本 裕次,current,2000年01月,,,,,,,,,0,current
4060,rakumo,https://corporate.rakumo.com/,清水 孝治,current,,,,,,,,,photos_1/4060_rakumo/current/photo_01.jpg,1,current
4061,デンカ,https://www.denka.co.jp/,石田 郁雄,current,,,,,,,,,photos_1/4061_デンカ/current/photo_01.jpg,1,current
4063,信越化学工業,https://www.shinetsu.co.jp/jp/,"職名
氏名",current,,,,,,,,,photos_1/4063_信越化学工業/current/photo_01.jpg,1,current
4071,プラスアルファ・コンサルティング,https://www.pa-consul.co.jp/,三室 克哉株,current,,,,,,,,,photos_1/4071_プラスアルファ・コンサルティング/current/photo_01.jpg,1,current
4068,ベイシス,https://www.basis-corp.jp/,吉村 公孝,current,2000年7月,,,,,,,,photos_1/4068_ベイシス/current/photo_01.jpg,1,current
4074,ラキール,https://www.lakeel.com/,久保 努,current,,,,,,,,,photos_1/4074_ラキール/current/photo_01.jpg,1,current
4076,シイエヌエス,https://www.cns.co.jp/,基本的,current,2005年10月,,,,,,,,photos_1/4076_シイエヌエス/current/photo_01.jpg,1,current
4080,田中化学研究所,https://www.tanaka-chem.co.jp/,田中化学,current,,,,,,,,,"photos_1/4080_田中化学研究所/current/photo_01.jpg,photos_1/4080_田中化学研究所/current/photo_02.jpg",2,current
4091,日本酸素ホールディングス,https://www.nipponsanso-hd.co.jp/,濱田　敏彦,current,2002年7月,,301.17,,,,,,photos_1/4091_日本酸素ホールディングス/current/photo_01.jpg,1,current
4098,チタン工業,http://www.titankogyo.co.jp/,工業株,current,,,,,,,,,"photos_1/4098_チタン工業/current/photo_01.jpg,photos_1/4098_チタン工業/current/photo_02.jpg,photos_1/4098_チタン工業/current/photo_03.jpg,photos_1/4098_チタン工業/current/photo_04.jpg,photos_1/4098_チタン工業/current/photo_05.jpg",5,current
4100,戸田工業,https://www.todakogyo.co.jp/,微粒子,current,,,,,,,,,photos_1/4100_戸田工業/current/photo_01.jpg,1,current
4099,四国化成ホールディングス,https://www.shikoku.co.jp/,当社,current,,,,,,,,,,0,current
4109,ステラ　ケミファ,https://www.stella-chemifa.co.jp/,"方
法令遵",current,2025年11月,,4170.0,,,,,,photos_1/4109_ステラ_ケミファ/current/photo_01.jpg,1,current
4119,日本ピグメントホールディングス,https://www.pigment-hd.co.jp/,院前 伊集院,prev_1,,,,,,,,,photos_1/4119_日本ピグメントホールディングス/history/01_院前_伊集院/photo_01.jpg,1,history
4114,日本触媒,https://www.shokubai.co.jp/,野田　和宏,current,,,,,,,,,photos_1/4114_日本触媒/current/photo_01.jpg,1,current
4114,日本触媒,https://www.shokubai.co.jp/,野田 和宏代,prev_1,,,,,,,,,photos_1/4114_日本触媒/history/01_野田_和宏代/photo_01.jpg,1,history
4124,大阪油化工業,https://www.osaka-yuka.co.jp/,謝罪　茨城,prev_1,2025年7月15日,2007年12月22日,,,,,,,photos_1/4124_大阪油化工業/history/01_謝罪_茨城/photo_01.jpg,1,history
4125,三和油化工業,https://www.sanwayuka.co.jp/,謝罪　茨城,prev_1,2025年7月15日,2007年12月22日,,,,,,,photos_1/4125_三和油化工業/history/01_謝罪_茨城/photo_01.jpg,1,history
4151,協和キリン,https://www.kyowakirin.co.jp/,宮本　昌志,current,,,,,,,,,photos_1/4151_協和キリン/current/photo_01.jpg,1,current
4116,大日精化工業,https://www.daicolor.co.jp/,神子柴 寿昭,prev_1,,,,,,,,,photos_1/4116_大日精化工業/history/01_神子柴_寿昭/photo_01.jpg,1,history
4116,大日精化工業,https://www.daicolor.co.jp/,三部 敏宏,prev_2,,,,,,,,,photos_1/4116_大日精化工業/history/02_三部_敏宏/photo_01.jpg,1,history
4116,大日精化工業,https://www.daicolor.co.jp/,倉石 誠司,prev_3,,,,,,,,,photos_1/4116_大日精化工業/history/03_倉石_誠司/photo_01.jpg,1,history
4116,大日精化工業,https://www.daicolor.co.jp/,竹内 弘平,prev_4,,,,,,,,,,0,history
4116,大日精化工業,https://www.daicolor.co.jp/,鈴木 麻子,prev_5,,,,,,,,,photos_1/4116_大日精化工業/history/05_鈴木_麻子/photo_01.jpg,1,history
4116,大日精化工業,https://www.daicolor.co.jp/,貝原 典也,prev_6,,,,,,,,,photos_1/4116_大日精化工業/history/06_貝原_典也/photo_01.jpg,1,history
4166,かっこ,https://cacco.co.jp/,終了 大規模,prev_1,2016年3月6日,2017年5月9日,,,,,,,photos_1/4166_かっこ/history/01_終了_大規模/photo_01.jpg,1,history
4169,ENECHANGE,https://enechange.co.jp/,日本語,current,2015年4月,,,,,,,,photos_1/4169_ENECHANGE/current/photo_01.jpg,1,current
4176,ココナラ,https://coconala.co.jp/,鈴木 歩,current,2016年5月,,,,,,,,"photos_1/4176_ココナラ/current/photo_01.jpg,photos_1/4176_ココナラ/current/photo_02.jpg,photos_1/4176_ココナラ/current/photo_03.jpg,photos_1/4176_ココナラ/current/photo_04.jpg,photos_1/4176_ココナラ/current/photo_05.jpg",5,current
4176,ココナラ,https://coconala.co.jp/,守流 利益,prev_1,,,,,,,,,photos_1/4176_ココナラ/history/01_守流_利益/photo_01.jpg,1,history
4176,ココナラ,https://coconala.co.jp/,奪戦 資源,prev_2,,,,,,,,,photos_1/4176_ココナラ/history/02_奪戦_資源/photo_01.jpg,1,history
4176,ココナラ,https://coconala.co.jp/,代目 執念,prev_3,,,,,,,,,photos_1/4176_ココナラ/history/03_代目_執念/photo_01.jpg,1,history
4177,i-plug,https://i-plug.co.jp/,"由来

人",current,2012年4月,,,,,,,,"photos_1/4177_i-plug/current/photo_01.jpg,photos_1/4177_i-plug/current/photo_02.jpg",2,current
4177,i-plug,https://i-plug.co.jp/,田中 伸明,prev_1,2014年頃,2010年頃,,,,,,,photos_1/4177_i-plug/history/01_田中_伸明/photo_01.jpg,1,history
4177,i-plug,https://i-plug.co.jp/,由来,prev_2,2010年頃,2014年頃,,,,,,,photos_1/4177_i-plug/history/02_由来/photo_01.jpg,1,history
4175,coly,https://colyinc.com/,中島 杏奈,current,2014年2月,,,,,,,,photos_1/4175_coly/current/photo_01.jpg,1,current
4175,coly,https://colyinc.com/,学部 免疫学,prev_1,,,,,,,,,photos_1/4175_coly/history/01_学部_免疫学/photo_01.jpg,1,history
4175,coly,https://colyinc.com/,法人 石川記,prev_2,,,,,,,,,photos_1/4175_coly/history/02_法人_石川記/photo_01.jpg,1,history
4175,coly,https://colyinc.com/,本部 映像事,prev_3,,,,,,,,,photos_1/4175_coly/history/03_本部_映像事/photo_01.jpg,1,history
4175,coly,https://colyinc.com/,東京 共同代,prev_4,,,,,,,,,photos_1/4175_coly/history/04_東京_共同代/photo_01.jpg,1,history
4175,coly,https://colyinc.com/,本部 調理,prev_5,,,,,,,,,photos_1/4175_coly/history/05_本部_調理/photo_01.jpg,1,history
4178,Sharing　Innovations,https://sharing-innovations.com/,中村 慶郎,prev_1,,,,,,,,,photos_1/4178_Sharing_Innovations/history/01_中村_慶郎/photo_01.jpg,1,history
4182,三菱瓦斯化学,https://www.mgc.co.jp/,社会,current,,,,,,,,,photos_1/4182_三菱瓦斯化学/current/photo_01.jpg,1,current
4182,三菱瓦斯化学,https://www.mgc.co.jp/,藤井 政志,prev_1,,,,,,,,,photos_1/4182_三菱瓦斯化学/history/01_藤井_政志/photo_01.jpg,1,history
4180,Appier　Group,https://www.appier.com/ja/,締役 監査等,current,,,,,,,,,"photos_1/4180_Appier_Group/current/photo_01.jpg,photos_1/4180_Appier_Group/current/photo_02.jpg,photos_1/4180_Appier_Group/current/photo_03.jpg,photos_1/4180_Appier_Group/current/photo_04.jpg,photos_1/4180_Appier_Group/current/photo_05.jpg",5,current
4180,Appier　Group,https://www.appier.com/ja/,井上高志,prev_1,2008年頃,,,,,,,,photos_1/4180_Appier_Group/history/01_井上高志/photo_01.jpg,1,history
4187,大阪有機化学工業,https://www.ooc.co.jp/,社名,current,2024年11月,,2889.97,,,,,,"photos_1/4187_大阪有機化学工業/current/photo_01.jpg,photos_1/4187_大阪有機化学工業/current/photo_02.jpg,photos_1/4187_大阪有機化学工業/current/photo_03.jpg",3,current
4192,スパイダープラス,https://spiderplus.co.jp/,新聞 電子版,current,2021年3月,,1722.0,,,,,,"photos_1/4192_スパイダープラス/current/photo_01.jpg,photos_1/4192_スパイダープラス/current/photo_02.jpg,photos_1/4192_スパイダープラス/current/photo_03.jpg,photos_1/4192_スパイダープラス/current/photo_04.jpg,photos_1/4192_スパイダープラス/current/photo_05.jpg",5,current
4192,スパイダープラス,https://spiderplus.co.jp/,新聞 電子版,prev_1,2026年1月30日,2026年1月30日,,,,,,,photos_1/4192_スパイダープラス/history/01_新聞_電子版/photo_01.jpg,1,history
4192,スパイダープラス,https://spiderplus.co.jp/,対策　転倒,prev_2,2026年1月30日,,,,,,,,photos_1/4192_スパイダープラス/history/02_対策_転倒/photo_01.jpg,1,history
4192,スパイダープラス,https://spiderplus.co.jp/,挨拶 企業理,prev_3,,,,,,,,,photos_1/4192_スパイダープラス/history/03_挨拶_企業理/photo_01.jpg,1,history
4193,ファブリカホールディングス,https://www.fabrica-hd.co.jp/,谷口 政人,current,,,,,,,,,photos_1/4193_ファブリカホールディングス/current/photo_01.jpg,1,current
4196,ネオマーケティング,https://neo-m.jp/,橋本 光伸,prev_1,2002年頃,,,,,,,,photos_1/4196_ネオマーケティング/history/01_橋本_光伸/photo_01.jpg,1,history
4194,ビジョナル,https://www.visional.inc/,南 壮一郎,current,2020年2月,,,,,,,,"photos_1/4194_ビジョナル/current/photo_01.jpg,photos_1/4194_ビジョナル/current/photo_02.jpg,photos_1/4194_ビジョナル/current/photo_03.jpg,photos_1/4194_ビジョナル/current/photo_04.jpg,photos_1/4194_ビジョナル/current/photo_05.jpg",5,current
4197,アスマーク,https://www.asmarq.co.jp/,米倉 裕之,prev_1,2025年11月27日,2025年12月11日,,,,,,,photos_1/4197_アスマーク/history/01_米倉_裕之/photo_01.jpg,1,history
4198,テンダ,https://www.tenda.co.jp/,議長 薗部晃,current,,,,,,,,,photos_1/4198_テンダ/current/photo_01.jpg,1,current
4202,ダイセル,https://www.daicel.com/,"会長
小河",current,2002年4月,,237.57,,,,,,photos_1/4202_ダイセル/current/photo_01.jpg,1,current
4199,ワンダープラネット,https://wonderpla.net/,常川 友樹,current,,,,,,,,,"photos_1/4199_ワンダープラネット/current/photo_01.jpg,photos_1/4199_ワンダープラネット/current/photo_02.jpg,photos_1/4199_ワンダープラネット/current/photo_03.jpg",3,current
4199,ワンダープラネット,https://wonderpla.net/,進士仁一,prev_1,,,,,,,,,photos_1/4199_ワンダープラネット/history/01_進士仁一/photo_01.jpg,1,history
4199,ワンダープラネット,https://wonderpla.net/,手塚卓志,prev_2,,,,,,,,,photos_1/4199_ワンダープラネット/history/02_手塚卓志/photo_01.jpg,1,history
4203,住友ベークライト,https://www.sumibe.co.jp/,藤原 一彦,current,,,,,,,,,photos_1/4203_住友ベークライト/current/photo_01.jpg,1,current
4204,積水化学工業,https://www.sekisui.co.jp/,加藤　敬太,current,,,,,,,,,photos_1/4204_積水化学工業/current/photo_01.jpg,1,current
4205,日本ゼオン,https://www.zeon.co.jp/,豊嶋　哲也,current,,,,,,,,,photos_1/4205_日本ゼオン/current/photo_01.jpg,1,current
4206,アイカ工業,https://www.aica.co.jp/,健治　本社,prev_1,2026年2月24日,,,,,,,,photos_1/4206_アイカ工業/history/01_健治_本社/photo_01.jpg,1,history
4212,積水樹脂,https://www.sekisuijushi.co.jp/,馬場　浩志,current,,,,,,,,,"photos_1/4212_積水樹脂/current/photo_01.jpg,photos_1/4212_積水樹脂/current/photo_02.jpg,photos_1/4212_積水樹脂/current/photo_03.jpg,photos_1/4212_積水樹脂/current/photo_04.jpg,photos_1/4212_積水樹脂/current/photo_05.jpg",5,current
4208,UBE,https://www.ube.com/,西田 祐樹,current,,,,,,,,,photos_1/4208_UBE/current/photo_01.jpg,1,current
4216,旭有機材,https://www.asahi-yukizai.co.jp/,中野 賀津也,current,,,,,,,,,"photos_1/4216_旭有機材/current/photo_01.jpg,photos_1/4216_旭有機材/current/photo_02.jpg,photos_1/4216_旭有機材/current/photo_03.jpg,photos_1/4216_旭有機材/current/photo_04.jpg,photos_1/4216_旭有機材/current/photo_05.jpg",5,current
4220,リケンテクノス,https://www.rikentechnos.co.jp/,常盤 和明,current,2025年4月,,1086.76,,,,,,photos_1/4220_リケンテクノス/current/photo_01.jpg,1,current
4186,東京応化工業,https://www.tok.co.jp/,種市 順昭,current,,,,,,,,,photos_1/4186_東京応化工業/current/photo_01.jpg,1,current
4221,大倉工業,https://www.okr-ind.co.jp/,神田 進,current,2009年4月,,681.41,,,,,,photos_1/4221_大倉工業/current/photo_01.jpg,1,current
4228,積水化成品工業,https://www.sekisuikasei.com/jp/,"案内
企業理",current,2025年6月,,320.0,,,,,,"photos_1/4228_積水化成品工業/current/photo_01.jpg,photos_1/4228_積水化成品工業/current/photo_02.jpg,photos_1/4228_積水化成品工業/current/photo_03.jpg",3,current
4222,児玉化学工業,https://www.kodama-chemical.co.jp/,挨拶,current,,,,,,,,,"photos_1/4222_児玉化学工業/current/photo_01.jpg,photos_1/4222_児玉化学工業/current/photo_02.jpg",2,current
4231,タイガースポリマー,https://tigers.jp/,澤田  宏治,current,,,,,,,,,photos_1/4231_タイガースポリマー/current/photo_01.jpg,1,current
4235,ウルトラファブリックス・ホールディングス,https://www.ultrafabricshd.co.jp/,吉村 昇,current,2025年3月,,823.05,,,,,,photos_1/4235_ウルトラファブリックス・ホールディングス/current/photo_01.jpg,1,current
4234,サンエー化研,https://www.sun-a-kaken.co.jp/,"邁進
　当社",current,,,,,,,,,"photos_1/4234_サンエー化研/current/photo_01.jpg,photos_1/4234_サンエー化研/current/photo_02.jpg",2,current
4238,ミライアル,https://www.miraial.co.jp/,株主,current,,,,,,,,,photos_1/4238_ミライアル/current/photo_01.jpg,1,current
4238,ミライアル,https://www.miraial.co.jp/,植村甲午郎,prev_1,,,,,,,,,photos_1/4238_ミライアル/history/01_植村甲午郎/photo_01.jpg,1,history
4238,ミライアル,https://www.miraial.co.jp/,水野成夫,prev_2,,,,,,,,,photos_1/4238_ミライアル/history/02_水野成夫/photo_01.jpg,1,history
4238,ミライアル,https://www.miraial.co.jp/,鹿内信隆,prev_3,,,,,,,,,,0,history
4238,ミライアル,https://www.miraial.co.jp/,浅野賢澄,prev_4,,,,,,,,,photos_1/4238_ミライアル/history/04_浅野賢澄/photo_01.jpg,1,history
4238,ミライアル,https://www.miraial.co.jp/,鹿内春雄,prev_5,,,,,,,,,photos_1/4238_ミライアル/history/05_鹿内春雄/photo_01.jpg,1,history
4238,ミライアル,https://www.miraial.co.jp/,鹿内宏明,prev_6,,,,,,,,,photos_1/4238_ミライアル/history/06_鹿内宏明/photo_01.jpg,1,history
4238,ミライアル,https://www.miraial.co.jp/,日枝久,prev_7,,,,,,,,,photos_1/4238_ミライアル/history/07_日枝久/photo_01.jpg,1,history
4238,ミライアル,https://www.miraial.co.jp/,嘉納修治,prev_8,,,,,,,,,photos_1/4238_ミライアル/history/08_嘉納修治/photo_01.jpg,1,history
4242,タカギセイコー,https://www.takagi-seiko.co.jp/,高木 章裕,current,,,,,,,,,photos_1/4242_タカギセイコー/current/photo_01.jpg,1,current
4247,ポバール興業,https://www.poval.co.jp/,松井 孝敏,current,,,,,,,,,photos_1/4247_ポバール興業/current/photo_01.jpg,1,current
4249,森六,https://www.moriroku.co.jp/,引所 市場第,current,,,,,,,,,photos_1/4249_森六/current/photo_01.jpg,1,current
4246,ダイキョーニシカワ,https://www.daikyonishikawa.co.jp/,川上 博之,current,2012年4月,,,,,,,,photos_1/4246_ダイキョーニシカワ/current/photo_01.jpg,1,current
4258,網屋,https://www.amiya.co.jp/,石田 晃太,current,,,,,,,,,photos_1/4258_網屋/current/photo_01.jpg,1,current
4258,網屋,https://www.amiya.co.jp/,植田和磨,prev_1,2002年12月4日,,,,,,,,photos_1/4258_網屋/history/01_植田和磨/photo_01.jpg,1,history
4258,網屋,https://www.amiya.co.jp/,平生翔大,prev_2,2002年10月11日,,,,,,,,photos_1/4258_網屋/history/02_平生翔大/photo_01.jpg,1,history
4258,網屋,https://www.amiya.co.jp/,小村真也,prev_3,2002年5月28日,,,,,,,,photos_1/4258_網屋/history/03_小村真也/photo_01.jpg,1,history
4258,網屋,https://www.amiya.co.jp/,古畑翔,prev_4,,,,,,,,,photos_1/4258_網屋/history/04_古畑翔/photo_01.jpg,1,history
4258,網屋,https://www.amiya.co.jp/,池田悠希,prev_5,,,,,,,,,photos_1/4258_網屋/history/05_池田悠希/photo_01.jpg,1,history
4258,網屋,https://www.amiya.co.jp/,祝原涼介,prev_6,,,,,,,,,photos_1/4258_網屋/history/06_祝原涼介/photo_01.jpg,1,history
4260,ハイブリッドテクノロジーズ,https://hybrid-technologies.co.jp/,現　東証,current,2021年12月,,730.0,,,,,,,0,current
4245,ダイキアクシス,https://www.daiki-axis.com/,大亀裕貴,prev_1,2025年3月1日,2024年1月,648.83,706.07,,,,,,0,history
4259,エクサウィザーズ,https://exawizards.com/,春田 真,current,,,,,,,,,photos_1/4259_エクサウィザーズ/current/photo_01.jpg,1,current
4259,エクサウィザーズ,https://exawizards.com/,洸氏 社会課,prev_1,2021年9月29日,2021年10月20日,,,,,,,photos_1/4259_エクサウィザーズ/history/01_洸氏_社会課/photo_01.jpg,1,history
4259,エクサウィザーズ,https://exawizards.com/,石山 洸氏,prev_2,2020年05月19日,,,,,,,,photos_1/4259_エクサウィザーズ/history/02_石山_洸氏/photo_01.jpg,1,history
4272,日本化薬,https://www.nipponkayaku.co.jp/,川村　茂之,current,,,,,,,,,photos_1/4272_日本化薬/current/photo_01.jpg,1,current
4264,セキュア,https://secureinc.co.jp/,阿部 達也,prev_1,,,,,,,,,photos_1/4264_セキュア/history/01_阿部_達也/photo_01.jpg,1,history
4264,セキュア,https://secureinc.co.jp/,齊藤 秀久,prev_2,,,,,,,,,photos_1/4264_セキュア/history/02_齊藤_秀久/photo_01.jpg,1,history
4264,セキュア,https://secureinc.co.jp/,大澤 智憲,prev_3,,,,,,,,,photos_1/4264_セキュア/history/03_大澤_智憲/photo_01.jpg,1,history
4275,カーリット,https://www.carlithd.co.jp/,電解化学,current,2024年10月,,1128.69,,,,,,"photos_1/4275_カーリット/current/photo_01.jpg,photos_1/4275_カーリット/current/photo_02.jpg",2,current
4270,BeeX,https://www.beex-inc.com/,広木 太,current,,,,,,,,,photos_1/4270_BeeX/current/photo_01.jpg,1,current
4293,セプテーニ・ホールディングス,https://www.septeni-holdings.co.jp/,神埜 雄一,current,2025年5月,,355.71,,,,,,"photos_1/4293_セプテーニ・ホールディングス/current/photo_01.jpg,photos_1/4293_セプテーニ・ホールディングス/current/photo_02.jpg,photos_1/4293_セプテーニ・ホールディングス/current/photo_03.jpg",3,current
4290,プレステージ・インターナショナル,https://www.prestigein.com/,"月
株",current,2025年3月,,702.73,,,,,,"photos_1/4290_プレステージ・インターナショナル/current/photo_01.jpg,photos_1/4290_プレステージ・インターナショナル/current/photo_02.jpg",2,current
4284,ソルクシーズ,https://www.solxyz.co.jp/,長尾　章取締,current,,,,,,,,,"photos_1/4284_ソルクシーズ/current/photo_01.jpg,photos_1/4284_ソルクシーズ/current/photo_02.jpg,photos_1/4284_ソルクシーズ/current/photo_03.jpg,photos_1/4284_ソルクシーズ/current/photo_04.jpg,photos_1/4284_ソルクシーズ/current/photo_05.jpg",5,current
4301,アミューズ,https://www.amuse.co.jp/,俳優 亀岡拓,prev_1,,,,,,,,,photos_1/4301_アミューズ/history/01_俳優_亀岡拓/photo_01.jpg,1,history
4316,ビーマップ,https://www.bemap.co.jp/,月期　第,current,2026年3月,,,,,,,,"photos_1/4316_ビーマップ/current/photo_01.jpg,photos_1/4316_ビーマップ/current/photo_02.jpg,photos_1/4316_ビーマップ/current/photo_03.jpg,photos_1/4316_ビーマップ/current/photo_04.jpg",4,current
4308,Jストリーム,https://www.stream.co.jp/,石松 俊雄,current,2000年7月,,,,,,,,photos_1/4308_Jストリーム/current/photo_01.jpg,1,current
4310,ドリームインキュベータ,https://www.dreamincubator.co.jp/,三宅 孝之,current,,,,,,,,,photos_1/4310_ドリームインキュベータ/current/photo_01.jpg,1,current
4318,クイック,https://919.jp/,会長 兼,current,2003年6月,,12.04,,,,,,photos_1/4318_クイック/current/photo_01.jpg,1,current
4326,インテージホールディングス,https://www.intageholdings.co.jp/,仁司 与志矢,prev_1,,,,,,,,,photos_1/4326_インテージホールディングス/history/01_仁司_与志矢/photo_01.jpg,1,history
4331,テイクアンドギヴ・ニーズ,https://www.tgn.co.jp/,岩瀬 賢治昨,current,,,,,,,,,photos_1/4331_テイクアンドギヴ・ニーズ/current/photo_01.jpg,1,current
4333,東邦システムサイエンス,https://www.tss.co.jp/,客様,current,,,,,,,,,photos_1/4333_東邦システムサイエンス/current/photo_01.jpg,1,current
4334,ユークス,https://www.yukes.co.jp/,感動,current,,,,,,,,,photos_1/4334_ユークス/current/photo_01.jpg,1,current
4334,ユークス,https://www.yukes.co.jp/,海空 地球征,prev_1,,,,,,,,,photos_1/4334_ユークス/history/01_海空_地球征/photo_01.jpg,1,history
4335,アイ・ピー・エス,https://www.ips.ne.jp/,院前 伊集院,prev_1,,,,,,,,,photos_1/4335_アイ・ピー・エス/history/01_院前_伊集院/photo_01.jpg,1,history
4337,ぴあ,https://corporate.pia.jp/,娼館 望郷,prev_1,,,,,,,,,photos_1/4337_ぴあ/history/01_娼館_望郷/photo_01.jpg,1,history
4337,ぴあ,https://corporate.pia.jp/,七号 君想,prev_2,,,,,,,,,,0,history
4344,ソースネクスト,https://www.sourcenext.com/,進士仁一,prev_1,,,,,,,,,photos_1/4344_ソースネクスト/history/01_進士仁一/photo_01.jpg,1,history
4344,ソースネクスト,https://www.sourcenext.com/,手塚卓志,prev_2,,,,,,,,,photos_1/4344_ソースネクスト/history/02_手塚卓志/photo_01.jpg,1,history
4343,イオンファンタジー,https://www.fantasy.co.jp/,古澤康之,prev_1,2025年3月,,,,,,,,photos_1/4343_イオンファンタジー/history/01_古澤康之/photo_01.jpg,1,history
4343,イオンファンタジー,https://www.fantasy.co.jp/,井出武美,prev_2,2019年3月,2025年2月,,,,,,,photos_1/4343_イオンファンタジー/history/02_井出武美/photo_01.jpg,1,history
4343,イオンファンタジー,https://www.fantasy.co.jp/,岡崎双一,prev_3,2015年2月,2019年3月,,,,,,,photos_1/4343_イオンファンタジー/history/03_岡崎双一/photo_01.jpg,1,history
4343,イオンファンタジー,https://www.fantasy.co.jp/,梅本和典,prev_4,2013年3月,2015年2月,,,,,,,photos_1/4343_イオンファンタジー/history/04_梅本和典/photo_01.jpg,1,history
4343,イオンファンタジー,https://www.fantasy.co.jp/,村井正平,prev_5,2008年4月,2013年3月,,,,,,,photos_1/4343_イオンファンタジー/history/05_村井正平/photo_01.jpg,1,history
4345,シーティーエス,https://www.cts-h.co.jp/,万円　日本人,prev_1,2011年1月11日,2012年2月8日,,,,,,,photos_1/4345_シーティーエス/history/01_万円_日本人/photo_01.jpg,1,history
4347,ブロードメディア,https://www.broadmedia.co.jp/,橋本 太郎,current,,,,,,,,,photos_1/4347_ブロードメディア/current/photo_01.jpg,1,current
4347,ブロードメディア,https://www.broadmedia.co.jp/,橋本 太郎,prev_1,2006年頃,,,,,,,,photos_1/4347_ブロードメディア/history/01_橋本_太郎/photo_01.jpg,1,history
4350,メディカルシステムネットワーク,https://www.msnw.co.jp/,田尻　稲雄,current,2000年4月,,,,,,,,photos_1/4350_メディカルシステムネットワーク/current/photo_01.jpg,1,current
4346,NEXYZ.Group,https://www.nexyzgroup.jp/,近藤 太香巳,prev_1,,,,,,,,,photos_1/4346_NEXYZ.Group/history/01_近藤_太香巳/photo_01.jpg,1,history
4341,西菱電機,https://www.seiryodenki.co.jp/,西井　希伊,current,,,,,,,,,photos_1/4341_西菱電機/current/photo_01.jpg,1,current
4356,応用技術,https://www.apptec.co.jp/,株主,current,2025年12月,,1757.23,,,,,,photos_1/4356_応用技術/current/photo_01.jpg,1,current
4356,応用技術,https://www.apptec.co.jp/,船橋俊郎,prev_1,2020年頃,,,,,,,,photos_1/4356_応用技術/history/01_船橋俊郎/photo_01.jpg,1,history
4366,ダイトーケミックス,https://www.daitochemix.co.jp/,神子柴 寿昭,prev_1,,,,,,,,,photos_1/4366_ダイトーケミックス/history/01_神子柴_寿昭/photo_01.jpg,1,history
4366,ダイトーケミックス,https://www.daitochemix.co.jp/,三部 敏宏,prev_2,,,,,,,,,photos_1/4366_ダイトーケミックス/history/02_三部_敏宏/photo_01.jpg,1,history
4366,ダイトーケミックス,https://www.daitochemix.co.jp/,倉石 誠司,prev_3,,,,,,,,,photos_1/4366_ダイトーケミックス/history/03_倉石_誠司/photo_01.jpg,1,history
4366,ダイトーケミックス,https://www.daitochemix.co.jp/,竹内 弘平,prev_4,,,,,,,,,photos_1/4366_ダイトーケミックス/history/04_竹内_弘平/photo_01.jpg,1,history
4366,ダイトーケミックス,https://www.daitochemix.co.jp/,鈴木 麻子,prev_5,,,,,,,,,photos_1/4366_ダイトーケミックス/history/05_鈴木_麻子/photo_01.jpg,1,history
4366,ダイトーケミックス,https://www.daitochemix.co.jp/,貝原 典也,prev_6,,,,,,,,,photos_1/4366_ダイトーケミックス/history/06_貝原_典也/photo_01.jpg,1,history
4361,川口化学工業,https://www.kawachem.co.jp/,"挨拶
当社",current,,,,,,,,,photos_1/4361_川口化学工業/current/photo_01.jpg,1,current
4371,コアコンセプト・テクノロジー,https://www.cct-inc.co.jp/,"締役
社外取",current,,,,,,,,,"photos_1/4371_コアコンセプト・テクノロジー/current/photo_01.jpg,photos_1/4371_コアコンセプト・テクノロジー/current/photo_02.jpg,photos_1/4371_コアコンセプト・テクノロジー/current/photo_03.jpg,photos_1/4371_コアコンセプト・テクノロジー/current/photo_04.jpg,photos_1/4371_コアコンセプト・テクノロジー/current/photo_05.jpg",5,current
4368,扶桑化学工業,https://fusokk.co.jp/,赤澤 庄三,prev_1,,,,,,,,,photos_1/4368_扶桑化学工業/history/01_赤澤_庄三/photo_01.jpg,1,history
4374,ROBOT　PAYMENT,https://www.robotpayment.co.jp/,清久 健也,current,2014年12月,,,,,,,,"photos_1/4374_ROBOT_PAYMENT/current/photo_01.jpg,photos_1/4374_ROBOT_PAYMENT/current/photo_02.jpg,photos_1/4374_ROBOT_PAYMENT/current/photo_03.jpg,photos_1/4374_ROBOT_PAYMENT/current/photo_04.jpg,photos_1/4374_ROBOT_PAYMENT/current/photo_05.jpg",5,current
4373,シンプレクス・ホールディングス,https://www.simplex.holdings/,金子 英樹,current,2021年４月,,,,,,,,"photos_1/4373_シンプレクス・ホールディングス/current/photo_01.jpg,photos_1/4373_シンプレクス・ホールディングス/current/photo_02.jpg",2,current
4367,広栄化学,https://www.koeichem.com/,月 佐,current,2025年4月,,2432.37,,,,,,photos_1/4367_広栄化学/current/photo_01.jpg,1,current
4375,セーフィー,https://safie.co.jp/,渡島 隆平,current,,,,,,,,,"photos_1/4375_セーフィー/current/photo_01.jpg,photos_1/4375_セーフィー/current/photo_02.jpg",2,current
4375,セーフィー,https://safie.co.jp/,渡島 隆平,prev_1,2000年頃,,,,,,,,photos_1/4375_セーフィー/history/01_渡島_隆平/photo_01.jpg,1,history
4379,Photosynth,https://photosynth.co.jp/,河瀬 航大,prev_1,,,,,,,,,photos_1/4379_Photosynth/history/01_河瀬_航大/photo_01.jpg,1,history
4377,ワンキャリア,https://onecareer.co.jp/,"月
株",current,2021年10月,,820.16,,,,,,photos_1/4377_ワンキャリア/current/photo_01.jpg,1,current
4377,ワンキャリア,https://onecareer.co.jp/,植村甲午郎,prev_1,,,,,,,,,photos_1/4377_ワンキャリア/history/01_植村甲午郎/photo_01.jpg,1,history
4377,ワンキャリア,https://onecareer.co.jp/,水野成夫,prev_2,,,,,,,,,photos_1/4377_ワンキャリア/history/02_水野成夫/photo_01.jpg,1,history
4377,ワンキャリア,https://onecareer.co.jp/,鹿内信隆,prev_3,,,,,,,,,,0,history
4377,ワンキャリア,https://onecareer.co.jp/,浅野賢澄,prev_4,,,,,,,,,photos_1/4377_ワンキャリア/history/04_浅野賢澄/photo_01.jpg,1,history
4377,ワンキャリア,https://onecareer.co.jp/,鹿内春雄,prev_5,,,,,,,,,photos_1/4377_ワンキャリア/history/05_鹿内春雄/photo_01.jpg,1,history
4377,ワンキャリア,https://onecareer.co.jp/,鹿内宏明,prev_6,,,,,,,,,photos_1/4377_ワンキャリア/history/06_鹿内宏明/photo_01.jpg,1,history
4377,ワンキャリア,https://onecareer.co.jp/,日枝久,prev_7,,,,,,,,,photos_1/4377_ワンキャリア/history/07_日枝久/photo_01.jpg,1,history
4377,ワンキャリア,https://onecareer.co.jp/,嘉納修治,prev_8,,,,,,,,,photos_1/4377_ワンキャリア/history/08_嘉納修治/photo_01.jpg,1,history
4382,HEROZ,https://heroz.co.jp/,韓国,current,2025年12月,,880.0,,,,,,"photos_1/4382_HEROZ/current/photo_01.jpg,photos_1/4382_HEROZ/current/photo_02.jpg",2,current
4384,ラクスル,https://corp.raksul.com/,永見 世央,current,2014年4月,,,,,,,,photos_1/4384_ラクスル/current/photo_01.jpg,1,current
4384,ラクスル,https://corp.raksul.com/,永見 世央,prev_1,,,,,,,,,photos_1/4384_ラクスル/history/01_永見_世央/photo_01.jpg,1,history
4387,ZUU,https://zuu.co.jp/,内定 馬場功,prev_1,2017年2月28日,2023年9月19日,,,,,,,photos_1/4387_ZUU/history/01_内定_馬場功/photo_01.jpg,1,history
4378,CINC,https://www.cinc-j.co.jp/,石松 友典,current,2014年4月,,,,,,,,photos_1/4378_CINC/current/photo_01.jpg,1,current
4391,ロジザード,https://www.logizard.co.jp/,金澤 茂則,current,2001年7月,,,,,,,,photos_1/4391_ロジザード/current/photo_01.jpg,1,current
4391,ロジザード,https://www.logizard.co.jp/,吉武 修平,prev_1,,,,,,,,,,0,history
4397,チームスピリット,https://corp.teamspirit.com/ja-jp/,道下 和良,current,2013年8月,,,,,,,,"photos_1/4397_チームスピリット/current/photo_01.jpg,photos_1/4397_チームスピリット/current/photo_02.jpg,photos_1/4397_チームスピリット/current/photo_03.jpg",3,current
4397,チームスピリット,https://corp.teamspirit.com/ja-jp/,道下 和良,prev_1,,,,,,,,,photos_1/4397_チームスピリット/history/01_道下_和良/photo_01.jpg,1,history
4398,ブロードバンドセキュリティ,https://www.bbsec.co.jp/,二宮 康真,prev_1,,,,,,,,,photos_1/4398_ブロードバンドセキュリティ/history/01_二宮_康真/photo_01.jpg,1,history
4403,日油,https://www.nof.co.jp/,宮道　建臣,prev_1,2004年頃,,,,,,,,photos_1/4403_日油/history/01_宮道_建臣/photo_01.jpg,1,history
4404,ミヨシ油脂,https://www.miyoshi-yushi.co.jp/,油脂株,current,,,,,,,,,"photos_1/4404_ミヨシ油脂/current/photo_01.jpg,photos_1/4404_ミヨシ油脂/current/photo_02.jpg,photos_1/4404_ミヨシ油脂/current/photo_03.jpg",3,current
4414,フレクト,https://www.flect.co.jp/,黒川 幸治,current,,,,,,,,,"photos_1/4414_フレクト/current/photo_01.jpg,photos_1/4414_フレクト/current/photo_02.jpg,photos_1/4414_フレクト/current/photo_03.jpg,photos_1/4414_フレクト/current/photo_04.jpg,photos_1/4414_フレクト/current/photo_05.jpg",5,current
4418,JDSC,https://jdsc.ai/,大杉 慎平,prev_1,2022年頃,,,,,,,,photos_1/4418_JDSC/history/01_大杉_慎平/photo_01.jpg,1,history
4420,イーソル,https://www.esol.co.jp/,権藤 正樹講,prev_1,,,,,,,,,photos_1/4420_イーソル/history/01_権藤_正樹講/photo_01.jpg,1,history
4420,イーソル,https://www.esol.co.jp/,谷川　勝敏,prev_2,,,,,,,,,photos_1/4420_イーソル/history/02_谷川_勝敏/photo_01.jpg,1,history
4421,ディ・アイ・システム,https://www.di-system.co.jp/,院前 伊集院,prev_1,,,,,,,,,photos_1/4421_ディ・アイ・システム/history/01_院前_伊集院/photo_01.jpg,1,history
4422,VALUENEX,https://www.valuenex.com/,博士,prev_1,2004年頃,,,,,,,,photos_1/4422_VALUENEX/history/01_博士/photo_01.jpg,1,history
4430,東海ソフト,https://www.tokai-soft.co.jp/,尾上　雅憲,current,,,,,,,,,photos_1/4430_東海ソフト/current/photo_01.jpg,1,current
4431,スマレジ,https://corp.smaregi.jp/,締役 髙間舘,current,2021年1月,,2622.59,,,,,,photos_1/4431_スマレジ/current/photo_01.jpg,1,current
4434,サーバーワークス,https://www.serverworks.co.jp/,大石 良,current,,,,,,,,,photos_1/4434_サーバーワークス/current/photo_01.jpg,1,current
4434,サーバーワークス,https://www.serverworks.co.jp/,進士仁一,prev_1,,,,,,,,,photos_1/4434_サーバーワークス/history/01_進士仁一/photo_01.jpg,1,history
4434,サーバーワークス,https://www.serverworks.co.jp/,手塚卓志,prev_2,,,,,,,,,photos_1/4434_サーバーワークス/history/02_手塚卓志/photo_01.jpg,1,history
4437,gooddaysホールディングス,https://gooddays.jp/,小倉 博,current,,,,,,,,,,0,current
4439,東名,https://www.toumei.co.jp/,"会長
山本",current,2005年4月,,,,,,,,photos_1/4439_東名/current/photo_01.jpg,1,current
4442,バルテス・ホールディングス,https://www.valtes-hd.co.jp/,田中 真史,prev_1,,,,,,,,,photos_1/4442_バルテス・ホールディングス/history/01_田中_真史/photo_01.jpg,1,history
4441,トビラシステムズ,https://tobila.com/,済面 東北,prev_1,2025年4月4日,2021年1月28日,,,,,,,photos_1/4441_トビラシステムズ/history/01_済面_東北/photo_01.jpg,1,history
4441,トビラシステムズ,https://tobila.com/,山氏　東北電,prev_2,2019年12月12日,2025年2月12日,,,,,,,photos_1/4441_トビラシステムズ/history/02_山氏_東北電/photo_01.jpg,1,history
4440,ヴィッツ,https://www.witz-inc.co.jp/,組込,current,2019年4月,,2896.96,,,,,,"photos_1/4440_ヴィッツ/current/photo_01.jpg,photos_1/4440_ヴィッツ/current/photo_02.jpg",2,current
4447,ピー・ビーシステムズ,https://www.pbsystems.co.jp/,冨田 和久,current,,,,,,,,,photos_1/4447_ピー・ビーシステムズ/current/photo_01.jpg,1,current
4445,リビン・テクノロジーズ,https://www.lvn.co.jp/,植村甲午郎,prev_1,,,,,,,,,photos_1/4445_リビン・テクノロジーズ/history/01_植村甲午郎/photo_01.jpg,1,history
4445,リビン・テクノロジーズ,https://www.lvn.co.jp/,水野成夫,prev_2,,,,,,,,,photos_1/4445_リビン・テクノロジーズ/history/02_水野成夫/photo_01.jpg,1,history
4445,リビン・テクノロジーズ,https://www.lvn.co.jp/,鹿内信隆,prev_3,,,,,,,,,,0,history
4445,リビン・テクノロジーズ,https://www.lvn.co.jp/,浅野賢澄,prev_4,,,,,,,,,photos_1/4445_リビン・テクノロジーズ/history/04_浅野賢澄/photo_01.jpg,1,history
4445,リビン・テクノロジーズ,https://www.lvn.co.jp/,鹿内春雄,prev_5,,,,,,,,,photos_1/4445_リビン・テクノロジーズ/history/05_鹿内春雄/photo_01.jpg,1,history
4445,リビン・テクノロジーズ,https://www.lvn.co.jp/,鹿内宏明,prev_6,,,,,,,,,photos_1/4445_リビン・テクノロジーズ/history/06_鹿内宏明/photo_01.jpg,1,history
4445,リビン・テクノロジーズ,https://www.lvn.co.jp/,日枝久,prev_7,,,,,,,,,photos_1/4445_リビン・テクノロジーズ/history/07_日枝久/photo_01.jpg,1,history
4445,リビン・テクノロジーズ,https://www.lvn.co.jp/,嘉納修治,prev_8,,,,,,,,,photos_1/4445_リビン・テクノロジーズ/history/08_嘉納修治/photo_01.jpg,1,history
4462,石原ケミカル,https://www.unicon.co.jp/,藤本 昭彦,current,,,,,,,,,photos_1/4462_石原ケミカル/current/photo_01.jpg,1,current
4462,石原ケミカル,https://www.unicon.co.jp/,表者 時田宗,prev_1,,,,,,,,,photos_1/4462_石原ケミカル/history/01_表者_時田宗/photo_01.jpg,1,history
4463,日華化学,https://www.nicca.co.jp/,江守 康昌,current,,,,,,,,,photos_1/4463_日華化学/current/photo_01.jpg,1,current
4444,インフォネット,https://www.e-infonet.jp/,当社　代表取,prev_1,2025年7月22日,2002年10月,1038.0,,,,,,,0,history
4444,インフォネット,https://www.e-infonet.jp/,古宿 智,prev_2,2025年6月27日,2025年6月27日,1019.0,1019.0,,,,,,0,history
4444,インフォネット,https://www.e-infonet.jp/,日下部拓也,prev_3,2006年5月,2012年5月,,,,,,,,0,history
4444,インフォネット,https://www.e-infonet.jp/,西本 功二,prev_4,,,,,,,,,photos_1/4444_インフォネット/history/02_西本_功二/photo_01.jpg,1,history
4475,HENNGE,https://hennge.com/jp/,決定　除名要,prev_1,2025年11月6日,2025年10月4日,,,,,,,photos_1/4475_HENNGE/history/01_決定_除名要/photo_01.jpg,1,history
4465,ニイタカ,https://www.niitaka.co.jp/,社会,current,,,,,,,,,photos_1/4465_ニイタカ/current/photo_01.jpg,1,current
4479,マクアケ,https://www.makuake.co.jp/,中山 亮太郎,current,2025年９月,,1180.0,,,,,,photos_1/4479_マクアケ/current/photo_01.jpg,1,current
4479,マクアケ,https://www.makuake.co.jp/,実現,prev_1,2004年頃,,,,,,,,photos_1/4479_マクアケ/history/01_実現/photo_01.jpg,1,history
4480,メドレー,https://www.medley.jp/,祭典 秘蔵映,prev_1,,,,,,,,,photos_1/4480_メドレー/history/01_祭典_秘蔵映/photo_01.jpg,1,history
4480,メドレー,https://www.medley.jp/,爆笑 大日本,prev_2,,,,,,,,,photos_1/4480_メドレー/history/02_爆笑_大日本/photo_01.jpg,1,history
4480,メドレー,https://www.medley.jp/,楽団 粗品,prev_3,,,,,,,,,photos_1/4480_メドレー/history/03_楽団_粗品/photo_01.jpg,1,history
4480,メドレー,https://www.medley.jp/,手権 歌唱王,prev_4,,,,,,,,,photos_1/4480_メドレー/history/04_手権_歌唱王/photo_01.jpg,1,history
4482,ウィルズ,https://www.wills-net.co.jp/,杉本 光生,current,2004年10月,,,,,,,,photos_1/4482_ウィルズ/current/photo_01.jpg,1,current
4482,ウィルズ,https://www.wills-net.co.jp/,杉本 光生,prev_1,,,,,,,,,,0,history
4483,JMDC,https://www.jmdc.co.jp/,"口亮

企業情",current,2002年1月,,,,,,,,"photos_1/4483_JMDC/current/photo_01.jpg,photos_1/4483_JMDC/current/photo_02.jpg",2,current
4486,ユナイトアンドグロウ,https://www.ug-inc.net/,"紹介
利用手",current,,,,,,,,,,0,current
4486,ユナイトアンドグロウ,https://www.ug-inc.net/,生堂 企業情,prev_1,,,,,,,,,photos_1/4486_ユナイトアンドグロウ/history/01_生堂_企業情/photo_01.jpg,1,history
4484,ランサーズ,https://www.lancers.co.jp/,秋好 陽介,current,2008年4月,,,,,,,,photos_1/4484_ランサーズ/current/photo_01.jpg,1,current
4492,ゼネテック,https://www.genetec.co.jp/,上野 憲二,current,2020年3月,,240.88,,,,,,photos_1/4492_ゼネテック/current/photo_01.jpg,1,current
4493,サイバーセキュリティクラウド,https://www.cscloud.co.jp/,小池 敏弘,current,,,,,,,,,photos_1/4493_サイバーセキュリティクラウド/current/photo_01.jpg,1,current
4476,AI　CROSS,https://aicross.co.jp/,王洲 銀河劇,prev_1,,,,,,,,,photos_1/4476_AI_CROSS/history/01_王洲_銀河劇/photo_01.jpg,1,history
4490,ビザスク,https://visasq.co.jp/,広域への影響力,prev_1,,,,,,,,,photos_1/4490_ビザスク/history/01_広域への影響力/photo_01.jpg,1,history
4490,ビザスク,https://visasq.co.jp/,池田芳蔵,prev_2,,,,,,,,,photos_1/4490_ビザスク/history/02_池田芳蔵/photo_01.jpg,1,history
4490,ビザスク,https://visasq.co.jp/,久保亮五,prev_3,,,,,,,,,photos_1/4490_ビザスク/history/03_久保亮五/photo_01.jpg,1,history
4490,ビザスク,https://visasq.co.jp/,小林與三次,prev_4,,,,,,,,,photos_1/4490_ビザスク/history/04_小林與三次/photo_01.jpg,1,history
4490,ビザスク,https://visasq.co.jp/,中川順,prev_5,,,,,,,,,photos_1/4490_ビザスク/history/05_中川順/photo_01.jpg,1,history
4490,ビザスク,https://visasq.co.jp/,中村元,prev_6,,,,,,,,,photos_1/4490_ビザスク/history/06_中村元/photo_01.jpg,1,history
4490,ビザスク,https://visasq.co.jp/,西原春夫,prev_7,,,,,,,,,photos_1/4490_ビザスク/history/07_西原春夫/photo_01.jpg,1,history
4490,ビザスク,https://visasq.co.jp/,縫田曄子,prev_8,,,,,,,,,photos_1/4490_ビザスク/history/08_縫田曄子/photo_01.jpg,1,history
4498,サイバートラスト,https://www.cybertrust.co.jp/,北村 裕司,current,,,,,,,,,photos_1/4498_サイバートラスト/current/photo_01.jpg,1,current
4498,サイバートラスト,https://www.cybertrust.co.jp/,眞柄 泰利,prev_1,,,,,,,,,photos_1/4498_サイバートラスト/history/01_眞柄_泰利/photo_01.jpg,1,history
4494,バリオセキュア,https://www.variosecure.net/,坂巻 千弘,prev_1,,,,,,,,,photos_1/4494_バリオセキュア/history/01_坂巻_千弘/photo_01.jpg,1,history
4495,アイキューブドシステムズ,https://www.i3-systems.com/,進士仁一,prev_1,,,,,,,,,photos_1/4495_アイキューブドシステムズ/history/01_進士仁一/photo_01.jpg,1,history
4495,アイキューブドシステムズ,https://www.i3-systems.com/,手塚卓志,prev_2,,,,,,,,,photos_1/4495_アイキューブドシステムズ/history/02_手塚卓志/photo_01.jpg,1,history
4503,アステラス製薬,https://www.astellas.com/jp/,異動,prev_1,2006年頃,,,,,,,,photos_1/4503_アステラス製薬/history/01_異動/photo_01.jpg,1,history
4506,住友ファーマ,https://www.sumitomo-pharma.co.jp/,日頃,current,2025年5月,,693.0,,,,,,"photos_1/4506_住友ファーマ/current/photo_01.jpg,photos_1/4506_住友ファーマ/current/photo_02.jpg",2,current
4516,日本新薬,https://www.nippon-shinyaku.co.jp/,中井　亨,current,,,,,,,,,photos_1/4516_日本新薬/current/photo_01.jpg,1,current
4521,科研製薬,https://www.kaken.co.jp/,"挨拶
理",current,,,,,,,,,,0,current
4512,わかもと製薬,https://www.wakamoto-pharm.co.jp/,十嵐　新,current,,,,,,,,,photos_1/4512_わかもと製薬/current/photo_01.jpg,1,current
4524,森下仁丹,https://www.jintan.co.jp/,"器等
仁丹",current,,,,,,,,,"photos_1/4524_森下仁丹/current/photo_01.jpg,photos_1/4524_森下仁丹/current/photo_02.jpg,photos_1/4524_森下仁丹/current/photo_03.jpg",3,current
4526,理研ビタミン,https://www.rikenvitamin.jp/,"会長
山木",current,2003年4月,,388.24,,,,,,photos_1/4526_理研ビタミン/current/photo_01.jpg,1,current
4527,ロート製薬,https://www.rohto.co.jp/,山田 邦雄,current,2009年6月,,402.32,,,,,,photos_1/4527_ロート製薬/current/photo_01.jpg,1,current
4530,久光製薬,https://www.hisamitsu.co.jp/,内定　小林製,prev_1,2025年10月14日,2019年6月22日,,,,,,,photos_1/4530_久光製薬/history/01_内定_小林製/photo_01.jpg,1,history
4530,久光製薬,https://www.hisamitsu.co.jp/,発表 小林製,prev_2,2024年6月21日,2024年6月22日,,,,,,,photos_1/4530_久光製薬/history/02_発表_小林製/photo_01.jpg,1,history
4534,持田製薬,https://www.mochida.co.jp/,持田 直幸,current,,,,,,,,,photos_1/4534_持田製薬/current/photo_01.jpg,1,current
4539,日本ケミファ,https://www.chemiphar.co.jp/,当社,current,2025年6月,,1461.0,,,,,,,0,current
4543,テルモ,https://www.terumo.co.jp/,変更,current,2026年02月,,2170.0,,,,,,"photos_1/4543_テルモ/current/photo_01.jpg,photos_1/4543_テルモ/current/photo_02.jpg,photos_1/4543_テルモ/current/photo_03.jpg,photos_1/4543_テルモ/current/photo_04.jpg,photos_1/4543_テルモ/current/photo_05.jpg",5,current
4543,テルモ,https://www.terumo.co.jp/,辞任 違法薬,prev_1,2011年10月7日,2024年10月28日,,,,,,,photos_1/4543_テルモ/history/01_辞任_違法薬/photo_01.jpg,1,history
4544,H.U.グループホールディングス,https://www.hugp.com/,竹内 成和,current,2000年02月,,,,,,,,photos_1/4544_H.U.グループホールディングス/current/photo_01.jpg,1,current
4544,H.U.グループホールディングス,https://www.hugp.com/,竹内 成和,prev_1,2022年頃,,,,,,,,photos_1/4544_H.U.グループホールディングス/history/01_竹内_成和/photo_01.jpg,1,history
4547,キッセイ薬品工業,https://www.kissei.co.jp/,直轄,current,,,,,,,,,photos_1/4547_キッセイ薬品工業/current/photo_01.jpg,1,current
4538,扶桑薬品工業,https://www.fuso-pharm.co.jp/,内定　小林製,prev_1,2025年10月14日,2019年6月22日,,,,,,,photos_1/4538_扶桑薬品工業/history/01_内定_小林製/photo_01.jpg,1,history
4538,扶桑薬品工業,https://www.fuso-pharm.co.jp/,発表 小林製,prev_2,2024年6月21日,2024年6月22日,,,,,,,photos_1/4538_扶桑薬品工業/history/02_発表_小林製/photo_01.jpg,1,history
4540,ツムラ,https://www.tsumura.co.jp/,加藤 照和,current,2025年9月,,3572.16,,,,,,photos_1/4540_ツムラ/current/photo_01.jpg,1,current
4549,栄研化学,https://www.eiken.co.jp/,質問,current,,,,,,,,,"photos_1/4549_栄研化学/current/photo_01.jpg,photos_1/4549_栄研化学/current/photo_02.jpg,photos_1/4549_栄研化学/current/photo_03.jpg,photos_1/4549_栄研化学/current/photo_04.jpg,photos_1/4549_栄研化学/current/photo_05.jpg",5,current
4554,富士製薬工業,https://www.fujipharma.jp/,岩井　孝之,current,2003年2月,,,,,,,,photos_1/4554_富士製薬工業/current/photo_01.jpg,1,current
4554,富士製薬工業,https://www.fujipharma.jp/,平成,prev_1,2006年頃,,,,,,,,photos_1/4554_富士製薬工業/history/01_平成/photo_01.jpg,1,history
4553,東和薬品,https://www.towayakuhin.co.jp/,吉田 逸郎,current,,,,,,,,,"photos_1/4553_東和薬品/current/photo_01.jpg,photos_1/4553_東和薬品/current/photo_02.jpg,photos_1/4553_東和薬品/current/photo_03.jpg,photos_1/4553_東和薬品/current/photo_04.jpg",4,current
4553,東和薬品,https://www.towayakuhin.co.jp/,吉田 逸郎,prev_1,,,,,,,,,photos_1/4553_東和薬品/history/01_吉田_逸郎/photo_01.jpg,1,history
4558,中京医薬品,https://chukyoiyakuhin.co.jp/,可能性,current,,,,,,,,,photos_1/4558_中京医薬品/current/photo_01.jpg,1,current
4563,アンジェス,https://www.anges.co.jp/,革新的,current,,,,,,,,,photos_1/4563_アンジェス/current/photo_01.jpg,1,current
4531,有機合成薬品工業,https://www.yuki-gosei.co.jp/,工業 株,current,2025年6月,,252.0,,,,,,,0,current
4569,杏林製薬,https://www.kyorin-pharm.co.jp/,荻原 豊,current,2023年4月,,1552.54,,,,,,photos_1/4569_杏林製薬/current/photo_01.jpg,1,current
4564,オンコセラピー・サイエンス,https://www.oncotherapy.co.jp/,逮捕 朝日新,prev_1,2012年12月27日,2009年5月19日,,,,,,,photos_1/4564_オンコセラピー・サイエンス/history/01_逮捕_朝日新/photo_01.jpg,1,history
4574,大幸薬品,https://www.seirogan.co.jp/,柴田 仁,current,2009年3月,,236.13,,,,,,photos_1/4574_大幸薬品/current/photo_01.jpg,1,current
4565,ネクセラファーマ,https://www.nxera.life/jp/,田村 眞一,prev_1,,,,,,,,,photos_1/4565_ネクセラファーマ/history/01_田村_眞一/photo_01.jpg,1,history
4575,キャンバス,https://www.canbas.co.jp/,河邊 拓己内,current,,,,,,,,,photos_1/4575_キャンバス/current/photo_01.jpg,1,current
4571,NANO　MRNA,https://www.nanomrna.co.jp/,秋永士朗,prev_1,2004年頃,2024年頃,,,,,,,photos_1/4571_NANO_MRNA/history/01_秋永士朗/photo_01.jpg,1,history
4576,デ・ウエスタン・セラピテクス研究所,https://www.dwti.co.jp/,株主,current,,,,,,,,,"photos_1/4576_デ・ウエスタン・セラピテクス研究所/current/photo_01.jpg,photos_1/4576_デ・ウエスタン・セラピテクス研究所/current/photo_02.jpg",2,current
4576,デ・ウエスタン・セラピテクス研究所,https://www.dwti.co.jp/,任者 日高弘,prev_1,,,,,,,,,photos_1/4576_デ・ウエスタン・セラピテクス研究所/history/01_任者_日高弘/photo_01.jpg,1,history
4577,ダイト,https://www.daitonet.co.jp/,津賀 保信,current,2025年6月,,1019.05,,,,,,photos_1/4577_ダイト/current/photo_01.jpg,1,current
4577,ダイト,https://www.daitonet.co.jp/,伝説 怪奇,prev_1,,,,,,,,,photos_1/4577_ダイト/history/01_伝説_怪奇/photo_01.jpg,1,history
4577,ダイト,https://www.daitonet.co.jp/,伝説 哲也,prev_2,,,,,,,,,photos_1/4577_ダイト/history/02_伝説_哲也/photo_01.jpg,1,history
4577,ダイト,https://www.daitonet.co.jp/,子屋 銭天堂,prev_3,,,,,,,,,photos_1/4577_ダイト/history/03_子屋_銭天堂/photo_01.jpg,1,history
4577,ダイト,https://www.daitonet.co.jp/,界編 序奏,prev_4,,,,,,,,,photos_1/4577_ダイト/history/04_界編_序奏/photo_01.jpg,1,history
4577,ダイト,https://www.daitonet.co.jp/,皇子 天上編,prev_5,,,,,,,,,photos_1/4577_ダイト/history/05_皇子_天上編/photo_01.jpg,1,history
4577,ダイト,https://www.daitonet.co.jp/,映画 爆釣,prev_6,,,,,,,,,photos_1/4577_ダイト/history/06_映画_爆釣/photo_01.jpg,1,history
4582,シンバイオ製薬,https://www.symbiopharma.com/,奇跡 空白,prev_1,2025年8月25日,,,,,,,,photos_1/4582_シンバイオ製薬/history/01_奇跡_空白/photo_01.jpg,1,history
4582,シンバイオ製薬,https://www.symbiopharma.com/,吉田 文紀,prev_2,,,,,,,,,photos_1/4582_シンバイオ製薬/history/02_吉田_文紀/photo_01.jpg,1,history
4588,オンコリスバイオファーマ,http://www.oncolys.com/,立脚,current,2013年12月,,3500.0,,,,,,photos_1/4588_オンコリスバイオファーマ/current/photo_01.jpg,1,current
4588,オンコリスバイオファーマ,http://www.oncolys.com/,海空 地球征,prev_1,,,,,,,,,photos_1/4588_オンコリスバイオファーマ/history/01_海空_地球征/photo_01.jpg,1,history
4594,ブライトパス・バイオ,https://www.brightpathbio.com/,永井　健一,prev_1,,,,,,,,,photos_1/4594_ブライトパス・バイオ/history/01_永井_健一/photo_01.jpg,1,history
4595,ミズホメディー,https://www.mizuho-m.co.jp/,光生　筑波大,prev_1,,,,,,,,,photos_1/4595_ミズホメディー/history/01_光生_筑波大/photo_01.jpg,1,history
4595,ミズホメディー,https://www.mizuho-m.co.jp/,安史　大阪大,prev_2,,,,,,,,,photos_1/4595_ミズホメディー/history/02_安史_大阪大/photo_01.jpg,1,history
4595,ミズホメディー,https://www.mizuho-m.co.jp/,太郎　三菱重,prev_3,,,,,,,,,photos_1/4595_ミズホメディー/history/03_太郎_三菱重/photo_01.jpg,1,history
4595,ミズホメディー,https://www.mizuho-m.co.jp/,彬雄　信州大,prev_4,,,,,,,,,photos_1/4595_ミズホメディー/history/04_彬雄_信州大/photo_01.jpg,1,history
4595,ミズホメディー,https://www.mizuho-m.co.jp/,英三　国立循,prev_5,,,,,,,,,photos_1/4595_ミズホメディー/history/05_英三_国立循/photo_01.jpg,1,history
4595,ミズホメディー,https://www.mizuho-m.co.jp/,和文　大阪大,prev_6,,,,,,,,,photos_1/4595_ミズホメディー/history/06_和文_大阪大/photo_01.jpg,1,history
4595,ミズホメディー,https://www.mizuho-m.co.jp/,秀博　国立循,prev_7,,,,,,,,,photos_1/4595_ミズホメディー/history/07_秀博_国立循/photo_01.jpg,1,history
4595,ミズホメディー,https://www.mizuho-m.co.jp/,田勲　九州大,prev_8,,,,,,,,,photos_1/4595_ミズホメディー/history/08_田勲_九州大/photo_01.jpg,1,history
4583,カイオム・バイオサイエンス,https://www.chiome.co.jp/,小池 正道博,current,,,,,,,,,photos_1/4583_カイオム・バイオサイエンス/current/photo_01.jpg,1,current
4583,カイオム・バイオサイエンス,https://www.chiome.co.jp/,光生　筑波大,prev_1,,,,,,,,,photos_1/4583_カイオム・バイオサイエンス/history/01_光生_筑波大/photo_01.jpg,1,history
4583,カイオム・バイオサイエンス,https://www.chiome.co.jp/,安史　大阪大,prev_2,,,,,,,,,photos_1/4583_カイオム・バイオサイエンス/history/02_安史_大阪大/photo_01.jpg,1,history
4583,カイオム・バイオサイエンス,https://www.chiome.co.jp/,太郎　三菱重,prev_3,,,,,,,,,photos_1/4583_カイオム・バイオサイエンス/history/03_太郎_三菱重/photo_01.jpg,1,history
4583,カイオム・バイオサイエンス,https://www.chiome.co.jp/,彬雄　信州大,prev_4,,,,,,,,,photos_1/4583_カイオム・バイオサイエンス/history/04_彬雄_信州大/photo_01.jpg,1,history
4583,カイオム・バイオサイエンス,https://www.chiome.co.jp/,英三　国立循,prev_5,,,,,,,,,photos_1/4583_カイオム・バイオサイエンス/history/05_英三_国立循/photo_01.jpg,1,history
4583,カイオム・バイオサイエンス,https://www.chiome.co.jp/,和文　大阪大,prev_6,,,,,,,,,photos_1/4583_カイオム・バイオサイエンス/history/06_和文_大阪大/photo_01.jpg,1,history
4583,カイオム・バイオサイエンス,https://www.chiome.co.jp/,秀博　国立循,prev_7,,,,,,,,,photos_1/4583_カイオム・バイオサイエンス/history/07_秀博_国立循/photo_01.jpg,1,history
4583,カイオム・バイオサイエンス,https://www.chiome.co.jp/,田勲　九州大,prev_8,,,,,,,,,,0,history
4599,ステムリム,https://stemrim.com/,岡島 正恒,current,2019年3月,,,,,,,,photos_1/4599_ステムリム/current/photo_01.jpg,1,current
4616,川上塗料,https://www.kawakami-paint.co.jp/,"挨拶
当連",current,2025年11月,,2083.25,,,,,,photos_1/4616_川上塗料/current/photo_01.jpg,1,current
4615,神東塗料,https://www.shintopaint.co.jp/,小坂 伊知郎,current,2022年4月,,157.55,,,,,,photos_1/4615_神東塗料/current/photo_01.jpg,1,current
4615,神東塗料,https://www.shintopaint.co.jp/,小坂 伊知郎,prev_1,,,,,,,,,photos_1/4615_神東塗料/history/01_小坂_伊知郎/photo_01.jpg,1,history
4593,ヘリオス,https://www.healios.co.jp/,再生医療,current,,,,,,,,,photos_1/4593_ヘリオス/current/photo_01.jpg,1,current
4617,中国塗料,https://www.cmp.co.jp/,伊達 健士,current,,,,,,,,,photos_1/4617_中国塗料/current/photo_01.jpg,1,current
4620,藤倉化成,https://www.fkkasei.co.jp/,栗原 進,current,,,,,,,,,photos_1/4620_藤倉化成/current/photo_01.jpg,1,current
4612,日本ペイントホールディングス,https://www.nipponpaint-holdings.com/,若月 雄一郎,current,,,,,,,,,photos_1/4612_日本ペイントホールディングス/current/photo_01.jpg,1,current
4624,イサム塗料,https://www.isamu.co.jp/,北村 倍章,current,,,,,,,,,photos_1/4624_イサム塗料/current/photo_01.jpg,1,current
4627,ナトコ,https://www.natoco.co.jp/,融合,current,,,,,,,,,photos_1/4627_ナトコ/current/photo_01.jpg,1,current
4619,日本特殊塗料,https://www.nttoryo.co.jp/,食品 味噌,current,2025年12月,,2151.0,,,,,,photos_1/4619_日本特殊塗料/current/photo_01.jpg,1,current
4629,大伸化学,https://www.daishin-chemical.co.jp/,堀越　進,current,,,,,,,,,photos_1/4629_大伸化学/current/photo_01.jpg,1,current
4634,artience,https://www.artiencegroup.com/,持続的成,current,2027/20,,,,,,,,"photos_1/4634_artience/current/photo_01.jpg,photos_1/4634_artience/current/photo_02.jpg",2,current
4628,エスケー化研,https://www.sk-kaken.co.jp/,理　念,current,平成3年4月,,,,,,,,photos_1/4628_エスケー化研/current/photo_01.jpg,1,current
4642,オリジナル設計,https://www.oec-solution.co.jp/,進士仁一,prev_1,,,,,,,,,photos_1/4642_オリジナル設計/history/01_進士仁一/photo_01.jpg,1,history
4642,オリジナル設計,https://www.oec-solution.co.jp/,手塚卓志,prev_2,,,,,,,,,photos_1/4642_オリジナル設計/history/02_手塚卓志/photo_01.jpg,1,history
4657,環境管理センター,https://www.kankyo-kanri.co.jp/,梅本純正,prev_1,,内閣官房副長官、武田薬品工業社長,,,,,,,photos_1/4657_環境管理センター/history/01_梅本純正/photo_01.jpg,1,history
4657,環境管理センター,https://www.kankyo-kanri.co.jp/,船後正道,prev_2,,中小企業金融公庫総裁,,,,,,,photos_1/4657_環境管理センター/history/02_船後正道/photo_01.jpg,1,history
4657,環境管理センター,https://www.kankyo-kanri.co.jp/,城戸謙次,prev_3,,公害防止事業団理事長,,,,,,,photos_1/4657_環境管理センター/history/03_城戸謙次/photo_01.jpg,1,history
4657,環境管理センター,https://www.kankyo-kanri.co.jp/,信澤清,prev_4,,公害防止事業団理事長,,,,,,,photos_1/4657_環境管理センター/history/04_信澤清/photo_01.jpg,1,history
4657,環境管理センター,https://www.kankyo-kanri.co.jp/,上村一,prev_5,,社会福祉・医療事業団理事長、医薬品副作用被害救済・研究振興基金理事長,,,,,,,photos_1/4657_環境管理センター/history/05_上村一/photo_01.jpg,1,history
4657,環境管理センター,https://www.kankyo-kanri.co.jp/,金子太郎,prev_6,,丸三証券会長,,,,,,,photos_1/4657_環境管理センター/history/06_金子太郎/photo_01.jpg,1,history
4657,環境管理センター,https://www.kankyo-kanri.co.jp/,藤森昭一,prev_7,,内閣官房副長官、宮内庁長官、日本赤十字社社長,,,,,,,photos_1/4657_環境管理センター/history/07_藤森昭一/photo_01.jpg,1,history
4650,SDエンターテイメント,https://sdentertainment.jp/,"告書

株主",current,2025年3月,,302.0,,,,,,photos_1/4650_SDエンターテイメント/current/photo_01.jpg,1,current
4651,サニックスホールディングス,https://hd.sanix.jp/,当社創業,current,2025年4月,,250.0,,,,,,"photos_1/4651_サニックスホールディングス/current/photo_01.jpg,photos_1/4651_サニックスホールディングス/current/photo_02.jpg",2,current
4658,日本空調サービス,https://www.nikku.co.jp/,半期 決算補,current,2026年2月,,1452.0,,,,,,photos_1/4658_日本空調サービス/current/photo_01.jpg,1,current
4665,ダスキン,https://www.duskin.co.jp/,当社,current,2025年4月,,3616.05,,,,,,photos_1/4665_ダスキン/current/photo_01.jpg,1,current
4664,アール・エス・シー,https://www.trsc.co.jp/,金井 宏夫,current,,,,,,,,,photos_1/4664_アール・エス・シー/current/photo_01.jpg,1,current
4662,フォーカスシステムズ,https://www.focus-s.com/,森 啓一,current,2002年4月,,439.02,,,,,,"photos_1/4662_フォーカスシステムズ/current/photo_01.jpg,photos_1/4662_フォーカスシステムズ/current/photo_02.jpg,photos_1/4662_フォーカスシステムズ/current/photo_03.jpg",3,current
4662,フォーカスシステムズ,https://www.focus-s.com/,辞任 違法薬,prev_1,2011年10月7日,2024年10月28日,,,,,,,photos_1/4662_フォーカスシステムズ/history/01_辞任_違法薬/photo_01.jpg,1,history
4671,ファルコホールディングス,https://www.falco-hd.co.jp/,院前 伊集院,prev_1,,,,,,,,,photos_1/4671_ファルコホールディングス/history/01_院前_伊集院/photo_01.jpg,1,history
4667,アイサンテクノロジー,https://www.aisantec.co.jp/,羽佐間重彰,prev_1,2003年7月,,,,,,,,photos_1/4667_アイサンテクノロジー/history/01_羽佐間重彰/photo_01.jpg,1,history
4667,アイサンテクノロジー,https://www.aisantec.co.jp/,日枝久,prev_2,2003年7月,2025年3月,,,,,,,photos_1/4667_アイサンテクノロジー/history/02_日枝久/photo_01.jpg,1,history
4667,アイサンテクノロジー,https://www.aisantec.co.jp/,鹿内信隆,prev_3,,,,,,,,,,0,history
4667,アイサンテクノロジー,https://www.aisantec.co.jp/,鹿内春雄,prev_4,,,,,,,,,photos_1/4667_アイサンテクノロジー/history/04_鹿内春雄/photo_01.jpg,1,history
4667,アイサンテクノロジー,https://www.aisantec.co.jp/,鹿内宏明,prev_5,,,,,,,,,photos_1/4667_アイサンテクノロジー/history/05_鹿内宏明/photo_01.jpg,1,history
4667,アイサンテクノロジー,https://www.aisantec.co.jp/,小林吉彦,prev_6,,,,,,,,,photos_1/4667_アイサンテクノロジー/history/06_小林吉彦/photo_01.jpg,1,history
4676,フジ・メディア・ホールディングス,https://www.fujimediahd.co.jp/,植村甲午郎,prev_1,,,,,,,,,photos_1/4676_フジ・メディア・ホールディングス/history/01_植村甲午郎/photo_01.jpg,1,history
4676,フジ・メディア・ホールディングス,https://www.fujimediahd.co.jp/,水野成夫,prev_2,,,,,,,,,photos_1/4676_フジ・メディア・ホールディングス/history/02_水野成夫/photo_01.jpg,1,history
4676,フジ・メディア・ホールディングス,https://www.fujimediahd.co.jp/,鹿内信隆,prev_3,,,,,,,,,,0,history
4676,フジ・メディア・ホールディングス,https://www.fujimediahd.co.jp/,浅野賢澄,prev_4,,,,,,,,,photos_1/4676_フジ・メディア・ホールディングス/history/04_浅野賢澄/photo_01.jpg,1,history
4676,フジ・メディア・ホールディングス,https://www.fujimediahd.co.jp/,鹿内春雄,prev_5,,,,,,,,,photos_1/4676_フジ・メディア・ホールディングス/history/05_鹿内春雄/photo_01.jpg,1,history
4676,フジ・メディア・ホールディングス,https://www.fujimediahd.co.jp/,鹿内宏明,prev_6,,,,,,,,,photos_1/4676_フジ・メディア・ホールディングス/history/06_鹿内宏明/photo_01.jpg,1,history
4676,フジ・メディア・ホールディングス,https://www.fujimediahd.co.jp/,日枝久,prev_7,,,,,,,,,photos_1/4676_フジ・メディア・ホールディングス/history/07_日枝久/photo_01.jpg,1,history
4676,フジ・メディア・ホールディングス,https://www.fujimediahd.co.jp/,嘉納修治,prev_8,,,,,,,,,photos_1/4676_フジ・メディア・ホールディングス/history/08_嘉納修治/photo_01.jpg,1,history
4680,ラウンドワン,https://www.round1-group.co.jp/,杉野 公彦,current,2010年8月,,87.07,,,,,,photos_1/4680_ラウンドワン/current/photo_01.jpg,1,current
4674,クレスコ,https://www.cresco.co.jp/,根元 浩幸,prev_1,2022年04月01日,2022年04月01日,837.82,816.06,,,,,,0,history
4679,田谷,https://www.taya.co.jp/,体制,current,,,,,,,,,"photos_1/4679_田谷/current/photo_01.jpg,photos_1/4679_田谷/current/photo_02.jpg",2,current
4679,田谷,https://www.taya.co.jp/,田谷 哲哉,prev_1,2021年3月31日,,,,,,,,photos_1/4679_田谷/history/01_田谷_哲哉/photo_01.jpg,1,history
4679,田谷,https://www.taya.co.jp/,田谷 和正,prev_2,,,,,,,,,photos_1/4679_田谷/history/02_田谷_和正/photo_01.jpg,1,history
4684,オービック,https://www.obic.co.jp/,橘　昇一,current,,,,,,,,,"photos_1/4684_オービック/current/photo_01.jpg,photos_1/4684_オービック/current/photo_02.jpg",2,current
4685,菱友システムズ,https://www.ryoyu.co.jp/,"体制
当社",current,,,,,,,,,photos_1/4685_菱友システムズ/current/photo_01.jpg,1,current
4685,菱友システムズ,https://www.ryoyu.co.jp/,雅弘,prev_1,2022年頃,,,,,,,,photos_1/4685_菱友システムズ/history/01_雅弘/photo_01.jpg,1,history
4681,リゾートトラスト,https://www.resorttrust.co.jp/,伏見 有貴,current,,,,,,,,,"photos_1/4681_リゾートトラスト/current/photo_01.jpg,photos_1/4681_リゾートトラスト/current/photo_02.jpg",2,current
4681,リゾートトラスト,https://www.resorttrust.co.jp/,進士仁一,prev_1,,,,,,,,,photos_1/4681_リゾートトラスト/history/01_進士仁一/photo_01.jpg,1,history
4681,リゾートトラスト,https://www.resorttrust.co.jp/,手塚卓志,prev_2,,,,,,,,,photos_1/4681_リゾートトラスト/history/02_手塚卓志/photo_01.jpg,1,history
4686,ジャストシステム,https://www.justsystems.com/,関灘 恭太郎,prev_1,,,,,,,,,,0,history
4690,日本パレットプール,https://www.npp-web.co.jp/,浜島 和利,current,,,,,,,,,photos_1/4690_日本パレットプール/current/photo_01.jpg,1,current
4690,日本パレットプール,https://www.npp-web.co.jp/,理人 日本,prev_1,2021年3月31日,,,,,,,,photos_1/4690_日本パレットプール/history/01_理人_日本/photo_01.jpg,1,history
4694,ビー・エム・エル,https://www.bml.co.jp/,他 民間企,current,,,,,,,,,"photos_1/4694_ビー・エム・エル/current/photo_01.jpg,photos_1/4694_ビー・エム・エル/current/photo_02.jpg,photos_1/4694_ビー・エム・エル/current/photo_03.jpg,photos_1/4694_ビー・エム・エル/current/photo_04.jpg,photos_1/4694_ビー・エム・エル/current/photo_05.jpg",5,current
4709,IDホールディングス,https://www.idnet-hd.co.jp/,"査役
執行役",current,2025年10月,,2257.37,,,,,,"photos_1/4709_IDホールディングス/current/photo_01.jpg,photos_1/4709_IDホールディングス/current/photo_02.jpg,photos_1/4709_IDホールディングス/current/photo_03.jpg,photos_1/4709_IDホールディングス/current/photo_04.jpg,photos_1/4709_IDホールディングス/current/photo_05.jpg",5,current
4709,IDホールディングス,https://www.idnet-hd.co.jp/,院前 伊集院,prev_1,,,,,,,,,photos_1/4709_IDホールディングス/history/01_院前_伊集院/photo_01.jpg,1,history
4718,早稲田アカデミー,https://www.waseda-ac.co.jp/corp/ir/,"標準
拡大",current,,,,,,,,,"photos_1/4718_早稲田アカデミー/current/photo_01.jpg,photos_1/4718_早稲田アカデミー/current/photo_02.jpg,photos_1/4718_早稲田アカデミー/current/photo_03.jpg,photos_1/4718_早稲田アカデミー/current/photo_04.jpg,photos_1/4718_早稲田アカデミー/current/photo_05.jpg",5,current
4722,フューチャー,https://www.future.co.jp/,金丸 恭文,prev_1,2024年頃,,,,,,,,photos_1/4722_フューチャー/history/01_金丸_恭文/photo_01.jpg,1,history
4725,CAC　Holdings,https://www.cac-holdings.com/,西森良太,prev_1,2026年1月,2025年7月,2006.74,1933.94,,,,,,0,history
4725,CAC　Holdings,https://www.cac-holdings.com/,西森,prev_2,2020年3月,2021年1月,983.05,1103.04,,,,,,0,history
4725,CAC　Holdings,https://www.cac-holdings.com/,西森 良太,prev_3,,,,,,,,,photos_1/4725_CAC_Holdings/history/03_西森_良太/photo_01.jpg,1,history
4725,CAC　Holdings,https://www.cac-holdings.com/,河本 剛志,prev_4,,,,,,,,,photos_1/4725_CAC_Holdings/history/04_河本_剛志/photo_01.jpg,1,history
4735,京進,https://www.kyoshin.co.jp/,進士仁一,prev_1,,,,,,,,,photos_1/4735_京進/history/01_進士仁一/photo_01.jpg,1,history
4735,京進,https://www.kyoshin.co.jp/,手塚卓志,prev_2,,,,,,,,,photos_1/4735_京進/history/02_手塚卓志/photo_01.jpg,1,history
4736,日本ラッド,https://www.nippon-rad.co.jp/,海空 地球征,prev_1,,,,,,,,,photos_1/4736_日本ラッド/history/01_海空_地球征/photo_01.jpg,1,history
4743,アイティフォー,https://www.itfor.co.jp/,佐藤 恒徳,prev_1,,,,,,,,,photos_1/4743_アイティフォー/history/01_佐藤_恒徳/photo_01.jpg,1,history
4745,東京個別指導学院,https://www.tkg-jp.com/,松尾 茂樹,current,,,,,,,,,photos_1/4745_東京個別指導学院/current/photo_01.jpg,1,current
4745,東京個別指導学院,https://www.tkg-jp.com/,代行 森本譲,prev_1,,,,,,,,,photos_1/4745_東京個別指導学院/history/01_代行_森本譲/photo_01.jpg,1,history
4746,東計電算,https://www.toukei.co.jp/,"短信
電子公",current,令和7年12月,,3972.99,,,,,,photos_1/4746_東計電算/current/photo_01.jpg,1,current
4750,ダイサン,https://www.daisan-g.co.jp/,藤田 武敏,current,2000年６月,,176.22,,,,,,photos_1/4750_ダイサン/current/photo_01.jpg,1,current
4750,ダイサン,https://www.daisan-g.co.jp/,進士仁一,prev_1,,,,,,,,,photos_1/4750_ダイサン/history/01_進士仁一/photo_01.jpg,1,history
4750,ダイサン,https://www.daisan-g.co.jp/,手塚卓志,prev_2,,,,,,,,,photos_1/4750_ダイサン/history/02_手塚卓志/photo_01.jpg,1,history
4719,アルファシステムズ,https://www.alpha.co.jp/,推進体制,current,,,,,,,,,photos_1/4719_アルファシステムズ/current/photo_01.jpg,1,current
4661,オリエンタルランド,https://www.olc.co.jp/,行口 再信託,prev_1,2025年3月31日,,,,,,,,photos_1/4661_オリエンタルランド/history/01_行口_再信託/photo_01.jpg,1,history
4661,オリエンタルランド,https://www.olc.co.jp/,上西 京一郎,prev_2,2020年3月25日,2020年4月1日,,,,,,,photos_1/4661_オリエンタルランド/history/02_上西_京一郎/photo_01.jpg,1,history
4752,昭和システムエンジニアリング,https://www.showa-sys-eng.co.jp/,福田　一美,prev_1,,,,,,,,,photos_1/4752_昭和システムエンジニアリング/history/01_福田_一美/photo_01.jpg,1,history
4755,楽天グループ,https://corp.rakuten.co.jp/,木谷 浩史,current,,,,,,,,,photos_1/4755_楽天グループ/current/photo_01.jpg,1,current
4754,トスネット,https://www.tosnet.co.jp/,進士仁一,prev_1,,,,,,,,,,0,history
4754,トスネット,https://www.tosnet.co.jp/,手塚卓志,prev_2,,,,,,,,,photos_1/4754_トスネット/history/02_手塚卓志/photo_01.jpg,1,history
4762,エックスネット,https://www.xnet.co.jp/,植村甲午郎,prev_1,,,,,,,,,photos_1/4762_エックスネット/history/01_植村甲午郎/photo_01.jpg,1,history
4762,エックスネット,https://www.xnet.co.jp/,水野成夫,prev_2,,,,,,,,,photos_1/4762_エックスネット/history/02_水野成夫/photo_01.jpg,1,history
4762,エックスネット,https://www.xnet.co.jp/,鹿内信隆,prev_3,,,,,,,,,,0,history
4762,エックスネット,https://www.xnet.co.jp/,浅野賢澄,prev_4,,,,,,,,,photos_1/4762_エックスネット/history/04_浅野賢澄/photo_01.jpg,1,history
4762,エックスネット,https://www.xnet.co.jp/,鹿内春雄,prev_5,,,,,,,,,photos_1/4762_エックスネット/history/05_鹿内春雄/photo_01.jpg,1,history
4762,エックスネット,https://www.xnet.co.jp/,鹿内宏明,prev_6,,,,,,,,,photos_1/4762_エックスネット/history/06_鹿内宏明/photo_01.jpg,1,history
4762,エックスネット,https://www.xnet.co.jp/,日枝久,prev_7,,,,,,,,,photos_1/4762_エックスネット/history/07_日枝久/photo_01.jpg,1,history
4762,エックスネット,https://www.xnet.co.jp/,嘉納修治,prev_8,,,,,,,,,photos_1/4762_エックスネット/history/08_嘉納修治/photo_01.jpg,1,history
4751,サイバーエージェント,https://www.cyberagent.co.jp/,会長 藤田晋,current,,,,,,,,,"photos_1/4751_サイバーエージェント/current/photo_01.jpg,photos_1/4751_サイバーエージェント/current/photo_02.jpg",2,current
4765,SBIグローバルアセットマネジメント,https://www.sbiglobalam.co.jp/,山氏　三井住,prev_1,2025年12月23日,2025年12月23日,,,,,,,photos_1/4765_SBIグローバルアセットマネジメント/history/01_山氏_三井住/photo_01.jpg,1,history
4765,SBIグローバルアセットマネジメント,https://www.sbiglobalam.co.jp/,山氏　海外,prev_2,2025年7月31日,2025年12月23日,,,,,,,photos_1/4765_SBIグローバルアセットマネジメント/history/02_山氏_海外/photo_01.jpg,1,history
4768,大塚商会,https://www.otsuka-shokai.co.jp/,変更部分,prev_1,2026年3月27日,2026年3月27日,,,,,,,,0,history
4768,大塚商会,https://www.otsuka-shokai.co.jp/,若槻 絵美取,prev_2,2026年3月27日,2026年3月27日,,,,,,,photos_1/4768_大塚商会/history/01_若槻_絵美取/photo_01.jpg,1,history
4772,ストリームメディアコーポレーション,https://www.streammedia.co.jp/,終了 大規模,prev_1,2016年3月6日,2017年5月9日,,,,,,,photos_1/4772_ストリームメディアコーポレーション/history/01_終了_大規模/photo_01.jpg,1,history
4783,NCD,https://www.ncd.co.jp/,下條 治,current,2000年11月,,171.64,,,,,,photos_1/4783_NCD/current/photo_01.jpg,1,current
4783,NCD,https://www.ncd.co.jp/,謝罪 伊東四,prev_1,2023年7月15日,2023年7月18日,,,,,,,photos_1/4783_NCD/history/01_謝罪_伊東四/photo_01.jpg,1,history
4767,テー・オー・ダブリュー,https://tow.co.jp/,村津 憲,current,,,,,,,,,"photos_1/4767_テー・オー・ダブリュー/current/photo_01.jpg,photos_1/4767_テー・オー・ダブリュー/current/photo_02.jpg",2,current
4809,パラカ,https://www.paraca.co.jp/,締役 執行役,current,,,,,,,,,photos_1/4809_パラカ/current/photo_01.jpg,1,current
4813,ACCESS,https://www.access-company.com/,大石 清恭,current,,,,,,,,,"photos_1/4813_ACCESS/current/photo_01.jpg,photos_1/4813_ACCESS/current/photo_02.jpg",2,current
4811,ドリーム・アーツ,https://www.dreamarts.co.jp/,"日
株",current,2026年1月,,1309.9,,,,,,photos_1/4811_ドリーム・アーツ/current/photo_01.jpg,1,current
4811,ドリーム・アーツ,https://www.dreamarts.co.jp/,追加,prev_1,2000年頃,,,,,,,,photos_1/4811_ドリーム・アーツ/history/01_追加/photo_01.jpg,1,history
4816,東映アニメーション,https://www.toei-anim.co.jp/,伝説 怪奇,prev_1,,,,,,,,,photos_1/4816_東映アニメーション/history/01_伝説_怪奇/photo_01.jpg,1,history
4816,東映アニメーション,https://www.toei-anim.co.jp/,伝説 哲也,prev_2,,,,,,,,,photos_1/4816_東映アニメーション/history/02_伝説_哲也/photo_01.jpg,1,history
4816,東映アニメーション,https://www.toei-anim.co.jp/,子屋 銭天堂,prev_3,,,,,,,,,photos_1/4816_東映アニメーション/history/03_子屋_銭天堂/photo_01.jpg,1,history
4816,東映アニメーション,https://www.toei-anim.co.jp/,界編 序奏,prev_4,,,,,,,,,photos_1/4816_東映アニメーション/history/04_界編_序奏/photo_01.jpg,1,history
4816,東映アニメーション,https://www.toei-anim.co.jp/,皇子 天上編,prev_5,,,,,,,,,photos_1/4816_東映アニメーション/history/05_皇子_天上編/photo_01.jpg,1,history
4814,ネクストウェア,https://www.nextware.co.jp/,進士仁一,prev_1,,,,,,,,,photos_1/4814_ネクストウェア/history/01_進士仁一/photo_01.jpg,1,history
4814,ネクストウェア,https://www.nextware.co.jp/,手塚卓志,prev_2,,,,,,,,,photos_1/4814_ネクストウェア/history/02_手塚卓志/photo_01.jpg,1,history
4825,ウェザーニューズ,https://jp.weathernews.com/,"任者
陸上気",current,,,,,,,,,photos_1/4825_ウェザーニューズ/current/photo_01.jpg,1,current
4825,ウェザーニューズ,https://jp.weathernews.com/,石橋 忍子,prev_1,2024年11月30日,,,,,,,,photos_1/4825_ウェザーニューズ/history/01_石橋_忍子/photo_01.jpg,1,history
4832,JFEシステムズ,https://www.jfe-systems.com/,広瀬政之,prev_1,2024年4月,,,,,,,,photos_1/4832_JFEシステムズ/history/01_広瀬政之/photo_01.jpg,1,history
4832,JFEシステムズ,https://www.jfe-systems.com/,北野嘉久,prev_2,2019年4月,2024年4月,,,,,,,photos_1/4832_JFEシステムズ/history/02_北野嘉久/photo_01.jpg,1,history
4832,JFEシステムズ,https://www.jfe-systems.com/,柿木厚司,prev_3,2015年4月,2019年4月,,,,,,,photos_1/4832_JFEシステムズ/history/03_柿木厚司/photo_01.jpg,1,history
4832,JFEシステムズ,https://www.jfe-systems.com/,林田英治,prev_4,2010年4月,2015年4月,,,,,,,photos_1/4832_JFEシステムズ/history/04_林田英治/photo_01.jpg,1,history
4832,JFEシステムズ,https://www.jfe-systems.com/,馬田一,prev_5,2005年4月,2010年4月,,,,,,,photos_1/4832_JFEシステムズ/history/05_馬田一/photo_01.jpg,1,history
4832,JFEシステムズ,https://www.jfe-systems.com/,數土文夫,prev_6,2003年4月,2005年4月,,,,,,,photos_1/4832_JFEシステムズ/history/06_數土文夫/photo_01.jpg,1,history
4826,CIJ,https://www.cij.co.jp/,坂元 昭彦取,prev_1,2024年頃,,,,,,,,,0,history
4826,CIJ,https://www.cij.co.jp/,坂元 昭彦,prev_2,2020年頃,2024年頃,,,,,,,photos_1/4826_CIJ/history/02_坂元_昭彦/photo_01.jpg,1,history
4826,CIJ,https://www.cij.co.jp/,大西 重之,prev_3,2018年頃,2020年頃,,,,,,,photos_1/4826_CIJ/history/03_大西_重之/photo_01.jpg,1,history
4847,インテリジェント　ウェイブ,https://www.iwi.co.jp/,川上 晃司,current,,,,,,,,,"photos_1/4847_インテリジェント_ウェイブ/current/photo_01.jpg,photos_1/4847_インテリジェント_ウェイブ/current/photo_02.jpg",2,current
4847,インテリジェント　ウェイブ,https://www.iwi.co.jp/,万円　日本人,prev_1,2011年1月11日,2012年2月8日,,,,,,,photos_1/4847_インテリジェント_ウェイブ/history/01_万円_日本人/photo_01.jpg,1,history
4840,トライアイズ,https://www.triis.co.jp/,郷薫　新年,current,2025年12月,,486.0,,,,,,photos_1/4840_トライアイズ/current/photo_01.jpg,1,current
4880,セルソース,https://www.cellsource.co.jp/,山川 雅之,current,2025年7月,,684.13,,,,,,photos_1/4880_セルソース/current/photo_01.jpg,1,current
4882,ペルセウスプロテオミクス,https://www.ppmx.com/,横川 拓哉,current,,,,,,,,,photos_1/4882_ペルセウスプロテオミクス/current/photo_01.jpg,1,current
4881,ファンペップ,https://www.funpep.co.jp/,三好 稔美,current,2002年12月,,,,,,,,"photos_1/4881_ファンペップ/current/photo_01.jpg,photos_1/4881_ファンペップ/current/photo_02.jpg,photos_1/4881_ファンペップ/current/photo_03.jpg,photos_1/4881_ファンペップ/current/photo_04.jpg,photos_1/4881_ファンペップ/current/photo_05.jpg",5,current
4884,クリングルファーマ,https://www.kringle-pharma.com/,安達　喜一,current,2002年9月,,,,,,,,"photos_1/4884_クリングルファーマ/current/photo_01.jpg,photos_1/4884_クリングルファーマ/current/photo_02.jpg,photos_1/4884_クリングルファーマ/current/photo_03.jpg,photos_1/4884_クリングルファーマ/current/photo_04.jpg",4,current
4884,クリングルファーマ,https://www.kringle-pharma.com/,安達,prev_1,2022年頃,,,,,,,,photos_1/4884_クリングルファーマ/history/01_安達/photo_01.jpg,1,history
4884,クリングルファーマ,https://www.kringle-pharma.com/,選任,prev_2,2020年頃,2022年頃,,,,,,,,0,history
4883,モダリス,https://www.modalistx.com/jp/,森田 晴彦,current,,,,,,,,,,0,current
4883,モダリス,https://www.modalistx.com/jp/,卒業 同大学,prev_1,2000年頃,,,,,,,,photos_1/4883_モダリス/history/01_卒業_同大学/photo_01.jpg,1,history
4886,あすか製薬ホールディングス,https://www.aska-pharma-hd.co.jp/,"会長
山口",current,2021年4月,,1347.57,,,,,,photos_1/4886_あすか製薬ホールディングス/current/photo_01.jpg,1,current
4886,あすか製薬ホールディングス,https://www.aska-pharma-hd.co.jp/,山口 惣大資,prev_1,2022年3月,2022年3月,,,,,,,photos_1/4886_あすか製薬ホールディングス/history/01_山口_惣大資/photo_01.jpg,1,history
4886,あすか製薬ホールディングス,https://www.aska-pharma-hd.co.jp/,山口 隆資本,prev_2,2021年4月1日,2022年3月,,,,,,,photos_1/4886_あすか製薬ホールディングス/history/02_山口_隆資本/photo_01.jpg,1,history
4889,レナサイエンス,https://www.renascience.co.jp/,伊藤　彰彦,current,,,,,,,,,photos_1/4889_レナサイエンス/current/photo_01.jpg,1,current
4892,サイフューズ,https://www.cyfusebio.com/,光生　筑波大,prev_1,,,,,,,,,photos_1/4892_サイフューズ/history/01_光生_筑波大/photo_01.jpg,1,history
4892,サイフューズ,https://www.cyfusebio.com/,安史　大阪大,prev_2,,,,,,,,,photos_1/4892_サイフューズ/history/02_安史_大阪大/photo_01.jpg,1,history
4892,サイフューズ,https://www.cyfusebio.com/,太郎　三菱重,prev_3,,,,,,,,,photos_1/4892_サイフューズ/history/03_太郎_三菱重/photo_01.jpg,1,history
4892,サイフューズ,https://www.cyfusebio.com/,彬雄　信州大,prev_4,,,,,,,,,photos_1/4892_サイフューズ/history/04_彬雄_信州大/photo_01.jpg,1,history
4892,サイフューズ,https://www.cyfusebio.com/,英三　国立循,prev_5,,,,,,,,,photos_1/4892_サイフューズ/history/05_英三_国立循/photo_01.jpg,1,history
4892,サイフューズ,https://www.cyfusebio.com/,和文　大阪大,prev_6,,,,,,,,,photos_1/4892_サイフューズ/history/06_和文_大阪大/photo_01.jpg,1,history
4892,サイフューズ,https://www.cyfusebio.com/,秀博　国立循,prev_7,,,,,,,,,photos_1/4892_サイフューズ/history/07_秀博_国立循/photo_01.jpg,1,history
4892,サイフューズ,https://www.cyfusebio.com/,田勲　九州大,prev_8,,,,,,,,,photos_1/4892_サイフューズ/history/08_田勲_九州大/photo_01.jpg,1,history
4838,スペースシャワーSKIYAKIホールディングス,https://sssk-hd.com/,植村甲午郎,prev_1,,,,,,,,,photos_1/4838_スペースシャワーSKIYAKIホールディングス/history/01_植村甲午郎/photo_01.jpg,1,history
4838,スペースシャワーSKIYAKIホールディングス,https://sssk-hd.com/,水野成夫,prev_2,,,,,,,,,photos_1/4838_スペースシャワーSKIYAKIホールディングス/history/02_水野成夫/photo_01.jpg,1,history
4838,スペースシャワーSKIYAKIホールディングス,https://sssk-hd.com/,鹿内信隆,prev_3,,,,,,,,,,0,history
4838,スペースシャワーSKIYAKIホールディングス,https://sssk-hd.com/,浅野賢澄,prev_4,,,,,,,,,photos_1/4838_スペースシャワーSKIYAKIホールディングス/history/04_浅野賢澄/photo_01.jpg,1,history
4838,スペースシャワーSKIYAKIホールディングス,https://sssk-hd.com/,鹿内春雄,prev_5,,,,,,,,,photos_1/4838_スペースシャワーSKIYAKIホールディングス/history/05_鹿内春雄/photo_01.jpg,1,history
4838,スペースシャワーSKIYAKIホールディングス,https://sssk-hd.com/,鹿内宏明,prev_6,,,,,,,,,photos_1/4838_スペースシャワーSKIYAKIホールディングス/history/06_鹿内宏明/photo_01.jpg,1,history
4838,スペースシャワーSKIYAKIホールディングス,https://sssk-hd.com/,日枝久,prev_7,,,,,,,,,photos_1/4838_スペースシャワーSKIYAKIホールディングス/history/07_日枝久/photo_01.jpg,1,history
4896,ケイファーマ,https://www.kpharma.co.jp/,福島　弘明,current,,,,,,,,,photos_1/4896_ケイファーマ/current/photo_01.jpg,1,current
4896,ケイファーマ,https://www.kpharma.co.jp/,北里 柴三郎,prev_1,2004年頃,,,,,,,,,0,history
4893,ノイルイミューン・バイオテック,https://www.noile-immune.com/,玉田　耕治,current,,,,,,,,,photos_1/4893_ノイルイミューン・バイオテック/current/photo_01.jpg,1,current
4893,ノイルイミューン・バイオテック,https://www.noile-immune.com/,録食 旅,prev_1,2026年4月,2026年4月,,,,,,,,0,history
4893,ノイルイミューン・バイオテック,https://www.noile-immune.com/,究所 所長,prev_2,2025年12月10日,,,,,,,,photos_1/4893_ノイルイミューン・バイオテック/history/01_究所_所長/photo_01.jpg,1,history
4893,ノイルイミューン・バイオテック,https://www.noile-immune.com/,大学　大学院,prev_3,2025年9月25日,2025年9月25日,,,,,,,photos_1/4893_ノイルイミューン・バイオテック/history/02_大学_大学院/photo_01.jpg,1,history
4911,資生堂,https://www.shiseidogroup.jp/,生堂 企業情,prev_1,,,,,,,,,photos_1/4911_資生堂/history/01_生堂_企業情/photo_01.jpg,1,history
4912,ライオン,https://www.lion.co.jp/,"役兼 
竹森",current,,,,,,,,,"photos_1/4912_ライオン/current/photo_01.jpg,photos_1/4912_ライオン/current/photo_02.jpg",2,current
4922,コーセー,https://corp.kose.co.jp/ja/,小林一俊,current,,,,,,,,,photos_1/4922_コーセー/current/photo_01.jpg,1,current
4918,アイビー化粧品,https://www.ivy.co.jp/,人体 神秘,prev_1,,,,,,,,,photos_1/4918_アイビー化粧品/history/01_人体_神秘/photo_01.jpg,1,history
4918,アイビー化粧品,https://www.ivy.co.jp/,爆笑 大日本,prev_2,,,,,,,,,photos_1/4918_アイビー化粧品/history/02_爆笑_大日本/photo_01.jpg,1,history
4918,アイビー化粧品,https://www.ivy.co.jp/,名作 一夜限,prev_3,,,,,,,,,photos_1/4918_アイビー化粧品/history/03_名作_一夜限/photo_01.jpg,1,history
4920,日本色材工業研究所,https://shikizai.com/,奥村 華代,current,,,,,,,,,photos_1/4920_日本色材工業研究所/current/photo_01.jpg,1,current
4923,コタ,https://www.cota.co.jp/,小田 博英,current,2025年10月,,1424.0,,,,,,,0,current
4927,ポーラ・オルビスホールディングス,https://www.po-holdings.co.jp/,院前 伊集院,prev_1,,,,,,,,,photos_1/4927_ポーラ・オルビスホールディングス/history/01_院前_伊集院/photo_01.jpg,1,history
4935,リベルタ,https://liberta-j.co.jp/,植村甲午郎,prev_1,,,,,,,,,photos_1/4935_リベルタ/history/01_植村甲午郎/photo_01.jpg,1,history
4935,リベルタ,https://liberta-j.co.jp/,水野成夫,prev_2,,,,,,,,,photos_1/4935_リベルタ/history/02_水野成夫/photo_01.jpg,1,history
4935,リベルタ,https://liberta-j.co.jp/,鹿内信隆,prev_3,,,,,,,,,,0,history
4935,リベルタ,https://liberta-j.co.jp/,浅野賢澄,prev_4,,,,,,,,,photos_1/4935_リベルタ/history/04_浅野賢澄/photo_01.jpg,1,history
4935,リベルタ,https://liberta-j.co.jp/,鹿内春雄,prev_5,,,,,,,,,photos_1/4935_リベルタ/history/05_鹿内春雄/photo_01.jpg,1,history
4935,リベルタ,https://liberta-j.co.jp/,鹿内宏明,prev_6,,,,,,,,,photos_1/4935_リベルタ/history/06_鹿内宏明/photo_01.jpg,1,history
4935,リベルタ,https://liberta-j.co.jp/,日枝久,prev_7,,,,,,,,,photos_1/4935_リベルタ/history/07_日枝久/photo_01.jpg,1,history
4935,リベルタ,https://liberta-j.co.jp/,嘉納修治,prev_8,,,,,,,,,photos_1/4935_リベルタ/history/08_嘉納修治/photo_01.jpg,1,history
4951,エステー,https://www.st-c.co.jp/,当社,current,2024年4月,,1494.09,,,,,,photos_1/4951_エステー/current/photo_01.jpg,1,current
4951,エステー,https://www.st-c.co.jp/,内定　小林製,prev_1,2025年10月14日,2019年6月22日,,,,,,,photos_1/4951_エステー/history/01_内定_小林製/photo_01.jpg,1,history
4951,エステー,https://www.st-c.co.jp/,発表 小林製,prev_2,2024年6月21日,2024年6月22日,,,,,,,photos_1/4951_エステー/history/02_発表_小林製/photo_01.jpg,1,history
4957,ヤスハラケミカル,https://www.yschem.co.jp/,安原　禎二,current,,,,,,,,,,0,current
4967,小林製薬,https://www.kobayashi.co.jp/,豊田　賀一,current,,,,,,,,,photos_1/4967_小林製薬/current/photo_01.jpg,1,current
4967,小林製薬,https://www.kobayashi.co.jp/,内定　小林製,prev_1,2025年10月14日,2019年6月22日,,,,,,,photos_1/4967_小林製薬/history/01_内定_小林製/photo_01.jpg,1,history
4967,小林製薬,https://www.kobayashi.co.jp/,発表 小林製,prev_2,2024年6月21日,2024年6月22日,,,,,,,photos_1/4967_小林製薬/history/02_発表_小林製/photo_01.jpg,1,history
4958,長谷川香料,https://www.t-hasegawa.co.jp/,谷川 研治,current,,,,,,,,,photos_1/4958_長谷川香料/current/photo_01.jpg,1,current
4971,メック,https://www.mec-co.com/,"提供
環境",current,2025年1月,,3162.99,,,,,,photos_1/4971_メック/current/photo_01.jpg,1,current
4972,綜研化学,https://www.sokenchem.com/jp/,冨田 幸二,current,,,,,,,,,photos_1/4972_綜研化学/current/photo_01.jpg,1,current
4980,デクセリアルズ,https://www.dexerials.jp/,平素,current,2024年7月,,2480.15,,,,,,,0,current
4978,リプロセル,https://reprocell.co.jp/,横山　周史,current,,,,,,,,,"photos_1/4978_リプロセル/current/photo_01.jpg,photos_1/4978_リプロセル/current/photo_02.jpg,photos_1/4978_リプロセル/current/photo_03.jpg,photos_1/4978_リプロセル/current/photo_04.jpg,photos_1/4978_リプロセル/current/photo_05.jpg",5,current
4985,アース製薬,https://corp.earth.jp/,川端 克宜,current,,,,,,,,,photos_1/4985_アース製薬/current/photo_01.jpg,1,current
4985,アース製薬,https://corp.earth.jp/,内定　小林製,prev_1,2025年10月14日,2019年6月22日,,,,,,,photos_1/4985_アース製薬/history/01_内定_小林製/photo_01.jpg,1,history
4985,アース製薬,https://corp.earth.jp/,発表 小林製,prev_2,2024年6月21日,2024年6月22日,,,,,,,photos_1/4985_アース製薬/history/02_発表_小林製/photo_01.jpg,1,history
4990,昭和化学工業,https://www.showa-chemical.co.jp/,石橋健藏,current,,,,,,,,,photos_1/4990_昭和化学工業/current/photo_01.jpg,1,current
4996,クミアイ化学工業,https://www.kumiai-chem.co.jp/,横山 優,current,2007年8月,,189.9,,,,,,photos_1/4996_クミアイ化学工業/current/photo_01.jpg,1,current
4994,大成ラミックグループ,https://www.lamick.co.jp/,谷部 正,current,2025年4月,,2495.27,,,,,,"photos_1/4994_大成ラミックグループ/current/photo_01.jpg,photos_1/4994_大成ラミックグループ/current/photo_02.jpg,photos_1/4994_大成ラミックグループ/current/photo_03.jpg,photos_1/4994_大成ラミックグループ/current/photo_04.jpg,photos_1/4994_大成ラミックグループ/current/photo_05.jpg",5,current
4997,日本農薬,https://www.nichino.co.jp/,岩田 浩幸,prev_1,,,,,,,,,,0,history
5009,富士興産,https://www.fkoil.co.jp/,川崎 靖弘,current,,,,,,,,,photos_1/5009_富士興産/current/photo_01.jpg,1,current
5011,ニチレキグループ,https://www.nichireki.co.jp/,基本的,current,2022年6月,,1108.03,,,,,,photos_1/5011_ニチレキグループ/current/photo_01.jpg,1,current
4992,北興化学工業,https://www.hokkochem.co.jp/,佐野 健一,current,,,,,,,,,"photos_1/4992_北興化学工業/current/photo_01.jpg,photos_1/4992_北興化学工業/current/photo_02.jpg",2,current
5010,日本精蝋,https://www.seiro.co.jp/,瀧本　丈平,current,,,,,,,,,photos_1/5010_日本精蝋/current/photo_01.jpg,1,current
5013,ユシロ,https://www.yushiro.co.jp/,有坂 昌規,current,,,,,,,,,photos_1/5013_ユシロ/current/photo_01.jpg,1,current
5021,コスモエネルギーホールディングス,https://www.cosmo-energy.co.jp/,月大協石,current,2011年6月,,,,,,,,photos_1/5021_コスモエネルギーホールディングス/current/photo_01.jpg,1,current
5028,セカンドサイトアナリティカ,https://www.sxi.co.jp/,進士仁一,prev_1,,,,,,,,,photos_1/5028_セカンドサイトアナリティカ/history/01_進士仁一/photo_01.jpg,1,history
5028,セカンドサイトアナリティカ,https://www.sxi.co.jp/,手塚卓志,prev_2,,,,,,,,,photos_1/5028_セカンドサイトアナリティカ/history/02_手塚卓志/photo_01.jpg,1,history
5035,HOUSEI,https://www.housei-inc.com/,管 祥紅,current,,,,,,,,,photos_1/5035_HOUSEI/current/photo_01.jpg,1,current
5035,HOUSEI,https://www.housei-inc.com/,長管 祥紅,prev_1,,,,,,,,,photos_1/5035_HOUSEI/history/01_長管_祥紅/photo_01.jpg,1,history
5029,サークレイス,https://www.circlace.com/,植田和磨,prev_1,2002年12月4日,,,,,,,,photos_1/5029_サークレイス/history/01_植田和磨/photo_01.jpg,1,history
5029,サークレイス,https://www.circlace.com/,平生翔大,prev_2,2002年10月11日,,,,,,,,photos_1/5029_サークレイス/history/02_平生翔大/photo_01.jpg,1,history
5029,サークレイス,https://www.circlace.com/,小村真也,prev_3,2002年5月28日,,,,,,,,photos_1/5029_サークレイス/history/03_小村真也/photo_01.jpg,1,history
5029,サークレイス,https://www.circlace.com/,古畑翔,prev_4,,,,,,,,,photos_1/5029_サークレイス/history/04_古畑翔/photo_01.jpg,1,history
5029,サークレイス,https://www.circlace.com/,池田悠希,prev_5,,,,,,,,,photos_1/5029_サークレイス/history/05_池田悠希/photo_01.jpg,1,history
5029,サークレイス,https://www.circlace.com/,祝原涼介,prev_6,,,,,,,,,photos_1/5029_サークレイス/history/06_祝原涼介/photo_01.jpg,1,history
5038,eWeLL,https://ewell.co.jp/,田聡 講演内,prev_1,2011年9月11日,2011年10月28日,,,,,,,photos_1/5038_eWeLL/history/01_田聡_講演内/photo_01.jpg,1,history
5076,インフロニア・ホールディングス,https://www.infroneer.com/,岐部,prev_1,2024年頃,,,,,,,,photos_1/5076_インフロニア・ホールディングス/history/01_岐部/photo_01.jpg,1,history
5036,日本ビジネスシステムズ,https://www.jbs.co.jp/,内部統制,current,,,,,,,,,,0,current
5036,日本ビジネスシステムズ,https://www.jbs.co.jp/,藤本 誠之,prev_1,2023年12月22日,,,,,,,,photos_1/5036_日本ビジネスシステムズ/history/01_藤本_誠之/photo_01.jpg,1,history
5036,日本ビジネスシステムズ,https://www.jbs.co.jp/,幸弘 証券,prev_2,2023年７月1日,,,,,,,,photos_1/5036_日本ビジネスシステムズ/history/02_幸弘_証券/photo_01.jpg,1,history
5036,日本ビジネスシステムズ,https://www.jbs.co.jp/,牧田 幸弘,prev_3,,,,,,,,,photos_1/5036_日本ビジネスシステムズ/history/03_牧田_幸弘/photo_01.jpg,1,history
5078,セレコーポレーション,https://www.cel-co.com/,山口 貴載,current,2024年４月,,3601.71,,,,,,photos_1/5078_セレコーポレーション/current/photo_01.jpg,1,current
5103,昭和ホールディングス,http://www.showa-holdings.co.jp/,任者 此下竜,prev_1,2020年3月,2020年3月,,,,,,,photos_1/5103_昭和ホールディングス/history/01_任者_此下竜/photo_01.jpg,1,history
5101,横浜ゴム,https://www.y-yokohama.com/,山石 昌孝,current,,,,,,,,,photos_1/5101_横浜ゴム/current/photo_01.jpg,1,current
5105,TOYO　TIRE,https://www.toyotires.co.jp/,清水 隆史,current,,,,,,,,,"photos_1/5105_TOYO_TIRE/current/photo_01.jpg,photos_1/5105_TOYO_TIRE/current/photo_02.jpg,photos_1/5105_TOYO_TIRE/current/photo_03.jpg",3,current
5110,住友ゴム工業,https://www.srigroup.co.jp/,住友,current,,,,,,,,,photos_1/5110_住友ゴム工業/current/photo_01.jpg,1,current
5121,藤倉コンポジット,https://www.fujikuracomposites.jp/,当社 執行役,current,2025年5月,,1286.06,,,,,,"photos_1/5121_藤倉コンポジット/current/photo_01.jpg,photos_1/5121_藤倉コンポジット/current/photo_02.jpg",2,current
5074,テスホールディングス,https://www.tess-hd.co.jp/,実現,current,2023年２月,,1043.21,,,,,,"photos_1/5074_テスホールディングス/current/photo_01.jpg,photos_1/5074_テスホールディングス/current/photo_02.jpg,photos_1/5074_テスホールディングス/current/photo_03.jpg,photos_1/5074_テスホールディングス/current/photo_04.jpg,photos_1/5074_テスホールディングス/current/photo_05.jpg",5,current
5074,テスホールディングス,https://www.tess-hd.co.jp/,山本 一樹,prev_1,,,,,,,,,photos_1/5074_テスホールディングス/history/01_山本_一樹/photo_01.jpg,1,history
5131,リンカーズ,https://corp.linkers.net/,前田 佳宏,prev_1,2025年7月31日,,,,,,,,photos_1/5131_リンカーズ/history/01_前田_佳宏/photo_01.jpg,1,history
5129,FIXER,https://www.fixer.co.jp/,松岡 清一,prev_1,2012年頃,,,,,,,,photos_1/5129_FIXER/history/01_松岡_清一/photo_01.jpg,1,history
5133,テリロジーホールディングス,https://www.terilogy-hd.com/,植村甲午郎,prev_1,,,,,,,,,photos_1/5133_テリロジーホールディングス/history/01_植村甲午郎/photo_01.jpg,1,history
5133,テリロジーホールディングス,https://www.terilogy-hd.com/,水野成夫,prev_2,,,,,,,,,photos_1/5133_テリロジーホールディングス/history/02_水野成夫/photo_01.jpg,1,history
5133,テリロジーホールディングス,https://www.terilogy-hd.com/,鹿内信隆,prev_3,,,,,,,,,,0,history
5133,テリロジーホールディングス,https://www.terilogy-hd.com/,浅野賢澄,prev_4,,,,,,,,,photos_1/5133_テリロジーホールディングス/history/04_浅野賢澄/photo_01.jpg,1,history
5133,テリロジーホールディングス,https://www.terilogy-hd.com/,鹿内春雄,prev_5,,,,,,,,,photos_1/5133_テリロジーホールディングス/history/05_鹿内春雄/photo_01.jpg,1,history
5133,テリロジーホールディングス,https://www.terilogy-hd.com/,鹿内宏明,prev_6,,,,,,,,,photos_1/5133_テリロジーホールディングス/history/06_鹿内宏明/photo_01.jpg,1,history
5133,テリロジーホールディングス,https://www.terilogy-hd.com/,日枝久,prev_7,,,,,,,,,photos_1/5133_テリロジーホールディングス/history/07_日枝久/photo_01.jpg,1,history
5133,テリロジーホールディングス,https://www.terilogy-hd.com/,嘉納修治,prev_8,,,,,,,,,photos_1/5133_テリロジーホールディングス/history/08_嘉納修治/photo_01.jpg,1,history
5137,スマートドライブ,https://smartdrive.co.jp/,進士仁一,prev_1,,,,,,,,,photos_1/5137_スマートドライブ/history/01_進士仁一/photo_01.jpg,1,history
5137,スマートドライブ,https://smartdrive.co.jp/,手塚卓志,prev_2,,,,,,,,,photos_1/5137_スマートドライブ/history/02_手塚卓志/photo_01.jpg,1,history
5161,西川ゴム工業,https://www.nishikawa-rbr.co.jp/,計画 追補版,current,2024年12月,,980.44,,,,,,photos_1/5161_西川ゴム工業/current/photo_01.jpg,1,current
5142,アキレス,https://www.achilles.jp/,海空 地球征,prev_1,,,,,,,,,photos_1/5142_アキレス/history/01_海空_地球征/photo_01.jpg,1,history
5185,フコク,https://www.fukoku-rubber.co.jp/,大城郁男,prev_1,2024年頃,,,,,,,,photos_1/5185_フコク/history/01_大城郁男/photo_01.jpg,1,history
5195,バンドー化学,https://www.bandogrp.com/,吉井　満隆,current,2025年6月,,1571.87,,,,,,photos_1/5195_バンドー化学/current/photo_01.jpg,1,current
5194,相模ゴム工業,https://www.sagami-gomu.co.jp/,時代,current,,,,,,,,,photos_1/5194_相模ゴム工業/current/photo_01.jpg,1,current
5201,AGC,https://www.agc.com/,岩崎俊彌,prev_1,,,,,,,,,photos_1/5201_AGC/history/01_岩崎俊彌/photo_01.jpg,1,history
5201,AGC,https://www.agc.com/,山田三次郎,prev_2,,,,,,,,,photos_1/5201_AGC/history/02_山田三次郎/photo_01.jpg,1,history
5201,AGC,https://www.agc.com/,大野政吉,prev_3,,,,,,,,,photos_1/5201_AGC/history/03_大野政吉/photo_01.jpg,1,history
5201,AGC,https://www.agc.com/,池田亀三郎,prev_4,,,,,,,,,photos_1/5201_AGC/history/04_池田亀三郎/photo_01.jpg,1,history
5201,AGC,https://www.agc.com/,森本貫一,prev_5,,,,,,,,,,0,history
5201,AGC,https://www.agc.com/,森規矩夫,prev_6,,,,,,,,,photos_1/5201_AGC/history/06_森規矩夫/photo_01.jpg,1,history
5201,AGC,https://www.agc.com/,桑田時一郎,prev_7,,,,,,,,,photos_1/5201_AGC/history/07_桑田時一郎/photo_01.jpg,1,history
5204,石塚硝子,https://www.ishizuka.co.jp/,石塚 久継,current,,,,,,,,,photos_1/5204_石塚硝子/current/photo_01.jpg,1,current
5216,倉元製作所,https://www.kuramoto.co.jp/,小峰 衛,current,2021年3月,,124.0,,,,,,photos_1/5216_倉元製作所/current/photo_01.jpg,1,current
5233,太平洋セメント,https://www.taiheiyo-cement.co.jp/,田浦 良文,current,,,,,,,,,photos_1/5233_太平洋セメント/current/photo_01.jpg,1,current
5218,オハラ,https://www.ohara-inc.co.jp/,齋藤 弘和,current,,,,,,,,,photos_1/5218_オハラ/current/photo_01.jpg,1,current
5232,住友大阪セメント,https://www.soc.co.jp/,"締役

取締",current,2019年11月,,3968.89,,,,,,"photos_1/5232_住友大阪セメント/current/photo_01.jpg,photos_1/5232_住友大阪セメント/current/photo_02.jpg,photos_1/5232_住友大阪セメント/current/photo_03.jpg,photos_1/5232_住友大阪セメント/current/photo_04.jpg,photos_1/5232_住友大阪セメント/current/photo_05.jpg",5,current
5242,アイズ,https://www.eyez.jp/,広告企画,current,2026年1月,,1060.0,,,,,,"photos_1/5242_アイズ/current/photo_01.jpg,photos_1/5242_アイズ/current/photo_02.jpg,photos_1/5242_アイズ/current/photo_03.jpg,photos_1/5242_アイズ/current/photo_04.jpg",4,current
5242,アイズ,https://www.eyez.jp/,矢田 峰之,prev_1,,,,,,,,,,0,history
5247,BTM,https://www.b-tm.co.jp/,"会長
吉田",current,2011年8月,,,,,,,,photos_1/5247_BTM/current/photo_01.jpg,1,current
5248,テクノロジーズ,https://technologies-group.co.jp/,"方
当社",current,,,,,,,,,,0,current
5252,日本ナレッジ,https://www.know-net.co.jp/,万円　日本人,prev_1,2011年1月11日,2012年2月8日,,,,,,,photos_1/5252_日本ナレッジ/history/01_万円_日本人/photo_01.jpg,1,history
5257,ノバシステム,https://www.nova-system.com/,芳山 政安,current,2026年1月,,2675.04,,,,,,,0,current
5258,トランザクション・メディア・ネットワークス,https://www.tm-nets.com/,大高 敦,current,,,,,,,,,photos_1/5258_トランザクション・メディア・ネットワークス/current/photo_01.jpg,1,current
5261,リソルホールディングス,https://www.resol.jp/,本文,current,2025年3月,,5301.46,,,,,,,0,current
5268,旭コンクリート工業,https://www.asahi-concrete.co.jp/,狩野 堅太郎,current,,,,,,,,,photos_1/5268_旭コンクリート工業/current/photo_01.jpg,1,current
5285,ヤマックス,https://www.yamax.co.jp/,"編
海",current,,,,,,,,,photos_1/5285_ヤマックス/current/photo_01.jpg,1,current
5284,ヤマウホールディングス,https://www.yamau-holdings.co.jp/,植村甲午郎,prev_1,,,,,,,,,photos_1/5284_ヤマウホールディングス/history/01_植村甲午郎/photo_01.jpg,1,history
5284,ヤマウホールディングス,https://www.yamau-holdings.co.jp/,水野成夫,prev_2,,,,,,,,,photos_1/5284_ヤマウホールディングス/history/02_水野成夫/photo_01.jpg,1,history
5284,ヤマウホールディングス,https://www.yamau-holdings.co.jp/,鹿内信隆,prev_3,,,,,,,,,,0,history
5284,ヤマウホールディングス,https://www.yamau-holdings.co.jp/,浅野賢澄,prev_4,,,,,,,,,photos_1/5284_ヤマウホールディングス/history/04_浅野賢澄/photo_01.jpg,1,history
5284,ヤマウホールディングス,https://www.yamau-holdings.co.jp/,鹿内春雄,prev_5,,,,,,,,,photos_1/5284_ヤマウホールディングス/history/05_鹿内春雄/photo_01.jpg,1,history
5284,ヤマウホールディングス,https://www.yamau-holdings.co.jp/,鹿内宏明,prev_6,,,,,,,,,photos_1/5284_ヤマウホールディングス/history/06_鹿内宏明/photo_01.jpg,1,history
5284,ヤマウホールディングス,https://www.yamau-holdings.co.jp/,日枝久,prev_7,,,,,,,,,photos_1/5284_ヤマウホールディングス/history/07_日枝久/photo_01.jpg,1,history
5284,ヤマウホールディングス,https://www.yamau-holdings.co.jp/,嘉納修治,prev_8,,,,,,,,,photos_1/5284_ヤマウホールディングス/history/08_嘉納修治/photo_01.jpg,1,history
5301,東海カーボン,https://www.tokaicarbon.co.jp/,長坂 一,current,,,,,,,,,photos_1/5301_東海カーボン/current/photo_01.jpg,1,current
5288,アジアパイルホールディングス,https://www.asiapile-hd.com/,当社,current,2024年6月,,933.37,,,,,,"photos_1/5288_アジアパイルホールディングス/current/photo_01.jpg,photos_1/5288_アジアパイルホールディングス/current/photo_02.jpg",2,current
5334,日本特殊陶業,https://www.niterragroup.com/,尾堂　真一,current,,,,,,,,,"photos_1/5334_日本特殊陶業/current/photo_01.jpg,photos_1/5334_日本特殊陶業/current/photo_02.jpg,photos_1/5334_日本特殊陶業/current/photo_03.jpg,photos_1/5334_日本特殊陶業/current/photo_04.jpg,photos_1/5334_日本特殊陶業/current/photo_05.jpg",5,current
5283,高見澤,https://www.kk-takamisawa.co.jp/,見澤　秀,current,,,,,,,,,"photos_1/5283_高見澤/current/photo_01.jpg,photos_1/5283_高見澤/current/photo_02.jpg,photos_1/5283_高見澤/current/photo_03.jpg,photos_1/5283_高見澤/current/photo_04.jpg,photos_1/5283_高見澤/current/photo_05.jpg",5,current
5344,MARUWA,https://www.maruwa-g.com/,"案内
投資家",current,2025年6月,,32208.45,,,,,,photos_1/5344_MARUWA/current/photo_01.jpg,1,current
5351,品川リフラクトリーズ,https://www.shinagawa.co.jp/,藤原　弘之,current,2025年10月,,1863.49,,,,,,photos_1/5351_品川リフラクトリーズ/current/photo_01.jpg,1,current
5333,日本碍子,https://www.ngk.co.jp/,大島　卓,current,,,,,,,,,"photos_1/5333_日本碍子/current/photo_01.jpg,photos_1/5333_日本碍子/current/photo_02.jpg,photos_1/5333_日本碍子/current/photo_03.jpg,photos_1/5333_日本碍子/current/photo_04.jpg,photos_1/5333_日本碍子/current/photo_05.jpg",5,current
5357,ヨータイ,https://www.yotai.co.jp/,進士仁一,prev_1,,,,,,,,,,0,history
5357,ヨータイ,https://www.yotai.co.jp/,手塚卓志,prev_2,,,,,,,,,photos_1/5357_ヨータイ/history/02_手塚卓志/photo_01.jpg,1,history
5356,美濃窯業,https://www.mino-ceramic.co.jp/,太田 滋俊,prev_1,2020年3月31日,,,,,,,,photos_1/5356_美濃窯業/history/01_太田_滋俊/photo_01.jpg,1,history
5337,ダントーホールディングス,https://www.danto.co.jp/,院前 伊集院,prev_1,,,,,,,,,photos_1/5337_ダントーホールディングス/history/01_院前_伊集院/photo_01.jpg,1,history
5381,Mipox,http://www.mipox.co.jp/,渡邉　淳,current,,,,,,,,,photos_1/5381_Mipox/current/photo_01.jpg,1,current
5381,Mipox,http://www.mipox.co.jp/,中川　健二,prev_1,2010年頃,,,,,,,,photos_1/5381_Mipox/history/01_中川_健二/photo_01.jpg,1,history
5384,フジミインコーポレーテッド,https://www.fujimiinc.co.jp/,関 敬史,current,,,,,,,,,"photos_1/5384_フジミインコーポレーテッド/current/photo_01.jpg,photos_1/5384_フジミインコーポレーテッド/current/photo_02.jpg",2,current
5368,日本インシュレーション,https://www.jic-bestork.co.jp/,娼館 望郷,prev_1,,,,,,,,,photos_1/5368_日本インシュレーション/history/01_娼館_望郷/photo_01.jpg,1,history
5368,日本インシュレーション,https://www.jic-bestork.co.jp/,七号 君想,prev_2,,,,,,,,,photos_1/5368_日本インシュレーション/history/02_七号_君想/photo_01.jpg,1,history
5391,エーアンドエーマテリアル,https://www.aa-material.co.jp/,巻野 徹,current,,,,,,,,,"photos_1/5391_エーアンドエーマテリアル/current/photo_01.jpg,photos_1/5391_エーアンドエーマテリアル/current/photo_02.jpg,photos_1/5391_エーアンドエーマテリアル/current/photo_03.jpg,photos_1/5391_エーアンドエーマテリアル/current/photo_04.jpg,photos_1/5391_エーアンドエーマテリアル/current/photo_05.jpg",5,current
5401,日本製鉄,https://www.nipponsteel.com/,今井 正,current,2025年6月,,515.82,,,,,,photos_1/5401_日本製鉄/current/photo_01.jpg,1,current
5406,神戸製鋼所,https://www.kobelco.co.jp/,月 勝川,current,2024年4月,,1905.39,,,,,,photos_1/5406_神戸製鋼所/current/photo_01.jpg,1,current
5406,神戸製鋼所,https://www.kobelco.co.jp/,衛門 神戸製,prev_1,,,,,,,,,photos_1/5406_神戸製鋼所/history/01_衛門_神戸製/photo_01.jpg,1,history
5408,中山製鋼所,https://www.nakayama-steel.co.jp/,衛門 神戸製,prev_1,,,,,,,,,photos_1/5408_中山製鋼所/history/01_衛門_神戸製/photo_01.jpg,1,history
5411,JFEホールディングス,https://www.jfe-holdings.co.jp/,北野 嘉久,current,,,,,,,,,photos_1/5411_JFEホールディングス/current/photo_01.jpg,1,current
5446,北越メタル,https://www.hokume.co.jp/,"万円
 白",current,,,,,,,,,"photos_1/5446_北越メタル/current/photo_01.jpg,photos_1/5446_北越メタル/current/photo_02.jpg,photos_1/5446_北越メタル/current/photo_03.jpg",3,current
5451,淀川製鋼所,https://www.yodoko.co.jp/,当社,current,2025年1月,,1042.24,,,,,,photos_1/5451_淀川製鋼所/current/photo_01.jpg,1,current
5458,高砂鐵工,https://www.takasago-t.co.jp/,加藤 勘二,current,,,,,,,,,photos_1/5458_高砂鐵工/current/photo_01.jpg,1,current
5463,丸一鋼管,https://www.maruichikokan.co.jp/,鈴木 博之,current,,,,,,,,,"photos_1/5463_丸一鋼管/current/photo_01.jpg,photos_1/5463_丸一鋼管/current/photo_02.jpg,photos_1/5463_丸一鋼管/current/photo_03.jpg,photos_1/5463_丸一鋼管/current/photo_04.jpg,photos_1/5463_丸一鋼管/current/photo_05.jpg",5,current
5471,大同特殊鋼,https://www.daido.co.jp/,"標準
拡大",current,2023年10月,,1190.0,,,,,,"photos_1/5471_大同特殊鋼/current/photo_01.jpg,photos_1/5471_大同特殊鋼/current/photo_02.jpg",2,current
5480,日本冶金工業,https://www.nyk.co.jp/,浦田 成己,current,,,,,,,,,photos_1/5480_日本冶金工業/current/photo_01.jpg,1,current
5464,モリ工業,https://www.mory.co.jp/,森 宏明,current,,,,,,,,,photos_1/5464_モリ工業/current/photo_01.jpg,1,current
5484,東北特殊鋼,https://www.tohokusteel.com/,進化,current,,,,,,,,,photos_1/5484_東北特殊鋼/current/photo_01.jpg,1,current
5482,愛知製鋼,https://www.aichi-steel.co.jp/,会長　藤岡,current,,,,,,,,,photos_1/5482_愛知製鋼/current/photo_01.jpg,1,current
5491,日本金属,https://www.nipponkinzoku.co.jp/,当社  下川康,current,,,,,,,,,"photos_1/5491_日本金属/current/photo_01.jpg,photos_1/5491_日本金属/current/photo_02.jpg",2,current
5491,日本金属,https://www.nipponkinzoku.co.jp/,下川 康志,prev_1,,,,,,,,,photos_1/5491_日本金属/history/01_下川_康志/photo_01.jpg,1,history
5533,エリッツホールディングス,https://www.elitz-holdings.co.jp/,槇野 常美,current,2023年6月,,1815.11,,,,,,,0,current
5533,エリッツホールディングス,https://www.elitz-holdings.co.jp/,神子柴 寿昭,prev_1,,,,,,,,,photos_2/5533_エリッツホールディングス/history/01_神子柴_寿昭/photo_01.jpg,1,history
5533,エリッツホールディングス,https://www.elitz-holdings.co.jp/,三部 敏宏,prev_2,,,,,,,,,photos_2/5533_エリッツホールディングス/history/02_三部_敏宏/photo_01.jpg,1,history
5533,エリッツホールディングス,https://www.elitz-holdings.co.jp/,倉石 誠司,prev_3,,,,,,,,,photos_2/5533_エリッツホールディングス/history/03_倉石_誠司/photo_01.jpg,1,history
5533,エリッツホールディングス,https://www.elitz-holdings.co.jp/,竹内 弘平,prev_4,,,,,,,,,photos_2/5533_エリッツホールディングス/history/04_竹内_弘平/photo_01.jpg,1,history
5533,エリッツホールディングス,https://www.elitz-holdings.co.jp/,鈴木 麻子,prev_5,,,,,,,,,photos_2/5533_エリッツホールディングス/history/05_鈴木_麻子/photo_01.jpg,1,history
5533,エリッツホールディングス,https://www.elitz-holdings.co.jp/,貝原 典也,prev_6,,,,,,,,,photos_2/5533_エリッツホールディングス/history/06_貝原_典也/photo_01.jpg,1,history
5563,新日本電工,https://www.nippondenko.co.jp/,青木　泰,current,,,,,,,,,photos_2/5563_新日本電工/current/photo_01.jpg,1,current
5563,新日本電工,https://www.nippondenko.co.jp/,白須　達朗,prev_1,2004年頃,2024年頃,,,,,,,photos_2/5563_新日本電工/history/01_白須_達朗/photo_01.jpg,1,history
5535,ミガロホールディングス,https://www.migalo.co.jp/,中西 聖,current,,,,,,,,,photos_2/5535_ミガロホールディングス/current/photo_01.jpg,1,current
5571,エキサイトホールディングス,https://www.excite-holdings.co.jp/,西條 晋一,current,2018年1月,,,,,,,,photos_2/5571_エキサイトホールディングス/current/photo_01.jpg,1,current
5572,Ridge-i,https://ridge-i.com/,柳原 尚史,current,,,,,,,,,photos_2/5572_Ridge-i/current/photo_01.jpg,1,current
5572,Ridge-i,https://ridge-i.com/,柳原 尚史,prev_1,2000年頃,,,,,,,,,0,history
5576,オービーシステム,https://www.obs.co.jp/,豊田　利雄,current,2007年11月,,,,,,,,"photos_2/5576_オービーシステム/current/photo_01.jpg,photos_2/5576_オービーシステム/current/photo_02.jpg,photos_2/5576_オービーシステム/current/photo_03.jpg,photos_2/5576_オービーシステム/current/photo_04.jpg,photos_2/5576_オービーシステム/current/photo_05.jpg",5,current
5576,オービーシステム,https://www.obs.co.jp/,豊田　利雄,prev_1,2000年頃,,,,,,,,photos_2/5576_オービーシステム/history/01_豊田_利雄/photo_01.jpg,1,history
5580,プロディライト,https://prodelight.co.jp/,医療法人,current,,,,,,,,,,0,current
5580,プロディライト,https://prodelight.co.jp/,小南 秀光,prev_1,2023年10月31日,2023年6月28日,,,,,,,photos_2/5580_プロディライト/history/01_小南_秀光/photo_01.jpg,1,history
5580,プロディライト,https://prodelight.co.jp/,横山 隆介様,prev_2,,,,,,,,,photos_2/5580_プロディライト/history/02_横山_隆介様/photo_01.jpg,1,history
5582,グリッド,https://gridpredict.jp/,市川弥生次,prev_1,2019年（平成31年）4月1日,,,,,,,,photos_2/5582_グリッド/history/01_市川弥生次/photo_01.jpg,1,history
5590,ネットスターズ,https://www.netstars.co.jp/,嶋田 貴之,prev_1,,,,,,,,,,0,history
5588,ファーストアカウンティング,https://www.fastaccounting.jp/,森 啓太郎,current,2023年9月,,1170.72,,,,,,photos_2/5588_ファーストアカウンティング/current/photo_01.jpg,1,current
5591,AVILEN,https://avilen.jp/,治氏　豊田章,prev_1,2023年1月26日,2023年12月17日,,,,,,,photos_2/5591_AVILEN/history/01_治氏_豊田章/photo_01.jpg,1,history
5595,QPS研究所,https://i-qps.net/,大西 俊輔,current,2026年2月,,,,,,,,photos_2/5595_QPS研究所/current/photo_01.jpg,1,current
5595,QPS研究所,https://i-qps.net/,青木 盛博,prev_1,2025年12月24日,,,,,,,,photos_2/5595_QPS研究所/history/01_青木_盛博/photo_01.jpg,1,history
5595,QPS研究所,https://i-qps.net/,大西 俊輔,prev_2,,,,,,,,,photos_2/5595_QPS研究所/history/02_大西_俊輔/photo_01.jpg,1,history
5595,QPS研究所,https://i-qps.net/,米倉 英一,prev_3,,,,,,,,,photos_2/5595_QPS研究所/history/03_米倉_英一/photo_01.jpg,1,history
5596,アウトルックコンサルティング,https://www.outlook.co.jp/,議員 平野博,prev_1,,,,,,,,,photos_2/5596_アウトルックコンサルティング/history/01_議員_平野博/photo_01.jpg,1,history
5449,大阪製鐵,https://www.osaka-seitetu.co.jp/,谷　潤一,current,,,,,,,,,photos_1/5449_大阪製鐵/current/photo_01.jpg,1,current
5602,栗本鐵工所,https://corp.kurimoto.co.jp/,菊本 一高,current,,,,,,,,,photos_2/5602_栗本鐵工所/current/photo_01.jpg,1,current
5599,S&J,https://www.sandj.co.jp/,三輪 信雄,prev_1,,,,,,,,,photos_2/5599_S&J/history/01_三輪_信雄/photo_01.jpg,1,history
5609,日本鋳造,https://www.nipponchuzo.co.jp/,万円　日本人,prev_1,2011年1月11日,2012年2月8日,,,,,,,photos_2/5609_日本鋳造/history/01_万円_日本人/photo_01.jpg,1,history
5631,日本製鋼所,https://www.jsw.co.jp/,世界,current,,,,,,,,,photos_2/5631_日本製鋼所/current/photo_01.jpg,1,current
5631,日本製鋼所,https://www.jsw.co.jp/,衛門 神戸製,prev_1,,,,,,,,,photos_2/5631_日本製鋼所/history/01_衛門_神戸製/photo_01.jpg,1,history
5612,日本鋳鉄管,https://www.nichu.co.jp/,石毛,current,,,,,,,,,"photos_2/5612_日本鋳鉄管/current/photo_01.jpg,photos_2/5612_日本鋳鉄管/current/photo_02.jpg",2,current
5612,日本鋳鉄管,https://www.nichu.co.jp/,広瀬政之,prev_1,2024年4月,,,,,,,,photos_2/5612_日本鋳鉄管/history/01_広瀬政之/photo_01.jpg,1,history
5612,日本鋳鉄管,https://www.nichu.co.jp/,北野嘉久,prev_2,2019年4月,2024年4月,,,,,,,photos_2/5612_日本鋳鉄管/history/02_北野嘉久/photo_01.jpg,1,history
5612,日本鋳鉄管,https://www.nichu.co.jp/,柿木厚司,prev_3,2015年4月,2019年4月,,,,,,,photos_2/5612_日本鋳鉄管/history/03_柿木厚司/photo_01.jpg,1,history
5612,日本鋳鉄管,https://www.nichu.co.jp/,林田英治,prev_4,2010年4月,2015年4月,,,,,,,photos_2/5612_日本鋳鉄管/history/04_林田英治/photo_01.jpg,1,history
5612,日本鋳鉄管,https://www.nichu.co.jp/,馬田一,prev_5,2005年4月,2010年4月,,,,,,,photos_2/5612_日本鋳鉄管/history/05_馬田一/photo_01.jpg,1,history
5612,日本鋳鉄管,https://www.nichu.co.jp/,數土文夫,prev_6,2003年4月,2005年4月,,,,,,,photos_2/5612_日本鋳鉄管/history/06_數土文夫/photo_01.jpg,1,history
5632,三菱製鋼,https://www.mitsubishisteel.co.jp/,衛門 神戸製,prev_1,,,,,,,,,photos_2/5632_三菱製鋼/history/01_衛門_神戸製/photo_01.jpg,1,history
5621,ヒューマンテクノロジーズ,https://www.h-t.co.jp/,進士仁一,prev_1,,,,,,,,,,0,history
5621,ヒューマンテクノロジーズ,https://www.h-t.co.jp/,手塚卓志,prev_2,,,,,,,,,photos_2/5621_ヒューマンテクノロジーズ/history/02_手塚卓志/photo_01.jpg,1,history
5618,ナイル,https://nyle.co.jp/,高橋　飛翔株,current,2026年2月,,317.0,,,,,,photos_2/5618_ナイル/current/photo_01.jpg,1,current
5618,ナイル,https://nyle.co.jp/,高橋飛翔,prev_1,2022年頃,,,,,,,,photos_2/5618_ナイル/history/01_高橋飛翔/photo_01.jpg,1,history
5660,神鋼鋼線工業,https://www.shinko-wire.co.jp/,衛門 神戸製,prev_1,,,,,,,,,photos_2/5660_神鋼鋼線工業/history/01_衛門_神戸製/photo_01.jpg,1,history
5702,大紀アルミニウム工業所,https://www.dik-net.com/,大紀,current,2021年4月,,877.19,,,,,,"photos_2/5702_大紀アルミニウム工業所/current/photo_01.jpg,photos_2/5702_大紀アルミニウム工業所/current/photo_02.jpg",2,current
5698,エンビプロ・ホールディングス,https://www.envipro.jp/,佐野 富和取,current,,,,,,,,,"photos_2/5698_エンビプロ・ホールディングス/current/photo_01.jpg,photos_2/5698_エンビプロ・ホールディングス/current/photo_02.jpg,photos_2/5698_エンビプロ・ホールディングス/current/photo_03.jpg,photos_2/5698_エンビプロ・ホールディングス/current/photo_04.jpg,photos_2/5698_エンビプロ・ホールディングス/current/photo_05.jpg",5,current
5698,エンビプロ・ホールディングス,https://www.envipro.jp/,佐野 文勝,prev_1,2021年6月30日,,,,,,,,photos_2/5698_エンビプロ・ホールディングス/history/01_佐野_文勝/photo_01.jpg,1,history
5707,東邦亜鉛,https://www.toho-zinc.co.jp/,印刷,current,2026年1月,,790.0,,,,,,photos_2/5707_東邦亜鉛/current/photo_01.jpg,1,current
5713,住友金属鉱山,https://www.smm.co.jp/,住友金属,current,2025年9月,,3726.44,,,,,,photos_2/5713_住友金属鉱山/current/photo_01.jpg,1,current
5715,古河機械金属,https://www.furukawakk.co.jp/,戸川　稔,current,2025年9月,,2650.83,,,,,,photos_2/5715_古河機械金属/current/photo_01.jpg,1,current
5706,三井金属鉱業,https://www.mitsui-kinzoku.com/,納　武士,current,,,,,,,,,photos_2/5706_三井金属鉱業/current/photo_01.jpg,1,current
5714,DOWAホールディングス,https://hd.dowa.co.jp/,院前 伊集院,prev_1,,,,,,,,,photos_2/5714_DOWAホールディングス/history/01_院前_伊集院/photo_01.jpg,1,history
5724,アサカ理研,https://www.asaka.co.jp/,山田 浩太,current,2022年10月,,1730.76,,,,,,photos_2/5724_アサカ理研/current/photo_01.jpg,1,current
5741,UACJ,https://www.uacj.co.jp/,田中 信二,prev_1,2002年頃,,,,,,,,photos_2/5741_UACJ/history/01_田中_信二/photo_01.jpg,1,history
5729,日本精鉱,https://www.nihonseiko.co.jp/,"強化
既存事",current,2025年6月,,4614.09,,,,,,photos_2/5729_日本精鉱/current/photo_01.jpg,1,current
5801,古河電気工業,https://www.furukawa.co.jp/,"氏名
小林",current,2025年6月,,5743.0,,,,,,photos_2/5801_古河電気工業/current/photo_01.jpg,1,current
5801,古河電気工業,https://www.furukawa.co.jp/,敬一 出演決,prev_1,,,,,,,,,photos_2/5801_古河電気工業/history/01_敬一_出演決/photo_01.jpg,1,history
5803,フジクラ,https://www.fujikura.co.jp/,線材　増産投,current,2026/02/09,,19500.0,,,,,,"photos_2/5803_フジクラ/current/photo_01.jpg,photos_2/5803_フジクラ/current/photo_02.jpg",2,current
5753,日本伸銅,https://www.nippon-shindo.co.jp/,高倉　英朗,current,,,,,,,,,photos_2/5753_日本伸銅/current/photo_01.jpg,1,current
5821,平河ヒューテック,https://www.hewtech.co.jp/,合会 会頭,prev_1,,,,,,,,,photos_2/5821_平河ヒューテック/history/01_合会_会頭/photo_01.jpg,1,history
5820,三ッ星,https://www.kk-mitsuboshi.co.jp/,進士仁一,prev_1,,,,,,,,,photos_2/5820_三ッ星/history/01_進士仁一/photo_01.jpg,1,history
5820,三ッ星,https://www.kk-mitsuboshi.co.jp/,手塚卓志,prev_2,,,,,,,,,photos_2/5820_三ッ星/history/02_手塚卓志/photo_01.jpg,1,history
5830,いよぎんホールディングス,https://www.iyogin-hd.co.jp/,三好 賢治,current,2025年11月,,2143.5,,,,,,photos_2/5830_いよぎんホールディングス/current/photo_01.jpg,1,current
5831,しずおかフィナンシャルグループ,https://www.shizuoka-fg.co.jp/,平素,current,2022年10月,,787.37,,,,,,"photos_2/5831_しずおかフィナンシャルグループ/current/photo_01.jpg,photos_2/5831_しずおかフィナンシャルグループ/current/photo_02.jpg",2,current
5832,ちゅうぎんフィナンシャルグループ,https://www.chugin-fg.co.jp/,検索 検索,current,2022年10月,,791.44,,,,,,,0,current
5838,楽天銀行,https://www.rakuten-bank.co.jp/,藤原 弘治取,prev_1,2022年4月1日,2022年4月1日,,,,,,,photos_2/5838_楽天銀行/history/01_藤原_弘治取/photo_01.jpg,1,history
5838,楽天銀行,https://www.rakuten-bank.co.jp/,頭取 藤原弘,prev_2,2021年8月,,,,,,,,photos_2/5838_楽天銀行/history/02_頭取_藤原弘/photo_01.jpg,1,history
5834,SBIリーシングサービス,https://www.sbils.co.jp/,羽佐間重彰,prev_1,2003年7月,,,,,,,,photos_2/5834_SBIリーシングサービス/history/01_羽佐間重彰/photo_01.jpg,1,history
5834,SBIリーシングサービス,https://www.sbils.co.jp/,日枝久,prev_2,2003年7月,2025年3月,,,,,,,photos_2/5834_SBIリーシングサービス/history/02_日枝久/photo_01.jpg,1,history
5834,SBIリーシングサービス,https://www.sbils.co.jp/,鹿内信隆,prev_3,,,,,,,,,,0,history
5834,SBIリーシングサービス,https://www.sbils.co.jp/,鹿内春雄,prev_4,,,,,,,,,photos_2/5834_SBIリーシングサービス/history/04_鹿内春雄/photo_01.jpg,1,history
5834,SBIリーシングサービス,https://www.sbils.co.jp/,鹿内宏明,prev_5,,,,,,,,,photos_2/5834_SBIリーシングサービス/history/05_鹿内宏明/photo_01.jpg,1,history
5834,SBIリーシングサービス,https://www.sbils.co.jp/,小林吉彦,prev_6,,,,,,,,,photos_2/5834_SBIリーシングサービス/history/06_小林吉彦/photo_01.jpg,1,history
5845,全保連,https://www.zenhoren.jp/,茨木 英彦,current,,,,,,,,,photos_2/5845_全保連/current/photo_01.jpg,1,current
5845,全保連,https://www.zenhoren.jp/,娼館 望郷,prev_1,,,,,,,,,photos_2/5845_全保連/history/01_娼館_望郷/photo_01.jpg,1,history
5845,全保連,https://www.zenhoren.jp/,七号 君想,prev_2,,,,,,,,,photos_2/5845_全保連/history/02_七号_君想/photo_01.jpg,1,history
5851,リョービ,https://www.ryobi-group.co.jp/,本氏 成長路,prev_1,2020年5月2日,2020年5月2日,,,,,,,photos_2/5851_リョービ/history/01_本氏_成長路/photo_01.jpg,1,history
5851,リョービ,https://www.ryobi-group.co.jp/,口氏 久芳社,prev_2,2009年2月17日,2020年5月2日,,,,,,,photos_2/5851_リョービ/history/02_口氏_久芳社/photo_01.jpg,1,history
5857,AREホールディングス,https://www.are-holdings.com/,東浦 知哉,current,,,,,,,,,photos_2/5857_AREホールディングス/current/photo_01.jpg,1,current
5852,アーレスティ,https://www.ahresty.co.jp/,定生 産,current,,,,,,,,,photos_2/5852_アーレスティ/current/photo_01.jpg,1,current
5870,ナルネットコミュニケーションズ,https://www.nal-mt.co.jp/,鈴木 隆志,prev_1,2026年1月5日,2026年1月,,,,,,,photos_2/5870_ナルネットコミュニケーションズ/history/01_鈴木_隆志/photo_01.jpg,1,history
5889,Japan　Eyewear　Holdings,https://www.japan-eyewear-holdings.co.jp/,金子　真也,current,,,,,,,,,photos_2/5889_Japan_Eyewear_Holdings/current/photo_01.jpg,1,current
5867,エスネットワークス,https://esnet.co.jp/,進士仁一,prev_1,,,,,,,,,photos_2/5867_エスネットワークス/history/01_進士仁一/photo_01.jpg,1,history
5867,エスネットワークス,https://esnet.co.jp/,手塚卓志,prev_2,,,,,,,,,photos_2/5867_エスネットワークス/history/02_手塚卓志/photo_01.jpg,1,history
5885,ジーデップ・アドバンス,https://info.gdep.co.jp/,投資家,current,2023年6月,,2625.46,,,,,,photos_2/5885_ジーデップ・アドバンス/current/photo_01.jpg,1,current
5891,魁力屋,https://www.kairikiya.co.jp/,植村甲午郎,prev_1,,,,,,,,,photos_2/5891_魁力屋/history/01_植村甲午郎/photo_01.jpg,1,history
5891,魁力屋,https://www.kairikiya.co.jp/,水野成夫,prev_2,,,,,,,,,photos_2/5891_魁力屋/history/02_水野成夫/photo_01.jpg,1,history
5891,魁力屋,https://www.kairikiya.co.jp/,鹿内信隆,prev_3,,,,,,,,,,0,history
5891,魁力屋,https://www.kairikiya.co.jp/,浅野賢澄,prev_4,,,,,,,,,photos_2/5891_魁力屋/history/04_浅野賢澄/photo_01.jpg,1,history
5891,魁力屋,https://www.kairikiya.co.jp/,鹿内春雄,prev_5,,,,,,,,,photos_2/5891_魁力屋/history/05_鹿内春雄/photo_01.jpg,1,history
5891,魁力屋,https://www.kairikiya.co.jp/,鹿内宏明,prev_6,,,,,,,,,photos_2/5891_魁力屋/history/06_鹿内宏明/photo_01.jpg,1,history
5891,魁力屋,https://www.kairikiya.co.jp/,日枝久,prev_7,,,,,,,,,photos_2/5891_魁力屋/history/07_日枝久/photo_01.jpg,1,history
5891,魁力屋,https://www.kairikiya.co.jp/,嘉納修治,prev_8,,,,,,,,,photos_2/5891_魁力屋/history/08_嘉納修治/photo_01.jpg,1,history
5901,東洋製罐グループホールディングス,https://www.tskg-hd.com/,中村,current,,,,,,,,,photos_2/5901_東洋製罐グループホールディングス/current/photo_01.jpg,1,current
5906,エムケー精工,https://www.mkseiko.co.jp/,丸山 将一,current,,,,,,,,,photos_2/5906_エムケー精工/current/photo_01.jpg,1,current
5909,コロナ,https://www.corona.co.jp/,送検 日本経,prev_1,2020年3月28日,2020年3月31日,,,,,,,photos_2/5909_コロナ/history/01_送検_日本経/photo_01.jpg,1,history
5911,横河ブリッジホールディングス,https://www.ybhd.co.jp/,髙田 和彦,current,,,,,,,,,photos_2/5911_横河ブリッジホールディングス/current/photo_01.jpg,1,current
5928,アルメタックス,https://www.almetax.co.jp/,村治 俊哉,current,,,,,,,,,photos_2/5928_アルメタックス/current/photo_01.jpg,1,current
5929,三和ホールディングス,https://www.sanwa-hldgs.co.jp/,三和,current,,,,,,,,,photos_2/5929_三和ホールディングス/current/photo_01.jpg,1,current
5929,三和ホールディングス,https://www.sanwa-hldgs.co.jp/,髙山 靖司,prev_1,,,,,,,,,photos_2/5929_三和ホールディングス/history/01_髙山_靖司/photo_01.jpg,1,history
5936,東洋シヤッター,https://www.toyo-shutter.co.jp/,岡田　敏夫,current,,,,,,,,,photos_2/5936_東洋シヤッター/current/photo_01.jpg,1,current
5922,那須電機鉄工,https://www.nasudenki.co.jp/,鈴木　智晴,current,,,,,,,,,photos_2/5922_那須電機鉄工/current/photo_01.jpg,1,current
5930,文化シヤッター,https://www.bunka-s.co.jp/,"紹介
社是",current,,,,,,,,,photos_2/5930_文化シヤッター/current/photo_01.jpg,1,current
5946,長府製作所,https://www.chofu.co.jp/,山下 学,current,,,,,,,,,photos_2/5946_長府製作所/current/photo_01.jpg,1,current
5949,ユニプレス,https://www.unipres.co.jp/,創立以来,current,,,,,,,,,photos_2/5949_ユニプレス/current/photo_01.jpg,1,current
5949,ユニプレス,https://www.unipres.co.jp/,進士仁一,prev_1,,,,,,,,,,0,history
5949,ユニプレス,https://www.unipres.co.jp/,手塚卓志,prev_2,,,,,,,,,photos_2/5949_ユニプレス/history/02_手塚卓志/photo_01.jpg,1,history
5951,ダイニチ工業,https://www.dainichi-net.co.jp/,放送,current,2025年1月,,603.57,,,,,,"photos_2/5951_ダイニチ工業/current/photo_01.jpg,photos_2/5951_ダイニチ工業/current/photo_02.jpg,photos_2/5951_ダイニチ工業/current/photo_03.jpg",3,current
5951,ダイニチ工業,https://www.dainichi-net.co.jp/,吉井 久夫,prev_1,2022年3月31日,,,,,,,,photos_2/5951_ダイニチ工業/history/01_吉井_久夫/photo_01.jpg,1,history
5950,日本パワーファスニング,https://www.jpf-net.co.jp/,進士仁一,prev_1,,,,,,,,,,0,history
5950,日本パワーファスニング,https://www.jpf-net.co.jp/,手塚卓志,prev_2,,,,,,,,,photos_2/5950_日本パワーファスニング/history/02_手塚卓志/photo_01.jpg,1,history
5957,日東精工,https://www.nittoseiko.co.jp/,株主,current,,,,,,,,,photos_2/5957_日東精工/current/photo_01.jpg,1,current
5959,岡部,https://www.okabe.co.jp/,平素,current,,,,,,,,,photos_2/5959_岡部/current/photo_01.jpg,1,current
5965,フジマック,https://www.fujimak.co.jp/,推進体制,current,,,,,,,,,photos_2/5965_フジマック/current/photo_01.jpg,1,current
5967,TONE,https://www.tonetool.co.jp/,深化,current,,,,,,,,,photos_2/5967_TONE/current/photo_01.jpg,1,current
5967,TONE,https://www.tonetool.co.jp/,矢野 大司郎,prev_1,,,,,,,,,photos_2/5967_TONE/history/01_矢野_大司郎/photo_01.jpg,1,history
5971,共和工業所,https://www.kyowakogyosyo.co.jp/,藤井 政志,prev_1,,,,,,,,,photos_2/5971_共和工業所/history/01_藤井_政志/photo_01.jpg,1,history
5970,ジーテクト,https://www.g-tekt.jp/,高尾 直宏,current,,,,,,,,,photos_2/5970_ジーテクト/current/photo_01.jpg,1,current
5970,ジーテクト,https://www.g-tekt.jp/,神子柴 寿昭,prev_1,,,,,,,,,photos_2/5970_ジーテクト/history/01_神子柴_寿昭/photo_01.jpg,1,history
5970,ジーテクト,https://www.g-tekt.jp/,三部 敏宏,prev_2,,,,,,,,,photos_2/5970_ジーテクト/history/02_三部_敏宏/photo_01.jpg,1,history
5970,ジーテクト,https://www.g-tekt.jp/,倉石 誠司,prev_3,,,,,,,,,photos_2/5970_ジーテクト/history/03_倉石_誠司/photo_01.jpg,1,history
5970,ジーテクト,https://www.g-tekt.jp/,竹内 弘平,prev_4,,,,,,,,,photos_2/5970_ジーテクト/history/04_竹内_弘平/photo_01.jpg,1,history
5970,ジーテクト,https://www.g-tekt.jp/,鈴木 麻子,prev_5,,,,,,,,,photos_2/5970_ジーテクト/history/05_鈴木_麻子/photo_01.jpg,1,history
5970,ジーテクト,https://www.g-tekt.jp/,貝原 典也,prev_6,,,,,,,,,photos_2/5970_ジーテクト/history/06_貝原_典也/photo_01.jpg,1,history
5975,東プレ,https://www.topre.co.jp/,"方
東",current,2024年6月,,2140.88,,,,,,photos_2/5975_東プレ/current/photo_01.jpg,1,current
5975,東プレ,https://www.topre.co.jp/,進士仁一,prev_1,,,,,,,,,photos_2/5975_東プレ/history/01_進士仁一/photo_01.jpg,1,history
5975,東プレ,https://www.topre.co.jp/,手塚卓志,prev_2,,,,,,,,,photos_2/5975_東プレ/history/02_手塚卓志/photo_01.jpg,1,history
5981,東京製綱,https://www.tokyorope.co.jp/,"挨拶
東京製",current,2021年6月,,1060.49,,,,,,,0,current
5981,東京製綱,https://www.tokyorope.co.jp/,辞任　複数,prev_1,2024年9月26日,2024年9月26日,,,,,,,photos_2/5981_東京製綱/history/01_辞任_複数/photo_01.jpg,1,history
5974,中国工業,https://www.ckk-chugoku.co.jp/,神子柴 寿昭,prev_1,,,,,,,,,photos_2/5974_中国工業/history/01_神子柴_寿昭/photo_01.jpg,1,history
5974,中国工業,https://www.ckk-chugoku.co.jp/,三部 敏宏,prev_2,,,,,,,,,photos_2/5974_中国工業/history/02_三部_敏宏/photo_01.jpg,1,history
5974,中国工業,https://www.ckk-chugoku.co.jp/,倉石 誠司,prev_3,,,,,,,,,photos_2/5974_中国工業/history/03_倉石_誠司/photo_01.jpg,1,history
5974,中国工業,https://www.ckk-chugoku.co.jp/,竹内 弘平,prev_4,,,,,,,,,photos_2/5974_中国工業/history/04_竹内_弘平/photo_01.jpg,1,history
5974,中国工業,https://www.ckk-chugoku.co.jp/,鈴木 麻子,prev_5,,,,,,,,,photos_2/5974_中国工業/history/05_鈴木_麻子/photo_01.jpg,1,history
5974,中国工業,https://www.ckk-chugoku.co.jp/,貝原 典也,prev_6,,,,,,,,,photos_2/5974_中国工業/history/06_貝原_典也/photo_01.jpg,1,history
5984,兼房,https://www.kanefusa.co.jp/,会長　渡邉,current,,,,,,,,,"photos_2/5984_兼房/current/photo_01.jpg,photos_2/5984_兼房/current/photo_02.jpg",2,current
5984,兼房,https://www.kanefusa.co.jp/,進士仁一,prev_1,,,,,,,,,,0,history
5984,兼房,https://www.kanefusa.co.jp/,手塚卓志,prev_2,,,,,,,,,photos_2/5984_兼房/history/02_手塚卓志/photo_01.jpg,1,history
5985,サンコール,https://www.suncall.co.jp/,人生 岡田茂,prev_1,2011年6月7日,,,,,,,,photos_2/5985_サンコール/history/01_人生_岡田茂/photo_01.jpg,1,history
5985,サンコール,https://www.suncall.co.jp/,設置 鹿内春,prev_2,,,,,,,,,photos_2/5985_サンコール/history/02_設置_鹿内春/photo_01.jpg,1,history
5989,エイチワン,https://www.h1-co.jp/,神子柴 寿昭,prev_1,,,,,,,,,,0,history
5989,エイチワン,https://www.h1-co.jp/,三部 敏宏,prev_2,,,,,,,,,photos_2/5989_エイチワン/history/02_三部_敏宏/photo_01.jpg,1,history
5989,エイチワン,https://www.h1-co.jp/,倉石 誠司,prev_3,,,,,,,,,photos_2/5989_エイチワン/history/03_倉石_誠司/photo_01.jpg,1,history
5989,エイチワン,https://www.h1-co.jp/,竹内 弘平,prev_4,,,,,,,,,photos_2/5989_エイチワン/history/04_竹内_弘平/photo_01.jpg,1,history
5989,エイチワン,https://www.h1-co.jp/,鈴木 麻子,prev_5,,,,,,,,,photos_2/5989_エイチワン/history/05_鈴木_麻子/photo_01.jpg,1,history
5989,エイチワン,https://www.h1-co.jp/,貝原 典也,prev_6,,,,,,,,,photos_2/5989_エイチワン/history/06_貝原_典也/photo_01.jpg,1,history
5990,スーパーツール,https://www.supertool.co.jp/,伝説 大地,prev_1,2021年3月21日,2016年6月26日,,,,,,,photos_2/5990_スーパーツール/history/01_伝説_大地/photo_01.jpg,1,history
5987,オーネックス,http://www.onex.jp/,木田 周太郎,current,,,,,,,,,"photos_2/5987_オーネックス/current/photo_01.jpg,photos_2/5987_オーネックス/current/photo_02.jpg,photos_2/5987_オーネックス/current/photo_03.jpg",3,current
5992,中央発條,https://www.chkk.co.jp/,北浦 啓一,current,,,,,,,,,photos_2/5992_中央発條/current/photo_01.jpg,1,current
5988,パイオラックス,https://www.piolax.co.jp/,番地 横浜花,prev_1,,,,,,,,,photos_2/5988_パイオラックス/history/01_番地_横浜花/photo_01.jpg,1,history
5994,ファインシンター,https://www.fine-sinter.com/,進士仁一,prev_1,,,,,,,,,photos_2/5994_ファインシンター/history/01_進士仁一/photo_01.jpg,1,history
5994,ファインシンター,https://www.fine-sinter.com/,手塚卓志,prev_2,,,,,,,,,photos_2/5994_ファインシンター/history/02_手塚卓志/photo_01.jpg,1,history
6013,タクマ,https://www.takuma.co.jp/,"源流
当社",current,2025年4月,,1780.92,,,,,,photos_2/6013_タクマ/current/photo_01.jpg,1,current
6018,阪神内燃機工業,https://www.hanshin-dw.co.jp/,収束,current,,,,,,,,,photos_2/6018_阪神内燃機工業/current/photo_01.jpg,1,current
6023,ダイハツディーゼル,https://www.d-infi.com/,株主,current,,,,,,,,,photos_2/6023_ダイハツディーゼル/current/photo_01.jpg,1,current
6026,GMO　TECH,https://gmotech.jp/,"日
報道関",current,2026年2月,,,,,,,,"photos_2/6026_GMO_TECH/current/photo_01.jpg,photos_2/6026_GMO_TECH/current/photo_02.jpg",2,current
6027,弁護士ドットコム,https://www.bengo4.com/corporate/,"護士

元榮",current,,,,,,,,,photos_2/6027_弁護士ドットコム/current/photo_01.jpg,1,current
6027,弁護士ドットコム,https://www.bengo4.com/corporate/,減刑 朝日新,prev_1,2005年6月16日,2014年12月22日,,,,,,,photos_2/6027_弁護士ドットコム/history/01_減刑_朝日新/photo_01.jpg,1,history
6029,アトラグループ,https://www.artra-group.co.jp/,阪急 大井町,prev_1,,,,,,,,,photos_2/6029_アトラグループ/history/01_阪急_大井町/photo_01.jpg,1,history
6030,アドベンチャー,https://jp.adventurekk.com/,中村 俊一,current,,,,,,,,,photos_2/6030_アドベンチャー/current/photo_01.jpg,1,current
5991,日本発條,https://www.nhkspg.co.jp/,伝説 怪奇,prev_1,,,,,,,,,photos_2/5991_日本発條/history/01_伝説_怪奇/photo_01.jpg,1,history
5991,日本発條,https://www.nhkspg.co.jp/,伝説 哲也,prev_2,,,,,,,,,photos_2/5991_日本発條/history/02_伝説_哲也/photo_01.jpg,1,history
5991,日本発條,https://www.nhkspg.co.jp/,子屋 銭天堂,prev_3,,,,,,,,,photos_2/5991_日本発條/history/03_子屋_銭天堂/photo_01.jpg,1,history
5991,日本発條,https://www.nhkspg.co.jp/,界編 序奏,prev_4,,,,,,,,,photos_2/5991_日本発條/history/04_界編_序奏/photo_01.jpg,1,history
5991,日本発條,https://www.nhkspg.co.jp/,皇子 天上編,prev_5,,,,,,,,,photos_2/5991_日本発條/history/05_皇子_天上編/photo_01.jpg,1,history
5991,日本発條,https://www.nhkspg.co.jp/,映画 爆釣,prev_6,,,,,,,,,photos_2/5991_日本発條/history/06_映画_爆釣/photo_01.jpg,1,history
6031,ZETA,https://zeta.inc/,企業統治,current,,,,,,,,,photos_2/6031_ZETA/current/photo_01.jpg,1,current
6040,日本スキー場開発,https://www.nippon-ski.jp/,高田　彰彦,prev_1,2010年頃,,,,,,,,photos_2/6040_日本スキー場開発/history/01_高田_彰彦/photo_01.jpg,1,history
6040,日本スキー場開発,https://www.nippon-ski.jp/,氏家　太郎,prev_2,2008年頃,2010年頃,,,,,,,photos_2/6040_日本スキー場開発/history/02_氏家_太郎/photo_01.jpg,1,history
6038,イード,https://www.iid.co.jp/,進士仁一,prev_1,,,,,,,,,photos_2/6038_イード/history/01_進士仁一/photo_01.jpg,1,history
6038,イード,https://www.iid.co.jp/,手塚卓志,prev_2,,,,,,,,,photos_2/6038_イード/history/02_手塚卓志/photo_01.jpg,1,history
6044,三機サービス,https://www.sanki-s.co.jp/,進士仁一,prev_1,,,,,,,,,photos_2/6044_三機サービス/history/01_進士仁一/photo_01.jpg,1,history
6044,三機サービス,https://www.sanki-s.co.jp/,手塚卓志,prev_2,,,,,,,,,photos_2/6044_三機サービス/history/02_手塚卓志/photo_01.jpg,1,history
6046,リンクバル,https://linkbal.co.jp/,吉弘 和正,current,,,,,,,,,photos_2/6046_リンクバル/current/photo_01.jpg,1,current
6048,デザインワン・ジャパン,https://www.designone.jp/,高畠　靖雄,current,2005年9月,,,,,,,,photos_2/6048_デザインワン・ジャパン/current/photo_01.jpg,1,current
6048,デザインワン・ジャパン,https://www.designone.jp/,鈴木 明人事,prev_1,2025年10月1日,,,,,,,,photos_2/6048_デザインワン・ジャパン/history/01_鈴木_明人事/photo_01.jpg,1,history
6048,デザインワン・ジャパン,https://www.designone.jp/,高畠 靖雄事,prev_2,,,,,,,,,photos_2/6048_デザインワン・ジャパン/history/02_高畠_靖雄事/photo_01.jpg,1,history
6050,イー・ガーディアン,https://www.e-guardian.co.jp/,高谷 康久,current,2024年４月,,1321.88,,,,,,photos_2/6050_イー・ガーディアン/current/photo_01.jpg,1,current
6059,ウチヤマホールディングス,https://www.uchiyama-gr.jp/,植村甲午郎,prev_1,,,,,,,,,photos_2/6059_ウチヤマホールディングス/history/01_植村甲午郎/photo_01.jpg,1,history
6059,ウチヤマホールディングス,https://www.uchiyama-gr.jp/,水野成夫,prev_2,,,,,,,,,photos_2/6059_ウチヤマホールディングス/history/02_水野成夫/photo_01.jpg,1,history
6059,ウチヤマホールディングス,https://www.uchiyama-gr.jp/,鹿内信隆,prev_3,,,,,,,,,,0,history
6059,ウチヤマホールディングス,https://www.uchiyama-gr.jp/,浅野賢澄,prev_4,,,,,,,,,photos_2/6059_ウチヤマホールディングス/history/04_浅野賢澄/photo_01.jpg,1,history
6059,ウチヤマホールディングス,https://www.uchiyama-gr.jp/,鹿内春雄,prev_5,,,,,,,,,photos_2/6059_ウチヤマホールディングス/history/05_鹿内春雄/photo_01.jpg,1,history
6059,ウチヤマホールディングス,https://www.uchiyama-gr.jp/,鹿内宏明,prev_6,,,,,,,,,photos_2/6059_ウチヤマホールディングス/history/06_鹿内宏明/photo_01.jpg,1,history
6059,ウチヤマホールディングス,https://www.uchiyama-gr.jp/,日枝久,prev_7,,,,,,,,,photos_2/6059_ウチヤマホールディングス/history/07_日枝久/photo_01.jpg,1,history
6059,ウチヤマホールディングス,https://www.uchiyama-gr.jp/,嘉納修治,prev_8,,,,,,,,,photos_2/6059_ウチヤマホールディングス/history/08_嘉納修治/photo_01.jpg,1,history
6054,リブセンス,https://www.livesense.co.jp/,兼執行役,current,2006年2月,,,,,,,,photos_2/6054_リブセンス/current/photo_01.jpg,1,current
6054,リブセンス,https://www.livesense.co.jp/,表者 時田宗,prev_1,,,,,,,,,photos_2/6054_リブセンス/history/01_表者_時田宗/photo_01.jpg,1,history
6063,日本エマージェンシーアシスタンス,https://emergency.co.jp/,王者 結婚,prev_1,2025年7月12日,2025年7月21日,,,,,,,photos_2/6063_日本エマージェンシーアシスタンス/history/01_王者_結婚/photo_01.jpg,1,history
6063,日本エマージェンシーアシスタンス,https://emergency.co.jp/,発表 時事通,prev_2,2025年4月30日,2025年4月30日,,,,,,,photos_2/6063_日本エマージェンシーアシスタンス/history/02_発表_時事通/photo_01.jpg,1,history
6063,日本エマージェンシーアシスタンス,https://emergency.co.jp/,起用 中日,prev_3,2025年3月27日,2025年3月27日,,,,,,,photos_2/6063_日本エマージェンシーアシスタンス/history/03_起用_中日/photo_01.jpg,1,history
6063,日本エマージェンシーアシスタンス,https://emergency.co.jp/,辞任 被害女,prev_4,2025年3月4日,2025年3月4日,,,,,,,photos_2/6063_日本エマージェンシーアシスタンス/history/04_辞任_被害女/photo_01.jpg,1,history
6063,日本エマージェンシーアシスタンス,https://emergency.co.jp/,言及 日刊,prev_5,2025年2月27日,2025年2月26日,,,,,,,photos_2/6063_日本エマージェンシーアシスタンス/history/05_言及_日刊/photo_01.jpg,1,history
6062,チャーム・ケア・コーポレーション,https://www.charmcc.jp/,"挨拶
当社",current,2021年9月,,1403.29,,,,,,"photos_2/6062_チャーム・ケア・コーポレーション/current/photo_01.jpg,photos_2/6062_チャーム・ケア・コーポレーション/current/photo_02.jpg",2,current
6062,チャーム・ケア・コーポレーション,https://www.charmcc.jp/,理人 三菱,prev_1,2019年12月31日,,,,,,,,photos_2/6062_チャーム・ケア・コーポレーション/history/01_理人_三菱/photo_01.jpg,1,history
6071,IBJ,https://www.ibjapan.jp/,石坂 茂,current,,,,,,,,,photos_2/6071_IBJ/current/photo_01.jpg,1,current
6072,地盤ネットホールディングス,https://jiban-holdings.jp/,院前 伊集院,prev_1,,,,,,,,,photos_2/6072_地盤ネットホールディングス/history/01_院前_伊集院/photo_01.jpg,1,history
6073,アサンテ,https://www.asante.co.jp/,渋谷 健一,prev_1,2025年3月31日,,,,,,,,photos_2/6073_アサンテ/history/01_渋谷_健一/photo_01.jpg,1,history
6069,トレンダーズ,https://www.trenders.co.jp/,黒川 涼子,current,,,,,,,,,"photos_2/6069_トレンダーズ/current/photo_01.jpg,photos_2/6069_トレンダーズ/current/photo_02.jpg",2,current
6081,アライドアーキテクツ,https://www.aainc.co.jp/,中村 壮秀,current,2022年3月,,630.0,,,,,,photos_2/6081_アライドアーキテクツ/current/photo_01.jpg,1,current
6083,ERIホールディングス,https://www.h-eri.co.jp/,専務 住宅評,current,2013年12月,,778.22,,,,,,photos_2/6083_ERIホールディングス/current/photo_01.jpg,1,current
6083,ERIホールディングス,https://www.h-eri.co.jp/,馬野 俊彦資,prev_1,2013年12月2日,2015年5月,,,,,,,,0,history
6080,M&Aキャピタルパートナーズ,https://www.ma-cp.com/,中村 悟,current,2005年10月,,,,,,,,photos_2/6080_M&Aキャピタルパートナーズ/current/photo_01.jpg,1,current
6080,M&Aキャピタルパートナーズ,https://www.ma-cp.com/,伊藤 憲義,prev_1,2022年頃,,,,,,,,photos_2/6080_M&Aキャピタルパートナーズ/history/01_伊藤_憲義/photo_01.jpg,1,history
6082,ライドオンエクスプレスホールディングス,https://www.rideonexpresshd.co.jp/,江見 朗,current,,,,,,,,,photos_2/6082_ライドオンエクスプレスホールディングス/current/photo_01.jpg,1,current
6087,アビスト,https://www.abist.co.jp/,締役　進,current,2006年4月,,,,,,,,"photos_2/6087_アビスト/current/photo_01.jpg,photos_2/6087_アビスト/current/photo_02.jpg",2,current
6087,アビスト,https://www.abist.co.jp/,轟木　一博,prev_1,,,,,,,,,photos_2/6087_アビスト/history/01_轟木_一博/photo_01.jpg,1,history
6074,ジェイエスエス,https://www.jss-group.co.jp/,藤木 孝夫,current,,,,,,,,,photos_2/6074_ジェイエスエス/current/photo_01.jpg,1,current
6086,シンメンテホールディングス,https://www.shin-pro.com/,"短信
決算説",current,,,,,,,,,"photos_2/6086_シンメンテホールディングス/current/photo_01.jpg,photos_2/6086_シンメンテホールディングス/current/photo_02.jpg,photos_2/6086_シンメンテホールディングス/current/photo_03.jpg,photos_2/6086_シンメンテホールディングス/current/photo_04.jpg",4,current
6088,シグマクシス・ホールディングス,https://www.sigmaxyz.com/group/,倉重　英樹,current,2000年5月,,,,,,,,photos_2/6088_シグマクシス・ホールディングス/current/photo_01.jpg,1,current
6085,アーキテクツ・スタジオ・ジャパン,https://www.asj-net.com/,丸山 雄平,prev_1,,,,,,,,,photos_2/6085_アーキテクツ・スタジオ・ジャパン/history/01_丸山_雄平/photo_01.jpg,1,history
6091,ウエスコホールディングス,https://www.wescohd.co.jp/,地域社会,current,,,,,,,,,photos_2/6091_ウエスコホールディングス/current/photo_01.jpg,1,current
6092,エンバイオ・ホールディングス,https://enbio-holdings.com/,中村 賀一,current,,,,,,,,,photos_2/6092_エンバイオ・ホールディングス/current/photo_01.jpg,1,current
6092,エンバイオ・ホールディングス,https://enbio-holdings.com/,中村 賀一,prev_1,2023年6月27日,,,,,,,,photos_2/6092_エンバイオ・ホールディングス/history/01_中村_賀一/photo_01.jpg,1,history
6092,エンバイオ・ホールディングス,https://enbio-holdings.com/,賀一　当社,prev_2,,,,,,,,,photos_2/6092_エンバイオ・ホールディングス/history/02_賀一_当社/photo_01.jpg,1,history
6099,エラン,https://www.kkelan.com/,"方
当社",current,2020年3月,,772.26,,,,,,photos_2/6099_エラン/current/photo_01.jpg,1,current
6099,エラン,https://www.kkelan.com/,学部 免疫学,prev_1,,,,,,,,,photos_2/6099_エラン/history/01_学部_免疫学/photo_01.jpg,1,history
6099,エラン,https://www.kkelan.com/,法人 石川記,prev_2,,,,,,,,,photos_2/6099_エラン/history/02_法人_石川記/photo_01.jpg,1,history
6099,エラン,https://www.kkelan.com/,本部 映像事,prev_3,,,,,,,,,photos_2/6099_エラン/history/03_本部_映像事/photo_01.jpg,1,history
6099,エラン,https://www.kkelan.com/,東京 共同代,prev_4,,,,,,,,,photos_2/6099_エラン/history/04_東京_共同代/photo_01.jpg,1,history
6099,エラン,https://www.kkelan.com/,本部 調理,prev_5,,,,,,,,,photos_2/6099_エラン/history/05_本部_調理/photo_01.jpg,1,history
6101,ツガミ,https://www.tsugami.co.jp/,"議長
山宮",current,2025年11月,,2689.0,,,,,,photos_2/6101_ツガミ/current/photo_01.jpg,1,current
6101,ツガミ,https://www.tsugami.co.jp/,西嶋 尚生,prev_1,,,,,,,,,photos_2/6101_ツガミ/history/01_西嶋_尚生/photo_01.jpg,1,history
6113,アマダ,https://www.amada.co.jp/,山梨 貴昭,current,,,,,,,,,"photos_2/6113_アマダ/current/photo_01.jpg,photos_2/6113_アマダ/current/photo_02.jpg",2,current
6098,リクルートホールディングス,https://recruit-holdings.com/ja/,院前 伊集院,prev_1,,,,,,,,,photos_2/6098_リクルートホールディングス/history/01_院前_伊集院/photo_01.jpg,1,history
6096,レアジョブ,https://www.rarejob.co.jp/,中村 岳,current,,,,,,,,,photos_2/6096_レアジョブ/current/photo_01.jpg,1,current
6134,FUJI,https://www.fuji.co.jp/,植村甲午郎,prev_1,,,,,,,,,photos_2/6134_FUJI/history/01_植村甲午郎/photo_01.jpg,1,history
6134,FUJI,https://www.fuji.co.jp/,水野成夫,prev_2,,,,,,,,,photos_2/6134_FUJI/history/02_水野成夫/photo_01.jpg,1,history
6134,FUJI,https://www.fuji.co.jp/,鹿内信隆,prev_3,,,,,,,,,,0,history
6134,FUJI,https://www.fuji.co.jp/,浅野賢澄,prev_4,,,,,,,,,photos_2/6134_FUJI/history/04_浅野賢澄/photo_01.jpg,1,history
6134,FUJI,https://www.fuji.co.jp/,鹿内春雄,prev_5,,,,,,,,,photos_2/6134_FUJI/history/05_鹿内春雄/photo_01.jpg,1,history
6134,FUJI,https://www.fuji.co.jp/,鹿内宏明,prev_6,,,,,,,,,photos_2/6134_FUJI/history/06_鹿内宏明/photo_01.jpg,1,history
6134,FUJI,https://www.fuji.co.jp/,日枝久,prev_7,,,,,,,,,photos_2/6134_FUJI/history/07_日枝久/photo_01.jpg,1,history
6134,FUJI,https://www.fuji.co.jp/,嘉納修治,prev_8,,,,,,,,,photos_2/6134_FUJI/history/08_嘉納修治/photo_01.jpg,1,history
6136,オーエスジー,https://www.osg.co.jp/,大沢 伸朗,current,,,,,,,,,photos_2/6136_オーエスジー/current/photo_01.jpg,1,current
6103,オークマ,https://www.okuma.co.jp/,淳氏 毎日新,prev_1,,,,,,,,,photos_2/6103_オークマ/history/01_淳氏_毎日新/photo_01.jpg,1,history
6138,ダイジェット工業,https://www.dijet.co.jp/,神子柴 寿昭,prev_1,,,,,,,,,photos_2/6138_ダイジェット工業/history/01_神子柴_寿昭/photo_01.jpg,1,history
6138,ダイジェット工業,https://www.dijet.co.jp/,三部 敏宏,prev_2,,,,,,,,,photos_2/6138_ダイジェット工業/history/02_三部_敏宏/photo_01.jpg,1,history
6138,ダイジェット工業,https://www.dijet.co.jp/,倉石 誠司,prev_3,,,,,,,,,photos_2/6138_ダイジェット工業/history/03_倉石_誠司/photo_01.jpg,1,history
6138,ダイジェット工業,https://www.dijet.co.jp/,竹内 弘平,prev_4,,,,,,,,,,0,history
6138,ダイジェット工業,https://www.dijet.co.jp/,鈴木 麻子,prev_5,,,,,,,,,photos_2/6138_ダイジェット工業/history/05_鈴木_麻子/photo_01.jpg,1,history
6138,ダイジェット工業,https://www.dijet.co.jp/,貝原 典也,prev_6,,,,,,,,,photos_2/6138_ダイジェット工業/history/06_貝原_典也/photo_01.jpg,1,history
6137,小池酸素工業,https://koike-japan.com/,担当 小池,current,2025年4月,,1271.0,,,,,,"photos_2/6137_小池酸素工業/current/photo_01.jpg,photos_2/6137_小池酸素工業/current/photo_02.jpg,photos_2/6137_小池酸素工業/current/photo_03.jpg",3,current
6140,旭ダイヤモンド工業,https://www.asahidia.co.jp/,片岡 和喜,current,,,,,,,,,"photos_2/6140_旭ダイヤモンド工業/current/photo_01.jpg,photos_2/6140_旭ダイヤモンド工業/current/photo_02.jpg,photos_2/6140_旭ダイヤモンド工業/current/photo_03.jpg,photos_2/6140_旭ダイヤモンド工業/current/photo_04.jpg,photos_2/6140_旭ダイヤモンド工業/current/photo_05.jpg",5,current
6145,NITTOKU,https://nittoku.co.jp/,死亡　首都高,prev_1,2024年6月18日,2024年5月13日,,,,,,,photos_2/6145_NITTOKU/history/01_死亡_首都高/photo_01.jpg,1,history
6143,ソディック,https://www.sodick.co.jp/,"発信

公開日",current,2026年1月,,919.35,,,,,,photos_2/6143_ソディック/current/photo_01.jpg,1,current
6151,日東工器,https://www.nitto-kohki.co.jp/,産業界,current,,,,,,,,,,0,current
6156,エーワン精密,https://www.a-one-seimitsu.co.jp/,守流 利益,prev_1,,,,,,,,,photos_2/6156_エーワン精密/history/01_守流_利益/photo_01.jpg,1,history
6156,エーワン精密,https://www.a-one-seimitsu.co.jp/,奪戦 資源,prev_2,,,,,,,,,photos_2/6156_エーワン精密/history/02_奪戦_資源/photo_01.jpg,1,history
6156,エーワン精密,https://www.a-one-seimitsu.co.jp/,代目 執念,prev_3,,,,,,,,,photos_2/6156_エーワン精密/history/03_代目_執念/photo_01.jpg,1,history
6159,ミクロン精密,https://www.micron-grinder.co.jp/,榊原　憲二,current,2025年8月,,1589.17,,,,,,photos_2/6159_ミクロン精密/current/photo_01.jpg,1,current
6157,日進工具,https://www.ns-tool.com/,日進工具,current,,,,,,,,,photos_2/6157_日進工具/current/photo_01.jpg,1,current
6165,パンチ工業,https://www.punch.co.jp/,"方針

当社",current,,,,,,,,,photos_2/6165_パンチ工業/current/photo_01.jpg,1,current
6165,パンチ工業,https://www.punch.co.jp/,進士仁一,prev_1,,,,,,,,,photos_2/6165_パンチ工業/history/01_進士仁一/photo_01.jpg,1,history
6165,パンチ工業,https://www.punch.co.jp/,手塚卓志,prev_2,,,,,,,,,photos_2/6165_パンチ工業/history/02_手塚卓志/photo_01.jpg,1,history
6166,中村超硬,https://www.nakamura-gp.co.jp/,工学博士,current,,,,,,,,,photos_2/6166_中村超硬/current/photo_01.jpg,1,current
6177,AppBank,https://www.appbank.co.jp/,進士仁一,prev_1,,,,,,,,,photos_2/6177_AppBank/history/01_進士仁一/photo_01.jpg,1,history
6177,AppBank,https://www.appbank.co.jp/,手塚卓志,prev_2,,,,,,,,,photos_2/6177_AppBank/history/02_手塚卓志/photo_01.jpg,1,history
6181,タメニー,https://tameny.jp/,伊東　大輔,current,,,,,,,,,photos_2/6181_タメニー/current/photo_01.jpg,1,current
6183,ベルシステム24ホールディングス,https://www.bell24.co.jp/ja/,梶原 浩,current,,,,,,,,,photos_2/6183_ベルシステム24ホールディングス/current/photo_01.jpg,1,current
6184,鎌倉新書,https://www.kamakura-net.co.jp/,小林 史生,prev_1,2026年2月,,,,,,,,photos_2/6184_鎌倉新書/history/01_小林_史生/photo_01.jpg,1,history
6184,鎌倉新書,https://www.kamakura-net.co.jp/,博善 野口龍,prev_2,,,,,,,,,photos_2/6184_鎌倉新書/history/02_博善_野口龍/photo_01.jpg,1,history
6193,バーチャレクス・ホールディングス,https://www.vx-holdings.com/,大矢 正典,prev_1,,,,,,,,,photos_2/6193_バーチャレクス・ホールディングス/history/01_大矢_正典/photo_01.jpg,1,history
6186,一蔵,https://www.ichikura.jp/,維新,current,,,,,,,,,photos_2/6186_一蔵/current/photo_01.jpg,1,current
6197,ソラスト,https://www.solasto.co.jp/,野田　亨,current,2025年6月,,404.89,,,,,,"photos_2/6197_ソラスト/current/photo_01.jpg,photos_2/6197_ソラスト/current/photo_02.jpg,photos_2/6197_ソラスト/current/photo_03.jpg,photos_2/6197_ソラスト/current/photo_04.jpg,photos_2/6197_ソラスト/current/photo_05.jpg",5,current
6195,ホープ,https://www.zaigenkakuho.com/,時津 孝康,current,2005年02月,,,,,,,,"photos_2/6195_ホープ/current/photo_01.jpg,photos_2/6195_ホープ/current/photo_02.jpg",2,current
6195,ホープ,https://www.zaigenkakuho.com/,伝説 怪奇,prev_1,,,,,,,,,photos_2/6195_ホープ/history/01_伝説_怪奇/photo_01.jpg,1,history
6195,ホープ,https://www.zaigenkakuho.com/,伝説 哲也,prev_2,,,,,,,,,photos_2/6195_ホープ/history/02_伝説_哲也/photo_01.jpg,1,history
6195,ホープ,https://www.zaigenkakuho.com/,子屋 銭天堂,prev_3,,,,,,,,,photos_2/6195_ホープ/history/03_子屋_銭天堂/photo_01.jpg,1,history
6195,ホープ,https://www.zaigenkakuho.com/,界編 序奏,prev_4,,,,,,,,,photos_2/6195_ホープ/history/04_界編_序奏/photo_01.jpg,1,history
6195,ホープ,https://www.zaigenkakuho.com/,皇子 天上編,prev_5,,,,,,,,,photos_2/6195_ホープ/history/05_皇子_天上編/photo_01.jpg,1,history
6195,ホープ,https://www.zaigenkakuho.com/,映画 爆釣,prev_6,,,,,,,,,photos_2/6195_ホープ/history/06_映画_爆釣/photo_01.jpg,1,history
6199,セラク,https://www.seraku.co.jp/,本氏 成長路,prev_1,2020年5月2日,2020年5月2日,,,,,,,photos_2/6199_セラク/history/01_本氏_成長路/photo_01.jpg,1,history
6199,セラク,https://www.seraku.co.jp/,口氏 久芳社,prev_2,2009年2月17日,2020年5月2日,,,,,,,photos_2/6199_セラク/history/02_口氏_久芳社/photo_01.jpg,1,history
6200,インソース,https://www.insource.co.jp/,進士仁一,prev_1,,,,,,,,,photos_2/6200_インソース/history/01_進士仁一/photo_01.jpg,1,history
6200,インソース,https://www.insource.co.jp/,手塚卓志,prev_2,,,,,,,,,photos_2/6200_インソース/history/02_手塚卓志/photo_01.jpg,1,history
6201,豊田自動織機,https://www.toyota-shokki.co.jp/,伊藤 浩一,current,,,,,,,,,photos_2/6201_豊田自動織機/current/photo_01.jpg,1,current
6201,豊田自動織機,https://www.toyota-shokki.co.jp/,"憲夫
東久",prev_1,2016年6月10日,,3833.2,,,,,,,0,history
6201,豊田自動織機,https://www.toyota-shokki.co.jp/,伊藤 浩一,prev_2,2023年12月26日,2024年1月1日,,,,,,,photos_2/6201_豊田自動織機/history/01_伊藤_浩一/photo_01.jpg,1,history
6208,石川製作所,https://www.ishiss.co.jp/,理人 香港上,prev_1,2023年9月30日,,,,,,,,photos_2/6208_石川製作所/history/01_理人_香港上/photo_01.jpg,1,history
6209,リケンNPR,https://www.npr-riken.co.jp/,前川 泰則,current,,,,,,,,,"photos_2/6209_リケンNPR/current/photo_01.jpg,photos_2/6209_リケンNPR/current/photo_02.jpg,photos_2/6209_リケンNPR/current/photo_03.jpg,photos_2/6209_リケンNPR/current/photo_04.jpg,photos_2/6209_リケンNPR/current/photo_05.jpg",5,current
6210,TOYOイノベックス,https://toyo-invx.com/,立場,current,2025年5月,,547.66,,,,,,"photos_2/6210_TOYOイノベックス/current/photo_01.jpg,photos_2/6210_TOYOイノベックス/current/photo_02.jpg",2,current
6210,TOYOイノベックス,https://toyo-invx.com/,田畑 禎章,prev_1,2008年頃,,,,,,,,photos_2/6210_TOYOイノベックス/history/01_田畑_禎章/photo_01.jpg,1,history
6217,津田駒工業,https://www.tsudakoma.co.jp/,年 経済産,current,,,,,,,,,photos_2/6217_津田駒工業/current/photo_01.jpg,1,current
6217,津田駒工業,https://www.tsudakoma.co.jp/,法人 紫志,prev_1,2012年1月4日,,,,,,,,photos_2/6217_津田駒工業/history/01_法人_紫志/photo_01.jpg,1,history
6203,豊和工業,https://www.howa.co.jp/,塚本 高広,current,,,,,,,,,photos_2/6203_豊和工業/current/photo_01.jpg,1,current
6224,JRC,https://corp.jrcnet.co.jp/,浜口 稔,current,,,,,,,,,"photos_2/6224_JRC/current/photo_01.jpg,photos_2/6224_JRC/current/photo_02.jpg,photos_2/6224_JRC/current/photo_03.jpg",3,current
6223,西部技研,https://seibu-giken.com/,"方
当社",current,2024年２月,,1428.98,,,,,,,0,current
6228,ジェイ・イー・ティ,https://www.globaljet.jp/,提訴 毎日新,prev_1,2012年12月6日,2014年6月23日,,,,,,,photos_2/6228_ジェイ・イー・ティ/history/01_提訴_毎日新/photo_01.jpg,1,history
6229,オーケーエム,https://www.okm-net.jp/,独創的,current,2025年4月,,1310.2,,,,,,"photos_2/6229_オーケーエム/current/photo_01.jpg,photos_2/6229_オーケーエム/current/photo_02.jpg",2,current
6232,ACSL,https://www.acsl.co.jp/,内藤湖南,prev_1,,,,,,,,,photos_2/6232_ACSL/history/01_内藤湖南/photo_01.jpg,1,history
6232,ACSL,https://www.acsl.co.jp/,三浦周行,prev_2,,,,,,,,,photos_2/6232_ACSL/history/02_三浦周行/photo_01.jpg,1,history
6232,ACSL,https://www.acsl.co.jp/,西田幾多郎,prev_3,,,,,,,,,photos_2/6232_ACSL/history/03_西田幾多郎/photo_01.jpg,1,history
6232,ACSL,https://www.acsl.co.jp/,藤井乙男,prev_4,,,,,,,,,photos_2/6232_ACSL/history/04_藤井乙男/photo_01.jpg,1,history
6232,ACSL,https://www.acsl.co.jp/,狩野直喜,prev_5,,,,,,,,,photos_2/6232_ACSL/history/05_狩野直喜/photo_01.jpg,1,history
6232,ACSL,https://www.acsl.co.jp/,桑原隲蔵,prev_6,,,,,,,,,,0,history
6232,ACSL,https://www.acsl.co.jp/,朝永三十郎,prev_7,,,,,,,,,,0,history
6232,ACSL,https://www.acsl.co.jp/,新村出,prev_8,,,,,,,,,photos_2/6232_ACSL/history/08_新村出/photo_01.jpg,1,history
6227,AIメカテック,https://www.ai-mech.com/,阿部 猪佐雄,current,2026/01/09,,4995.0,,,,,,photos_2/6227_AIメカテック/current/photo_01.jpg,1,current
6227,AIメカテック,https://www.ai-mech.com/,阿部 猪佐雄,prev_1,2002年頃,,,,,,,,photos_2/6227_AIメカテック/history/01_阿部_猪佐雄/photo_01.jpg,1,history
6235,オプトラン,https://www.optorun.co.jp/,公告電子,prev_1,2018年頃,,,,,,,,photos_2/6235_オプトラン/history/01_公告電子/photo_01.jpg,1,history
6239,ナガオカ,https://www.nagaokajapan.co.jp/,梅津　泰久,current,,,,,,,,,photos_2/6239_ナガオカ/current/photo_01.jpg,1,current
6240,ヤマシンフィルタ,https://www.yamashin-filter.co.jp/,金子 眞吾,prev_1,,,,,,,,,photos_2/6240_ヤマシンフィルタ/history/01_金子_眞吾/photo_01.jpg,1,history
6238,フリュー,https://www.furyu.jp/,榎本 雅仁,current,,,,,,,,,photos_2/6238_フリュー/current/photo_01.jpg,1,current
6248,横田製作所,https://www.aquadevice.com/,相田 圭一,prev_1,,,,,,,,,photos_2/6248_横田製作所/history/01_相田_圭一/photo_01.jpg,1,history
6231,木村工機,https://www.kimukoh.co.jp/,木村 晃,current,,,,,,,,,photos_2/6231_木村工機/current/photo_01.jpg,1,current
6249,ゲームカード・ジョイコホールディングス,https://www.gjhd.jp/,進士仁一,prev_1,,,,,,,,,photos_2/6249_ゲームカード・ジョイコホールディングス/history/01_進士仁一/photo_01.jpg,1,history
6249,ゲームカード・ジョイコホールディングス,https://www.gjhd.jp/,手塚卓志,prev_2,,,,,,,,,photos_2/6249_ゲームカード・ジョイコホールディングス/history/02_手塚卓志/photo_01.jpg,1,history
6250,やまびこ,https://www.yamabiko-corp.co.jp/,企業紹介,current,,,,,,,,,photos_2/6250_やまびこ/current/photo_01.jpg,1,current
6262,PEGASUS,https://www.pegasus.co.jp/,美馬 成望,current,,,,,,,,,photos_2/6262_PEGASUS/current/photo_01.jpg,1,current
6265,コンバム,https://convum.co.jp/,伊勢 幸治,prev_1,2020年12月31日,,,,,,,,photos_2/6265_コンバム/history/01_伊勢_幸治/photo_01.jpg,1,history
6258,平田機工,https://www.hirata.co.jp/,"議体
議論回",current,,,,,,,,,"photos_2/6258_平田機工/current/photo_01.jpg,photos_2/6258_平田機工/current/photo_02.jpg,photos_2/6258_平田機工/current/photo_03.jpg,photos_2/6258_平田機工/current/photo_04.jpg,photos_2/6258_平田機工/current/photo_05.jpg",5,current
6268,ナブテスコ,https://www.nabtesco.com/,木村 和正,current,,,,,,,,,"photos_2/6268_ナブテスコ/current/photo_01.jpg,photos_2/6268_ナブテスコ/current/photo_02.jpg,photos_2/6268_ナブテスコ/current/photo_03.jpg,photos_2/6268_ナブテスコ/current/photo_04.jpg",4,current
6273,SMC,https://www.smcworld.com/ja-jp/,排出削減,current,,,,,,,,,"photos_2/6273_SMC/current/photo_01.jpg,photos_2/6273_SMC/current/photo_02.jpg",2,current
6273,SMC,https://www.smcworld.com/ja-jp/,販売 焼結濾,prev_1,,,,,,,,,photos_2/6273_SMC/history/01_販売_焼結濾/photo_01.jpg,1,history
6267,ゼネラルパッカー,https://www.general-packer.co.jp/,牧野　研二,current,,,,,,,,,photos_2/6267_ゼネラルパッカー/current/photo_01.jpg,1,current
6289,技研製作所,https://www.giken.com/,北村精男,prev_1,2020年頃,,,,,,,,photos_2/6289_技研製作所/history/01_北村精男/photo_01.jpg,1,history
6294,オカダアイヨン,https://okadaaiyon.com/,号 岡田祐,current,2025年3月,,2062.19,,,,,,photos_2/6294_オカダアイヨン/current/photo_01.jpg,1,current
6272,レオン自動機,https://www.rheon.com/,小林 幹央創,current,,,,,,,,,,0,current
6302,住友重機械工業,https://www.shi.co.jp/,"会長
下村",current,,,,,,,,,photos_2/6302_住友重機械工業/current/photo_01.jpg,1,current
6306,日工,https://www.nikko-net.co.jp/,"方

当社",current,,,,,,,,,,0,current
6306,日工,https://www.nikko-net.co.jp/,中山 知巳,prev_1,2025年2月13日,2025年2月13日,678.18,671.49,,,,,,0,history
6306,日工,https://www.nikko-net.co.jp/,植田和磨,prev_2,2002年12月4日,,,,,,,,photos_2/6306_日工/history/02_植田和磨/photo_01.jpg,1,history
6306,日工,https://www.nikko-net.co.jp/,平生翔大,prev_3,2002年10月11日,,,,,,,,photos_2/6306_日工/history/03_平生翔大/photo_01.jpg,1,history
6306,日工,https://www.nikko-net.co.jp/,小村真也,prev_4,2002年5月28日,,,,,,,,photos_2/6306_日工/history/04_小村真也/photo_01.jpg,1,history
6306,日工,https://www.nikko-net.co.jp/,古畑翔,prev_5,,,,,,,,,photos_2/6306_日工/history/05_古畑翔/photo_01.jpg,1,history
6306,日工,https://www.nikko-net.co.jp/,池田悠希,prev_6,,,,,,,,,photos_2/6306_日工/history/06_池田悠希/photo_01.jpg,1,history
6306,日工,https://www.nikko-net.co.jp/,祝原涼介,prev_7,,,,,,,,,photos_2/6306_日工/history/07_祝原涼介/photo_01.jpg,1,history
6310,井関農機,https://www.iseki.co.jp/,"役員
役職",prev_1,2026年1月1日,2026年1月1日,1857.92,1874.56,,,,,,0,history
6310,井関農機,https://www.iseki.co.jp/,"締役
役職",prev_2,2025年11月28日,2026年1月1日,1926.44,1874.56,,,,,,0,history
6310,井関農機,https://www.iseki.co.jp/,冨安 司郎代,prev_3,2026年1月1日,,,,,,,,photos_2/6310_井関農機/history/01_冨安_司郎代/photo_01.jpg,1,history
6310,井関農機,https://www.iseki.co.jp/,田口 敏彦,prev_4,2025年12月1日,2026年1月1日,,,,,,,photos_2/6310_井関農機/history/02_田口_敏彦/photo_01.jpg,1,history
6310,井関農機,https://www.iseki.co.jp/,志民 貴之,prev_5,,,,,,,,,photos_2/6310_井関農機/history/03_志民_貴之/photo_01.jpg,1,history
6310,井関農機,https://www.iseki.co.jp/,本部　営業業,prev_6,,,,,,,,,photos_2/6310_井関農機/history/04_本部_営業業/photo_01.jpg,1,history
6316,丸山製作所,https://www.maruyama.co.jp/,画史 映画,prev_1,2023年1月,,,,,,,,photos_2/6316_丸山製作所/history/01_画史_映画/photo_01.jpg,1,history
6317,北川鉄工所,https://www.kiw.co.jp/,岡野 帝男,current,,,,,,,,,"photos_2/6317_北川鉄工所/current/photo_01.jpg,photos_2/6317_北川鉄工所/current/photo_02.jpg,photos_2/6317_北川鉄工所/current/photo_03.jpg",3,current
6279,瑞光,https://www.zuiko.co.jp/,異動,prev_1,2010年頃,,,,,,,,photos_2/6279_瑞光/history/01_異動/photo_01.jpg,1,history
6324,ハーモニック・ドライブ・システムズ,https://www.hds.co.jp/,丸山　顕,current,2024年6月,,4140.6,,,,,,photos_2/6324_ハーモニック・ドライブ・システムズ/current/photo_01.jpg,1,current
6326,クボタ,https://www.kubota.co.jp/,花田 晋吾,current,,,,,,,,,"photos_2/6326_クボタ/current/photo_01.jpg,photos_2/6326_クボタ/current/photo_02.jpg,photos_2/6326_クボタ/current/photo_03.jpg,photos_2/6326_クボタ/current/photo_04.jpg,photos_2/6326_クボタ/current/photo_05.jpg",5,current
6301,小松製作所,https://www.komatsu.jp/ja/,理人 香港上,prev_1,2023年9月30日,,,,,,,,photos_2/6301_小松製作所/history/01_理人_香港上/photo_01.jpg,1,history
6330,東洋エンジニアリング,https://www.toyo-eng.com/jp/ja/,細井 栄治,current,2024年12月,,648.54,,,,,,photos_2/6330_東洋エンジニアリング/current/photo_01.jpg,1,current
6331,三菱化工機,https://www.kakoki.co.jp/,田中 利一,current,2015年4月,,1037.09,,,,,,"photos_2/6331_三菱化工機/current/photo_01.jpg,photos_2/6331_三菱化工機/current/photo_02.jpg,photos_2/6331_三菱化工機/current/photo_03.jpg,photos_2/6331_三菱化工機/current/photo_04.jpg,photos_2/6331_三菱化工機/current/photo_05.jpg",5,current
6328,荏原実業,https://www.ejk.co.jp/,石井 孝,current,,,,,,,,,photos_2/6328_荏原実業/current/photo_01.jpg,1,current
6333,帝国電機製作所,https://www.teikokudenki.co.jp/,"挨拶
社是",current,,,,,,,,,photos_2/6333_帝国電機製作所/current/photo_01.jpg,1,current
6332,月島ホールディングス,https://www.tsk-g.co.jp/,検索,current,2025年6月,,2023.96,,,,,,photos_2/6332_月島ホールディングス/current/photo_01.jpg,1,current
6337,テセック,https://www.tesec.co.jp/,田中 賢治,prev_1,,,,,,,,,photos_2/6337_テセック/history/01_田中_賢治/photo_01.jpg,1,history
6335,東京機械製作所,https://www.tks-net.co.jp/,"社名
株",current,,,,,,,,,"photos_2/6335_東京機械製作所/current/photo_01.jpg,photos_2/6335_東京機械製作所/current/photo_02.jpg",2,current
6349,小森コーポレーション,https://www.komori.com/,持田　訓,current,,,,,,,,,photos_2/6349_小森コーポレーション/current/photo_01.jpg,1,current
6349,小森コーポレーション,https://www.komori.com/,小森 善治,prev_1,,,,,,,,,photos_2/6349_小森コーポレーション/history/01_小森_善治/photo_01.jpg,1,history
6351,鶴見製作所,https://www.tsurumipump.co.jp/,福田　一美,prev_1,,,,,,,,,photos_2/6351_鶴見製作所/history/01_福田_一美/photo_01.jpg,1,history
6342,太平製作所,http://www.taihei-ss.co.jp/,"方
働",current,2025年4月,,2977.68,,,,,,,0,current
6358,酒井重工業,https://www.sakainet.co.jp/,酒井重工,current,,,,,,,,,photos_2/6358_酒井重工業/current/photo_01.jpg,1,current
6358,酒井重工業,https://www.sakainet.co.jp/,酒井 一郎,prev_1,,,,,,,,,photos_2/6358_酒井重工業/history/01_酒井_一郎/photo_01.jpg,1,history
6356,日本ギア工業,https://www.nippon-gear.jp/,寺田 治夫,current,,,,,,,,,photos_2/6356_日本ギア工業/current/photo_01.jpg,1,current
6365,電業社機械製作所,https://www.dmw.co.jp/,皆様,current,,,,,,,,,"photos_2/6365_電業社機械製作所/current/photo_01.jpg,photos_2/6365_電業社機械製作所/current/photo_02.jpg",2,current
6364,AIRMAN,https://www.airman.co.jp/,犠牲 吉田監,prev_1,2025年8月18日,2025年8月18日,,,,,,,photos_2/6364_AIRMAN/history/01_犠牲_吉田監/photo_01.jpg,1,history
6366,千代田化工建設,https://www.chiyodacorp.com/,太田 光治,current,,,,,,,,,photos_2/6366_千代田化工建設/current/photo_01.jpg,1,current
6366,千代田化工建設,https://www.chiyodacorp.com/,兼務 来年,prev_1,2019年9月11日,2020年9月30日,,,,,,,photos_2/6366_千代田化工建設/history/01_兼務_来年/photo_01.jpg,1,history
6357,三精テクノロジーズ,https://www.sansei-technologies.com/,板垣 治,current,,,,,,,,,"photos_2/6357_三精テクノロジーズ/current/photo_01.jpg,photos_2/6357_三精テクノロジーズ/current/photo_02.jpg",2,current
6371,椿本チエイン,https://www.tsubakimoto.jp/,会長 古世,current,,,,,,,,,photos_2/6371_椿本チエイン/current/photo_01.jpg,1,current
6370,栗田工業,https://www.kurita-water.com/,江尻 裕彦,current,2023年4月,,5694.29,,,,,,photos_2/6370_栗田工業/current/photo_01.jpg,1,current
6379,レイズネクスト,https://www.raiznext.co.jp/,毛利 照彦,current,,,,,,,,,photos_2/6379_レイズネクスト/current/photo_01.jpg,1,current
6380,オリエンタルチエン工業,https://www.ocm.co.jp/,使用,current,,,,,,,,,"photos_2/6380_オリエンタルチエン工業/current/photo_01.jpg,photos_2/6380_オリエンタルチエン工業/current/photo_02.jpg,photos_2/6380_オリエンタルチエン工業/current/photo_03.jpg,photos_2/6380_オリエンタルチエン工業/current/photo_04.jpg,photos_2/6380_オリエンタルチエン工業/current/photo_05.jpg",5,current
6376,日機装,https://www.nikkiso.co.jp/,伝説 怪奇,prev_1,,,,,,,,,photos_2/6376_日機装/history/01_伝説_怪奇/photo_01.jpg,1,history
6376,日機装,https://www.nikkiso.co.jp/,伝説 哲也,prev_2,,,,,,,,,photos_2/6376_日機装/history/02_伝説_哲也/photo_01.jpg,1,history
6376,日機装,https://www.nikkiso.co.jp/,子屋 銭天堂,prev_3,,,,,,,,,photos_2/6376_日機装/history/03_子屋_銭天堂/photo_01.jpg,1,history
6376,日機装,https://www.nikkiso.co.jp/,界編 序奏,prev_4,,,,,,,,,photos_2/6376_日機装/history/04_界編_序奏/photo_01.jpg,1,history
6376,日機装,https://www.nikkiso.co.jp/,皇子 天上編,prev_5,,,,,,,,,photos_2/6376_日機装/history/05_皇子_天上編/photo_01.jpg,1,history
6376,日機装,https://www.nikkiso.co.jp/,映画 爆釣,prev_6,,,,,,,,,photos_2/6376_日機装/history/06_映画_爆釣/photo_01.jpg,1,history
6381,アネスト岩田,https://www.anestiwata-corp.com/jp/,深瀬 真一,prev_1,,,,,,,,,photos_2/6381_アネスト岩田/history/01_深瀬_真一/photo_01.jpg,1,history
6387,サムコ,https://www.samco.co.jp/,阿波 俊弘,prev_1,,,,,,,,,photos_2/6387_サムコ/history/01_阿波_俊弘/photo_01.jpg,1,history
6383,ダイフク,https://www.daifuku.com/jp/,寺井 友章,current,,,,,,,,,photos_2/6383_ダイフク/current/photo_01.jpg,1,current
6391,加地テック,https://www.kajitech.com/,道願 昌孝,prev_1,2002年頃,,,,,,,,photos_2/6391_加地テック/history/01_道願_昌孝/photo_01.jpg,1,history
6373,大同工業,https://www.did-daido.co.jp/,当社創業,current,2019年6月,,711.24,,,,,,"photos_2/6373_大同工業/current/photo_01.jpg,photos_2/6373_大同工業/current/photo_02.jpg",2,current
6396,宇野澤組鐵工所,https://www.unozawa.co.jp/,日刊工業,prev_1,2014年頃,,,,,,,,photos_2/6396_宇野澤組鐵工所/history/01_日刊工業/photo_01.jpg,1,history
6395,タダノ,http://www.tadano.co.jp/,氏家 俊明,current,2025年3月,,1081.84,,,,,,photos_2/6395_タダノ/current/photo_01.jpg,1,current
6382,トリニティ工業,https://www.trinityind.co.jp/,体制,current,,,,,,,,,photos_2/6382_トリニティ工業/current/photo_01.jpg,1,current
6408,小倉クラッチ,https://www.oguraclutch.co.jp/,"月
小倉精",current,,,,,,,,,photos_2/6408_小倉クラッチ/current/photo_01.jpg,1,current
6413,理想科学工業,https://www.riso.co.jp/,神子柴 寿昭,prev_1,,,,,,,,,photos_2/6413_理想科学工業/history/01_神子柴_寿昭/photo_01.jpg,1,history
6413,理想科学工業,https://www.riso.co.jp/,三部 敏宏,prev_2,,,,,,,,,photos_2/6413_理想科学工業/history/02_三部_敏宏/photo_01.jpg,1,history
6413,理想科学工業,https://www.riso.co.jp/,倉石 誠司,prev_3,,,,,,,,,photos_2/6413_理想科学工業/history/03_倉石_誠司/photo_01.jpg,1,history
6413,理想科学工業,https://www.riso.co.jp/,竹内 弘平,prev_4,,,,,,,,,,0,history
6413,理想科学工業,https://www.riso.co.jp/,鈴木 麻子,prev_5,,,,,,,,,photos_2/6413_理想科学工業/history/05_鈴木_麻子/photo_01.jpg,1,history
6413,理想科学工業,https://www.riso.co.jp/,貝原 典也,prev_6,,,,,,,,,photos_2/6413_理想科学工業/history/06_貝原_典也/photo_01.jpg,1,history
6420,ガリレイ,https://www.galilei.co.jp/,企業理,current,2025年3月,,2679.29,,,,,,"photos_2/6420_ガリレイ/current/photo_01.jpg,photos_2/6420_ガリレイ/current/photo_02.jpg,photos_2/6420_ガリレイ/current/photo_03.jpg",3,current
6432,竹内製作所,https://www.takeuchi-mfg.co.jp/,神子柴 寿昭,prev_1,,,,,,,,,photos_2/6432_竹内製作所/history/01_神子柴_寿昭/photo_01.jpg,1,history
6432,竹内製作所,https://www.takeuchi-mfg.co.jp/,三部 敏宏,prev_2,,,,,,,,,photos_2/6432_竹内製作所/history/02_三部_敏宏/photo_01.jpg,1,history
6432,竹内製作所,https://www.takeuchi-mfg.co.jp/,倉石 誠司,prev_3,,,,,,,,,photos_2/6432_竹内製作所/history/03_倉石_誠司/photo_01.jpg,1,history
6432,竹内製作所,https://www.takeuchi-mfg.co.jp/,竹内 弘平,prev_4,,,,,,,,,photos_2/6432_竹内製作所/history/04_竹内_弘平/photo_01.jpg,1,history
6432,竹内製作所,https://www.takeuchi-mfg.co.jp/,鈴木 麻子,prev_5,,,,,,,,,photos_2/6432_竹内製作所/history/05_鈴木_麻子/photo_01.jpg,1,history
6432,竹内製作所,https://www.takeuchi-mfg.co.jp/,貝原 典也,prev_6,,,,,,,,,photos_2/6432_竹内製作所/history/06_貝原_典也/photo_01.jpg,1,history
6436,アマノ,https://www.amano.co.jp/,"会長
津田",current,2007年4月,,790.56,,,,,,photos_2/6436_アマノ/current/photo_01.jpg,1,current
6436,アマノ,https://www.amano.co.jp/,植田和磨,prev_1,2002年12月4日,,,,,,,,photos_2/6436_アマノ/history/01_植田和磨/photo_01.jpg,1,history
6436,アマノ,https://www.amano.co.jp/,平生翔大,prev_2,2002年10月11日,,,,,,,,photos_2/6436_アマノ/history/02_平生翔大/photo_01.jpg,1,history
6436,アマノ,https://www.amano.co.jp/,小村真也,prev_3,2002年5月28日,,,,,,,,photos_2/6436_アマノ/history/03_小村真也/photo_01.jpg,1,history
6436,アマノ,https://www.amano.co.jp/,古畑翔,prev_4,,,,,,,,,photos_2/6436_アマノ/history/04_古畑翔/photo_01.jpg,1,history
6436,アマノ,https://www.amano.co.jp/,池田悠希,prev_5,,,,,,,,,photos_2/6436_アマノ/history/05_池田悠希/photo_01.jpg,1,history
6436,アマノ,https://www.amano.co.jp/,祝原涼介,prev_6,,,,,,,,,photos_2/6436_アマノ/history/06_祝原涼介/photo_01.jpg,1,history
6440,JUKI,https://www.juki.co.jp/,"委員
成川",current,2006年3月,,2036.37,,,,,,photos_2/6440_JUKI/current/photo_01.jpg,1,current
6440,JUKI,https://www.juki.co.jp/,中村和哉,prev_1,,,,,,,,,photos_2/6440_JUKI/history/01_中村和哉/photo_01.jpg,1,history
6440,JUKI,https://www.juki.co.jp/,壹貫田剛史,prev_2,,,,,,,,,photos_2/6440_JUKI/history/02_壹貫田剛史/photo_01.jpg,1,history
6440,JUKI,https://www.juki.co.jp/,荒木香織,prev_3,,,,,,,,,photos_2/6440_JUKI/history/03_荒木香織/photo_01.jpg,1,history
6440,JUKI,https://www.juki.co.jp/,林いづみ,prev_4,,,,,,,,,photos_2/6440_JUKI/history/04_林いづみ/photo_01.jpg,1,history
6454,マックス,https://www.max-ltd.co.jp/,小川 辰志,current,,,,,,,,,photos_2/6454_マックス/current/photo_01.jpg,1,current
6444,サンデン,https://www.sanden.co.jp/,進士仁一,prev_1,,,,,,,,,photos_2/6444_サンデン/history/01_進士仁一/photo_01.jpg,1,history
6444,サンデン,https://www.sanden.co.jp/,手塚卓志,prev_2,,,,,,,,,photos_2/6444_サンデン/history/02_手塚卓志/photo_01.jpg,1,history
6424,高見沢サイバネティックス,https://www.tacy.co.jp/,必要不可,current,2024年4月,,1424.91,,,,,,photos_2/6424_高見沢サイバネティックス/current/photo_01.jpg,1,current
6448,ブラザー工業,https://global.brother/ja/,"目標
私自身",current,2025年9月,,2490.28,,,,,,photos_2/6448_ブラザー工業/current/photo_01.jpg,1,current
6458,新晃工業,https://www.sinko.co.jp/,推進体制,current,,,,,,,,,"photos_2/6458_新晃工業/current/photo_01.jpg,photos_2/6458_新晃工業/current/photo_02.jpg,photos_2/6458_新晃工業/current/photo_03.jpg,photos_2/6458_新晃工業/current/photo_04.jpg,photos_2/6458_新晃工業/current/photo_05.jpg",5,current
6458,新晃工業,https://www.sinko.co.jp/,神子柴 寿昭,prev_1,,,,,,,,,photos_2/6458_新晃工業/history/01_神子柴_寿昭/photo_01.jpg,1,history
6458,新晃工業,https://www.sinko.co.jp/,三部 敏宏,prev_2,,,,,,,,,photos_2/6458_新晃工業/history/02_三部_敏宏/photo_01.jpg,1,history
6458,新晃工業,https://www.sinko.co.jp/,倉石 誠司,prev_3,,,,,,,,,photos_2/6458_新晃工業/history/03_倉石_誠司/photo_01.jpg,1,history
6458,新晃工業,https://www.sinko.co.jp/,竹内 弘平,prev_4,,,,,,,,,,0,history
6458,新晃工業,https://www.sinko.co.jp/,鈴木 麻子,prev_5,,,,,,,,,photos_2/6458_新晃工業/history/05_鈴木_麻子/photo_01.jpg,1,history
6458,新晃工業,https://www.sinko.co.jp/,貝原 典也,prev_6,,,,,,,,,photos_2/6458_新晃工業/history/06_貝原_典也/photo_01.jpg,1,history
6463,TPR,https://www.tpr.co.jp/,末廣 博,current,2024年4月,,1049.99,,,,,,photos_2/6463_TPR/current/photo_01.jpg,1,current
6460,セガサミーホールディングス,https://www.segasammy.co.jp/,"会長
里見",current,,,,,,,,,"photos_2/6460_セガサミーホールディングス/current/photo_01.jpg,photos_2/6460_セガサミーホールディングス/current/photo_02.jpg,photos_2/6460_セガサミーホールディングス/current/photo_03.jpg,photos_2/6460_セガサミーホールディングス/current/photo_04.jpg,photos_2/6460_セガサミーホールディングス/current/photo_05.jpg",5,current
6460,セガサミーホールディングス,https://www.segasammy.co.jp/,院前 伊集院,prev_1,,,,,,,,,photos_2/6460_セガサミーホールディングス/history/01_院前_伊集院/photo_01.jpg,1,history
6465,ホシザキ,https://www.hoshizaki.co.jp/,"立日

昭和",current,2024年12月,,5820.54,,,,,,,0,current
6465,ホシザキ,https://www.hoshizaki.co.jp/,解任　架空発,prev_1,2018年8月7日,2022年2月14日,,,,,,,photos_2/6465_ホシザキ/history/01_解任_架空発/photo_01.jpg,1,history
6466,TVE,https://www.toavalve.co.jp/,"方針
当社",current,2024年10月,,2152.09,,,,,,photos_2/6466_TVE/current/photo_01.jpg,1,current
6471,日本精工,https://www.nsk.com/jp-ja/,挑戦,current,,,,,,,,,photos_2/6471_日本精工/current/photo_01.jpg,1,current
6473,ジェイテクト,https://www.jtekt.co.jp/,近藤,current,,,,,,,,,photos_2/6473_ジェイテクト/current/photo_01.jpg,1,current
6480,日本トムソン,https://www.ikont.co.jp/,社会,current,,,,,,,,,"photos_2/6480_日本トムソン/current/photo_01.jpg,photos_2/6480_日本トムソン/current/photo_02.jpg",2,current
6480,日本トムソン,https://www.ikont.co.jp/,海空 地球征,prev_1,,,,,,,,,photos_2/6480_日本トムソン/history/01_海空_地球征/photo_01.jpg,1,history
6482,YUSHIN,https://www.yushincompany.jp/,小谷 高代,current,,,,,,,,,photos_2/6482_YUSHIN/current/photo_01.jpg,1,current
6482,YUSHIN,https://www.yushincompany.jp/,小谷 高代資,prev_1,2017年3月,2017年3月,,,,,,,photos_2/6482_YUSHIN/history/01_小谷_高代資/photo_01.jpg,1,history
6484,KVK,https://www.kvk.co.jp/,家一軒,current,,,,,,,,,photos_2/6484_KVK/current/photo_01.jpg,1,current
6470,大豊工業,https://www.taihonet.co.jp/,新美　俊生,current,,,,,,,,,photos_2/6470_大豊工業/current/photo_01.jpg,1,current
6488,ヨシタケ,https://www.yoshitake.co.jp/,勝島 三遺体,prev_1,,,,,,,,,photos_2/6488_ヨシタケ/history/01_勝島_三遺体/photo_01.jpg,1,history
6490,PILLAR,https://www.pillar.co.jp/,岩波 清久,current,,,,,,,,,photos_2/6490_PILLAR/current/photo_01.jpg,1,current
6489,前澤工業,https://www.maezawa.co.jp/,表者 時田宗,prev_1,,,,,,,,,photos_2/6489_前澤工業/history/01_表者_時田宗/photo_01.jpg,1,history
6492,岡野バルブ製造,https://www.okano-valve.co.jp/,九州工業,current,,,,,,,,,"photos_2/6492_岡野バルブ製造/current/photo_01.jpg,photos_2/6492_岡野バルブ製造/current/photo_02.jpg,photos_2/6492_岡野バルブ製造/current/photo_03.jpg,photos_2/6492_岡野バルブ製造/current/photo_04.jpg,photos_2/6492_岡野バルブ製造/current/photo_05.jpg",5,current
6495,宮入バルブ製作所,https://www.miyairi-valve.co.jp/,解任　大山沢,prev_1,2005年1月17日,,,,,,,,,0,history
6497,ハマイ,https://www.hamai-net.com/,企業倫理,current,2025年2月,,1027.49,,,,,,photos_2/6497_ハマイ/current/photo_01.jpg,1,current
6503,三菱電機,https://www.mitsubishielectric.co.jp/,小坂　達朗,current,2025年6月,,2885.47,,,,,,"photos_2/6503_三菱電機/current/photo_01.jpg,photos_2/6503_三菱電機/current/photo_02.jpg,photos_2/6503_三菱電機/current/photo_03.jpg,photos_2/6503_三菱電機/current/photo_04.jpg,photos_2/6503_三菱電機/current/photo_05.jpg",5,current
6505,東洋電機製造,https://www.toyodenki.co.jp/,月 渡部,current,2025年8月,,1900.0,,,,,,photos_2/6505_東洋電機製造/current/photo_01.jpg,1,current
6516,山洋電気,https://www.sanyodenki.co.jp/,山本 茂生,current,,,,,,,,,photos_2/6516_山洋電気/current/photo_01.jpg,1,current
6513,オリジン,https://www.origin.co.jp/,当社,current,,,,,,,,,photos_2/6513_オリジン/current/photo_01.jpg,1,current
6518,三相電機,https://www.sanso-elec.co.jp/,社 是,current,,,,,,,,,"photos_2/6518_三相電機/current/photo_01.jpg,photos_2/6518_三相電機/current/photo_02.jpg",2,current
6506,安川電機,https://www.yaskawa.co.jp/,小川 昌寛,current,2021年9月,,4965.94,,,,,,photos_2/6506_安川電機/current/photo_01.jpg,1,current
6506,安川電機,https://www.yaskawa.co.jp/,小川 昌寛,prev_1,2026年2月20日,2026年3月1日,,,,,,,photos_2/6506_安川電機/history/01_小川_昌寛/photo_01.jpg,1,history
6506,安川電機,https://www.yaskawa.co.jp/,小川　昌寛,prev_2,2026年1月15日,2026年3月1日,,,,,,,photos_2/6506_安川電機/history/02_小川_昌寛/photo_01.jpg,1,history
6517,デンヨー,https://www.denyo.co.jp/,進士仁一,prev_1,,,,,,,,,,0,history
6517,デンヨー,https://www.denyo.co.jp/,手塚卓志,prev_2,,,,,,,,,photos_2/6517_デンヨー/history/02_手塚卓志/photo_01.jpg,1,history
6521,オキサイド,https://www.opt-oxide.com/,利益 連結,prev_1,,,,,,,,,photos_2/6521_オキサイド/history/01_利益_連結/photo_01.jpg,1,history
6525,KOKUSAI　ELECTRIC,https://www.kokusai-electric.com/,日付,current,2025年4月,,2818.51,,,,,,photos_2/6525_KOKUSAI_ELECTRIC/current/photo_01.jpg,1,current
6524,湖北工業,https://www.kohokukogyo.co.jp/,"端子
光部品",current,,,,,,,,,,0,current
6524,湖北工業,https://www.kohokukogyo.co.jp/,神子柴 寿昭,prev_1,,,,,,,,,photos_2/6524_湖北工業/history/01_神子柴_寿昭/photo_01.jpg,1,history
6524,湖北工業,https://www.kohokukogyo.co.jp/,三部 敏宏,prev_2,,,,,,,,,photos_2/6524_湖北工業/history/02_三部_敏宏/photo_01.jpg,1,history
6524,湖北工業,https://www.kohokukogyo.co.jp/,倉石 誠司,prev_3,,,,,,,,,photos_2/6524_湖北工業/history/03_倉石_誠司/photo_01.jpg,1,history
6524,湖北工業,https://www.kohokukogyo.co.jp/,竹内 弘平,prev_4,,,,,,,,,,0,history
6524,湖北工業,https://www.kohokukogyo.co.jp/,鈴木 麻子,prev_5,,,,,,,,,photos_2/6524_湖北工業/history/05_鈴木_麻子/photo_01.jpg,1,history
6524,湖北工業,https://www.kohokukogyo.co.jp/,貝原 典也,prev_6,,,,,,,,,photos_2/6524_湖北工業/history/06_貝原_典也/photo_01.jpg,1,history
6533,Orchestra　Holdings,https://orchestra-hd.co.jp/,中村 慶郎,current,,,,,,,,,"photos_2/6533_Orchestra_Holdings/current/photo_01.jpg,photos_2/6533_Orchestra_Holdings/current/photo_02.jpg",2,current
6533,Orchestra　Holdings,https://orchestra-hd.co.jp/,俳優 亀岡拓,prev_1,,,,,,,,,photos_2/6533_Orchestra_Holdings/history/01_俳優_亀岡拓/photo_01.jpg,1,history
6532,ベイカレント,https://www.baycurrent.co.jp/,体制,current,,,,,,,,,photos_2/6532_ベイカレント/current/photo_01.jpg,1,current
6540,船場,https://www.semba1008.co.jp/,田切 潤,current,,,,,,,,,photos_2/6540_船場/current/photo_01.jpg,1,current
6544,ジャパンエレベーターサービスホールディングス,https://www.jes24.co.jp/ja/,石田 克史,prev_1,,,,,,,,,photos_2/6544_ジャパンエレベーターサービスホールディングス/history/01_石田_克史/photo_01.jpg,1,history
6546,フルテック,https://www.fulltech1963.com/,"実施
全従業",current,2025年4月,,1046.47,,,,,,"photos_2/6546_フルテック/current/photo_01.jpg,photos_2/6546_フルテック/current/photo_02.jpg",2,current
6548,旅工房,https://www.tabikobo.com/,小林 祐樹,current,2009年4月,,,,,,,,,0,current
6549,ディーエムソリューションズ,https://www.dm-s.co.jp/,株主,current,,,,,,,,,"photos_2/6549_ディーエムソリューションズ/current/photo_01.jpg,photos_2/6549_ディーエムソリューションズ/current/photo_02.jpg",2,current
6547,グリーンズ,https://kk-greens.jp/,村木　雄哉,current,2023年6月,,1392.1,,,,,,photos_2/6547_グリーンズ/current/photo_01.jpg,1,current
6547,グリーンズ,https://kk-greens.jp/,表者 時田宗,prev_1,,,,,,,,,photos_2/6547_グリーンズ/history/01_表者_時田宗/photo_01.jpg,1,history
6545,インターネットインフィニティー,https://iif.jp/,別宮　圭一,current,,,,,,,,,"photos_2/6545_インターネットインフィニティー/current/photo_01.jpg,photos_2/6545_インターネットインフィニティー/current/photo_02.jpg,photos_2/6545_インターネットインフィニティー/current/photo_03.jpg,photos_2/6545_インターネットインフィニティー/current/photo_04.jpg,photos_2/6545_インターネットインフィニティー/current/photo_05.jpg",5,current
6545,インターネットインフィニティー,https://iif.jp/,進士仁一,prev_1,,,,,,,,,photos_2/6545_インターネットインフィニティー/history/01_進士仁一/photo_01.jpg,1,history
6545,インターネットインフィニティー,https://iif.jp/,手塚卓志,prev_2,,,,,,,,,photos_2/6545_インターネットインフィニティー/history/02_手塚卓志/photo_01.jpg,1,history
6552,GameWith,https://gamewith.co.jp/,阿部 達也,prev_1,,,,,,,,,photos_2/6552_GameWith/history/01_阿部_達也/photo_01.jpg,1,history
6552,GameWith,https://gamewith.co.jp/,齊藤 秀久,prev_2,,,,,,,,,photos_2/6552_GameWith/history/02_齊藤_秀久/photo_01.jpg,1,history
6552,GameWith,https://gamewith.co.jp/,大澤 智憲,prev_3,,,,,,,,,,0,history
6554,エスユーエス,https://www.sus-g.co.jp/,齋藤 公男,current,,,,,,,,,photos_2/6554_エスユーエス/current/photo_01.jpg,1,current
6564,ミダックホールディングス,https://www.midac.jp/,安心,current,2021年9月,,4031.0,,,,,,"photos_2/6564_ミダックホールディングス/current/photo_01.jpg,photos_2/6564_ミダックホールディングス/current/photo_02.jpg",2,current
6564,ミダックホールディングス,https://www.midac.jp/,加藤 恵子,prev_1,2019年4月,2022年2月22日,311.58,2411.71,,,,,,0,history
6562,ジーニー,https://geniee.co.jp/,松本 勇,current,,,,,,,,,,0,current
6570,共和コーポレーション,https://www.kyowa-corp.co.jp/,宮本 和彦,current,2025年04月,,974.52,,,,,,photos_2/6570_共和コーポレーション/current/photo_01.jpg,1,current
6577,ベストワンドットコム,https://www.best1cruise-corp.info/,野本 洋平,current,2026/02/17,,1954.0,,,,,,"photos_2/6577_ベストワンドットコム/current/photo_01.jpg,photos_2/6577_ベストワンドットコム/current/photo_02.jpg",2,current
6592,マブチモーター,https://www.mabuchi-motor.co.jp/,会長 大越,current,,,,,,,,,photos_2/6592_マブチモーター/current/photo_01.jpg,1,current
6586,マキタ,https://www.makita.co.jp/,後藤 宗利,current,,,,,,,,,,0,current
6584,三櫻工業,https://www.sanoh.com/,竹田 陽三,current,2025年6月,,575.43,,,,,,"photos_2/6584_三櫻工業/current/photo_01.jpg,photos_2/6584_三櫻工業/current/photo_02.jpg,photos_2/6584_三櫻工業/current/photo_03.jpg",3,current
6599,エブレン,https://ebrain.co.jp/,上村正人,current,,,,,,,,,photos_2/6599_エブレン/current/photo_01.jpg,1,current
6594,ニデック,https://www.nidec.com/,岸田　光哉,current,,,,,,,,,photos_2/6594_ニデック/current/photo_01.jpg,1,current
6614,シキノハイテック,https://www.shikino.co.jp/,髙橋　信一,current,,,,,,,,,photos_2/6614_シキノハイテック/current/photo_01.jpg,1,current
6617,東光高岳,https://www.tktk.co.jp/,瀬　貴士,current,,,,,,,,,"photos_2/6617_東光高岳/current/photo_01.jpg,photos_2/6617_東光高岳/current/photo_02.jpg,photos_2/6617_東光高岳/current/photo_03.jpg,photos_2/6617_東光高岳/current/photo_04.jpg,photos_2/6617_東光高岳/current/photo_05.jpg",5,current
6619,ダブル・スコープ,https://w-scope.co.jp/,客様,current,2005年10月,,,,,,,,photos_2/6619_ダブル・スコープ/current/photo_01.jpg,1,current
6632,JVCケンウッド,https://www.jvckenwood.com/,"職名
氏",current,2025年6月,,1210.85,,,,,,photos_2/6632_JVCケンウッド/current/photo_01.jpg,1,current
6630,ヤーマン,https://www.ya-man.co.jp/,革新的挑,current,,,,,,,,,photos_2/6630_ヤーマン/current/photo_01.jpg,1,current
6633,CGSホールディングス,https://www.cgshd.co.jp/,企業情,current,2007年7月,,242.21,,,,,,photos_2/6633_CGSホールディングス/current/photo_01.jpg,1,current
6637,寺崎電気産業,https://www.terasaki.co.jp/,次代,current,,,,,,,,,photos_2/6637_寺崎電気産業/current/photo_01.jpg,1,current
6644,大崎電気工業,https://www.osaki.co.jp/,装置 取扱説,current,2025年10月,,1268.34,,,,,,"photos_2/6644_大崎電気工業/current/photo_01.jpg,photos_2/6644_大崎電気工業/current/photo_02.jpg,photos_2/6644_大崎電気工業/current/photo_03.jpg,photos_2/6644_大崎電気工業/current/photo_04.jpg,photos_2/6644_大崎電気工業/current/photo_05.jpg",5,current
6620,宮越ホールディングス,https://www.miyakoshi-holdings.com/,未来,current,2025年12月,,913.0,,,,,,"photos_2/6620_宮越ホールディングス/current/photo_01.jpg,photos_2/6620_宮越ホールディングス/current/photo_02.jpg",2,current
6638,ミマキエンジニアリング,https://ir.mimaki.com/,池田 和明,current,2026年３月,,,,,,,,photos_2/6638_ミマキエンジニアリング/current/photo_01.jpg,1,current
6656,インスペック,https://www.inspec21.com/,"简体
繁體",current,2026年1月,,508.0,,,,,,"photos_2/6656_インスペック/current/photo_01.jpg,photos_2/6656_インスペック/current/photo_02.jpg,photos_2/6656_インスペック/current/photo_03.jpg",3,current
6663,太洋テクノレックス,https://www.taiyo-tx.com/,創立,current,2025年12月,,244.02,,,,,,photos_2/6663_太洋テクノレックス/current/photo_01.jpg,1,current
6659,メディアリンクス,https://jp.medialinks.com/medialinks/,菅原　司,current,,,,,,,,,photos_2/6659_メディアリンクス/current/photo_01.jpg,1,current
6674,ジーエス・ユアサ　コーポレーション,https://www.gs-yuasa.com/jp/,歴史,current,,,,,,,,,photos_2/6674_ジーエス・ユアサ_コーポレーション/current/photo_01.jpg,1,current
6666,リバーエレテック,https://www.river-ele.co.jp/,会長　若尾富,current,,,,,,,,,photos_2/6666_リバーエレテック/current/photo_01.jpg,1,current
6696,トラース・オン・プロダクト,https://www.traas.co.jp/,月期 第,current,2025年12月,,350.0,,,,,,,0,current
6670,MCJ,https://www.mcj.jp/,"会長
髙島",current,2005年9月,,295.09,,,,,,photos_2/6670_MCJ/current/photo_01.jpg,1,current
6699,ダイヤモンドエレクトリックホールディングス,https://www.diaelec-hd.co.jp/,小野 有理,current,2021年10月,,2084.95,,,,,,,0,current
6707,サンケン電気,https://www.sanken-ele.co.jp/,髙橋 広,current,,,,,,,,,photos_2/6707_サンケン電気/current/photo_01.jpg,1,current
6728,アルバック,https://www.ulvac.co.jp/,創出,current,,,,,,,,,,0,current
6730,アクセル,https://www.axell.co.jp/,松浦 一教,current,,,,,,,,,photos_2/6730_アクセル/current/photo_01.jpg,1,current
6740,ジャパンディスプレイ,https://www.j-display.com/,明間　純,current,,,,,,,,,photos_2/6740_ジャパンディスプレイ/current/photo_01.jpg,1,current
6742,京三製作所,https://www.kyosan.co.jp/,締役　 國澤,current,2025年4月,,491.53,,,,,,photos_2/6742_京三製作所/current/photo_01.jpg,1,current
6737,EIZO,https://www.eizo.co.jp/,"体制

当社",current,2025年6月,,1951.97,,,,,,"photos_2/6737_EIZO/current/photo_01.jpg,photos_2/6737_EIZO/current/photo_02.jpg",2,current
6743,大同信号,https://www.daido-signal.co.jp/,浦壁 俊光,current,,,,,,,,,photos_2/6743_大同信号/current/photo_01.jpg,1,current
6741,日本信号,https://www.signal.co.jp/,挨拶,current,,,,,,,,,"photos_2/6741_日本信号/current/photo_01.jpg,photos_2/6741_日本信号/current/photo_02.jpg,photos_2/6741_日本信号/current/photo_03.jpg",3,current
6753,シャープ,https://corporate.jp.sharp/,沖津 雅浩,current,,,,,,,,,photos_2/6753_シャープ/current/photo_01.jpg,1,current
6754,アンリツ,https://www.anritsu.com/,濱田 宏一,current,,,,,,,,,photos_2/6754_アンリツ/current/photo_01.jpg,1,current
6768,タムラ製作所,https://www.tamuracorp.com/,浅田 昌弘,current,2025年4月,,547.38,,,,,,photos_2/6768_タムラ製作所/current/photo_01.jpg,1,current
6769,ザインエレクトロニクス,https://www.thine.co.jp/,南　洋一郎,current,,,,,,,,,photos_2/6769_ザインエレクトロニクス/current/photo_01.jpg,1,current
6777,santec　Holdings,https://www.santec.com/,"定器
極性",current,,,,,,,,,"photos_2/6777_santec_Holdings/current/photo_01.jpg,photos_2/6777_santec_Holdings/current/photo_02.jpg",2,current
6787,メイコー,https://www.meiko-elec.com/,名屋 佑一郎,current,,,,,,,,,photos_2/6787_メイコー/current/photo_01.jpg,1,current
6797,名古屋電機工業,https://www.nagoya-denki.co.jp/,服部 高明,current,,,,,,,,,photos_2/6797_名古屋電機工業/current/photo_01.jpg,1,current
6798,SMK,https://www.smk.co.jp/,法人　昭和池,current,,,,,,,,,"photos_2/6798_SMK/current/photo_01.jpg,photos_2/6798_SMK/current/photo_02.jpg,photos_2/6798_SMK/current/photo_03.jpg,photos_2/6798_SMK/current/photo_04.jpg,photos_2/6798_SMK/current/photo_05.jpg",5,current
6804,ホシデン,https://www.hosiden.com/,古橋健士,current,,,,,,,,,"photos_2/6804_ホシデン/current/photo_01.jpg,photos_2/6804_ホシデン/current/photo_02.jpg,photos_2/6804_ホシデン/current/photo_03.jpg",3,current
6814,古野電気,https://www.furuno.co.jp/,古野電気,current,,,,,,,,,photos_2/6814_古野電気/current/photo_01.jpg,1,current
6809,TOA,https://www.toa-global.com/ja/,谷口 方啓,current,,,,,,,,,"photos_2/6809_TOA/current/photo_01.jpg,photos_2/6809_TOA/current/photo_02.jpg",2,current
6820,アイコム,https://www.icom.co.jp/,"理由

当社",current,,,,,,,,,,0,current
6824,新コスモス電機,https://www.new-cosmos.co.jp/,月刊誌,current,2025年12月,,4440.0,,,,,,photos_2/6824_新コスモス電機/current/photo_01.jpg,1,current
6832,アオイ電子,https://www.aoi-electronics.co.jp/,木下　和洋,current,,,,,,,,,"photos_2/6832_アオイ電子/current/photo_01.jpg,photos_2/6832_アオイ電子/current/photo_02.jpg",2,current
6836,ぷらっとホーム,https://www.plathome.co.jp/,株主,current,,,,,,,,,photos_2/6836_ぷらっとホーム/current/photo_01.jpg,1,current
6840,AKIBAホールディングス,https://www.akiba-holdings.co.jp/,社長 堀,prev_1,2022年6月27日,2022年3月,300.0,375.0,,,,,,0,history
6840,AKIBAホールディングス,https://www.akiba-holdings.co.jp/,設立 代表取,prev_2,2004年4月,2007年12月,439.0,98.0,,,,,,0,history
6840,AKIBAホールディングス,https://www.akiba-holdings.co.jp/,堀 礼一郎,prev_3,,,,,,,,,,0,history
6848,東亜ディーケーケー,https://www.toadkk.co.jp/,"案内
基本情",current,2025年3月,,747.98,,,,,,,0,current
6856,堀場製作所,https://www.horiba.com/jpn/,"制図

堀場製",current,,,,,,,,,photos_2/6856_堀場製作所/current/photo_01.jpg,1,current
6867,リーダー電子,https://www.leader.co.jp/,"資料

決算短",current,,,,,,,,,photos_2/6867_リーダー電子/current/photo_01.jpg,1,current
6869,シスメックス,https://www.sysmex.co.jp/,株主,current,,,,,,,,,"photos_2/6869_シスメックス/current/photo_01.jpg,photos_2/6869_シスメックス/current/photo_02.jpg",2,current
6875,メガチップス,https://www.megachips.co.jp/,肥川 哲士,current,,,,,,,,,photos_2/6875_メガチップス/current/photo_01.jpg,1,current
6882,三社電機製作所,https://www.sansha.co.jp/,村 元,current,,,,,,,,,"photos_2/6882_三社電機製作所/current/photo_01.jpg,photos_2/6882_三社電機製作所/current/photo_02.jpg,photos_2/6882_三社電機製作所/current/photo_03.jpg,photos_2/6882_三社電機製作所/current/photo_04.jpg",4,current
6874,協立電機,https://www.kdwan.co.jp/,西 信之,current,,,,,,,,,photos_2/6874_協立電機/current/photo_01.jpg,1,current
6890,フェローテックホールディングス,https://www.ferrotec.co.jp/,"理念

企業情",current,,,,,,,,,photos_2/6890_フェローテックホールディングス/current/photo_01.jpg,1,current
6894,パルステック工業,https://www.pulstec.co.jp/,当社,current,,,,,,,,,photos_2/6894_パルステック工業/current/photo_01.jpg,1,current
6914,オプテックスグループ,https://www.optexgroup.co.jp/,中島 達也,current,,,,,,,,,photos_2/6914_オプテックスグループ/current/photo_01.jpg,1,current
6912,菊水ホールディングス,https://kikusui-holdings.co.jp/,"月
菊水",current,2026年1月,,1856.0,,,,,,,0,current
6920,レーザーテック,https://www.lasertec.co.jp/,洞田　哲也,current,,,,,,,,,"photos_2/6920_レーザーテック/current/photo_01.jpg,photos_2/6920_レーザーテック/current/photo_02.jpg,photos_2/6920_レーザーテック/current/photo_03.jpg,photos_2/6920_レーザーテック/current/photo_04.jpg,photos_2/6920_レーザーテック/current/photo_05.jpg",5,current
6923,スタンレー電気,https://www.stanley-electric.com/jp/,日現在,current,2025年6月,,2594.76,,,,,,photos_2/6923_スタンレー電気/current/photo_01.jpg,1,current
6915,千代田インテグレ,https://www.chiyoda-i.co.jp/,小池 光明,current,,,,,,,,,photos_2/6915_千代田インテグレ/current/photo_01.jpg,1,current
6925,ウシオ電機,https://www.ushio.co.jp/,創業以来,current,,,,,,,,,"photos_2/6925_ウシオ電機/current/photo_01.jpg,photos_2/6925_ウシオ電機/current/photo_02.jpg",2,current
6941,山一電機,https://www.yamaichi.co.jp/,亀谷　淳一,current,,,,,,,,,"photos_2/6941_山一電機/current/photo_01.jpg,photos_2/6941_山一電機/current/photo_02.jpg,photos_2/6941_山一電機/current/photo_03.jpg",3,current
6928,エノモト,https://www.enomoto.co.jp/,白鳥 誉,current,,,,,,,,,photos_2/6928_エノモト/current/photo_01.jpg,1,current
6942,ソフィアホールディングス,https://www.sophia.com/,"貢献
私達",current,2007年4月,,1730.0,,,,,,photos_2/6942_ソフィアホールディングス/current/photo_01.jpg,1,current
6955,FDK,https://www.fdk.co.jp/,長野　良,current,,,,,,,,,photos_2/6955_FDK/current/photo_01.jpg,1,current
6960,フクダ電子,https://www.fukuda.co.jp/,"会長
福田孝",current,,,,,,,,,"photos_2/6960_フクダ電子/current/photo_01.jpg,photos_2/6960_フクダ電子/current/photo_02.jpg",2,current
6901,澤藤電機,https://www.sawafuji.co.jp/,下山 泰樹,current,,,,,,,,,photos_2/6901_澤藤電機/current/photo_01.jpg,1,current
6966,三井ハイテック,https://www.mitsui-high-tec.com/,"方針

基本理",current,,,,,,,,,"photos_2/6966_三井ハイテック/current/photo_01.jpg,photos_2/6966_三井ハイテック/current/photo_02.jpg,photos_2/6966_三井ハイテック/current/photo_03.jpg",3,current
6995,東海理化電機製作所,https://www.tokai-rika.co.jp/,之夕 裕美,current,2025年06月,,2060.16,,,,,,"photos_2/6995_東海理化電機製作所/current/photo_01.jpg,photos_2/6995_東海理化電機製作所/current/photo_02.jpg,photos_2/6995_東海理化電機製作所/current/photo_03.jpg,photos_2/6995_東海理化電機製作所/current/photo_04.jpg,photos_2/6995_東海理化電機製作所/current/photo_05.jpg",5,current
6996,ニチコン,https://www.nichicon.co.jp/,"体制
基本的",current,,,,,,,,,photos_2/6996_ニチコン/current/photo_01.jpg,1,current
6998,日本タングステン,https://www.nittan.co.jp/,後藤　信志,current,2021年12月,,940.59,,,,,,photos_2/6998_日本タングステン/current/photo_01.jpg,1,current
6989,北陸電気工業,https://www.hdk.co.jp/,下坂 立正,current,,,,,,,,,photos_2/6989_北陸電気工業/current/photo_01.jpg,1,current
7003,三井E&S,https://www.mes.co.jp/,"社名
株",current,2025年3月,,1778.19,,,,,,"photos_2/7003_三井E&S/current/photo_01.jpg,photos_2/7003_三井E&S/current/photo_02.jpg,photos_2/7003_三井E&S/current/photo_03.jpg",3,current
7013,IHI,https://www.ihi.co.jp/,自然,current,,,,,,,,,"photos_2/7013_IHI/current/photo_01.jpg,photos_2/7013_IHI/current/photo_02.jpg",2,current
7011,三菱重工業,https://www.mhi.com/jp/,泉澤　清次,current,2025年7月,,3528.99,,,,,,photos_2/7011_三菱重工業/current/photo_01.jpg,1,current
7021,ニッチツ,https://www.nitchitsu.co.jp/,松原 祐生,current,,,,,,,,,"photos_2/7021_ニッチツ/current/photo_01.jpg,photos_2/7021_ニッチツ/current/photo_02.jpg",2,current
7022,サノヤスホールディングス,https://www.sanoyas.co.jp/,企業統治,current,,,,,,,,,,0,current
7033,マネジメントソリューションズ,https://www.msols.com/,高橋 信也,current,,,,,,,,,photos_2/7033_マネジメントソリューションズ/current/photo_01.jpg,1,current
7012,川崎重工業,https://www.khi.co.jp/,社会,current,,,,,,,,,photos_2/7012_川崎重工業/current/photo_01.jpg,1,current
7012,川崎重工業,https://www.khi.co.jp/,井城　讓治,prev_1,2017年03月31日,,3075.37,,,,,,,0,history
7012,川崎重工業,https://www.khi.co.jp/,瀬川　雅司,prev_2,2013年01月31日,,2019.19,,,,,,,0,history
7012,川崎重工業,https://www.khi.co.jp/,神林　伸光,prev_3,2013年01月31日,,2019.19,,,,,,,0,history
7012,川崎重工業,https://www.khi.co.jp/,浅野　雄一,prev_4,2012年01月31日,,1713.12,,,,,,,0,history
7012,川崎重工業,https://www.khi.co.jp/,林　敏和,prev_5,2012年01月31日,,1713.12,,,,,,,0,history
7012,川崎重工業,https://www.khi.co.jp/,野口 二郎,prev_6,2008年4月1日,2008年4月1日,1698.87,1706.1,,,,,,0,history
7043,アルー,https://www.alue.co.jp/,"挨拶
当社",current,,,,,,,,,photos_2/7043_アルー/current/photo_01.jpg,1,current
7046,TDSE,https://www.tdse.jp/,東垣　直樹,current,,,,,,,,,photos_2/7046_TDSE/current/photo_01.jpg,1,current
7049,識学,https://corp.shikigaku.jp/,安藤 広大,current,2002年3月,,,,,,,,photos_2/7049_識学/current/photo_01.jpg,1,current
7060,ギークス,https://geechs.com/,高原,current,,,,,,,,,photos_2/7060_ギークス/current/photo_01.jpg,1,current
7062,フレアス,https://fureasu.jp/,"名称

株",current,2002年4月,,,,,,,,"photos_2/7062_フレアス/current/photo_01.jpg,photos_2/7062_フレアス/current/photo_02.jpg",2,current
7065,ユーピーアール,https://www.upr-net.co.jp/,私達,current,,,,,,,,,photos_2/7065_ユーピーアール/current/photo_01.jpg,1,current
7069,サイバー・バズ,https://www.cyberbuzz.co.jp/,価値,current,,,,,,,,,"photos_2/7069_サイバー・バズ/current/photo_01.jpg,photos_2/7069_サイバー・バズ/current/photo_02.jpg",2,current
7074,トゥエンティーフォーセブン,https://247group.co.jp/,"会長
稲吉",current,2003年6月,,,,,,,,"photos_2/7074_トゥエンティーフォーセブン/current/photo_01.jpg,photos_2/7074_トゥエンティーフォーセブン/current/photo_02.jpg,photos_2/7074_トゥエンティーフォーセブン/current/photo_03.jpg,photos_2/7074_トゥエンティーフォーセブン/current/photo_04.jpg,photos_2/7074_トゥエンティーフォーセブン/current/photo_05.jpg",5,current
7079,WDBココ,https://www.wdbcoco.com/,谷口 晴彦,current,,,,,,,,,photos_2/7079_WDBココ/current/photo_01.jpg,1,current
7085,カーブスホールディングス,https://www.curvesholdings.co.jp/,"構成
株",current,2003年7月,,,,,,,,photos_2/7085_カーブスホールディングス/current/photo_01.jpg,1,current
7088,フォーラムエンジニアリング,https://www.forumeng.co.jp/,佐藤 勉,current,2026年1月,,1708.0,,,,,,"photos_2/7088_フォーラムエンジニアリング/current/photo_01.jpg,photos_2/7088_フォーラムエンジニアリング/current/photo_02.jpg,photos_2/7088_フォーラムエンジニアリング/current/photo_03.jpg,photos_2/7088_フォーラムエンジニアリング/current/photo_04.jpg,photos_2/7088_フォーラムエンジニアリング/current/photo_05.jpg",5,current
7097,さくらさくプラス,https://www.sakurasakuplus.jp/,西尾 義隆,current,,,,,,,,,photos_2/7097_さくらさくプラス/current/photo_01.jpg,1,current
7105,三菱ロジスネクスト,https://www.logisnext.com/,間野 裕一,current,,,,,,,,,photos_2/7105_三菱ロジスネクスト/current/photo_01.jpg,1,current
7110,クラシコム,https://kurashi.com/,"社名
株",current,2006年9月,,,,,,,,"photos_2/7110_クラシコム/current/photo_01.jpg,photos_2/7110_クラシコム/current/photo_02.jpg,photos_2/7110_クラシコム/current/photo_03.jpg,photos_2/7110_クラシコム/current/photo_04.jpg,photos_2/7110_クラシコム/current/photo_05.jpg",5,current
7090,リグア,https://ligua.jp/,川瀨 紀彦,current,,,,,,,,,photos_2/7090_リグア/current/photo_01.jpg,1,current
7120,SHINKO,https://www.kk-shinko.com/,長福留泰蔵,prev_1,2023年12月,2023年3月,652.67,604.06,,,,,,0,history
7128,フルサト・マルカホールディングス,https://www.unisol-gr.com/,古里　龍平,current,,,,,,,,,"photos_2/7128_フルサト・マルカホールディングス/current/photo_01.jpg,photos_2/7128_フルサト・マルカホールディングス/current/photo_02.jpg",2,current
7133,HYUGA　PRIMARY　CARE,https://www.hyuga-primary.care/,黒木 哲史,current,,,,,,,,,photos_2/7133_HYUGA_PRIMARY_CARE/current/photo_01.jpg,1,current
7131,のむら産業,https://www.nomurasangyo.co.jp/,"在地
東京都",current,2025年10月,,3467.87,,,,,,"photos_2/7131_のむら産業/current/photo_01.jpg,photos_2/7131_のむら産業/current/photo_02.jpg",2,current
7134,アップガレージグループ,https://www.upgarage-g.co.jp/,石田 誠,current,2014年４月,,,,,,,,"photos_2/7134_アップガレージグループ/current/photo_01.jpg,photos_2/7134_アップガレージグループ/current/photo_02.jpg,photos_2/7134_アップガレージグループ/current/photo_03.jpg,photos_2/7134_アップガレージグループ/current/photo_04.jpg,photos_2/7134_アップガレージグループ/current/photo_05.jpg",5,current
7130,ヤマエグループホールディングス,https://www.yamaegroup-hd.co.jp/,大森　礼仁,current,,,,,,,,,photos_2/7130_ヤマエグループホールディングス/current/photo_01.jpg,1,current
7148,FPG,https://www.fpg.jp/,谷村 尚永,current,,,,,,,,,photos_2/7148_FPG/current/photo_01.jpg,1,current
7140,ペットゴー,https://corp.petgo.jp/,黒澤 弘,current,2000年04月,,,,,,,,photos_2/7140_ペットゴー/current/photo_01.jpg,1,current
7161,じもとホールディングス,https://www.jimoto-hd.co.jp/,"月
株",current,2025年6月,,329.0,,,,,,photos_2/7161_じもとホールディングス/current/photo_01.jpg,1,current
7135,ジャパンクラフトホールディングス,https://www.jcraft-hd.co.jp/,企業,current,,,,,,,,,"photos_2/7135_ジャパンクラフトホールディングス/current/photo_01.jpg,photos_2/7135_ジャパンクラフトホールディングス/current/photo_02.jpg",2,current
7167,めぶきフィナンシャルグループ,https://www.mebuki-fg.co.jp/,秋野　哲也取,current,2025年4月,,732.01,,,,,,photos_2/7167_めぶきフィナンシャルグループ/current/photo_01.jpg,1,current
7172,ジャパンインベストメントアドバイザー,https://www.jia-ltd.com/,白岩 直人,current,2002年7月,,,,,,,,photos_2/7172_ジャパンインベストメントアドバイザー/current/photo_01.jpg,1,current
7164,全国保証,https://www.zenkoku.co.jp/,石川  英治,current,2002年4月,,,,,,,,photos_2/7164_全国保証/current/photo_01.jpg,1,current
7173,東京きらぼしフィナンシャルグループ,https://www.tokyo-kiraboshifg.co.jp/,"締役
監査役",current,2025年6月,,5258.81,,,,,,,0,current
7177,GMOフィナンシャルホールディングス,https://www.gmofh.com/,石村　富隆,current,,,,,,,,,photos_2/7177_GMOフィナンシャルホールディングス/current/photo_01.jpg,1,current
7127,一家ホールディングス,https://ikka-holdings.co.jp/,武長　太郎,current,2010年2月,,,,,,,,photos_2/7127_一家ホールディングス/current/photo_01.jpg,1,current
7186,コンコルディア・フィナンシャルグループ,https://www.concordia-fg.jp/,"月
株",current,2025年4月,,997.58,,,,,,"photos_2/7186_コンコルディア・フィナンシャルグループ/current/photo_01.jpg,photos_2/7186_コンコルディア・フィナンシャルグループ/current/photo_02.jpg,photos_2/7186_コンコルディア・フィナンシャルグループ/current/photo_03.jpg,photos_2/7186_コンコルディア・フィナンシャルグループ/current/photo_04.jpg,photos_2/7186_コンコルディア・フィナンシャルグループ/current/photo_05.jpg",5,current
7205,日野自動車,https://www.hino.co.jp/,変化,current,,,,,,,,,"photos_2/7205_日野自動車/current/photo_01.jpg,photos_2/7205_日野自動車/current/photo_02.jpg",2,current
7208,カネミツ,https://kanemitsu.co.jp/,"制図

取締",current,,,,,,,,,photos_2/7208_カネミツ/current/photo_01.jpg,1,current
7213,レシップホールディングス,https://www.lecip.com/,育成分野,current,2024年7月,,624.0,,,,,,photos_2/7213_レシップホールディングス/current/photo_01.jpg,1,current
7224,新明和工業,https://www.shinmaywa.co.jp/,新聞 電子版,current,2025年3月,,1353.28,,,,,,photos_2/7224_新明和工業/current/photo_01.jpg,1,current
7235,東京ラヂエーター製造,https://www.tokyo-radiator.co.jp/,木村 裕哲,current,,,,,,,,,photos_2/7235_東京ラヂエーター製造/current/photo_01.jpg,1,current
7238,曙ブレーキ工業,https://www.akebono-brake.com/,長岡　宏,current,2025年8月,,101.0,,,,,,photos_2/7238_曙ブレーキ工業/current/photo_01.jpg,1,current
7239,タチエス,https://www.tachi-s.co.jp/,山本 雄一郎,current,,,,,,,,,photos_2/7239_タチエス/current/photo_01.jpg,1,current
7246,プレス工業,https://www.presskogyo.co.jp/,工業,current,,,,,,,,,photos_2/7246_プレス工業/current/photo_01.jpg,1,current
7247,ミクニ,https://www.mikuni.co.jp/,日　新体制,current,2025年6月,,285.37,,,,,,"photos_2/7247_ミクニ/current/photo_01.jpg,photos_2/7247_ミクニ/current/photo_02.jpg,photos_2/7247_ミクニ/current/photo_03.jpg,photos_2/7247_ミクニ/current/photo_04.jpg,photos_2/7247_ミクニ/current/photo_05.jpg",5,current
7264,ムロコーポレーション,https://www.muro.co.jp/,室 雅文,current,,,,,,,,,photos_2/7264_ムロコーポレーション/current/photo_01.jpg,1,current
7270,SUBARU,https://www.subaru.co.jp/,大崎 篤,current,2025年11月,,3250.0,,,,,,photos_2/7270_SUBARU/current/photo_01.jpg,1,current
7273,イクヨ,https://www.ikuyo194.co.jp/,孫 峰,current,2025年5月,,412.84,,,,,,photos_2/7273_イクヨ/current/photo_01.jpg,1,current
7279,ハイレックスコーポレーション,https://www.hi-lex.co.jp/,寺浦 太,current,,,,,,,,,,0,current
7278,エクセディ,https://www.exedy.com/,"衛生
環境",current,,,,,,,,,"photos_2/7278_エクセディ/current/photo_01.jpg,photos_2/7278_エクセディ/current/photo_02.jpg,photos_2/7278_エクセディ/current/photo_03.jpg",3,current
7282,豊田合成,https://www.toyoda-gosei.co.jp/,創造 社会,current,,,,,,,,,photos_2/7282_豊田合成/current/photo_01.jpg,1,current
7283,愛三工業,https://www.aisan-ind.co.jp/,年度 取締,current,2024年6月,,1345.11,,,,,,"photos_2/7283_愛三工業/current/photo_01.jpg,photos_2/7283_愛三工業/current/photo_02.jpg",2,current
7292,村上開明堂,https://www.murakami-kaimeido.co.jp/,"宣言
村上開",current,,,,,,,,,"photos_2/7292_村上開明堂/current/photo_01.jpg,photos_2/7292_村上開明堂/current/photo_02.jpg",2,current
7287,日本精機,https://www.nippon-seiki.co.jp/,日本精機,current,2025年6月,,1316.68,,,,,,"photos_2/7287_日本精機/current/photo_01.jpg,photos_2/7287_日本精機/current/photo_02.jpg",2,current
7305,新家工業,https://www.araya-kk.co.jp/,市川　圭司,current,,,,,,,,,photos_2/7305_新家工業/current/photo_01.jpg,1,current
7296,エフ・シー・シー,https://www.fcc-net.co.jp/,"取引
品質管",current,,,,,,,,,photos_2/7296_エフ・シー・シー/current/photo_01.jpg,1,current
7313,テイ・エス　テック,https://www.tstech.co.jp/,保田 真成,current,2007年4月,,595.74,,,,,,photos_2/7313_テイ・エス_テック/current/photo_01.jpg,1,current
7318,セレンディップ・ホールディングス,https://www.serendip-c.com/,竹内 在,current,2024年6月,,382.75,,,,,,photos_2/7318_セレンディップ・ホールディングス/current/photo_01.jpg,1,current
7314,小田原機器,https://www.odawarakiki.com/,津川 直樹,current,,,,,,,,,photos_2/7314_小田原機器/current/photo_01.jpg,1,current
7322,三十三フィナンシャルグループ,https://www.33fg.co.jp/,月 株,current,2024年4月,,1947.0,,,,,,photos_2/7322_三十三フィナンシャルグループ/current/photo_01.jpg,1,current
7320,Solvvy,https://solvvy.co.jp/,安達 慶高,current,2013年9月,,,,,,,,photos_2/7320_Solvvy/current/photo_01.jpg,1,current
7327,第四北越フィナンシャルグループ,https://www.dhfg.co.jp/,平素,current,2025年4月,,1080.55,,,,,,"photos_2/7327_第四北越フィナンシャルグループ/current/photo_01.jpg,photos_2/7327_第四北越フィナンシャルグループ/current/photo_02.jpg",2,current
7343,ブロードマインド,https://www.b-minded.com/,高成長,current,2024年3月,,1156.57,,,,,,photos_2/7343_ブロードマインド/current/photo_01.jpg,1,current
7325,アイリックコーポレーション,https://www.irrc.co.jp/,勝本　竜二,current,2021年7月,,910.54,,,,,,photos_2/7325_アイリックコーポレーション/current/photo_01.jpg,1,current
7350,おきなわフィナンシャルグループ,https://www.okinawafg.co.jp/,山城 正保,current,,,,,,,,,photos_2/7350_おきなわフィナンシャルグループ/current/photo_01.jpg,1,current
7353,KIYOラーニング,https://www.kiyo-learning.com/,綾部　貴淑,current,2020年7月,,1786.67,,,,,,photos_2/7353_KIYOラーニング/current/photo_01.jpg,1,current
7352,TWOSTONE&Sons,https://twostone-s.com/,"成績
財政状",current,2023年6月,,576.48,,,,,,photos_2/7352_TWOSTONE&Sons/current/photo_01.jpg,1,current
7359,東京通信グループ,https://tokyo-tsushin.com/,古屋 佑樹,current,2009年４月,,,,,,,,"photos_2/7359_東京通信グループ/current/photo_01.jpg,photos_2/7359_東京通信グループ/current/photo_02.jpg,photos_2/7359_東京通信グループ/current/photo_03.jpg,photos_2/7359_東京通信グループ/current/photo_04.jpg,photos_2/7359_東京通信グループ/current/photo_05.jpg",5,current
7366,LITALICO,https://litalico.co.jp/,方 当社,current,2025年3月,,1163.94,,,,,,photos_2/7366_LITALICO/current/photo_01.jpg,1,current
7367,セルム,https://www.celm.co.jp/,"部長
前",current,2026年3月,,,,,,,,photos_2/7367_セルム/current/photo_01.jpg,1,current
7372,デコルテ・ホールディングス,https://www.decollte.co.jp/,新井 賢二,current,2002年4月,,,,,,,,"photos_2/7372_デコルテ・ホールディングス/current/photo_01.jpg,photos_2/7372_デコルテ・ホールディングス/current/photo_02.jpg,photos_2/7372_デコルテ・ホールディングス/current/photo_03.jpg,photos_2/7372_デコルテ・ホールディングス/current/photo_04.jpg,photos_2/7372_デコルテ・ホールディングス/current/photo_05.jpg",5,current
7376,BCC,https://www.e-bcc.jp/,伊藤 一彦,current,,,,,,,,,"photos_2/7376_BCC/current/photo_01.jpg,photos_2/7376_BCC/current/photo_02.jpg,photos_2/7376_BCC/current/photo_03.jpg,photos_2/7376_BCC/current/photo_04.jpg,photos_2/7376_BCC/current/photo_05.jpg",5,current
7375,リファインバースグループ,https://r-inverse.com/,"社名
株",current,2025年6月,,805.0,,,,,,photos_2/7375_リファインバースグループ/current/photo_01.jpg,1,current
7380,十六フィナンシャルグループ,https://www.16fg.co.jp/,平素,current,2021年10月,,1726.15,,,,,,photos_2/7380_十六フィナンシャルグループ/current/photo_01.jpg,1,current
7377,DNホールディングス,https://www.dcne.co.jp/,"方
当社",current,,,,,,,,,photos_2/7377_DNホールディングス/current/photo_01.jpg,1,current
7416,はるやまホールディングス,http://www.haruyama.co.jp/,治山 正史,current,,,,,,,,,photos_2/7416_はるやまホールディングス/current/photo_01.jpg,1,current
7409,AeroEdge,https://aeroedge.co.jp/,表者 　森西,current,2025年6月,,725.67,,,,,,"photos_2/7409_AeroEdge/current/photo_01.jpg,photos_2/7409_AeroEdge/current/photo_02.jpg",2,current
7419,ノジマ,https://www.nojima.co.jp/,野島 廣司,current,,,,,,,,,photos_2/7419_ノジマ/current/photo_01.jpg,1,current
7388,FPパートナー,https://fpp.jp/,"意味
私",current,2009年12月,,,,,,,,photos_2/7388_FPパートナー/current/photo_01.jpg,1,current
7421,カッパ・クリエイト,https://www.kappa-create.co.jp/,山角　豪,current,,,,,,,,,photos_2/7421_カッパ・クリエイト/current/photo_01.jpg,1,current
7422,東邦レマック,https://www.toho-lamac.co.jp/,東邦,current,,,,,,,,,,0,current
7435,ナ・デックス,https://www.nadex.co.jp/,進藤 大資,current,,,,,,,,,,0,current
7434,オータケ,https://www.kk-otake.co.jp/,未来,current,2024年6月,,1925.89,,,,,,photos_2/7434_オータケ/current/photo_01.jpg,1,current
7417,南陽,https://www.nanyo.co.jp/,平素,current,,,,,,,,,photos_2/7417_南陽/current/photo_01.jpg,1,current
7442,中山福,https://www.nakayamafuku.co.jp/,"社名
中山",current,2025年6月,,382.0,,,,,,"photos_2/7442_中山福/current/photo_01.jpg,photos_2/7442_中山福/current/photo_02.jpg,photos_2/7442_中山福/current/photo_03.jpg,photos_2/7442_中山福/current/photo_04.jpg,photos_2/7442_中山福/current/photo_05.jpg",5,current
7447,ナガイレーベン,https://www.nagaileben.co.jp/,澤登 一郎,current,,,,,,,,,photos_2/7447_ナガイレーベン/current/photo_01.jpg,1,current
7463,アドヴァングループ,https://www.advan.co.jp/,"称号
株",current,2025年7月,,802.02,,,,,,photos_2/7463_アドヴァングループ/current/photo_01.jpg,1,current
7476,アズワン,https://www.as-1.co.jp/,井内　卓嗣,current,,,,,,,,,photos_2/7476_アズワン/current/photo_01.jpg,1,current
7464,セフテック,https://www.saftec.co.jp/,"挨拶
私",current,平成7年10月,,,,,,,,photos_2/7464_セフテック/current/photo_01.jpg,1,current
7486,サンリン,https://www.sanrinkk.co.jp/,百瀬 久志,current,,,,,,,,,photos_2/7486_サンリン/current/photo_01.jpg,1,current
7490,日新商事,https://www.nissin-shoji.co.jp/,筒井 博昭,current,,,,,,,,,photos_2/7490_日新商事/current/photo_01.jpg,1,current
7483,ドウシシャ,https://www.doshisha.co.jp/,野村　正幸,current,,,,,,,,,"photos_2/7483_ドウシシャ/current/photo_01.jpg,photos_2/7483_ドウシシャ/current/photo_02.jpg",2,current
7504,高速,https://www.kohsoku.com/,月 執行役,current,2025年6月,,2471.76,,,,,,photos_2/7504_高速/current/photo_01.jpg,1,current
7500,西川計測,https://www.nskw.co.jp/,株主,current,,,,,,,,,photos_2/7500_西川計測/current/photo_01.jpg,1,current
7505,扶桑電通,https://www.fusodentsu.co.jp/,有冨　英治,current,2005年10月,,157.58,,,,,,photos_2/7505_扶桑電通/current/photo_01.jpg,1,current
7508,G-7ホールディングス,https://www.g-7holdings.co.jp/,金田　達三,current,2000年6月,,,,,,,,photos_2/7508_G-7ホールディングス/current/photo_01.jpg,1,current
7516,コーナン商事,https://www.hc-kohnan.com/,疋田 直太郎,current,,,,,,,,,photos_2/7516_コーナン商事/current/photo_01.jpg,1,current
7531,清和中央ホールディングス,https://www.seiwa-chuo-holdings.co.jp/,本文,current,,,,,,,,,"photos_2/7531_清和中央ホールディングス/current/photo_01.jpg,photos_2/7531_清和中央ホールディングス/current/photo_02.jpg",2,current
7532,パン・パシフィック・インターナショナルホールディングス,https://ppih.co.jp/,"年
株主",current,2025年９月,,1096.51,,,,,,"photos_2/7532_パン・パシフィック・インターナショナルホールディングス/current/photo_01.jpg,photos_2/7532_パン・パシフィック・インターナショナルホールディングス/current/photo_02.jpg,photos_2/7532_パン・パシフィック・インターナショナルホールディングス/current/photo_03.jpg",3,current
7544,スリーエフ,https://www.three-f.co.jp/,月 山口,current,2027年2月,,,,,,,,photos_2/7544_スリーエフ/current/photo_01.jpg,1,current
7552,ハピネット,https://www.happinet.co.jp/,水谷 敏之,current,,,,,,,,,photos_2/7552_ハピネット/current/photo_01.jpg,1,current
7561,ハークスレイ,https://www.hurxley.co.jp/,青木 達也,current,,,,,,,,,photos_2/7561_ハークスレイ/current/photo_01.jpg,1,current
7554,幸楽苑,https://hd.kourakuen.co.jp/,井田　傳,current,2025年8月,,1016.0,,,,,,"photos_2/7554_幸楽苑/current/photo_01.jpg,photos_2/7554_幸楽苑/current/photo_02.jpg",2,current
7565,萬世電機,http://www.mansei.co.jp/,占部 正浩,current,,,,,,,,,photos_2/7565_萬世電機/current/photo_01.jpg,1,current
7570,橋本総業ホールディングス,https://www.hat-hd.co.jp/,"社名

橋本総",current,2025年11月,,1210.0,,,,,,"photos_2/7570_橋本総業ホールディングス/current/photo_01.jpg,photos_2/7570_橋本総業ホールディングス/current/photo_02.jpg",2,current
7575,日本ライフライン,https://www.jll.co.jp/,鈴木　啓介,current,,,,,,,,,photos_2/7575_日本ライフライン/current/photo_01.jpg,1,current
7571,ヤマノホールディングス,https://www.yamano-hd.com/,始者 山野愛,current,2026年02月,,108.0,,,,,,"photos_2/7571_ヤマノホールディングス/current/photo_01.jpg,photos_2/7571_ヤマノホールディングス/current/photo_02.jpg,photos_2/7571_ヤマノホールディングス/current/photo_03.jpg,photos_2/7571_ヤマノホールディングス/current/photo_04.jpg,photos_2/7571_ヤマノホールディングス/current/photo_05.jpg",5,current
7578,ニチリョク,https://www.nichiryoku.co.jp/,渡邊 将志,current,,,,,,,,,photos_2/7578_ニチリョク/current/photo_01.jpg,1,current
7593,VTホールディングス,https://www.vt-holdings.co.jp/,高橋 一穂,current,,,,,,,,,photos_2/7593_VTホールディングス/current/photo_01.jpg,1,current
7600,日本エム・ディ・エム,https://www.jmdm.co.jp/,弘中　俊行,current,2025年3月,,596.81,,,,,,photos_2/7600_日本エム・ディ・エム/current/photo_01.jpg,1,current
7607,進和,https://www.shinwa-jpn.co.jp/,"役会
取締",current,2015年11月,,1176.63,,,,,,photos_2/7607_進和/current/photo_01.jpg,1,current
7609,ダイトロン,https://www.daitron.co.jp/,土屋 伸介,current,,,,,,,,,photos_2/7609_ダイトロン/current/photo_01.jpg,1,current
7610,テイツー,https://www.tay2.co.jp/,藤原 克治,current,,,,,,,,,photos_2/7610_テイツー/current/photo_01.jpg,1,current
7619,田中商事,https://www.tanakashoji.co.jp/,田中商,current,,,,,,,,,photos_2/7619_田中商事/current/photo_01.jpg,1,current
7638,NEW　ART　HOLDINGS,https://newart-ir.jp/,事業　代表取,prev_1,2024年6月6日,,1761.16,,,,,,,0,history
7643,ダイイチ,https://www.daiichi-d.co.jp/,若園　清,current,,,,,,,,,photos_2/7643_ダイイチ/current/photo_01.jpg,1,current
7649,スギホールディングス,https://www.sugi-hd.co.jp/,杉浦 克典,current,,,,,,,,,"photos_2/7649_スギホールディングス/current/photo_01.jpg,photos_2/7649_スギホールディングス/current/photo_02.jpg,photos_2/7649_スギホールディングス/current/photo_03.jpg,photos_2/7649_スギホールディングス/current/photo_04.jpg,photos_2/7649_スギホールディングス/current/photo_05.jpg",5,current
7681,レオクラン,https://www.leoclan.co.jp/,"方
当社",current,,,,,,,,,photos_2/7681_レオクラン/current/photo_01.jpg,1,current
7679,薬王堂ホールディングス,https://www.yakuodo-hd.co.jp/,西郷 辰弘,current,,,,,,,,,photos_2/7679_薬王堂ホールディングス/current/photo_01.jpg,1,current
7686,カクヤスグループ,https://www.kakuyasu-group.co.jp/,"価値
社会的",current,2025年7月,,503.25,,,,,,"photos_2/7686_カクヤスグループ/current/photo_01.jpg,photos_2/7686_カクヤスグループ/current/photo_02.jpg",2,current
7701,島津製作所,https://www.shimadzu.co.jp/,山本 靖則,current,,,,,,,,,photos_2/7701_島津製作所/current/photo_01.jpg,1,current
7707,プレシジョン・システム・サイエンス,https://www.pss.co.jp/,創業以来,current,2024年9月,,390.0,,,,,,photos_2/7707_プレシジョン・システム・サイエンス/current/photo_01.jpg,1,current
7716,ナカニシ,https://www.nakanishi-inc.jp/,日本語,current,2024年12月,,2141.05,,,,,,,0,current
7715,長野計器,https://www.naganokeiki.co.jp/,佐藤　正継,current,2023年5月,,1219.19,,,,,,photos_2/7715_長野計器/current/photo_01.jpg,1,current
7719,東京衡機,https://www.tksnet.co.jp/,"深化
私",current,2025年3月,,186.0,,,,,,"photos_2/7719_東京衡機/current/photo_01.jpg,photos_2/7719_東京衡機/current/photo_02.jpg,photos_2/7719_東京衡機/current/photo_03.jpg,photos_2/7719_東京衡機/current/photo_04.jpg,photos_2/7719_東京衡機/current/photo_05.jpg",5,current
7726,黒田精工,https://www.kuroda-precision.co.jp/,黒田　浩史,current,,,,,,,,,photos_2/7726_黒田精工/current/photo_01.jpg,1,current
7729,東京精密,https://www.accretech.com/,吉田　均,current,,,,,,,,,"photos_2/7729_東京精密/current/photo_01.jpg,photos_2/7729_東京精密/current/photo_02.jpg,photos_2/7729_東京精密/current/photo_03.jpg,photos_2/7729_東京精密/current/photo_04.jpg,photos_2/7729_東京精密/current/photo_05.jpg",5,current
7730,マニー,https://www.mani.co.jp/,患者,current,,,,,,,,,photos_2/7730_マニー/current/photo_01.jpg,1,current
7727,オーバル,https://www.oval.co.jp/,"役職
氏名",current,,,,,,,,,"photos_2/7727_オーバル/current/photo_01.jpg,photos_2/7727_オーバル/current/photo_02.jpg,photos_2/7727_オーバル/current/photo_03.jpg,photos_2/7727_オーバル/current/photo_04.jpg",4,current
7725,インターアクション,https://www.inter-action.co.jp/,木地 伸雄,current,,,,,,,,,photos_2/7725_インターアクション/current/photo_01.jpg,1,current
7739,キヤノン電子,https://www.canon-elec.co.jp/,"指標
実績値",current,,,,,,,,,"photos_2/7739_キヤノン電子/current/photo_01.jpg,photos_2/7739_キヤノン電子/current/photo_02.jpg",2,current
7743,シード,https://www.seed.co.jp/,株主,current,2024年4月,,642.07,,,,,,photos_2/7743_シード/current/photo_01.jpg,1,current
7744,ノーリツ鋼機,https://www.noritsu.co.jp/,変化,current,,,,,,,,,,0,current
7735,SCREENホールディングス,https://www.screen.co.jp/,締役 取締,current,,,,,,,,,photos_2/7735_SCREENホールディングス/current/photo_01.jpg,1,current
7741,HOYA,https://www.hoya.com/,"締役
指名委",current,2018年6月,,5955.41,,,,,,photos_2/7741_HOYA/current/photo_01.jpg,1,current
7747,朝日インテック,http://www.asahi-intecc.co.jp/,宮田　憲次,current,,,,,,,,,photos_2/7747_朝日インテック/current/photo_01.jpg,1,current
7762,シチズン時計,https://www.citizen.co.jp/,"領域
世界",current,2026年3月,,,,,,,,photos_2/7762_シチズン時計/current/photo_01.jpg,1,current
7752,リコー,https://jp.ricoh.com/,会長　山下,current,2025年4月,,1595.47,,,,,,"photos_2/7752_リコー/current/photo_01.jpg,photos_2/7752_リコー/current/photo_02.jpg",2,current
7775,大研医器,https://www.daiken-iki.co.jp/,"部長
山田",current,,,,,,,,,photos_2/7775_大研医器/current/photo_01.jpg,1,current
7771,日本精密,http://www.nihon-s.co.jp/,当社,current,,,,,,,,,photos_2/7771_日本精密/current/photo_01.jpg,1,current
7794,イーディーピー,https://www.d-edp.jp/,藤森 直治,current,2022年6月,,1640.0,,,,,,photos_2/7794_イーディーピー/current/photo_01.jpg,1,current
7791,ドリームベッド,https://www.dreambed.co.jp/,三宅 弘人,current,2024年3月,,693.59,,,,,,photos_2/7791_ドリームベッド/current/photo_01.jpg,1,current
7800,アミファ,https://www.amifa.co.jp/,株主,current,,,,,,,,,photos_2/7800_アミファ/current/photo_01.jpg,1,current
7806,MTG,https://www.mtg.gr.jp/,松下 剛,current,2025年9月,,4761.36,,,,,,photos_2/7806_MTG/current/photo_01.jpg,1,current
7795,KYORITSU,https://www.kyoritsu-hd.co.jp/,景山　豊,current,,,,,,,,,"photos_2/7795_KYORITSU/current/photo_01.jpg,photos_2/7795_KYORITSU/current/photo_02.jpg,photos_2/7795_KYORITSU/current/photo_03.jpg",3,current
7804,ビーアンドピー,https://www.bandp.co.jp/,締役　 和田山,current,,,,,,,,,photos_2/7804_ビーアンドピー/current/photo_01.jpg,1,current
7792,コラントッテ,https://colantotte.co.jp/,小松　克已,current,,,,,,,,,photos_2/7792_コラントッテ/current/photo_01.jpg,1,current
7809,壽屋,https://company.kotobukiya.co.jp/,清水　一行,current,,,,,,,,,photos_2/7809_壽屋/current/photo_01.jpg,1,current
7807,幸和製作所,https://kowa-seisakusho.co.jp/,玉田 秀明,current,,,,,,,,,photos_2/7807_幸和製作所/current/photo_01.jpg,1,current
7811,中本パックス,https://www.npacks.co.jp/,河田 淳,current,,,,,,,,,photos_2/7811_中本パックス/current/photo_01.jpg,1,current
7817,パラマウントベッドホールディングス,https://www.paramountbed-hd.co.jp/,木村 友彦,current,,,,,,,,,photos_2/7817_パラマウントベッドホールディングス/current/photo_01.jpg,1,current
7818,トランザクション,https://www.trans-action.co.jp/,"会長
石川",current,2022年11月,,475.35,,,,,,photos_2/7818_トランザクション/current/photo_01.jpg,1,current
7814,日本創発グループ,https://www.jcpg.co.jp/,"方
　当社",current,2025年3月,,421.67,,,,,,photos_2/7814_日本創発グループ/current/photo_01.jpg,1,current
7826,フルヤ金属,https://www.furuyametals.co.jp/,古屋 堯民,current,,,,,,,,,"photos_2/7826_フルヤ金属/current/photo_01.jpg,photos_2/7826_フルヤ金属/current/photo_02.jpg,photos_2/7826_フルヤ金属/current/photo_03.jpg,photos_2/7826_フルヤ金属/current/photo_04.jpg",4,current
7832,バンダイナムコホールディングス,https://www.bandainamco.co.jp/,浅古 有寿,current,,,,,,,,,photos_2/7832_バンダイナムコホールディングス/current/photo_01.jpg,1,current
7841,遠藤製作所,https://endo-mfg.co.jp/,渡部　大史,current,2017年4月,,614.03,,,,,,photos_2/7841_遠藤製作所/current/photo_01.jpg,1,current
7860,エイベックス,https://avex.com/,会長 松浦,current,2022年5月,,1248.44,,,,,,"photos_2/7860_エイベックス/current/photo_01.jpg,photos_2/7860_エイベックス/current/photo_02.jpg",2,current
7856,萩原工業,https://www.hagihara.co.jp/,浅野 和志,current,2025年12月,,1553.0,,,,,,"photos_2/7856_萩原工業/current/photo_01.jpg,photos_2/7856_萩原工業/current/photo_02.jpg,photos_2/7856_萩原工業/current/photo_03.jpg,photos_2/7856_萩原工業/current/photo_04.jpg,photos_2/7856_萩原工業/current/photo_05.jpg",5,current
7863,平賀,https://www.pp-hiraga.co.jp/,中前 圭司,current,2005年4月,,533.07,,,,,,photos_2/7863_平賀/current/photo_01.jpg,1,current
7867,タカラトミー,https://www.takaratomy.co.jp/,小島 一洋,current,2024年６月,,2645.6,,,,,,"photos_2/7867_タカラトミー/current/photo_01.jpg,photos_2/7867_タカラトミー/current/photo_02.jpg",2,current
7875,竹田iPホールディングス,https://www.takedaip-hd.co.jp/,木全　幸治,current,2002年6月,,,,,,,,"photos_2/7875_竹田iPホールディングス/current/photo_01.jpg,photos_2/7875_竹田iPホールディングス/current/photo_02.jpg,photos_2/7875_竹田iPホールディングス/current/photo_03.jpg,photos_2/7875_竹田iPホールディングス/current/photo_04.jpg,photos_2/7875_竹田iPホールディングス/current/photo_05.jpg",5,current
7878,光・彩,https://www.kohsai-qq.co.jp/,世界,current,,,,,,,,,"photos_2/7878_光・彩/current/photo_01.jpg,photos_2/7878_光・彩/current/photo_02.jpg",2,current
7883,サンメッセ,https://www.sunmesse.co.jp/,病院 乳腺外,current,2025年10月,,346.01,,,,,,photos_2/7883_サンメッセ/current/photo_01.jpg,1,current
7893,プロネクサス,https://www.pronexus.co.jp/,上野 剛史,current,2020年12月,,956.54,,,,,,photos_2/7893_プロネクサス/current/photo_01.jpg,1,current
7906,ヨネックス,https://www.yonex.co.jp/,"役職
氏名",current,,,,,,,,,"photos_2/7906_ヨネックス/current/photo_01.jpg,photos_2/7906_ヨネックス/current/photo_02.jpg,photos_2/7906_ヨネックス/current/photo_03.jpg,photos_2/7906_ヨネックス/current/photo_04.jpg",4,current
7911,TOPPANホールディングス,https://www.holdings.toppan.com/ja/,麿 秀晴,current,,,,,,,,,photos_2/7911_TOPPANホールディングス/current/photo_01.jpg,1,current
7912,大日本印刷,https://www.dnp.co.jp/,"月
 北島義",current,2025年10月,,2511.11,,,,,,photos_2/7912_大日本印刷/current/photo_01.jpg,1,current
7908,きもと,https://www.kimoto.co.jp/,小林 正一,current,,,,,,,,,photos_2/7908_きもと/current/photo_01.jpg,1,current
7914,共同印刷,https://www.kyodoprinting.co.jp/,藤森 康彰,current,,,,,,,,,photos_2/7914_共同印刷/current/photo_01.jpg,1,current
7915,NISSHA,https://www.nissha.com/,"役会
当社",current,2025年1月,,1506.1,,,,,,photos_2/7915_NISSHA/current/photo_01.jpg,1,current
7922,三光産業,https://www.sankosangyo.co.jp/,石井 正和,current,,,,,,,,,photos_2/7922_三光産業/current/photo_01.jpg,1,current
7936,アシックス,https://corp.asics.com/jp/,富永 満之,current,,,,,,,,,photos_2/7936_アシックス/current/photo_01.jpg,1,current
7932,ニッピ,https://www.nippi-inc.co.jp/,伊藤 裕子,current,,,,,,,,,photos_2/7932_ニッピ/current/photo_01.jpg,1,current
7942,JSP,https://www.co-jsp.co.jp/,"方針
業績",current,2024年4月,,2132.0,,,,,,photos_2/7942_JSP/current/photo_01.jpg,1,current
7949,小松ウオール工業,https://www.komatsuwall.co.jp/,"体制
当社",current,,,,,,,,,photos_2/7949_小松ウオール工業/current/photo_01.jpg,1,current
7952,河合楽器製作所,https://www.kawai.co.jp/,部長 兼,current,,,,,,,,,"photos_2/7952_河合楽器製作所/current/photo_01.jpg,photos_2/7952_河合楽器製作所/current/photo_02.jpg,photos_2/7952_河合楽器製作所/current/photo_03.jpg,photos_2/7952_河合楽器製作所/current/photo_04.jpg,photos_2/7952_河合楽器製作所/current/photo_05.jpg",5,current
7917,ZACROS,https://www.zacros.co.jp/,下田拓,current,,,,,,,,,photos_2/7917_ZACROS/current/photo_01.jpg,1,current
7962,キングジム,https://www.kingjim.co.jp/,木村 美代子,current,,,,,,,,,photos_2/7962_キングジム/current/photo_01.jpg,1,current
7957,フジコピアン,https://www.fujicopian.com/,木 敏樹,current,,,,,,,,,photos_2/7957_フジコピアン/current/photo_01.jpg,1,current
7981,タカラスタンダード,https://www.takara-standard.co.jp/,会長 渡辺岳,current,,,,,,,,,photos_2/7981_タカラスタンダード/current/photo_01.jpg,1,current
7983,ミロク,https://www.miroku-jp.com/,明治,current,,,,,,,,,"photos_2/7983_ミロク/current/photo_01.jpg,photos_2/7983_ミロク/current/photo_02.jpg",2,current
7944,ローランド,https://www.roland.com/jp/,地位,current,2022年3月,,3458.94,,,,,,"photos_2/7944_ローランド/current/photo_01.jpg,photos_2/7944_ローランド/current/photo_02.jpg,photos_2/7944_ローランド/current/photo_03.jpg,photos_2/7944_ローランド/current/photo_04.jpg,photos_2/7944_ローランド/current/photo_05.jpg",5,current
7988,ニフコ,https://www.nifco.com/,柴尾　雅春,current,2025年06月,,3383.87,,,,,,"photos_2/7988_ニフコ/current/photo_01.jpg,photos_2/7988_ニフコ/current/photo_02.jpg,photos_2/7988_ニフコ/current/photo_03.jpg,photos_2/7988_ニフコ/current/photo_04.jpg,photos_2/7988_ニフコ/current/photo_05.jpg",5,current
7989,立川ブラインド工業,https://www.blind.co.jp/,当社,current,,,,,,,,,"photos_2/7989_立川ブラインド工業/current/photo_01.jpg,photos_2/7989_立川ブラインド工業/current/photo_02.jpg,photos_2/7989_立川ブラインド工業/current/photo_03.jpg",3,current
7985,ネポン,https://www.nepon.co.jp/,福田 晴久,current,,,,,,,,,photos_2/7985_ネポン/current/photo_01.jpg,1,current
7990,グローブライド,https://www.globeride.co.jp/,自然志向,current,,,,,,,,,"photos_2/7990_グローブライド/current/photo_01.jpg,photos_2/7990_グローブライド/current/photo_02.jpg",2,current
7997,くろがね工作所,https://www.kurogane-kks.co.jp/,作所 田中,current,,,,,,,,,photos_2/7997_くろがね工作所/current/photo_01.jpg,1,current
7995,バルカー,https://www.valqua.co.jp/,"役職
氏名",current,2025年6月,,2863.12,,,,,,photos_2/7995_バルカー/current/photo_01.jpg,1,current
8005,スクロール,https://www.scroll.jp/,"日生

略歴",current,2012年4月,,196.71,,,,,,"photos_2/8005_スクロール/current/photo_01.jpg,photos_2/8005_スクロール/current/photo_02.jpg",2,current
8012,長瀬産業,https://www.nagase.co.jp/,上島宏之,current,2023年11月,,2169.42,,,,,,photos_2/8012_長瀬産業/current/photo_01.jpg,1,current
8014,蝶理,https://www.chori.co.jp/,迫田　竜之,current,2024年4月,,3164.85,,,,,,"photos_2/8014_蝶理/current/photo_01.jpg,photos_2/8014_蝶理/current/photo_02.jpg",2,current
8015,豊田通商,https://www.toyota-tsusho.com/,貸谷　伊知郎,current,2005年4月,,344.24,,,,,,photos_2/8015_豊田通商/current/photo_01.jpg,1,current
8022,美津濃,https://corp.mizuno.com/,世界,current,,,,,,,,,"photos_2/8022_美津濃/current/photo_01.jpg,photos_2/8022_美津濃/current/photo_02.jpg",2,current
8029,ルックホールディングス,https://www.look-holdings.jp/,"月
株",current,2025年3月,,2192.26,,,,,,photos_2/8029_ルックホールディングス/current/photo_01.jpg,1,current
8023,DAIKO　XTECH,https://www.daiko-xtech.co.jp/,松山 晃一郎,current,2004年4月,,175.68,,,,,,"photos_2/8023_DAIKO_XTECH/current/photo_01.jpg,photos_2/8023_DAIKO_XTECH/current/photo_02.jpg,photos_2/8023_DAIKO_XTECH/current/photo_03.jpg,photos_2/8023_DAIKO_XTECH/current/photo_04.jpg,photos_2/8023_DAIKO_XTECH/current/photo_05.jpg",5,current
8018,三共生興,https://www.sankyoseiko.co.jp/,上 明,current,2025年3月,,601.62,,,,,,photos_2/8018_三共生興/current/photo_01.jpg,1,current
8031,三井物産,https://www.mitsui.com/jp/,"月
 堀",current,2025年4月,,2917.63,,,,,,photos_2/8031_三井物産/current/photo_01.jpg,1,current
8020,兼松,https://www.kanematsu.co.jp/,宮部　佳也,current,,,,,,,,,photos_2/8020_兼松/current/photo_01.jpg,1,current
8035,東京エレクトロン,https://www.tel.co.jp/,平素,current,,,,,,,,,photos_2/8035_東京エレクトロン/current/photo_01.jpg,1,current
8040,東京ソワール,https://www.soir.co.jp/,"方針
東京",current,2024年3月,,777.42,,,,,,"photos_2/8040_東京ソワール/current/photo_01.jpg,photos_2/8040_東京ソワール/current/photo_02.jpg",2,current
8043,スターゼン,https://www.starzen.co.jp/,感動体験,current,2024年4月,,902.93,,,,,,"photos_2/8043_スターゼン/current/photo_01.jpg,photos_2/8043_スターゼン/current/photo_02.jpg",2,current
8050,セイコーグループ,https://www.seiko.co.jp/,"修司
近年我",current,,,,,,,,,photos_2/8050_セイコーグループ/current/photo_01.jpg,1,current
8051,山善,https://www.yamazen.co.jp/,岸田　 貢司,current,,,,,,,,,photos_2/8051_山善/current/photo_01.jpg,1,current
8052,椿本興業,https://www.tsubaki.co.jp/,香田 昌司,current,2025年5月,,2130.04,,,,,,photos_2/8052_椿本興業/current/photo_01.jpg,1,current
8045,横浜丸魚,https://www.yokohama-maruuo.co.jp/,横浜丸,current,2026年2月,,1611.0,,,,,,"photos_2/8045_横浜丸魚/current/photo_01.jpg,photos_2/8045_横浜丸魚/current/photo_02.jpg,photos_2/8045_横浜丸魚/current/photo_03.jpg,photos_2/8045_横浜丸魚/current/photo_04.jpg,photos_2/8045_横浜丸魚/current/photo_05.jpg",5,current
8056,BIPROGY,https://www.biprogy.com/,齊藤　昇,current,,,,,,,,,photos_2/8056_BIPROGY/current/photo_01.jpg,1,current
8059,第一実業,https://www.djk.co.jp/,船渡 雄司,current,,,,,,,,,photos_2/8059_第一実業/current/photo_01.jpg,1,current
8074,ユアサ商事,https://www.yuasa.co.jp/,田村　博之,current,2023年4月,,3313.25,,,,,,photos_2/8074_ユアサ商事/current/photo_01.jpg,1,current
8075,神鋼商事,https://www.shinsho.co.jp/,明日,current,,,,,,,,,photos_2/8075_神鋼商事/current/photo_01.jpg,1,current
8053,住友商事,https://www.sumitomocorp.com/ja/jp/,上野 真吾,current,2024年5月,,3571.19,,,,,,photos_2/8053_住友商事/current/photo_01.jpg,1,current
8076,カノークス,https://www.canox.co.jp/,"方針
当社",current,2015年4月,,,,,,,,photos_2/8076_カノークス/current/photo_01.jpg,1,current
8081,カナデン,https://www.kanaden.co.jp/,守屋　太,current,2025年10月,,2042.88,,,,,,photos_2/8081_カナデン/current/photo_01.jpg,1,current
8085,ナラサキ産業,https://www.narasaki.co.jp/,兼 中村,current,,,,,,,,,photos_2/8085_ナラサキ産業/current/photo_01.jpg,1,current
8089,ナイス,https://www.nice.co.jp/,演会　第二部,current,,,,,,,,,"photos_2/8089_ナイス/current/photo_01.jpg,photos_2/8089_ナイス/current/photo_02.jpg",2,current
8091,ニチモウ,https://www.nichimo.co.jp/,食卓,current,,,,,,,,,,0,current
8095,アステナホールディングス,https://www.astena-hd.com/,戸口 智,current,,,,,,,,,photos_2/8095_アステナホールディングス/current/photo_01.jpg,1,current
8111,ゴールドウイン,https://about.goldwin.co.jp/,自然,current,2024年5月,,2941.34,,,,,,"photos_2/8111_ゴールドウイン/current/photo_01.jpg,photos_2/8111_ゴールドウイン/current/photo_02.jpg",2,current
8119,三栄コーポレーション,https://www.sanyeicorp.com/,"月
株",current,2026年3月,,,,,,,,photos_2/8119_三栄コーポレーション/current/photo_01.jpg,1,current
8098,稲畑産業,https://www.inabata.co.jp/,"情報
新",prev_1,2025年3月,2015年8月,3019.13,885.17,,,,,,0,history
8098,稲畑産業,https://www.inabata.co.jp/,稲畑 勝太郎,prev_2,2025年3月,2015年8月,3019.13,885.17,,,,,,0,history
8098,稲畑産業,https://www.inabata.co.jp/,当社 代表取,prev_3,2025年3月,2015年8月,3019.13,885.17,,,,,,0,history
8098,稲畑産業,https://www.inabata.co.jp/,月	同社,prev_4,2025年3月,2015年8月,3019.13,885.17,,,,,,0,history
8098,稲畑産業,https://www.inabata.co.jp/,藤田 裕治,prev_5,2005年12月08日,平成07年06月,573.36,,,,,,,0,history
8127,ヤマトインターナショナル,https://www.yamatointr.co.jp/,盤若　智基,current,,,,,,,,,photos_2/8127_ヤマトインターナショナル/current/photo_01.jpg,1,current
8131,ミツウロコグループホールディングス,https://www.mitsuuroko.com/,田島 晃平,current,,,,,,,,,photos_2/8131_ミツウロコグループホールディングス/current/photo_01.jpg,1,current
8132,シナネンホールディングス,https://sinanengroup.co.jp/,家庭向,current,2024年12月,,6211.96,,,,,,"photos_2/8132_シナネンホールディングス/current/photo_01.jpg,photos_2/8132_シナネンホールディングス/current/photo_02.jpg",2,current
8135,ゼット,https://zett.jp/,当社,current,,,,,,,,,photos_2/8135_ゼット/current/photo_01.jpg,1,current
8133,伊藤忠エネクス,https://www.itcenex.com/,田畑　信幸,current,2025年6月,,1605.38,,,,,,"photos_2/8133_伊藤忠エネクス/current/photo_01.jpg,photos_2/8133_伊藤忠エネクス/current/photo_02.jpg,photos_2/8133_伊藤忠エネクス/current/photo_03.jpg,photos_2/8133_伊藤忠エネクス/current/photo_04.jpg",4,current
8138,三京化成,https://www.sankyokasei-corp.co.jp/,小川 和夫,current,,,,,,,,,"photos_2/8138_三京化成/current/photo_01.jpg,photos_2/8138_三京化成/current/photo_02.jpg",2,current
8142,トーホー,https://www.to-ho.co.jp/,奥野 邦治,current,2025年4月,,1117.56,,,,,,photos_2/8142_トーホー/current/photo_01.jpg,1,current
8141,新光商事,https://www.shinko-sj.co.jp/,日本語,current,,,,,,,,,photos_2/8141_新光商事/current/photo_01.jpg,1,current
8153,モスフードサービス,https://www.mos.co.jp/company/,"値観
創業者",current,,,,,,,,,photos_2/8153_モスフードサービス/current/photo_01.jpg,1,current
8158,ソーダニッカ,https://www.sodanikka.co.jp/,社会,current,,,,,,,,,photos_2/8158_ソーダニッカ/current/photo_01.jpg,1,current
8160,木曽路,https://www.kisoji.co.jp/,理念 木曽路,current,,,,,,,,,,0,current
8159,立花エレテック,https://www.tachibana.co.jp/,布山 尚,current,2021年9月,,1216.34,,,,,,photos_2/8159_立花エレテック/current/photo_01.jpg,1,current
8185,チヨダ,https://www.chiyodagrp.co.jp/,町野　雅俊,current,,,,,,,,,photos_2/8185_チヨダ/current/photo_01.jpg,1,current
8198,マックスバリュ東海,https://www.mv-tokai.co.jp/,店舗,current,,,,,,,,,"photos_2/8198_マックスバリュ東海/current/photo_01.jpg,photos_2/8198_マックスバリュ東海/current/photo_02.jpg,photos_2/8198_マックスバリュ東海/current/photo_03.jpg,photos_2/8198_マックスバリュ東海/current/photo_04.jpg,photos_2/8198_マックスバリュ東海/current/photo_05.jpg",5,current
8203,MrMaxHD,https://www.mrmaxhd.co.jp/,平野 能章,current,,,,,,,,,"photos_2/8203_MrMaxHD/current/photo_01.jpg,photos_2/8203_MrMaxHD/current/photo_02.jpg",2,current
8214,AOKIホールディングス,https://www.aoki-hd.co.jp/,"戦略
業績",current,,,,,,,,,,0,current
8219,青山商事,https://www.aoyama-syouji.co.jp/,洋服,current,2025年4月,,1999.59,,,,,,photos_2/8219_青山商事/current/photo_01.jpg,1,current
8226,理経,https://www.rikei.co.jp/,猪坂 哲,current,,,,,,,,,photos_2/8226_理経/current/photo_01.jpg,1,current
8278,フジ,https://www.the-fuji.com/company/,山口　普,current,2024年3月,,1916.71,,,,,,photos_2/8278_フジ/current/photo_01.jpg,1,current
8283,PALTAC,https://www.paltac.co.jp/,"会長
糟谷",current,2011年6月,,654.29,,,,,,photos_2/8283_PALTAC/current/photo_01.jpg,1,current
8273,イズミ,https://www.izumi.co.jp/,基本方針,current,,,,,,,,,photos_2/8273_イズミ/current/photo_01.jpg,1,current
8233,高島屋,https://www.takashimaya.co.jp/,"連携
 中長期",current,2025年11月,,1665.0,,,,,,"photos_2/8233_高島屋/current/photo_01.jpg,photos_2/8233_高島屋/current/photo_02.jpg",2,current
8291,日産東京販売ホールディングス,https://www.nissan-tokyo-hd.co.jp/,竹林 彰,current,,,,,,,,,photos_2/8291_日産東京販売ホールディングス/current/photo_01.jpg,1,current
8306,三菱UFJフィナンシャル・グループ,https://www.mufg.jp/,亀澤 宏規,current,2025年10月,,2331.91,,,,,,"photos_2/8306_三菱UFJフィナンシャル・グループ/current/photo_01.jpg,photos_2/8306_三菱UFJフィナンシャル・グループ/current/photo_02.jpg",2,current
8309,三井住友トラストグループ,https://www.smth.jp/,"締役
大久保",current,2006年6月,,4095.13,,,,,,photos_2/8309_三井住友トラストグループ/current/photo_01.jpg,1,current
8337,千葉興業銀行,https://www.chibakogyo-bank.co.jp/,"査役
金杉",current,,,,,,,,,"photos_2/8337_千葉興業銀行/current/photo_01.jpg,photos_2/8337_千葉興業銀行/current/photo_02.jpg,photos_2/8337_千葉興業銀行/current/photo_03.jpg,photos_2/8337_千葉興業銀行/current/photo_04.jpg",4,current
8354,ふくおかフィナンシャルグループ,https://www.fukuoka-fg.com/,地域,current,2007年4月,,2768.31,,,,,,photos_2/8354_ふくおかフィナンシャルグループ/current/photo_01.jpg,1,current
8410,セブン銀行,https://www.sevenbank.co.jp/,銀行 松橋,current,,,,,,,,,,0,current
8439,東京センチュリー,https://www.tokyocentury.co.jp/,藤原 弘治,current,,,,,,,,,photos_2/8439_東京センチュリー/current/photo_01.jpg,1,current
8508,Jトラスト,https://www.jt-corp.co.jp/,"小
中",current,2025年6月,,386.77,,,,,,"photos_2/8508_Jトラスト/current/photo_01.jpg,photos_2/8508_Jトラスト/current/photo_02.jpg",2,current
8518,日本アジア投資,https://www.jaic-vc.co.jp/,丸山　俊,current,,,,,,,,,photos_2/8518_日本アジア投資/current/photo_01.jpg,1,current
8600,トモニホールディングス,https://www.tomony-hd.co.jp/,平素,current,令和5年4月,,325.33,,,,,,photos_2/8600_トモニホールディングス/current/photo_01.jpg,1,current
8601,大和証券グループ本社,https://www.daiwa-grp.jp/,"合計

日本経",current,2024年4月,,1087.94,,,,,,photos_2/8601_大和証券グループ本社/current/photo_01.jpg,1,current
8613,丸三証券,https://www.marusan-sec.co.jp/,菊地　稔,current,2017年6月,,587.67,,,,,,photos_2/8613_丸三証券/current/photo_01.jpg,1,current
8614,東洋証券,https://www.toyo-sec.co.jp/,小川 憲洋,current,,,,,,,,,photos_2/8614_東洋証券/current/photo_01.jpg,1,current
8616,東海東京フィナンシャル・ホールディングス,https://www.tokaitokyo-fh.jp/,"会長
石田",current,,,,,,,,,photos_2/8616_東海東京フィナンシャル・ホールディングス/current/photo_01.jpg,1,current
8700,丸八証券,https://www.maruhachi-sec.co.jp/,鈴木　卓也,current,2024年12月,,1336.4,,,,,,photos_2/8700_丸八証券/current/photo_01.jpg,1,current
8704,トレイダーズホールディングス,https://www.tradershd.com/,金丸 貴行,current,,,,,,,,,"photos_2/8704_トレイダーズホールディングス/current/photo_01.jpg,photos_2/8704_トレイダーズホールディングス/current/photo_02.jpg,photos_2/8704_トレイダーズホールディングス/current/photo_03.jpg",3,current
8570,イオンフィナンシャルサービス,https://www.aeonfinancial.co.jp/,深山 友晴,current,,,,,,,,,photos_2/8570_イオンフィナンシャルサービス/current/photo_01.jpg,1,current
8715,アニコム　ホールディングス,https://www.anicom.co.jp/,小森　伸昭,current,,,,,,,,,photos_2/8715_アニコム_ホールディングス/current/photo_01.jpg,1,current
8739,スパークス・グループ,https://www.sparx.jp/,"宣言
当社",current,2024年6月,,1686.42,,,,,,photos_2/8739_スパークス・グループ/current/photo_01.jpg,1,current
8766,東京海上ホールディングス,https://www.tokiomarinehd.com/,"副 
共同",current,,,,,,,,,photos_2/8766_東京海上ホールディングス/current/photo_01.jpg,1,current
8771,イー・ギャランティ,https://www.eguarantee.co.jp/,江藤 公則,current,,,,,,,,,photos_2/8771_イー・ギャランティ/current/photo_01.jpg,1,current
8789,フィンテック　グローバル,https://www.fgi.co.jp/,"報酬

報酬構",current,,,,,,,,,"photos_2/8789_フィンテック_グローバル/current/photo_01.jpg,photos_2/8789_フィンテック_グローバル/current/photo_02.jpg",2,current
8795,T&Dホールディングス,https://www.td-holdings.co.jp/,"締役
執行役",current,2025年6月,,3055.88,,,,,,"photos_2/8795_T&Dホールディングス/current/photo_01.jpg,photos_2/8795_T&Dホールディングス/current/photo_02.jpg,photos_2/8795_T&Dホールディングス/current/photo_03.jpg,photos_2/8795_T&Dホールディングス/current/photo_04.jpg,photos_2/8795_T&Dホールディングス/current/photo_05.jpg",5,current
8801,三井不動産,https://www.mitsuifudosan.co.jp/,"会長
菰田",current,2025年6月,,1337.5,,,,,,"photos_2/8801_三井不動産/current/photo_01.jpg,photos_2/8801_三井不動産/current/photo_02.jpg,photos_2/8801_三井不動産/current/photo_03.jpg,photos_2/8801_三井不動産/current/photo_04.jpg,photos_2/8801_三井不動産/current/photo_05.jpg",5,current
8818,京阪神ビルディング,https://www.keihanshin.co.jp/,"社名

京阪神",current,2025年3月,,1450.06,,,,,,,0,current
8803,平和不動産,https://www.heiwa-net.co.jp/,唯一無二,current,2024年3月,,1851.58,,,,,,photos_2/8803_平和不動産/current/photo_01.jpg,1,current
8844,コスモスイニシア,https://www.cigr.co.jp/,髙智 亮大朗,current,,,,,,,,,"photos_2/8844_コスモスイニシア/current/photo_01.jpg,photos_2/8844_コスモスイニシア/current/photo_02.jpg,photos_2/8844_コスモスイニシア/current/photo_03.jpg,photos_2/8844_コスモスイニシア/current/photo_04.jpg,photos_2/8844_コスモスイニシア/current/photo_05.jpg",5,current
8860,フジ住宅,https://www.fuji-jutaku.co.jp/,今井 光郎,current,2008年10月,,142.77,,,,,,"photos_2/8860_フジ住宅/current/photo_01.jpg,photos_2/8860_フジ住宅/current/photo_02.jpg",2,current
8864,空港施設,https://www.afc.jp/,空港内外,current,2022年5月,,487.54,,,,,,photos_2/8864_空港施設/current/photo_01.jpg,1,current
8876,リログループ,https://www.relo.jp/,第四次,current,2025年３月,,1859.0,,,,,,photos_2/8876_リログループ/current/photo_01.jpg,1,current
8891,AMGホールディングス,https://www.amg-hd.co.jp/,"会長
伊藤",current,,,,,,,,,"photos_2/8891_AMGホールディングス/current/photo_01.jpg,photos_2/8891_AMGホールディングス/current/photo_02.jpg,photos_2/8891_AMGホールディングス/current/photo_03.jpg,photos_2/8891_AMGホールディングス/current/photo_04.jpg,photos_2/8891_AMGホールディングス/current/photo_05.jpg",5,current
8892,日本エスコン,https://www.es-conjapan.co.jp/,伊藤 貴俊,current,,,,,,,,,photos_2/8892_日本エスコン/current/photo_01.jpg,1,current
8914,エリアリンク,https://www.arealink.co.jp/,鈴木 貴佳,current,,,,,,,,,photos_2/8914_エリアリンク/current/photo_01.jpg,1,current
8920,東祥,https://www.to-sho.net/,"報告
　当",current,2025年3月,,683.34,,,,,,photos_2/8920_東祥/current/photo_01.jpg,1,current
8923,トーセイ,https://www.toseicorp.co.jp/,山口　誠一郎,current,2004年7月,,,,,,,,photos_2/8923_トーセイ/current/photo_01.jpg,1,current
8934,サンフロンティア不動産,https://www.sunfrt.co.jp/,堀口 智顕,current,2025年9月,,2249.34,,,,,,"photos_2/8934_サンフロンティア不動産/current/photo_01.jpg,photos_2/8934_サンフロンティア不動産/current/photo_02.jpg,photos_2/8934_サンフロンティア不動産/current/photo_03.jpg,photos_2/8934_サンフロンティア不動産/current/photo_04.jpg,photos_2/8934_サンフロンティア不動産/current/photo_05.jpg",5,current
8935,FJネクストホールディングス,https://www.fjnext-hd.co.jp/,"締役
社外取",current,2025年6月,,1182.18,,,,,,"photos_2/8935_FJネクストホールディングス/current/photo_01.jpg,photos_2/8935_FJネクストホールディングス/current/photo_02.jpg,photos_2/8935_FJネクストホールディングス/current/photo_03.jpg,photos_2/8935_FJネクストホールディングス/current/photo_04.jpg,photos_2/8935_FJネクストホールディングス/current/photo_05.jpg",5,current
9006,京浜急行電鉄,https://www.keikyu.co.jp/,平素,current,2025年5月,,1496.61,,,,,,photos_2/9006_京浜急行電鉄/current/photo_01.jpg,1,current
8946,ASIAN　STAR,https://www.asian.co.jp/,"理由
企業統",current,,,,,,,,,"photos_2/8946_ASIAN_STAR/current/photo_01.jpg,photos_2/8946_ASIAN_STAR/current/photo_02.jpg,photos_2/8946_ASIAN_STAR/current/photo_03.jpg",3,current
9021,西日本旅客鉄道,https://www.westjr.co.jp/,日付,current,2005年4月,,1391.96,,,,,,photos_2/9021_西日本旅客鉄道/current/photo_01.jpg,1,current
9025,鴻池運輸,https://www.konoike.net/,鴻池 忠彦,current,2025年4月,,2709.23,,,,,,"photos_2/9025_鴻池運輸/current/photo_01.jpg,photos_2/9025_鴻池運輸/current/photo_02.jpg,photos_2/9025_鴻池運輸/current/photo_03.jpg,photos_2/9025_鴻池運輸/current/photo_04.jpg,photos_2/9025_鴻池運輸/current/photo_05.jpg",5,current
9029,ヒガシホールディングス,https://www.e-higashi.co.jp/,"一覧
各種",current,2025年4月,,1209.27,,,,,,"photos_2/9029_ヒガシホールディングス/current/photo_01.jpg,photos_2/9029_ヒガシホールディングス/current/photo_02.jpg,photos_2/9029_ヒガシホールディングス/current/photo_03.jpg,photos_2/9029_ヒガシホールディングス/current/photo_04.jpg,photos_2/9029_ヒガシホールディングス/current/photo_05.jpg",5,current
9028,ゼロ,https://www.zero-group.co.jp/,挨拶 株主,current,2024年7月,,1675.92,,,,,,,0,current
9036,東部ネットワーク,https://www.tohbu.co.jp/,若山 良孝,current,,,,,,,,,photos_2/9036_東部ネットワーク/current/photo_01.jpg,1,current
9045,京阪ホールディングス,https://www.keihan-holdings.co.jp/,当社,current,,,,,,,,,photos_2/9045_京阪ホールディングス/current/photo_01.jpg,1,current
9065,山九,https://www.sankyu.co.jp/,世界,current,,,,,,,,,photos_2/9065_山九/current/photo_01.jpg,1,current
9068,丸全昭和運輸,https://www.maruzenshowa.co.jp/,会長　浅井,current,2025年12月,,6730.0,,,,,,photos_2/9068_丸全昭和運輸/current/photo_01.jpg,1,current
9074,日本石油輸送,https://www.jot.co.jp/,原　昌一郎,current,,,,,,,,,photos_2/9074_日本石油輸送/current/photo_01.jpg,1,current
9090,AZ-COM丸和ホールディングス,https://www.az-com-maruwa-hd.co.jp/,佐見 勝,current,2025年6月,,1001.37,,,,,,,0,current
9101,日本郵船,https://www.nyk.com/,月 曽我,current,2023年4月,,2741.98,,,,,,photos_2/9101_日本郵船/current/photo_01.jpg,1,current
9087,タカセ,https://www.takase.co.jp/,日 大宮司,current,2024年1月,,1321.01,,,,,,photos_2/9087_タカセ/current/photo_01.jpg,1,current
9115,明海グループ,https://www.meiji-group.com/,内田　貴也,current,,,,,,,,,photos_2/9115_明海グループ/current/photo_01.jpg,1,current
9107,川崎汽船,https://www.kline.co.jp/,川崎汽船,current,2022年5月,,640.47,,,,,,photos_2/9107_川崎汽船/current/photo_01.jpg,1,current
9142,九州旅客鉄道,https://www.jrkyushu.co.jp/,月 九州旅,current,2025年３月,,3539.47,,,,,,photos_2/9142_九州旅客鉄道/current/photo_01.jpg,1,current
9130,共栄タンカー,https://www.kyoeitanker.co.jp/,近藤　耕司,current,2025年6月,,952.23,,,,,,"photos_2/9130_共栄タンカー/current/photo_01.jpg,photos_2/9130_共栄タンカー/current/photo_02.jpg,photos_2/9130_共栄タンカー/current/photo_03.jpg,photos_2/9130_共栄タンカー/current/photo_04.jpg",4,current
9110,NSユナイテッド海運,https://www.nsuship.co.jp/,当社  山中,current,,,,,,,,,"photos_2/9110_NSユナイテッド海運/current/photo_01.jpg,photos_2/9110_NSユナイテッド海運/current/photo_02.jpg",2,current
9160,ノバレーゼ,https://www.novarese.co.jp/,元気,current,2024年12月,,359.0,,,,,,photos_2/9160_ノバレーゼ/current/photo_01.jpg,1,current
9171,栗林商船,https://www.kuribayashishosen.com/,"役職
氏名",current,2025年7月,,1002.0,,,,,,,0,current
9166,GENDA,https://genda.jp/,片岡 尚,current,,,,,,,,,photos_2/9166_GENDA/current/photo_01.jpg,1,current
9166,GENDA,https://genda.jp/,締役 管理本,prev_1,2026年2月1日,2024年2月,809.0,723.75,,,,,,0,history
9166,GENDA,https://genda.jp/,同社 代表取,prev_2,2025年11月,2018年5月,813.0,,,,,,,0,history
9166,GENDA,https://genda.jp/,締役 執行役,prev_3,2020年6月,2025年8月,,954.0,,,,,,0,history
9204,スカイマーク,https://www.skymark.co.jp/,日 執行役,current,2024年6月,,816.38,,,,,,photos_2/9204_スカイマーク/current/photo_01.jpg,1,current
9216,ビーウィズ,https://www.bewith.net/,"方
当社",current,2025/08/29,,1536.0,,,,,,photos_2/9216_ビーウィズ/current/photo_01.jpg,1,current
9218,メンタルヘルステクノロジーズ,https://mh-tec.co.jp/,刀禰真之,current,,,,,,,,,photos_2/9218_メンタルヘルステクノロジーズ/current/photo_01.jpg,1,current
9223,ASNOVA,https://www.asnova.co.jp/,当社  上田桂,current,,,,,,,,,photos_2/9223_ASNOVA/current/photo_01.jpg,1,current
9225,ブリッジコンサルティンググループ,https://bridge-group.co.jp/,宮崎 良一,current,2023年6月,,1750.0,,,,,,photos_2/9225_ブリッジコンサルティンググループ/current/photo_01.jpg,1,current
9219,ギックス,https://www.gixo.jp/,東京,current,,,,,,,,,photos_2/9219_ギックス/current/photo_01.jpg,1,current
9227,マイクロ波化学,https://mwcc.jp/,吉野 巌,current,,,,,,,,,photos_2/9227_マイクロ波化学/current/photo_01.jpg,1,current
9229,サンウェルズ,https://sunwels.jp/pdh/,"社名
株",current,2025年3月,,630.0,,,,,,"photos_2/9229_サンウェルズ/current/photo_01.jpg,photos_2/9229_サンウェルズ/current/photo_02.jpg,photos_2/9229_サンウェルズ/current/photo_03.jpg,photos_2/9229_サンウェルズ/current/photo_04.jpg",4,current
9233,アジア航測,https://www.ajiko.co.jp/,"住所

東京都",current,2025年9月,,1265.62,,,,,,"photos_2/9233_アジア航測/current/photo_01.jpg,photos_2/9233_アジア航測/current/photo_02.jpg",2,current
9236,ジャパンM&Aソリューション,https://jpmas.jp/,相談,current,2019年11月,,,,,,,,photos_2/9236_ジャパンM&Aソリューション/current/photo_01.jpg,1,current
9245,リベロ,https://www.livero.co.jp/,鹿島 秀俊,current,,,,,,,,,"photos_2/9245_リベロ/current/photo_01.jpg,photos_2/9245_リベロ/current/photo_02.jpg,photos_2/9245_リベロ/current/photo_03.jpg,photos_2/9245_リベロ/current/photo_04.jpg,photos_2/9245_リベロ/current/photo_05.jpg",5,current
9244,デジタリフト,https://digitalift.co.jp/,輿石 雅志,current,,,,,,,,,photos_2/9244_デジタリフト/current/photo_01.jpg,1,current
9246,プロジェクトホールディングス,https://phd.co.jp/,土井 悠之介,current,,,,,,,,,photos_2/9246_プロジェクトホールディングス/current/photo_01.jpg,1,current
9247,TREホールディングス,https://tre-hd.co.jp/,業所　産業廃,current,2026年02月,,1702.0,,,,,,photos_2/9247_TREホールディングス/current/photo_01.jpg,1,current
9251,AB&Company,https://ab-company.co.jp/jp/,市瀬 一浩,current,,,,,,,,,"photos_2/9251_AB&Company/current/photo_01.jpg,photos_2/9251_AB&Company/current/photo_02.jpg,photos_2/9251_AB&Company/current/photo_03.jpg,photos_2/9251_AB&Company/current/photo_04.jpg",4,current
9248,人・夢・技術グループ,https://www.pdt-g.co.jp/,野本 昌弘,current,2025年12月,,1619.0,,,,,,"photos_2/9248_人・夢・技術グループ/current/photo_01.jpg,photos_2/9248_人・夢・技術グループ/current/photo_02.jpg",2,current
9252,ラストワンマイル,https://lomgrp.co.jp/,会長 兼,current,,,,,,,,,"photos_2/9252_ラストワンマイル/current/photo_01.jpg,photos_2/9252_ラストワンマイル/current/photo_02.jpg,photos_2/9252_ラストワンマイル/current/photo_03.jpg,photos_2/9252_ラストワンマイル/current/photo_04.jpg,photos_2/9252_ラストワンマイル/current/photo_05.jpg",5,current
9253,スローガン,https://www.slogan.jp/,掲載,current,,,,,,,,,,0,current
9258,CS-C,https://s-cs-c.com/,椙原 健,current,,,,,,,,,photos_2/9258_CS-C/current/photo_01.jpg,1,current
9250,GRCS,https://www.grcs.co.jp/,木 慈和,current,2021年11月,,5400.0,,,,,,photos_2/9250_GRCS/current/photo_01.jpg,1,current
9264,ポエック,https://www.puequ.co.jp/,会長　来山,current,,,,,,,,,photos_2/9264_ポエック/current/photo_01.jpg,1,current
9273,コーア商事ホールディングス,https://www.koashoji-hd.com/,医薬品専,current,2027年7月,,,,,,,,photos_2/9273_コーア商事ホールディングス/current/photo_01.jpg,1,current
9268,オプティマスグループ,https://www.optimusgroup.co.jp/,山中 信哉,current,2015年1月,,,,,,,,photos_2/9268_オプティマスグループ/current/photo_01.jpg,1,current
9303,住友倉庫,https://www.sumitomo-soko.co.jp/,会長 会長執,current,,,,,,,,,photos_2/9303_住友倉庫/current/photo_01.jpg,1,current
9308,乾汽船,https://www.inui.co.jp/,"基準
当社",current,,,,,,,,,"photos_2/9308_乾汽船/current/photo_01.jpg,photos_2/9308_乾汽船/current/photo_02.jpg",2,current
9306,東陽倉庫,https://www.toyo-logistics.co.jp/,株主,current,,,,,,,,,photos_2/9306_東陽倉庫/current/photo_01.jpg,1,current
9310,日本トランスシティ,https://www.trancy.co.jp/,地域,current,,,,,,,,,photos_2/9310_日本トランスシティ/current/photo_01.jpg,1,current
9322,川西倉庫,https://www.kawanishi.co.jp/,川西　二郎,current,,,,,,,,,photos_2/9322_川西倉庫/current/photo_01.jpg,1,current
9326,関通,https://www.kantsu.com/,"共感
物流",current,2026年2月,,460.0,,,,,,"photos_2/9326_関通/current/photo_01.jpg,photos_2/9326_関通/current/photo_02.jpg",2,current
9330,揚羽,https://www.ageha.tv/,数多,current,2023年9月,,1490.0,,,,,,photos_2/9330_揚羽/current/photo_01.jpg,1,current
9336,大栄環境,https://www.dinsgr.co.jp/,経歴,current,2002年3月,,,,,,,,"photos_2/9336_大栄環境/current/photo_01.jpg,photos_2/9336_大栄環境/current/photo_02.jpg,photos_2/9336_大栄環境/current/photo_03.jpg,photos_2/9336_大栄環境/current/photo_04.jpg",4,current
9344,アクシスコンサルティング,https://axc-g.co.jp/,山尾 幸弘,current,2024年9月,,1008.45,,,,,,photos_2/9344_アクシスコンサルティング/current/photo_01.jpg,1,current
9345,ビズメイツ,https://www.bizmates.co.jp/,鈴木 伸明,current,2012年6月,,,,,,,,photos_2/9345_ビズメイツ/current/photo_01.jpg,1,current
9351,東洋埠頭,https://www.toyofuto.co.jp/,当社,current,,,,,,,,,photos_2/9351_東洋埠頭/current/photo_01.jpg,1,current
9346,ココルポート,https://www.cocorport.co.jp/,佐原 敦矢,current,,,,,,,,,photos_2/9346_ココルポート/current/photo_01.jpg,1,current
9355,リンコーコーポレーション,https://www.rinko.co.jp/,"来船
船舶代",current,2026年2月,,2176.0,,,,,,"photos_2/9355_リンコーコーポレーション/current/photo_01.jpg,photos_2/9355_リンコーコーポレーション/current/photo_02.jpg,photos_2/9355_リンコーコーポレーション/current/photo_03.jpg,photos_2/9355_リンコーコーポレーション/current/photo_04.jpg,photos_2/9355_リンコーコーポレーション/current/photo_05.jpg",5,current
9362,兵機海運,https://www.hyoki.co.jp/,大東 慶治,current,,,,,,,,,photos_2/9362_兵機海運/current/photo_01.jpg,1,current
9360,鈴与シンワート,https://www.shinwart.co.jp/,"理念

鈴与",current,,,,,,,,,"photos_2/9360_鈴与シンワート/current/photo_01.jpg,photos_2/9360_鈴与シンワート/current/photo_02.jpg",2,current
9364,上組,https://www.kamigumi.co.jp/,"挨拶
 企業理",current,2025年6月,,3833.81,,,,,,"photos_2/9364_上組/current/photo_01.jpg,photos_2/9364_上組/current/photo_02.jpg,photos_2/9364_上組/current/photo_03.jpg,photos_2/9364_上組/current/photo_04.jpg,photos_2/9364_上組/current/photo_05.jpg",5,current
9366,サンリツ,https://www.srt.co.jp/,柴本守人,current,2023年3月,,653.74,,,,,,photos_2/9366_サンリツ/current/photo_01.jpg,1,current
9343,アイビス,https://www.ibis.ne.jp/,神谷栄治,current,,,,,,,,,photos_2/9343_アイビス/current/photo_01.jpg,1,current
9368,キムラユニティー,https://www.kimura-unity.co.jp/,木村 幸夫,current,2016年4月,,212.83,,,,,,"photos_2/9368_キムラユニティー/current/photo_01.jpg,photos_2/9368_キムラユニティー/current/photo_02.jpg,photos_2/9368_キムラユニティー/current/photo_03.jpg",3,current
9385,ショーエイコーポレーション,https://www.shoei-corp.co.jp/,当社,current,,,,,,,,,photos_2/9385_ショーエイコーポレーション/current/photo_01.jpg,1,current
9419,ワイヤレスゲート,https://www.wirelessgate.co.jp/,成田 徹,current,,,,,,,,,photos_2/9419_ワイヤレスゲート/current/photo_01.jpg,1,current
9421,エヌジェイホールディングス,https://www.njhd.jp/,福田  尚弘,current,,,,,,,,,photos_2/9421_エヌジェイホールディングス/current/photo_01.jpg,1,current
9424,日本通信,https://www.j-com.co.jp/,日本通,current,2021年11月,,199.0,,,,,,photos_2/9424_日本通信/current/photo_01.jpg,1,current
9425,ReYuu　Japan,https://www.reyuu-japan.com/,重富 崇史,current,2023年8月,,268.0,,,,,,photos_2/9425_ReYuu_Japan/current/photo_01.jpg,1,current
9416,ビジョン,https://www.vision-net.co.jp/,佐野 健一,current,,,,,,,,,photos_2/9416_ビジョン/current/photo_01.jpg,1,current
9418,U-NEXT　HOLDINGS,https://unext-hd.co.jp/,基本方針,current,,,,,,,,,photos_2/9418_U-NEXT_HOLDINGS/current/photo_01.jpg,1,current
9428,クロップス,https://www.crops.co.jp/,前田　有幾,current,,,,,,,,,photos_2/9428_クロップス/current/photo_01.jpg,1,current
9435,光通信,https://www.hikari.co.jp/,和田　英明,current,,,,,,,,,photos_2/9435_光通信/current/photo_01.jpg,1,current
9441,ベルパーク,https://www.bellpark.co.jp/,西川健土,current,,,,,,,,,"photos_2/9441_ベルパーク/current/photo_01.jpg,photos_2/9441_ベルパーク/current/photo_02.jpg,photos_2/9441_ベルパーク/current/photo_03.jpg,photos_2/9441_ベルパーク/current/photo_04.jpg,photos_2/9441_ベルパーク/current/photo_05.jpg",5,current
9432,日本電信電話,https://group.ntt/jp/,"方
取",current,2025年10月,,155.56,,,,,,"photos_2/9432_日本電信電話/current/photo_01.jpg,photos_2/9432_日本電信電話/current/photo_02.jpg,photos_2/9432_日本電信電話/current/photo_03.jpg,photos_2/9432_日本電信電話/current/photo_04.jpg,photos_2/9432_日本電信電話/current/photo_05.jpg",5,current
9450,ファイバーゲート,https://www.fibergate.co.jp/,創業,current,,,,,,,,,photos_2/9450_ファイバーゲート/current/photo_01.jpg,1,current
9439,エム・エイチ・グループ,https://mhgroup.co.jp/,"締役
徐",current,2001年12月,,-1.79,,,,,,photos_2/9439_エム・エイチ・グループ/current/photo_01.jpg,1,current
9474,ゼンリン,https://www.zenrin.co.jp/,基本方針,current,2025年6月,,1136.17,,,,,,photos_2/9474_ゼンリン/current/photo_01.jpg,1,current
9507,四国電力,https://www.yonden.co.jp/,締役 副,current,,,,,,,,,photos_2/9507_四国電力/current/photo_01.jpg,1,current
9513,電源開発,https://www.jpower.co.jp/,菅野　等,current,,,,,,,,,photos_2/9513_電源開発/current/photo_01.jpg,1,current
9508,九州電力,https://www.kyuden.co.jp/,西山 勝,current,2025年２月,,1304.87,,,,,,photos_2/9508_九州電力/current/photo_01.jpg,1,current
9519,レノバ,https://www.renovainc.com/,"会長

川名",current,,,,,,,,,"photos_2/9519_レノバ/current/photo_01.jpg,photos_2/9519_レノバ/current/photo_02.jpg,photos_2/9519_レノバ/current/photo_03.jpg,photos_2/9519_レノバ/current/photo_04.jpg,photos_2/9519_レノバ/current/photo_05.jpg",5,current
9517,イーレックス,https://www.erex.co.jp/,本名　均,current,,,,,,,,,photos_2/9517_イーレックス/current/photo_01.jpg,1,current
9551,メタウォーター,https://www.metawater.co.jp/,山口 賢二,current,2023年6月,,1687.64,,,,,,"photos_2/9551_メタウォーター/current/photo_01.jpg,photos_2/9551_メタウォーター/current/photo_02.jpg",2,current
9552,M&A総研ホールディングス,https://masouken.com/holdings/,究所  佐上,current,,,,,,,,,photos_2/9552_M&A総研ホールディングス/current/photo_01.jpg,1,current
9553,マイクロアド,https://www.microad.co.jp/,渡辺 健太郎,current,2022年６月,,430.0,,,,,,photos_2/9553_マイクロアド/current/photo_01.jpg,1,current
9561,グラッドキューブ,https://corp.glad-cube.com/,"締役
池原",current,2001年10月,,,,,,,,"photos_2/9561_グラッドキューブ/current/photo_01.jpg,photos_2/9561_グラッドキューブ/current/photo_02.jpg,photos_2/9561_グラッドキューブ/current/photo_03.jpg,photos_2/9561_グラッドキューブ/current/photo_04.jpg",4,current
9603,エイチ・アイ・エス,https://www.his.co.jp/,澤田 秀太,current,,,,,,,,,photos_2/9603_エイチ・アイ・エス/current/photo_01.jpg,1,current
9605,東映,https://www.toei.co.jp/,東映,current,2025年9月,,5314.13,,,,,,"photos_2/9605_東映/current/photo_01.jpg,photos_2/9605_東映/current/photo_02.jpg",2,current
9557,エアークローゼット,https://corp.air-closet.com/,天沼 聰,current,2014年8月,,,,,,,,photos_2/9557_エアークローゼット/current/photo_01.jpg,1,current
9600,アイネット,https://www.inet.co.jp/,佐伯　友道,current,,,,,,,,,"photos_2/9600_アイネット/current/photo_01.jpg,photos_2/9600_アイネット/current/photo_02.jpg,photos_2/9600_アイネット/current/photo_03.jpg,photos_2/9600_アイネット/current/photo_04.jpg,photos_2/9600_アイネット/current/photo_05.jpg",5,current
9621,建設技術研究所,https://www.ctie.co.jp/,西村 達也,current,,,,,,,,,photos_2/9621_建設技術研究所/current/photo_01.jpg,1,current
9616,共立メンテナンス,https://www.kyoritsugroup.co.jp/,"月

株",current,2025年3月,,2986.87,,,,,,photos_2/9616_共立メンテナンス/current/photo_01.jpg,1,current
9625,セレスポ,https://www.cerespo.co.jp/,田代 剛,current,,,,,,,,,"photos_2/9625_セレスポ/current/photo_01.jpg,photos_2/9625_セレスポ/current/photo_02.jpg,photos_2/9625_セレスポ/current/photo_03.jpg,photos_2/9625_セレスポ/current/photo_04.jpg,photos_2/9625_セレスポ/current/photo_05.jpg",5,current
9627,アインホールディングス,https://www.ainj.co.jp/corporate/,"状況
主",current,2023年7月,,4913.05,,,,,,photos_2/9627_アインホールディングス/current/photo_01.jpg,1,current
9622,スペース,https://www.space-tokyo.co.jp/,検索,current,2024年12月,,1005.62,,,,,,photos_2/9622_スペース/current/photo_01.jpg,1,current
9636,きんえい,https://corporate.kin-ei.co.jp/,"告書
半期報",current,,,,,,,,,,0,current
9647,協和コンサルタンツ,https://www.kyowa-c.co.jp/,"両立
公明正",current,,,,,,,,,photos_2/9647_協和コンサルタンツ/current/photo_01.jpg,1,current
9644,タナベコンサルティンググループ,https://www.tanabeconsulting-group.com/,若松 孝彦,current,,,,,,,,,"photos_2/9644_タナベコンサルティンググループ/current/photo_01.jpg,photos_2/9644_タナベコンサルティンググループ/current/photo_02.jpg,photos_2/9644_タナベコンサルティンググループ/current/photo_03.jpg,photos_2/9644_タナベコンサルティンググループ/current/photo_04.jpg,photos_2/9644_タナベコンサルティンググループ/current/photo_05.jpg",5,current
9672,東京都競馬,https://www.tokyotokeiba.co.jp/,羅尾 光睦,current,,,,,,,,,photos_2/9672_東京都競馬/current/photo_01.jpg,1,current
9685,KYCOMホールディングス,https://www.kyd.co.jp/,吉村 仁博,current,,,,,,,,,photos_2/9685_KYCOMホールディングス/current/photo_01.jpg,1,current
9684,スクウェア・エニックス・ホールディングス,https://www.hd.square-enix.com/,平素,current,,,,,,,,,photos_2/9684_スクウェア・エニックス・ホールディングス/current/photo_01.jpg,1,current
9687,KSK,https://www.ksk.co.jp/,"向上
人材育",current,2025年3月,,3091.71,,,,,,"photos_2/9687_KSK/current/photo_01.jpg,photos_2/9687_KSK/current/photo_02.jpg,photos_2/9687_KSK/current/photo_03.jpg,photos_2/9687_KSK/current/photo_04.jpg,photos_2/9687_KSK/current/photo_05.jpg",5,current
9692,シーイーシー,https://www.cec-ltd.co.jp/,姫野 貴,current,,,,,,,,,photos_2/9692_シーイーシー/current/photo_01.jpg,1,current
9686,東洋テック,https://www.toyo-tec.co.jp/,"在地

大阪市",current,2025年11月,,1570.0,,,,,,photos_2/9686_東洋テック/current/photo_01.jpg,1,current
9697,カプコン,https://www.capcom.co.jp/,"印刷
文字",current,2026年02月,,3562.0,,,,,,"photos_2/9697_カプコン/current/photo_01.jpg,photos_2/9697_カプコン/current/photo_02.jpg,photos_2/9697_カプコン/current/photo_03.jpg,photos_2/9697_カプコン/current/photo_04.jpg,photos_2/9697_カプコン/current/photo_05.jpg",5,current
9702,アイ・エス・ビー,https://www.isb.co.jp/,若尾 一史,current,,,,,,,,,photos_2/9702_アイ・エス・ビー/current/photo_01.jpg,1,current
9722,藤田観光,https://www.fujita-kanko.co.jp/,"締役

山下",current,2003年7月,,761.5,,,,,,photos_2/9722_藤田観光/current/photo_01.jpg,1,current
9726,KNT-CTホールディングス,https://www.kntcthd.co.jp/,"推進
社内",current,2026年1月,,1600.0,,,,,,photos_2/9726_KNT-CTホールディングス/current/photo_01.jpg,1,current
9729,トーカイ,https://www.tokai-corp.com/,"方針
循環",current,,,,,,,,,photos_2/9729_トーカイ/current/photo_01.jpg,1,current
9731,白洋舎,https://www.hakuyosha.co.jp/,十嵐 瑛一,current,2024年12月,,2194.43,,,,,,"photos_2/9731_白洋舎/current/photo_01.jpg,photos_2/9731_白洋舎/current/photo_02.jpg,photos_2/9731_白洋舎/current/photo_03.jpg,photos_2/9731_白洋舎/current/photo_04.jpg,photos_2/9731_白洋舎/current/photo_05.jpg",5,current
9743,丹青社,https://www.tanseisha.co.jp/,青社 小林,current,,,,,,,,,photos_2/9743_丹青社/current/photo_01.jpg,1,current
9755,応用地質,https://www.oyo.co.jp/,天野 洋文,current,,,,,,,,,photos_2/9755_応用地質/current/photo_01.jpg,1,current
9757,船井総研ホールディングス,https://hd.funaisoken.co.jp/,中谷　貴之,current,,,,,,,,,photos_2/9757_船井総研ホールディングス/current/photo_01.jpg,1,current
9761,東海リース,https://tokai-lease.co.jp/,塚本 博亮,current,,,,,,,,,photos_2/9761_東海リース/current/photo_01.jpg,1,current
9791,ビケンテクノ,https://www.bikentechno.co.jp/,"会長
梶山",current,,,,,,,,,photos_2/9791_ビケンテクノ/current/photo_01.jpg,1,current
9793,ダイセキ,https://www.daiseki.co.jp/,資源,current,,,,,,,,,photos_2/9793_ダイセキ/current/photo_01.jpg,1,current
9812,テーオーホールディングス,https://tohd.co.jp/,"一覧
株",current,,,,,,,,,,0,current
9831,ヤマダホールディングス,https://www.yamada-holdings.jp/,会長 兼,current,,,,,,,,,photos_2/9831_ヤマダホールディングス/current/photo_01.jpg,1,current
9835,ジュンテンドー,https://www.juntendo.co.jp/,飯塚　正,current,,,,,,,,,photos_2/9835_ジュンテンドー/current/photo_01.jpg,1,current
9845,パーカーコーポレーション,https://www.parkercorp.co.jp/,里見　嘉重,current,,,,,,,,,"photos_2/9845_パーカーコーポレーション/current/photo_01.jpg,photos_2/9845_パーカーコーポレーション/current/photo_02.jpg",2,current
9846,天満屋ストア,https://www.tenmaya-store.co.jp/,野口重明,current,,,,,,,,,photos_2/9846_天満屋ストア/current/photo_01.jpg,1,current
9856,ケーユーホールディングス,https://www.ku-hd.com/,板東 徹行,current,,,,,,,,,photos_2/9856_ケーユーホールディングス/current/photo_01.jpg,1,current
9861,吉野家ホールディングス,https://www.yoshinoya-holdings.com/,"会長

河村泰",current,2007年4月,,1730.85,,,,,,photos_2/9861_吉野家ホールディングス/current/photo_01.jpg,1,current
9876,コックス,https://www.cox-online.co.jp/,三宅 英木,current,,,,,,,,,photos_2/9876_コックス/current/photo_01.jpg,1,current
9880,イノテック,https://www.innotech.co.jp/,大塚 信行,current,,,,,,,,,photos_2/9880_イノテック/current/photo_01.jpg,1,current
9889,JBCCホールディングス,https://www.jbcchd.co.jp/,東上 征司,current,,,,,,,,,photos_2/9889_JBCCホールディングス/current/photo_01.jpg,1,current
9890,マキヤ,https://www.makiya-group.co.jp/,"挨拶
企業",current,,,,,,,,,photos_2/9890_マキヤ/current/photo_01.jpg,1,current
9895,コンセック,http://www.consec.co.jp/,福田 多喜,current,,,,,,,,,photos_2/9895_コンセック/current/photo_01.jpg,1,current
9896,JKホールディングス,https://www.jkhd.co.jp/,人　人,current,,,,,,,,,photos_2/9896_JKホールディングス/current/photo_01.jpg,1,current
9887,松屋フーズホールディングス,https://www.matsuyafoods-holdings.co.jp/,瓦葺 一利,current,,,,,,,,,photos_2/9887_松屋フーズホールディングス/current/photo_01.jpg,1,current
9908,日本電計,https://www.n-denkei.co.jp/,投資家情,current,,,,,,,,,"photos_2/9908_日本電計/current/photo_01.jpg,photos_2/9908_日本電計/current/photo_02.jpg,photos_2/9908_日本電計/current/photo_03.jpg",3,current
9914,植松商会,https://uematsushokai.jp/,"理念
植松",current,2023年3月,,733.1,,,,,,photos_2/9914_植松商会/current/photo_01.jpg,1,current
9927,ワットマン,https://www.wattmann.co.jp/,川畑 泰史,current,,,,,,,,,"photos_2/9927_ワットマン/current/photo_01.jpg,photos_2/9927_ワットマン/current/photo_02.jpg",2,current
9928,ミロク情報サービス,https://www.mjs.co.jp/,"案内

企業理",current,,,,,,,,,photos_2/9928_ミロク情報サービス/current/photo_01.jpg,1,current
9929,平和紙業,https://www.heiwapaper.co.jp/,"事例
商品情",current,2025年4月,,452.03,,,,,,photos_2/9929_平和紙業/current/photo_01.jpg,1,current
9934,因幡電機産業,https://www.inaba.co.jp/,平素,current,2025年3月,,1864.48,,,,,,"photos_2/9934_因幡電機産業/current/photo_01.jpg,photos_2/9934_因幡電機産業/current/photo_02.jpg,photos_2/9934_因幡電機産業/current/photo_03.jpg",3,current
9946,ミニストップ,https://www.ministop.co.jp/,信頼,current,2025年5月,,1831.07,,,,,,"photos_2/9946_ミニストップ/current/photo_01.jpg,photos_2/9946_ミニストップ/current/photo_02.jpg",2,current
9948,アークス,https://www.arcs-g.co.jp/,猫宮　一久,current,2025年３月,,2661.75,,,,,,"photos_2/9948_アークス/current/photo_01.jpg,photos_2/9948_アークス/current/photo_02.jpg,photos_2/9948_アークス/current/photo_03.jpg,photos_2/9948_アークス/current/photo_04.jpg,photos_2/9948_アークス/current/photo_05.jpg",5,current
9960,東テク,https://www.totech.co.jp/,"体制
当社",current,2023年６月,,1268.24,,,,,,,0,current
9980,MRKホールディングス,https://www.mrkholdings.co.jp/,塩田　徹,current,,,,,,,,,photos_2/9980_MRKホールディングス/current/photo_01.jpg,1,current
9983,ファーストリテイリング,https://www.fastretailing.com/jp/,"月
株",current,2025年8月,,43768.24,,,,,,photos_2/9983_ファーストリテイリング/current/photo_01.jpg,1,current
9982,タキヒヨー,https://www.takihyo.co.jp/,感動,current,,,,,,,,,"photos_2/9982_タキヒヨー/current/photo_01.jpg,photos_2/9982_タキヒヨー/current/photo_02.jpg",2,current
9978,文教堂グループホールディングス,https://www.bunkyodo.co.jp/,"社名
株",current,2025年8月,,54.0,,,,,,photos_2/9978_文教堂グループホールディングス/current/photo_01.jpg,1,current
9984,ソフトバンクグループ,https://group.softbank/,締役 孫,current,2025年6月,,1863.57,,,,,,"photos_2/9984_ソフトバンクグループ/current/photo_01.jpg,photos_2/9984_ソフトバンクグループ/current/photo_02.jpg,photos_2/9984_ソフトバンクグループ/current/photo_03.jpg,photos_2/9984_ソフトバンクグループ/current/photo_04.jpg,photos_2/9984_ソフトバンクグループ/current/photo_05.jpg",5,current
9989,サンドラッグ,https://www.sundrug.co.jp/,貞方 宏司,current,,,,,,,,,photos_2/9989_サンドラッグ/current/photo_01.jpg,1,current
9990,サックスバー　ホールディングス,http://www.sacs-bar.co.jp/,木山 剛史,current,,,,,,,,,photos_2/9990_サックスバー_ホールディングス/current/photo_01.jpg,1,current
130A,Veritas　In　Silico,https://www.veritasinsilico.com/,対象,current,2021年1月,,,,,,,,,0,current
138A,光フードサービス,https://hikari-food-service.jp/,"短信
決算説",current,2024年2月,,5666.81,,,,,,"photos_1/138A_光フードサービス/current/photo_01.jpg,photos_1/138A_光フードサービス/current/photo_02.jpg",2,current
141A,トライアルホールディングス,https://trial-holdings.inc/,永田 洋幸,current,,,,,,,,,,0,current
142A,ジンジブ,https://jinjib.co.jp/,企業 第一段,current,2025年7月,,549.0,,,,,,"photos_1/142A_ジンジブ/current/photo_01.jpg,photos_1/142A_ジンジブ/current/photo_02.jpg,photos_1/142A_ジンジブ/current/photo_03.jpg",3,current
145A,L　is　B,https://l-is-b.com/ja/,横井 太輔,current,,,,,,,,,photos_1/145A_L_is_B/current/photo_01.jpg,1,current
148A,ハッチ・ワーク,https://hatchwork.co.jp/,会長 大竹,current,2005年６月,,,,,,,,"photos_1/148A_ハッチ・ワーク/current/photo_01.jpg,photos_1/148A_ハッチ・ワーク/current/photo_02.jpg,photos_1/148A_ハッチ・ワーク/current/photo_03.jpg,photos_1/148A_ハッチ・ワーク/current/photo_04.jpg,photos_1/148A_ハッチ・ワーク/current/photo_05.jpg",5,current
149A,シンカ,https://www.thinca.co.jp/,江尻 高宏,current,2026/2/13,,800.0,,,,,,"photos_1/149A_シンカ/current/photo_01.jpg,photos_1/149A_シンカ/current/photo_02.jpg,photos_1/149A_シンカ/current/photo_03.jpg,photos_1/149A_シンカ/current/photo_04.jpg,photos_1/149A_シンカ/current/photo_05.jpg",5,current
156A,マテリアルグループ,https://materialgroup.jp/,当社,current,2025年10月,,881.0,,,,,,photos_1/156A_マテリアルグループ/current/photo_01.jpg,1,current
155A,情報戦略テクノロジー,https://www.is-tech.co.jp/,高井 淳,current,,,,,,,,,,0,current
165A,SBIレオスひふみ,https://www.sbirheoshifumi.rheos.jp/,"締役
朝倉",current,2023年6月,,,,,,,,photos_1/165A_SBIレオスひふみ/current/photo_01.jpg,1,current
167A,リョーサン菱洋ホールディングス,https://www.rr-hds.co.jp/,中村　守孝,current,2024年4月,,3426.04,,,,,,photos_1/167A_リョーサン菱洋ホールディングス/current/photo_01.jpg,1,current
166A,タスキホールディングス,https://tasuki-holdings.co.jp/,柏村 雄,current,,,,,,,,,photos_1/166A_タスキホールディングス/current/photo_01.jpg,1,current
168A,イタミアート,https://www.itamiarts.co.jp/,"方
当社",current,,,,,,,,,,0,current
173A,ハンモック,https://www.hammock.jp/,若山 大典,current,2018年4月,,,,,,,,"photos_1/173A_ハンモック/current/photo_01.jpg,photos_1/173A_ハンモック/current/photo_02.jpg,photos_1/173A_ハンモック/current/photo_03.jpg,photos_1/173A_ハンモック/current/photo_04.jpg,photos_1/173A_ハンモック/current/photo_05.jpg",5,current
173A,ハンモック,https://www.hammock.jp/,若山 正美,prev_1,2018年4月1日,2018年4月1日,,,,,,,,0,history
177A,コージンバイオ,https://kohjin-bio.jp/,中村 孝人,current,2003年4月,,,,,,,,photos_1/177A_コージンバイオ/current/photo_01.jpg,1,current
184A,学びエイド,https://corp.manabi-aid.jp/,"開始
株",current,2026年1月,,447.0,,,,,,photos_1/184A_学びエイド/current/photo_01.jpg,1,current
189A,D&Mカンパニー,https://www.dmcompany.co.jp/,当社,current,2015年11月,,,,,,,,"photos_1/189A_D&Mカンパニー/current/photo_01.jpg,photos_1/189A_D&Mカンパニー/current/photo_02.jpg,photos_1/189A_D&Mカンパニー/current/photo_03.jpg,photos_1/189A_D&Mカンパニー/current/photo_04.jpg,photos_1/189A_D&Mカンパニー/current/photo_05.jpg",5,current
192A,インテグループ,https://www.integroup.jp/,"会長

藤井",current,,,,,,,,,photos_1/192A_インテグループ/current/photo_01.jpg,1,current
212A,フィットイージー,https://fiteasy.co.jp/,國江 仙嗣,current,,,,,,,,,"photos_1/212A_フィットイージー/current/photo_01.jpg,photos_1/212A_フィットイージー/current/photo_02.jpg,photos_1/212A_フィットイージー/current/photo_03.jpg,photos_1/212A_フィットイージー/current/photo_04.jpg",4,current
228A,オプロ,https://corp.opro.net/,里見 一典,current,,,,,,,,,photos_1/228A_オプロ/current/photo_01.jpg,1,current
246A,アスア,https://www.asua.ne.jp/,間地 寛,current,,,,,,,,,photos_1/246A_アスア/current/photo_01.jpg,1,current
255A,ジーエルテクノホールディングス,https://www.gltechno.co.jp/,当社,current,,,,,,,,,photos_1/255A_ジーエルテクノホールディングス/current/photo_01.jpg,1,current
261A,日水コン,https://www.nissuicon.co.jp/,中西 新二,current,,,,,,,,,photos_1/261A_日水コン/current/photo_01.jpg,1,current
265A,Hmcomm,https://hmcom.co.jp/,"市場
東京証",current,2012年07月,,,,,,,,"photos_1/265A_Hmcomm/current/photo_01.jpg,photos_1/265A_Hmcomm/current/photo_02.jpg,photos_1/265A_Hmcomm/current/photo_03.jpg,photos_1/265A_Hmcomm/current/photo_04.jpg",4,current
276A,ククレブ・アドバイザーズ,https://ccreb.jp/,"締役
宮寺",current,2019年7月,,,,,,,,photos_1/276A_ククレブ・アドバイザーズ/current/photo_01.jpg,1,current
274A,ガーデン,https://gardengroup.co.jp/,専門誌,current,,,,,,,,,photos_1/274A_ガーデン/current/photo_01.jpg,1,current
277A,グロービング,https://globe-ing.com/,田中 耕平,current,,,,,,,,,photos_1/277A_グロービング/current/photo_01.jpg,1,current
277A,グロービング,https://globe-ing.com/,社長 田中耕,prev_1,2023年5月1日,2023年5月1日,,,,,,,,0,history
285A,キオクシアホールディングス,https://www.kioxia-holdings.com/,早坂 伸夫,current,,,,,,,,,photos_1/285A_キオクシアホールディングス/current/photo_01.jpg,1,current
287A,黒田グループ,https://www.kuroda-group.com/hd/,細川　浩一,current,,,,,,,,,photos_1/287A_黒田グループ/current/photo_01.jpg,1,current
288A,ラクサス・テクノロジーズ,https://corp.laxus.co/,高橋　啓介,current,2024年12月,,426.0,,,,,,photos_1/288A_ラクサス・テクノロジーズ/current/photo_01.jpg,1,current
286A,ユカリア,https://eucalia.jp/,"会長
古川",current,,,,,,,,,photos_1/286A_ユカリア/current/photo_01.jpg,1,current
304A,フォルシア,https://www.forcia.com/,"直結
東京",current,2025年3月,,2177.0,,,,,,photos_1/304A_フォルシア/current/photo_01.jpg,1,current
302A,ビースタイルホールディングス,https://www.bstylegroup.co.jp/,株主,current,2002年7月,,,,,,,,photos_1/302A_ビースタイルホールディングス/current/photo_01.jpg,1,current
302A,ビースタイルホールディングス,https://www.bstylegroup.co.jp/,法人 日本人,prev_1,2016年6月15日,,,,,,,,,0,history
330A,TalentX,https://talentx.co.jp/,鈴木 貴史,current,,,,,,,,,"photos_1/330A_TalentX/current/photo_01.jpg,photos_1/330A_TalentX/current/photo_02.jpg,photos_1/330A_TalentX/current/photo_03.jpg",3,current
331A,メディックス,https://www.medix-inc.co.jp/,田中 正則,current,,,,,,,,,photos_1/331A_メディックス/current/photo_01.jpg,1,current
350A,デジタルグリッド,https://www.digitalgrid.com/,豊田 祐介,current,,,,,,,,,photos_1/350A_デジタルグリッド/current/photo_01.jpg,1,current
350A,デジタルグリッド,https://www.digitalgrid.com/,武馬雄一郎,prev_1,2021年12月20日,2021年12月20日,,,,,,,,0,history
350A,デジタルグリッド,https://www.digitalgrid.com/,会社 代表取,prev_2,2020年2月,2018年2月,,,,,,,,0,history
350A,デジタルグリッド,https://www.digitalgrid.com/,社長　豊田,prev_3,2019年9月27日,2019年9月27日,,,,,,,,0,history
